x,rho,E,F,T,Tr
0.01,1,0.503677,-0.00840594,2.57408,2.4615
0.03,1,0.58834,0.093334,2.64411,2.55899
0.05,1,0.65725,0.164027,2.63615,2.63084
0.07,1,0.690992,0.202026,2.62831,2.66397
0.09,1,0.685166,0.201461,2.62081,2.65834
0.11,1,0.64327,0.165026,2.5464,2.61674
0.13,1,0.575665,0.101996,2.44792,2.54509
0.15,1,0.494629,0.0240672,2.33815,2.45037
0.17,1,0.414435,-0.0549955,2.23828,2.34437
0.19,1,0.348678,-0.121195,2.1921,2.24527
0.21,1,0.309084,-0.162952,2.20203,2.17862
0.23,1,0.302134,-0.173131,2.21121,2.16626
0.25,1,0.329637,-0.149152,2.29818,2.21396
0.27,1,0.383359,-0.0989098,2.39504,2.29913
0.29,1,0.45071,-0.0336484,2.48134,2.39406
0.31,1,0.517381,0.0319703,2.55854,2.47807
0.33,1,0.571323,0.0863777,2.55319,2.54028
0.35,1,0.606905,0.124012,2.54737,2.57894
0.37,1,0.618168,0.138359,2.54187,2.59082
0.39,1,0.602966,0.126679,2.53683,2.57475
0.41,1,0.566601,0.0933846,2.47783,2.53502
0.43,1,0.517629,0.0465697,2.40721,2.47837
0.45,1,0.462915,-0.00691478,2.33679,2.41011
0.47,1,0.412214,-0.0577969,2.28884,2.34122
0.49,1,0.374342,-0.0967105,2.29551,2.28549
0.51,1,0.355851,-0.117637,2.30204,2.25672
0.53,1,0.361254,-0.11435,2.30804,2.26524
0.55,1,0.39017,-0.0880253,2.37001,2.30927
0.57,1,0.43271,-0.0470208,2.435,2.36979
0.59,1,0.47937,-0.0014846,2.53188,2.43125
0.61,1,0.519767,0.0395341,2.52833,2.48092
0.63,1,0.550193,0.0708954,2.52401,2.51646
0.65,1,0.566774,0.0897537,2.51935,2.53521
0.67,1,0.56634,0.0908435,2.51531,2.53472
0.69,1,0.54965,0.0766264,2.44029,2.51584
0.71,1,0.522068,0.0504626,2.43587,2.48367
0.73,1,0.486299,0.0153142,2.38901,2.43999
0.75,1,0.450832,-0.0205872,2.31724,2.39423
0.77,1,0.420378,-0.0518086,2.32208,2.35273
0.79,1,0.399687,-0.0740165,2.32742,2.32323
0.81,1,0.394186,-0.0813219,2.33214,2.31519
0.83,1,0.405384,-0.0715142,2.40706,2.33146
0.85,1,0.429578,-0.048651,2.40886,2.36549
0.87,1,0.460327,-0.0180667,2.46248,2.40673
0.89,1,0.489685,0.0115445,2.46169,2.44422
0.91,1,0.51396,0.0371206,2.48601,2.47397
0.93,1,0.530413,0.0548436,2.48247,2.49353
0.95,1,0.536639,0.0628359,2.47859,2.50082
0.97,1,0.531378,0.058742,2.47558,2.49467
0.99,1,0.516447,0.0445529,2.41791,2.47695
