x,rho,E,F,T,Tr
0.01,1,0.317378,-0.16398,2.07801,2.19309
0.03,1,0.26519,-0.207253,2.08001,2.09677
0.05,1,0.259921,-0.21665,2.15039,2.08628
0.07,1,0.295514,-0.186124,2.26645,2.1543
0.09,1,0.363386,-0.1231,2.3916,2.26858
0.11,1,0.448934,-0.0413124,2.50092,2.3917
0.13,1,0.535042,0.043009,2.58164,2.49895
0.15,1,0.605378,0.113736,2.64312,2.57732
0.17,1,0.648093,0.159301,2.63743,2.62163
0.19,1,0.660385,0.175946,2.57197,2.63397
0.21,1,0.640033,0.161134,2.56539,2.61344
0.23,1,0.591416,0.11713,2.48908,2.56233
0.25,1,0.526295,0.056265,2.39737,2.48868
0.27,1,0.455505,-0.0125811,2.30154,2.40041
0.29,1,0.390597,-0.0768458,2.19922,2.3099
0.31,1,0.343687,-0.12522,2.20669,2.23719
0.33,1,0.322794,-0.148841,2.21469,2.20238
0.35,1,0.332677,-0.142762,2.2757,2.21905
0.37,1,0.369681,-0.109435,2.35746,2.27834
0.39,1,0.424584,-0.0581981,2.43855,2.35859
0.41,1,0.484546,0.000208798,2.50567,2.43778
0.43,1,0.538011,0.0527074,2.5743,2.50241
0.45,1,0.575067,0.0915743,2.57016,2.54443
0.47,1,0.594181,0.112882,2.56562,2.56532
0.49,1,0.592644,0.115184,2.50222,2.56366
0.51,1,0.571286,0.0976209,2.49765,2.54024
0.53,1,0.532506,0.0619847,2.44024,2.49599
0.55,1,0.486781,0.0185223,2.3773,2.44059
0.57,1,0.440092,-0.0273933,2.32003,2.37984
0.59,1,0.400845,-0.0672395,2.27396,2.32491
0.61,1,0.376639,-0.0930926,2.27894,2.28898
0.63,1,0.371061,-0.101381,2.34364,2.28046
0.65,1,0.386075,-0.0899155,2.3513,2.30319
0.67,1,0.418861,-0.059397,2.45474,2.3506
0.69,1,0.45934,-0.0217625,2.50478,2.40544
0.71,1,0.498415,0.0165525,2.50233,2.45504
0.73,1,0.529083,0.0474666,2.52095,2.49197
0.75,1,0.548564,0.068889,2.51825,2.5146
0.77,1,0.55498,0.0778315,2.5146,2.52192
0.79,1,0.547388,0.0730866,2.45814,2.51325
0.81,1,0.527535,0.056511,2.45462,2.49014
0.83,1,0.498958,0.0297923,2.41338,2.45571
0.85,1,0.467351,-0.000508827,2.3451,2.41586
0.87,1,0.43764,-0.0303398,2.34688,2.37652
0.89,1,0.415617,-0.0536381,2.34896,2.34604
0.91,1,0.404579,-0.0671514,2.35232,2.3303
0.93,1,0.407586,-0.0667446,2.35689,2.33462
0.95,1,0.424058,-0.0532147,2.42688,2.35786
0.97,1,0.449396,-0.0301843,2.42963,2.39232
0.99,1,0.477009,-0.00385963,2.49457,2.42825
