x,rho,E,F,T,Tr
0.01,1,0.43362,-0.0520306,2.22876,2.37104
0.03,1,0.339858,-0.130663,2.10955,2.23093
0.05,1,0.283124,-0.189478,2.12188,2.13135
0.07,1,0.264516,-0.211738,2.13394,2.09544
0.09,1,0.286658,-0.193875,2.23505,2.13798
0.11,1,0.343473,-0.141334,2.35547,2.23684
0.13,1,0.422343,-0.066004,2.46703,2.35547
0.15,1,0.506715,0.0162702,2.60542,2.4652
0.17,1,0.580271,0.0896699,2.59904,2.55017
0.19,1,0.631398,0.143175,2.59246,2.60458
0.21,1,0.653781,0.169268,2.5857,2.62736
0.23,1,0.64319,0.163223,2.5792,2.61665
0.25,1,0.604239,0.128576,2.51265,2.57611
0.27,1,0.546261,0.0743615,2.42807,2.51195
0.29,1,0.478919,0.00896339,2.33578,2.43068
0.31,1,0.413595,-0.0557606,2.2371,2.34318
0.33,1,0.362016,-0.108391,2.2449,2.26644
0.35,1,0.332627,-0.139951,2.25309,2.21897
0.37,1,0.331789,-0.143954,2.26079,2.21757
0.39,1,0.359972,-0.11888,2.33507,2.26323
0.41,1,0.408465,-0.0733942,2.4145,2.33588
0.43,1,0.465599,-0.0179603,2.53252,2.4136
0.45,1,0.519167,0.0352904,2.52859,2.48021
0.47,1,0.560803,0.078175,2.5244,2.52851
0.49,1,0.587069,0.106186,2.55116,2.55761
0.51,1,0.592215,0.114296,2.54637,2.56319
0.53,1,0.576245,0.101351,2.46209,2.54573
0.55,1,0.543885,0.0718953,2.45858,2.50922
0.57,1,0.501919,0.031218,2.39756,2.45935
0.59,1,0.456948,-0.0132775,2.31758,2.4023
0.61,1,0.41656,-0.0540603,2.32162,2.34737
0.63,1,0.387321,-0.0849287,2.29349,2.30504
0.65,1,0.37515,-0.0993357,2.29939,2.28672
0.67,1,0.383816,-0.0933483,2.34018,2.29981
0.69,1,0.410648,-0.068592,2.39236,2.33899
0.71,1,0.447591,-0.0330547,2.44234,2.38991
0.73,1,0.485619,0.00487793,2.48055,2.43913
0.75,1,0.517687,0.0375707,2.47867,2.47844
0.77,1,0.540462,0.0621583,2.47593,2.50526
0.79,1,0.551871,0.0754971,2.47234,2.51838
0.81,1,0.548788,0.0747384,2.4685,2.51485
0.83,1,0.53292,0.0605675,2.46535,2.49647
0.85,1,0.508659,0.0373072,2.38861,2.46756
0.87,1,0.479177,0.00826285,2.38871,2.431
0.89,1,0.449746,-0.0221188,2.34101,2.39278
0.91,1,0.426153,-0.046895,2.34481,2.36077
0.93,1,0.411228,-0.0639739,2.34958,2.33982
0.95,1,0.409408,-0.0675661,2.35421,2.33723
0.97,1,0.421391,-0.0574153,2.4182,2.35414
0.99,1,0.4425,-0.0374145,2.42005,2.38309
