x,rho,E,F,T,Tr
0.01,1,0.347755,-0.152598,2.3824,2.24378
0.03,1,0.433948,-0.0575345,2.49567,2.37149
0.05,1,0.530532,0.036711,2.58931,2.49367
0.07,1,0.612373,0.118687,2.6662,2.58473
0.09,1,0.665445,0.173785,2.66012,2.639
0.11,1,0.683594,0.196077,2.59573,2.65681
0.13,1,0.665011,0.18245,2.58923,2.63857
0.15,1,0.614144,0.136135,2.50827,2.5866
0.17,1,0.543129,0.0692831,2.4085,2.50834
0.19,1,0.464412,-0.00727049,2.30394,2.41206
0.21,1,0.390841,-0.0795271,2.16966,2.31026
0.23,1,0.335748,-0.135301,2.17872,2.22415
0.25,1,0.308939,-0.163873,2.18678,2.17836
0.27,1,0.315457,-0.160272,2.25007,2.18976
0.29,1,0.352423,-0.126218,2.33922,2.25127
0.31,1,0.410787,-0.0710517,2.42963,2.33919
0.33,1,0.477151,-0.00661704,2.50635,2.42843
0.35,1,0.538195,0.053307,2.59152,2.50263
0.37,1,0.58289,0.0985572,2.58656,2.55304
0.39,1,0.607107,0.124503,2.5822,2.57916
0.41,1,0.608969,0.128812,2.51717,2.58113
0.43,1,0.58781,0.110891,2.51345,2.55841
0.45,1,0.546915,0.0723923,2.45184,2.5127
0.47,1,0.497007,0.0242986,2.38278,2.45331
0.49,1,0.444398,-0.0266693,2.31759,2.38564
0.51,1,0.39934,-0.0719827,2.25936,2.32272
0.53,1,0.369725,-0.101917,2.26416,2.27841
0.55,1,0.360295,-0.112818,2.33067,2.26374
0.57,1,0.373434,-0.101643,2.33441,2.2841
0.59,1,0.407298,-0.0692264,2.39571,2.33421
0.61,1,0.451288,-0.0272846,2.45337,2.39483
0.63,1,0.495175,0.0157408,2.51674,2.45104
0.65,1,0.531045,0.0510324,2.51237,2.49427
0.67,1,0.554658,0.0754481,2.50827,2.52155
0.69,1,0.564772,0.08625,2.50493,2.53297
0.71,1,0.55891,0.0819155,2.50235,2.52637
0.73,1,0.539563,0.0633929,2.46483,2.50422
0.75,1,0.509268,0.0345213,2.37516,2.4683
0.77,1,0.474149,0.00027555,2.37614,2.4246
0.79,1,0.440286,-0.0331136,2.31732,2.3801
0.81,1,0.41406,-0.0591484,2.3409,2.34384
0.83,1,0.399341,-0.0743188,2.34475,2.32272
0.85,1,0.399469,-0.0743654,2.34731,2.32291
0.87,1,0.41472,-0.059972,2.42354,2.34477
0.89,1,0.441369,-0.0339625,2.42354,2.38156
0.91,1,0.471279,-0.0045574,2.47931,2.42092
0.93,1,0.498686,0.0223117,2.47606,2.45538
0.95,1,0.519572,0.0429803,2.49818,2.48069
0.97,1,0.53206,0.0551405,2.4962,2.49547
0.99,1,0.534527,0.0575418,2.43934,2.49835
