x,rho,E,F,T,Tr
0.01,1,0.541094,0.0275501,2.60759,2.50599
0.03,1,0.618635,0.124538,2.67867,2.59131
0.05,1,0.675672,0.184201,2.67192,2.64908
0.07,1,0.694952,0.208579,2.60524,2.66778
0.09,1,0.675298,0.19466,2.59775,2.64872
0.11,1,0.621527,0.14637,2.51237,2.59434
0.13,1,0.546335,0.0756536,2.40648,2.51204
0.15,1,0.463088,-0.00527159,2.29522,2.41034
0.17,1,0.38576,-0.0819707,2.20253,2.30272
0.19,1,0.327835,-0.141218,2.15969,2.21093
0.21,1,0.299688,-0.171906,2.16934,2.16187
0.23,1,0.30637,-0.168969,2.23694,2.17382
0.25,1,0.34497,-0.134011,2.33189,2.23927
0.27,1,0.40596,-0.0763427,2.42796,2.33229
0.29,1,0.475745,-0.00847244,2.50931,2.42664
0.31,1,0.54021,0.0554956,2.60003,2.50497
0.33,1,0.587614,0.104257,2.59474,2.5582
0.35,1,0.612846,0.132191,2.58936,2.58523
0.37,1,0.61463,0.137642,2.52167,2.58711
0.39,1,0.592422,0.119244,2.51657,2.56342
0.41,1,0.549291,0.0788447,2.45126,2.51543
0.43,1,0.496311,0.0282227,2.37769,2.45245
0.45,1,0.441119,-0.0262583,2.30723,2.38122
0.47,1,0.393377,-0.0747679,2.24412,2.314
0.49,1,0.362149,-0.107383,2.2505,2.26664
0.51,1,0.352825,-0.119398,2.32104,2.25191
0.53,1,0.367367,-0.107735,2.3267,2.27476
0.55,1,0.402899,-0.0747776,2.39217,2.32788
0.57,1,0.448797,-0.0302774,2.45503,2.39152
0.59,1,0.495183,0.0156288,2.5419,2.45105
0.61,1,0.532777,0.0535844,2.53827,2.49631
0.63,1,0.557116,0.0800581,2.51306,2.52434
0.65,1,0.567024,0.092102,2.50864,2.53549
0.67,1,0.56063,0.0885421,2.50441,2.52831
0.69,1,0.540412,0.0698917,2.42056,2.5052
0.71,1,0.507813,0.0392695,2.3695,2.46654
0.73,1,0.471085,0.00281181,2.36867,2.42067
0.75,1,0.435837,-0.0330782,2.3049,2.37407
0.77,1,0.408592,-0.0615501,2.30975,2.33606
0.79,1,0.393657,-0.0783408,2.33493,2.31441
0.81,1,0.394563,-0.0796282,2.33983,2.31574
0.83,1,0.410743,-0.0651228,2.42091,2.33913
0.85,1,0.4392,-0.0381081,2.42261,2.37863
0.87,1,0.470788,-0.00670096,2.47879,2.42029
0.89,1,0.499004,0.0223739,2.47746,2.45577
0.91,1,0.520262,0.0449745,2.47527,2.48152
0.93,1,0.532536,0.0592769,2.47199,2.49602
0.95,1,0.53432,0.0629051,2.43948,2.49811
0.97,1,0.525201,0.055499,2.43663,2.48738
0.99,1,0.507708,0.0388398,2.43482,2.46641
