x,rho,E,F,T,Tr
0.01,1,0.590075,0.0731042,2.66833,2.56087
0.03,1,0.654894,0.159686,2.64928,2.62848
0.05,1,0.694464,0.203783,2.64134,2.66731
0.07,1,0.693882,0.208475,2.63343,2.66675
0.09,1,0.655128,0.175949,2.56136,2.62871
0.11,1,0.588414,0.114442,2.46291,2.55907
0.13,1,0.506131,0.0358742,2.35054,2.46449
0.15,1,0.42295,-0.0457889,2.24386,2.35632
0.17,1,0.352986,-0.116087,2.17583,2.25217
0.19,1,0.308721,-0.162545,2.18579,2.17797
0.21,1,0.297145,-0.177626,2.19565,2.15727
0.23,1,0.32098,-0.157663,2.28181,2.19928
0.25,1,0.373059,-0.109561,2.38143,2.28352
0.27,1,0.441066,-0.0442115,2.47306,2.38115
0.29,1,0.510506,0.0236542,2.5683,2.4698
0.31,1,0.567981,0.0815725,2.56319,2.53656
0.33,1,0.606947,0.122721,2.55764,2.57899
0.35,1,0.621785,0.141001,2.55196,2.59461
0.37,1,0.609423,0.132558,2.54637,2.58161
0.39,1,0.574452,0.101387,2.48806,2.54375
0.41,1,0.525374,0.0552413,2.41626,2.48759
0.43,1,0.46943,0.000783341,2.34189,2.41854
0.45,1,0.416382,-0.0523367,2.27745,2.34712
0.47,1,0.375582,-0.0943258,2.28343,2.28738
0.49,1,0.35387,-0.118646,2.29027,2.25358
0.51,1,0.356358,-0.118777,2.29699,2.25753
0.53,1,0.383368,-0.0948406,2.35945,2.29914
0.55,1,0.425704,-0.0549094,2.42514,2.36014
0.57,1,0.473957,-0.00830155,2.48079,2.42435
0.59,1,0.517099,0.0352008,2.53404,2.47774
0.61,1,0.549275,0.0682758,2.53043,2.51541
0.63,1,0.568,0.0897251,2.52608,2.53658
0.65,1,0.569537,0.0935529,2.52156,2.53829
0.67,1,0.554287,0.0812257,2.44791,2.52113
0.69,1,0.52716,0.0564281,2.3965,2.4897
0.71,1,0.490822,0.0216024,2.39325,2.44564
0.73,1,0.453864,-0.0155332,2.31117,2.39824
0.75,1,0.421537,-0.0484482,2.315,2.35435
0.77,1,0.399162,-0.0730137,2.31984,2.32246
0.79,1,0.3915,-0.0827709,2.32519,2.31124
0.81,1,0.401426,-0.0755075,2.40049,2.32575
0.83,1,0.425173,-0.053933,2.4035,2.35941
0.85,1,0.456732,-0.02338,2.46671,2.40202
0.87,1,0.487393,0.00689381,2.4657,2.44136
0.89,1,0.513154,0.0340281,2.46479,2.473
0.91,1,0.530709,0.0533311,2.46314,2.49388
0.93,1,0.538193,0.0632936,2.48441,2.50263
0.95,1,0.534025,0.061162,2.48058,2.49777
0.97,1,0.519429,0.0485449,2.42278,2.48052
0.99,1,0.498397,0.0286314,2.42096,2.45502
