x,rho,E,F,T,Tr
0.01,1,0.370061,-0.13199,2.41704,2.27892
0.03,1,0.459435,-0.0325092,2.52562,2.40557
0.05,1,0.554287,0.0606645,2.65454,2.52113
0.07,1,0.630206,0.137102,2.64678,2.60335
0.09,1,0.675469,0.185379,2.63938,2.64888
0.11,1,0.683328,0.197685,2.63244,2.65655
0.13,1,0.654676,0.173971,2.57089,2.62826
0.15,1,0.59743,0.121461,2.48325,2.56882
0.17,1,0.52252,0.0502323,2.37939,2.4842
0.19,1,0.443247,-0.0271492,2.27462,2.38409
0.21,1,0.372985,-0.0967369,2.1794,2.28341
0.23,1,0.32454,-0.146251,2.18879,2.20536
0.25,1,0.305914,-0.167242,2.19698,2.17301
0.27,1,0.32129,-0.155037,2.27053,2.19981
0.29,1,0.365159,-0.113979,2.36286,2.27134
0.31,1,0.427275,-0.0547707,2.45102,2.36232
0.33,1,0.493818,0.0102356,2.52178,2.44936
0.35,1,0.551663,0.0675512,2.5881,2.51814
0.37,1,0.591883,0.108712,2.58283,2.56283
0.39,1,0.611002,0.129735,2.57822,2.58328
0.41,1,0.605477,0.127101,2.50191,2.57742
0.43,1,0.578294,0.102749,2.49829,2.548
0.45,1,0.534403,0.0612422,2.43319,2.49821
0.47,1,0.482381,0.0110617,2.36157,2.43506
0.49,1,0.430609,-0.0396905,2.27611,2.36691
0.51,1,0.388628,-0.0821428,2.28288,2.30699
0.53,1,0.363043,-0.108547,2.26393,2.26804
0.55,1,0.359972,-0.113353,2.34545,2.26323
0.57,1,0.380121,-0.0948682,2.34909,2.29426
0.59,1,0.41766,-0.0595481,2.41088,2.34891
0.61,1,0.462591,-0.0154748,2.46708,2.40969
0.63,1,0.505503,0.0266665,2.532,2.46373
0.65,1,0.538158,0.0594135,2.50353,2.50259
0.67,1,0.558579,0.0805921,2.49931,2.526
0.69,1,0.563881,0.0872759,2.52078,2.53197
0.71,1,0.554633,0.0789005,2.49338,2.52152
0.73,1,0.53244,0.0581119,2.40752,2.49591
0.75,1,0.499485,0.0262117,2.40755,2.45636
0.77,1,0.463988,-0.0089096,2.33935,2.4115
0.79,1,0.431567,-0.0408129,2.34436,2.36823
0.81,1,0.407671,-0.0654081,2.34919,2.33474
0.83,1,0.396335,-0.0769755,2.32732,2.31834
0.85,1,0.401208,-0.0726738,2.39351,2.32543
0.87,1,0.420353,-0.0541625,2.3945,2.35269
0.89,1,0.448529,-0.026504,2.47366,2.39116
0.91,1,0.478479,0.00298772,2.47165,2.43012
0.93,1,0.504186,0.0286006,2.46855,2.46212
0.95,1,0.523349,0.0476894,2.48613,2.48519
0.97,1,0.533239,0.0578045,2.46159,2.49685
0.99,1,0.532812,0.0574675,2.48181,2.49635
