x,rho,E,F,T,Tr
0.01,1,0.397951,-0.106754,2.45605,2.3207
0.03,1,0.489389,-0.00411342,2.55474,2.44385
0.05,1,0.580891,0.0866823,2.64108,2.55085
0.07,1,0.649184,0.15627,2.63318,2.62273
0.09,1,0.684051,0.194796,2.62573,2.65726
0.11,1,0.680522,0.195925,2.61876,2.65382
0.13,1,0.641581,0.162104,2.54804,2.61502
0.15,1,0.577159,0.10213,2.45346,2.54674
0.17,1,0.498855,0.0270031,2.34716,2.45559
0.19,1,0.420396,-0.0500321,2.24893,2.35275
0.21,1,0.355204,-0.115377,2.19677,2.2557
0.23,1,0.314836,-0.157187,2.20612,2.18868
0.25,1,0.306127,-0.168717,2.21438,2.17339
0.27,1,0.33115,-0.146633,2.2972,2.2165
0.29,1,0.382419,-0.0986378,2.391,2.29772
0.31,1,0.447793,-0.0356176,2.476,2.39018
0.33,1,0.513118,0.0283351,2.55759,2.47295
0.35,1,0.566278,0.0817254,2.55189,2.53466
0.37,1,0.601895,0.118883,2.54632,2.5736
0.39,1,0.614403,0.133806,2.54117,2.58687
0.41,1,0.60125,0.123335,2.53677,2.57291
0.43,1,0.567031,0.0918506,2.48067,2.5355
0.45,1,0.52006,0.046963,2.41263,2.48127
0.47,1,0.466771,-0.00470323,2.34373,2.41511
0.49,1,0.416865,-0.0543446,2.29142,2.3478
0.51,1,0.378984,-0.092715,2.29812,2.29254
0.53,1,0.359555,-0.113829,2.30388,2.26257
0.55,1,0.363308,-0.111545,2.30889,2.26846
0.57,1,0.390186,-0.0865317,2.36798,2.30929
0.59,1,0.430842,-0.0471875,2.48125,2.36723
0.61,1,0.476622,-0.00313292,2.5307,2.42776
0.63,1,0.517069,0.0372529,2.52636,2.4777
0.65,1,0.546758,0.0676662,2.52185,2.51252
0.67,1,0.563997,0.0860225,2.51788,2.5321
0.69,1,0.56469,0.0877723,2.48507,2.53288
0.71,1,0.549755,0.0743321,2.44299,2.51596
0.73,1,0.523788,0.0494822,2.39329,2.48571
0.75,1,0.489268,0.0158279,2.39382,2.4437
0.77,1,0.454208,-0.0193153,2.32077,2.3987
0.79,1,0.423933,-0.0495679,2.32612,2.35768
0.81,1,0.40287,-0.0712688,2.33091,2.32784
0.83,1,0.396272,-0.0785401,2.33437,2.31825
0.85,1,0.406037,-0.0693885,2.40632,2.3324
0.87,1,0.428617,-0.0475262,2.40702,2.36417
0.89,1,0.458477,-0.0178249,2.46506,2.40431
0.91,1,0.487199,0.0106429,2.46343,2.44111
0.93,1,0.51166,0.0355061,2.48482,2.47119
0.95,1,0.528379,0.0524691,2.48098,2.49114
0.97,1,0.535577,0.0601305,2.478,2.49958
0.99,1,0.531608,0.0563767,2.47641,2.49494
