x,rho,E,F,T,Tr
0.01,1,0.331445,-0.148104,2.11644,2.21699
0.03,1,0.271632,-0.19835,2.11878,2.10939
0.05,1,0.257754,-0.216362,2.13099,2.08191
0.07,1,0.285111,-0.193494,2.2406,2.13508
0.09,1,0.347085,-0.136389,2.36575,2.2427
0.11,1,0.429937,-0.0572867,2.4803,2.36599
0.13,1,0.516447,0.026934,2.60177,2.47695
0.15,1,0.590048,0.100535,2.59537,2.56084
0.17,1,0.640158,0.153158,2.58894,2.61357
0.19,1,0.659141,0.176421,2.5824,2.63273
0.21,1,0.644112,0.166607,2.57568,2.61759
0.23,1,0.6006,0.127939,2.50406,2.57222
0.25,1,0.538595,0.0702526,2.41492,2.50309
0.27,1,0.468488,0.00240435,2.32051,2.41733
0.29,1,0.40202,-0.0631337,2.23673,2.32661
0.31,1,0.351488,-0.115216,2.24385,2.24977
0.33,1,0.324381,-0.144689,2.25148,2.20508
0.35,1,0.327407,-0.145579,2.25957,2.21021
0.37,1,0.359484,-0.116852,2.33889,2.26246
0.39,1,0.411448,-0.0686836,2.42087,2.34013
0.41,1,0.470852,-0.0110622,2.49157,2.42037
0.43,1,0.525677,0.0427641,2.57517,2.48795
0.45,1,0.566288,0.08486,2.57113,2.53467
0.47,1,0.590667,0.111127,2.56652,2.56152
0.49,1,0.593052,0.117629,2.5101,2.5641
0.51,1,0.574885,0.102645,2.50521,2.54423
0.53,1,0.538863,0.0702269,2.45037,2.5034
0.55,1,0.494756,0.0280173,2.38724,2.45053
0.57,1,0.448075,-0.017351,2.31806,2.39056
0.59,1,0.407444,-0.0582753,2.32172,2.33442
0.61,1,0.378987,-0.0884781,2.32595,2.29254
0.63,1,0.368684,-0.101196,2.3307,2.2768
0.65,1,0.380179,-0.0931922,2.38771,2.29434
0.67,1,0.410062,-0.0660493,2.44277,2.33816
0.69,1,0.449518,-0.0292339,2.44468,2.39248
0.71,1,0.488605,0.00929197,2.50533,2.44287
0.73,1,0.520607,0.0413893,2.52229,2.48193
0.75,1,0.543601,0.0659685,2.5194,2.50889
0.77,1,0.553446,0.0783248,2.46701,2.52017
0.79,1,0.548132,0.0760619,2.46362,2.5141
0.81,1,0.529911,0.0607255,2.45997,2.49294
0.83,1,0.503284,0.0359601,2.4208,2.46102
0.85,1,0.47217,0.00620392,2.33659,2.42207
0.87,1,0.442213,-0.0238385,2.33829,2.3827
0.89,1,0.418211,-0.0489083,2.34068,2.34969
0.91,1,0.404102,-0.0654424,2.34433,2.32962
0.93,1,0.404078,-0.0679944,2.34899,2.32958
0.95,1,0.418372,-0.0563536,2.41655,2.34992
0.97,1,0.441953,-0.0352243,2.47081,2.38235
0.99,1,0.469448,-0.00913228,2.46916,2.41857
