x,rho,E,F,T,Tr
0.01,1,0.266279,-0.223468,2.20267,2.09892
0.03,1,0.318239,-0.166354,2.32642,2.19457
0.05,1,0.402358,-0.0867007,2.45362,2.3271
0.07,1,0.496504,0.00414591,2.55507,2.45269
0.09,1,0.582025,0.0885043,2.62526,2.5521
0.11,1,0.644228,0.151754,2.61823,2.61771
0.13,1,0.674532,0.185408,2.61171,2.64796
0.15,1,0.668173,0.183581,2.60542,2.6417
0.17,1,0.628748,0.149225,2.53597,2.60184
0.19,1,0.56604,0.0913803,2.44468,2.53439
0.21,1,0.491213,0.0198411,2.34345,2.44613
0.23,1,0.416913,-0.0523671,2.20676,2.34786
0.25,1,0.356116,-0.112772,2.215,2.25714
0.27,1,0.319667,-0.150634,2.2226,2.19703
0.29,1,0.313864,-0.159144,2.22969,2.18699
0.31,1,0.340511,-0.135859,2.30978,2.232
0.33,1,0.391335,-0.0887057,2.39901,2.31099
0.35,1,0.45444,-0.0285202,2.47841,2.399
0.37,1,0.516274,0.0311719,2.54584,2.47675
0.39,1,0.565696,0.0801586,2.54078,2.534
0.41,1,0.598201,0.113615,2.53633,2.56965
0.43,1,0.60804,0.126028,2.53252,2.58015
0.45,1,0.593541,0.114464,2.52859,2.56463
0.47,1,0.559365,0.083545,2.4739,2.52688
0.49,1,0.51378,0.040497,2.40853,2.47375
0.51,1,0.462654,-0.00798262,2.29865,2.40977
0.53,1,0.415448,-0.0539268,2.3044,2.3458
0.55,1,0.380199,-0.089004,2.30941,2.29437
0.57,1,0.363408,-0.107624,2.31327,2.26861
0.59,1,0.36889,-0.103778,2.31758,2.27712
0.61,1,0.39634,-0.0787788,2.37455,2.31835
0.63,1,0.436482,-0.0410766,2.43434,2.37494
0.65,1,0.480299,0.000258533,2.52164,2.43242
0.67,1,0.518282,0.0370158,2.51767,2.47915
0.69,1,0.546103,0.0646969,2.4847,2.51177
0.71,1,0.561744,0.0807199,2.51219,2.52957
0.73,1,0.560963,0.0813817,2.48055,2.52869
0.75,1,0.545377,0.0676444,2.47867,2.51094
0.77,1,0.519359,0.0438574,2.39373,2.48044
0.79,1,0.485828,0.0124902,2.39315,2.43939
0.81,1,0.451668,-0.0199943,2.33114,2.39533
0.83,1,0.422998,-0.0474146,2.3346,2.35638
0.85,1,0.403485,-0.0668231,2.33678,2.32873
0.87,1,0.398434,-0.0724468,2.33853,2.3214
0.89,1,0.409292,-0.0629759,2.40777,2.33706
0.91,1,0.432036,-0.0422084,2.40886,2.36887
0.93,1,0.461642,-0.0146177,2.48464,2.40845
0.95,1,0.489432,0.0112309,2.4808,2.44391
0.97,1,0.513016,0.0334466,2.47782,2.47283
0.99,1,0.528852,0.0485567,2.47623,2.4917
