x,rho,E,F,T,Tr
0.01,1,0.723473,0.211787,2.65178,2.69474
0.03,1,0.662529,0.181245,2.55657,2.63611
0.05,1,0.584474,0.109065,2.44571,2.55478
0.07,1,0.492587,0.0213623,2.32211,2.44784
0.09,1,0.403034,-0.0658071,2.21075,2.32807
0.11,1,0.331251,-0.137489,2.16821,2.21667
0.13,1,0.2893,-0.181555,2.17759,2.14288
0.15,1,0.283697,-0.190522,2.18703,2.13243
0.17,1,0.315569,-0.162833,2.28646,2.18996
0.19,1,0.37592,-0.10658,2.39512,2.28789
0.21,1,0.451603,-0.0346409,2.49021,2.39525
0.23,1,0.526497,0.0382361,2.56101,2.48892
0.25,1,0.587214,0.0985738,2.6167,2.55776
0.27,1,0.625488,0.138524,2.61225,2.59846
0.29,1,0.636714,0.152759,2.55369,2.61004
0.31,1,0.61887,0.13927,2.54874,2.59156
0.33,1,0.576852,0.101111,2.48228,2.54641
0.35,1,0.520485,0.0486906,2.40299,2.48178
0.37,1,0.458917,-0.0108653,2.32369,2.40489
0.39,1,0.401885,-0.066155,2.27801,2.32641
0.41,1,0.360601,-0.108321,2.28377,2.26422
0.43,1,0.340732,-0.129554,2.28893,2.23236
0.45,1,0.348422,-0.124896,2.29433,2.24485
0.47,1,0.381247,-0.0947484,2.36492,2.29595
0.49,1,0.429612,-0.0496668,2.43532,2.36554
0.51,1,0.482423,0.00103461,2.49406,2.43511
0.53,1,0.528989,0.0462062,2.5551,2.49186
0.55,1,0.562116,0.0788984,2.55192,2.52998
0.57,1,0.579633,0.0978822,2.54927,2.54947
0.59,1,0.578731,0.0990356,2.52743,2.54848
0.61,1,0.560378,0.0832352,2.44282,2.52803
0.63,1,0.526691,0.052853,2.4406,2.48915
0.65,1,0.48673,0.0147704,2.38439,2.44053
0.67,1,0.445708,-0.0239461,2.29297,2.38739
0.69,1,0.411447,-0.0576853,2.29615,2.34013
0.71,1,0.388132,-0.0806947,2.29859,2.30625
0.73,1,0.382639,-0.0881181,2.3572,2.29805
0.75,1,0.395427,-0.0765978,2.35996,2.31701
0.77,1,0.424568,-0.050459,2.45041,2.35857
0.79,1,0.45949,-0.0176978,2.45122,2.40564
0.81,1,0.494293,0.0149498,2.51357,2.44995
0.83,1,0.520928,0.0408871,2.48846,2.48231
0.85,1,0.539862,0.0594729,2.48652,2.50456
0.87,1,0.546731,0.0671548,2.48522,2.51249
0.89,1,0.54059,0.0621832,2.48381,2.50541
0.91,1,0.522918,0.0467246,2.4191,2.48468
0.93,1,0.49842,0.0243026,2.41806,2.45505
0.95,1,0.470226,-0.0018392,2.35721,2.41957
0.97,1,0.444176,-0.0262274,2.39049,2.38534
0.99,1,0.42339,-0.0461615,2.36278,2.35693
