x,rho,E,F,T,Tr
0.01,1,0.521949,0.0313952,2.34833,2.48352
0.03,1,0.415,-0.0557382,2.21047,2.34517
0.05,1,0.333697,-0.137197,2.12896,2.22075
0.07,1,0.282536,-0.190385,2.14091,2.13025
0.09,1,0.26941,-0.207018,2.1522,2.10506
0.11,1,0.296082,-0.184265,2.25499,2.15533
0.13,1,0.355436,-0.128844,2.37267,2.25607
0.15,1,0.434325,-0.053034,2.48018,2.372
0.17,1,0.51604,0.0268577,2.59387,2.47647
0.19,1,0.585083,0.095886,2.58734,2.55544
0.21,1,0.63211,0.145076,2.58054,2.60531
0.23,1,0.649966,0.166419,2.57419,2.62352
0.25,1,0.635721,0.156319,2.56826,2.60902
0.27,1,0.594718,0.119054,2.50055,2.5659
0.29,1,0.536397,0.0641384,2.41674,2.50054
0.31,1,0.470305,-0.000243244,2.32851,2.41967
0.33,1,0.407559,-0.0623214,2.25097,2.33458
0.35,1,0.359906,-0.111541,2.25887,2.26313
0.37,1,0.334124,-0.139003,2.26649,2.22146
0.39,1,0.337049,-0.139093,2.27363,2.22631
0.41,1,0.367541,-0.110839,2.34786,2.27503
0.43,1,0.416863,-0.064388,2.42435,2.34779
0.45,1,0.472722,-0.00930547,2.49037,2.42277
0.47,1,0.524247,0.0414262,2.56947,2.48625
0.49,1,0.562597,0.0811116,2.56468,2.53053
0.51,1,0.585754,0.10546,2.56024,2.55617
0.53,1,0.588257,0.110688,2.50594,2.5589
0.55,1,0.571054,0.0960486,2.45331,2.53998
0.57,1,0.537712,0.0644976,2.45069,2.50207
0.59,1,0.496074,0.0241269,2.39233,2.45216
0.61,1,0.452469,-0.0192967,2.32668,2.3964
0.63,1,0.414266,-0.0579887,2.29604,2.34413
0.65,1,0.387019,-0.0859559,2.302,2.3046
0.67,1,0.377425,-0.0974321,2.3447,2.29018
0.69,1,0.388086,-0.0885275,2.34873,2.30618
0.71,1,0.415843,-0.0621048,2.44671,2.34636
0.73,1,0.452508,-0.0266731,2.4477,2.39645
0.75,1,0.489257,0.0103783,2.47508,2.44369
0.77,1,0.519039,0.0407803,2.4725,2.48006
0.79,1,0.540734,0.0635023,2.46894,2.50557
0.81,1,0.55033,0.0747084,2.46527,2.51662
0.83,1,0.546274,0.0715142,2.46219,2.51197
0.85,1,0.529597,0.056074,2.42278,2.49257
0.87,1,0.505224,0.0318701,2.42427,2.46339
0.89,1,0.476241,0.00294621,2.34342,2.42727
0.91,1,0.448232,-0.0257616,2.34705,2.39077
0.93,1,0.425633,-0.0491755,2.35172,2.36005
0.95,1,0.411956,-0.0639633,2.35636,2.34085
0.97,1,0.411558,-0.0654188,2.35979,2.34029
0.99,1,0.424313,-0.0532514,2.39082,2.35821
