x,rho,E,F,T,Tr
0.01,1,0.484891,-0.00312028,2.29817,2.43822
0.03,1,0.381887,-0.0883475,2.16748,2.29692
0.05,1,0.309499,-0.16181,2.09494,2.17935
0.07,1,0.271048,-0.202663,2.10663,2.10825
0.09,1,0.272776,-0.204859,2.18241,2.11161
0.11,1,0.312789,-0.169143,2.29565,2.18512
0.13,1,0.381492,-0.104247,2.41299,2.29632
0.15,1,0.464229,-0.0243326,2.51235,2.41182
0.17,1,0.54417,0.054723,2.58323,2.50955
0.19,1,0.606647,0.118172,2.63117,2.57867
0.21,1,0.642437,0.156806,2.62517,2.61589
0.23,1,0.648895,0.167132,2.55299,2.62244
0.25,1,0.625155,0.147931,2.54715,2.59812
0.27,1,0.575906,0.102351,2.47161,2.54536
0.29,1,0.512712,0.0423333,2.38347,2.47246
0.31,1,0.445867,-0.0235819,2.29573,2.38761
0.33,1,0.386157,-0.0831015,2.21855,2.30331
0.35,1,0.345299,-0.125794,2.22678,2.2398
0.37,1,0.329715,-0.143577,2.2346,2.21409
0.39,1,0.344033,-0.132671,2.29661,2.23775
0.41,1,0.382453,-0.0966229,2.37507,2.29777
0.43,1,0.436175,-0.0454341,2.44984,2.37452
0.45,1,0.49273,0.0103545,2.5098,2.44801
0.47,1,0.541193,0.058745,2.56442,2.50611
0.49,1,0.573282,0.0927158,2.55966,2.54246
0.51,1,0.587913,0.109484,2.55497,2.55853
0.53,1,0.583692,0.108031,2.48854,2.55392
0.55,1,0.561284,0.0884525,2.48491,2.52905
0.57,1,0.523106,0.051785,2.42882,2.4849
0.59,1,0.479189,0.00900934,2.36744,2.43102
0.61,1,0.435685,-0.0347054,2.27932,2.37386
0.63,1,0.40028,-0.0707825,2.28505,2.32409
0.65,1,0.380011,-0.0929066,2.29059,2.29409
0.67,1,0.378137,-0.0966983,2.35903,2.29126
0.69,1,0.394877,-0.0818585,2.3631,2.3162
0.71,1,0.42779,-0.050555,2.46227,2.36303
0.73,1,0.465907,-0.0129219,2.46226,2.41399
0.75,1,0.501541,0.0227276,2.5167,2.45888
0.77,1,0.528523,0.0511122,2.5132,2.49131
0.79,1,0.545183,0.0691973,2.50913,2.51071
0.81,1,0.549122,0.0749651,2.48405,2.51524
0.83,1,0.5404,0.0678908,2.48098,2.50519
0.85,1,0.521369,0.0496055,2.40845,2.48284
0.87,1,0.49393,0.0225616,2.40821,2.4495
0.89,1,0.464358,-0.00728541,2.35192,2.41199
0.91,1,0.43746,-0.0352699,2.33449,2.37627
0.93,1,0.417837,-0.0559885,2.33914,2.34916
0.95,1,0.409316,-0.0662617,2.36433,2.33709
0.97,1,0.413916,-0.0629055,2.36798,2.34363
0.99,1,0.430231,-0.0473257,2.43455,2.36639
