x,rho,E,F,T,Tr
0.01,1,0.554602,0.0387286,2.61826,2.52149
0.03,1,0.629347,0.133397,2.66555,2.60246
0.05,1,0.682241,0.18968,2.6578,2.6555
0.07,1,0.696567,0.208671,2.64999,2.66933
0.09,1,0.671368,0.18955,2.59024,2.64485
0.11,1,0.614636,0.138039,2.50132,2.58712
0.13,1,0.537211,0.0651228,2.39347,2.50148
0.15,1,0.453598,-0.0163822,2.2796,2.39789
0.17,1,0.377862,-0.0917926,2.15701,2.29084
0.19,1,0.323348,-0.147864,2.16675,2.20333
0.21,1,0.299277,-0.174833,2.17669,2.16113
0.23,1,0.310365,-0.167407,2.24957,2.18087
0.25,1,0.352739,-0.128944,2.346,2.25177
0.27,1,0.415884,-0.0690441,2.44122,2.34641
0.29,1,0.486135,-0.000621548,2.51935,2.43978
0.31,1,0.549055,0.0620155,2.60035,2.51516
0.33,1,0.593996,0.108395,2.59498,2.56512
0.35,1,0.616756,0.134207,2.58959,2.58934
0.37,1,0.614986,0.136047,2.51634,2.58748
0.39,1,0.589696,0.114588,2.51131,2.56046
0.41,1,0.544701,0.0726319,2.44431,2.51016
0.43,1,0.490877,0.0206489,2.3673,2.44571
0.45,1,0.435934,-0.0335299,2.26048,2.3742
0.47,1,0.389811,-0.0806128,2.26676,2.30874
0.49,1,0.360638,-0.111546,2.25305,2.26428
0.51,1,0.354259,-0.120565,2.33144,2.2542
0.53,1,0.37266,-0.105215,2.33693,2.28291
0.55,1,0.409915,-0.0703799,2.40278,2.33795
0.57,1,0.456939,-0.0252093,2.4639,2.40229
0.59,1,0.502642,0.020517,2.54189,2.46023
0.61,1,0.538788,0.0572742,2.53828,2.50332
0.63,1,0.561543,0.0820659,2.53388,2.52934
0.65,1,0.568889,0.0920157,2.50701,2.53757
0.67,1,0.560989,0.0863193,2.50264,2.52872
0.69,1,0.539079,0.0666896,2.41376,2.50366
0.71,1,0.505185,0.0343238,2.41231,2.46334
0.73,1,0.468087,-0.00258812,2.36579,2.41681
0.75,1,0.433401,-0.037743,2.3095,2.37074
0.77,1,0.407243,-0.0653981,2.33732,2.33413
0.79,1,0.394221,-0.0804294,2.34231,2.31524
0.81,1,0.397676,-0.0792594,2.34714,2.3203
0.83,1,0.415998,-0.062674,2.4288,2.34657
0.85,1,0.44517,-0.0348427,2.4792,2.38667
0.87,1,0.477136,-0.00337537,2.47797,2.42841
0.89,1,0.504471,0.0251428,2.47667,2.46247
0.91,1,0.524931,0.0470728,2.47463,2.48706
0.93,1,0.53585,0.0601723,2.49186,2.4999
0.95,1,0.536061,0.0621442,2.4881,2.50014
0.97,1,0.525666,0.0534919,2.43579,2.48793
0.99,1,0.507371,0.0361845,2.434,2.466
