x,rho,E,F,T,Tr
0.01,1,0.251449,-0.231281,2.11644,2.06906
0.03,1,0.272085,-0.205758,2.21986,2.11027
0.05,1,0.33445,-0.148452,2.3519,2.222
0.07,1,0.420319,-0.0669326,2.47282,2.35264
0.09,1,0.512095,0.0218012,2.61526,2.47172
0.11,1,0.592049,0.100999,2.60822,2.56301
0.13,1,0.647324,0.158199,2.60177,2.62085
0.15,1,0.670164,0.184861,2.59537,2.64367
0.17,1,0.657081,0.176705,2.58894,2.63067
0.19,1,0.613047,0.137837,2.51577,2.58544
0.21,1,0.548481,0.0779991,2.4229,2.5145
0.23,1,0.474225,0.0070846,2.32214,2.4247
0.25,1,0.403151,-0.0622251,2.22238,2.32824
0.27,1,0.347851,-0.117755,2.22988,2.24393
0.29,1,0.317216,-0.150186,2.23673,2.19281
0.31,1,0.317813,-0.152977,2.24385,2.19384
0.33,1,0.349369,-0.124851,2.32627,2.24638
0.35,1,0.402923,-0.0756974,2.41321,2.32791
0.37,1,0.465485,-0.0156866,2.48945,2.41345
0.39,1,0.524459,0.0412409,2.58252,2.48651
0.41,1,0.569378,0.0864386,2.57885,2.53812
0.43,1,0.597065,0.115397,2.57517,2.56843
0.45,1,0.601818,0.123323,2.51897,2.57352
0.47,1,0.583889,0.108803,2.51484,2.55414
0.49,1,0.546932,0.0758083,2.45809,2.51272
0.51,1,0.500657,0.03203,2.39107,2.4578
0.53,1,0.450608,-0.0152365,2.3092,2.39393
0.55,1,0.406735,-0.0587689,2.31397,2.3334
0.57,1,0.37495,-0.0907616,2.31806,2.28641
0.59,1,0.362434,-0.10543,2.32172,2.26709
0.61,1,0.372255,-0.0979505,2.32595,2.28229
0.63,1,0.402608,-0.0704794,2.3838,2.32746
0.65,1,0.443758,-0.032275,2.44062,2.38478
0.67,1,0.485796,0.0077438,2.51095,2.43935
0.69,1,0.521126,0.0412995,2.50779,2.48254
0.71,1,0.546703,0.0677205,2.50533,2.51246
0.73,1,0.559242,0.0809036,2.52229,2.52674
0.75,1,0.554943,0.0791404,2.4695,2.52187
0.77,1,0.53672,0.0636006,2.46701,2.50091
0.79,1,0.509086,0.0386343,2.38381,2.46808
0.81,1,0.475723,0.00778244,2.38261,2.42661
0.83,1,0.443084,-0.023416,2.36741,2.38387
0.85,1,0.416412,-0.0493768,2.33659,2.34716
0.87,1,0.39967,-0.0666877,2.33829,2.3232
0.89,1,0.397847,-0.0699183,2.34068,2.32055
0.91,1,0.411609,-0.0585277,2.41181,2.34036
0.93,1,0.436095,-0.0367099,2.41374,2.37442
0.95,1,0.465549,-0.00976929,2.47385,2.41353
0.97,1,0.492247,0.0149201,2.47081,2.44741
0.99,1,0.513719,0.035399,2.46916,2.47368
