x,rho,E,F,T,Tr
0.01,1,0.698049,0.190715,2.60097,2.67075
0.03,1,0.614836,0.136563,2.4846,2.58733
0.05,1,0.523747,0.0503585,2.36068,2.48566
0.07,1,0.430114,-0.0406953,2.23708,2.36623
0.09,1,0.349667,-0.120294,2.13818,2.24685
0.11,1,0.296427,-0.174798,2.1485,2.15596
0.13,1,0.278393,-0.19546,2.15806,2.12239
0.15,1,0.299266,-0.178566,2.24967,2.1611
0.17,1,0.352381,-0.129323,2.36028,2.2512
0.19,1,0.42589,-0.0594789,2.46313,2.3604
0.21,1,0.50404,0.016181,2.59101,2.46194
0.23,1,0.571806,0.0829183,2.58465,2.54082
0.25,1,0.618775,0.1312,2.5787,2.59146
0.27,1,0.63978,0.154779,2.57327,2.61318
0.29,1,0.630248,0.148897,2.5682,2.60339
0.31,1,0.594573,0.116975,2.50696,2.56574
0.33,1,0.541375,0.0674025,2.42919,2.50632
0.35,1,0.478939,0.00782051,2.3445,2.4307
0.37,1,0.41831,-0.0514794,2.25471,2.34983
0.39,1,0.369967,-0.0994318,2.26175,2.27878
0.41,1,0.342276,-0.128465,2.26767,2.23489
0.43,1,0.341037,-0.131817,2.27305,2.23286
0.45,1,0.367198,-0.108358,2.34062,2.2745
0.47,1,0.412097,-0.0661447,2.4139,2.34105
0.49,1,0.465492,-0.0151131,2.47822,2.41346
0.51,1,0.515577,0.0334434,2.54855,2.47591
0.53,1,0.554277,0.0714373,2.54412,2.52112
0.55,1,0.578522,0.0965928,2.54058,2.54825
0.57,1,0.583661,0.103109,2.53758,2.55389
0.59,1,0.569261,0.0913214,2.46,2.53799
0.61,1,0.540319,0.0647533,2.45778,2.50509
0.63,1,0.500933,0.0274142,2.40345,2.45814
0.65,1,0.458929,-0.0130892,2.35061,2.40491
0.67,1,0.420689,-0.0497914,2.30202,2.35316
0.69,1,0.393255,-0.0776137,2.33943,2.31382
0.71,1,0.381153,-0.0899332,2.30919,2.29581
0.73,1,0.388819,-0.0838448,2.39099,2.30727
0.75,1,0.413319,-0.0610119,2.39254,2.34279
0.77,1,0.447894,-0.0284196,2.47973,2.39032
0.79,1,0.483277,0.00531068,2.47602,2.43619
0.81,1,0.514027,0.0348939,2.47212,2.47405
0.83,1,0.535874,0.0562554,2.46895,2.49993
0.85,1,0.547207,0.0675999,2.46696,2.51304
0.87,1,0.545204,0.0663314,2.46596,2.51074
0.89,1,0.530897,0.0531135,2.46506,2.4941
0.91,1,0.508388,0.0317788,2.39456,2.46723
0.93,1,0.480866,0.00609865,2.34713,2.43314
0.95,1,0.452353,-0.0209292,2.3518,2.39624
0.97,1,0.429377,-0.0427987,2.35519,2.36522
0.99,1,0.414388,-0.0571374,2.35691,2.3443
