x,rho,E,F,T,Tr
0.01,1,0.656106,0.155388,2.53571,2.62969
0.03,1,0.557391,0.0836937,2.40336,2.52465
0.05,1,0.461074,-0.00930308,2.27511,2.40771
0.07,1,0.372987,-0.0961611,2.16763,2.28341
0.09,1,0.307826,-0.161969,2.11981,2.1764
0.11,1,0.276613,-0.195525,2.1298,2.11899
0.13,1,0.284222,-0.191269,2.20915,2.13342
0.15,1,0.32777,-0.151646,2.3187,2.21082
0.17,1,0.396748,-0.086271,2.42876,2.31894
0.19,1,0.476526,-0.0092643,2.52031,2.42763
0.21,1,0.550431,0.0638063,2.60326,2.51673
0.23,1,0.606314,0.119851,2.59677,2.57831
0.25,1,0.637128,0.153349,2.59071,2.61047
0.27,1,0.63808,0.15736,2.58538,2.61144
0.29,1,0.610256,0.133592,2.53088,2.5825
0.31,1,0.561898,0.0884988,2.45643,2.52974
0.33,1,0.500529,0.0301415,2.37211,2.45764
0.35,1,0.437036,-0.0319856,2.29183,2.3757
0.37,1,0.382007,-0.0864858,2.23704,2.2971
0.39,1,0.346056,-0.123416,2.24399,2.24103
0.41,1,0.334973,-0.135928,2.25005,2.22287
0.43,1,0.352621,-0.120912,2.31208,2.25159
0.45,1,0.392388,-0.0835061,2.38696,2.31255
0.47,1,0.445,-0.0332694,2.45863,2.38644
0.49,1,0.498358,0.0190655,2.55738,2.45497
0.51,1,0.542579,0.062384,2.55265,2.50771
0.53,1,0.571143,0.0918185,2.54842,2.54008
0.55,1,0.582527,0.104388,2.54512,2.55265
0.57,1,0.575936,0.0996998,2.47659,2.54539
0.59,1,0.552564,0.078625,2.47434,2.51917
0.61,1,0.514413,0.042304,2.42004,2.47451
0.63,1,0.471778,0.00135841,2.36249,2.42156
0.65,1,0.430825,-0.039251,2.28972,2.36721
0.67,1,0.398395,-0.0710007,2.29435,2.32135
0.69,1,0.380844,-0.0893323,2.32379,2.29535
0.71,1,0.381787,-0.0893386,2.32686,2.29677
0.73,1,0.400467,-0.0719889,2.42193,2.32436
0.75,1,0.432977,-0.040979,2.42257,2.37016
0.77,1,0.469935,-0.0050283,2.51046,2.41919
0.79,1,0.502867,0.0269385,2.48432,2.46051
0.81,1,0.528099,0.0520174,2.48037,2.49081
0.83,1,0.542988,0.0667472,2.47715,2.50818
0.85,1,0.54535,0.0698361,2.47505,2.51091
0.87,1,0.53574,0.0606205,2.47381,2.49977
0.89,1,0.51607,0.0417676,2.40227,2.4765
0.91,1,0.489007,0.0158181,2.40292,2.44338
0.93,1,0.46013,-0.0125714,2.33899,2.40648
0.95,1,0.4347,-0.0371666,2.36509,2.37251
0.97,1,0.416482,-0.0549491,2.34672,2.34726
0.99,1,0.409443,-0.0616561,2.3482,2.33728
