x,rho,E,F,T,Tr
0.01,1,0.490492,-0.0186001,2.5617,2.44523
0.03,1,0.576748,0.0843175,2.6489,2.54629
0.05,1,0.648886,0.157881,2.64089,2.62243
0.07,1,0.686878,0.199985,2.63296,2.66
0.09,1,0.685656,0.203784,2.62542,2.65881
0.11,1,0.647617,0.171347,2.55453,2.62115
0.13,1,0.582651,0.111117,2.45831,2.55278
0.15,1,0.502638,0.0345017,2.34884,2.46023
0.17,1,0.421773,-0.0449978,2.24545,2.35468
0.19,1,0.353763,-0.113264,2.18146,2.25341
0.21,1,0.310877,-0.158151,2.19136,2.18177
0.23,1,0.299864,-0.172268,2.2007,2.16218
0.25,1,0.323375,-0.151924,2.28475,2.20337
0.27,1,0.37441,-0.104372,2.38153,2.28559
0.29,1,0.440777,-0.0403419,2.4704,2.38076
0.31,1,0.508114,0.0257198,2.56196,2.4669
0.33,1,0.563546,0.0816829,2.55636,2.53159
0.35,1,0.601257,0.121222,2.55059,2.57292
0.37,1,0.615383,0.138479,2.54488,2.5879
0.39,1,0.603133,0.129639,2.53973,2.57493
0.41,1,0.569087,0.0986859,2.48265,2.53779
0.43,1,0.521458,0.0533492,2.41274,2.48294
0.45,1,0.467048,0.000225056,2.34064,2.41547
0.47,1,0.415399,-0.0513637,2.27872,2.34573
0.49,1,0.375741,-0.0920266,2.28548,2.28762
0.51,1,0.354569,-0.115177,2.2921,2.25469
0.53,1,0.357194,-0.114827,2.29805,2.25885
0.55,1,0.383496,-0.0907963,2.35899,2.29933
0.57,1,0.424638,-0.0513728,2.42263,2.35866
0.59,1,0.471439,-0.0057281,2.47642,2.42113
0.61,1,0.513144,0.036566,2.52797,2.47298
0.63,1,0.544297,0.068315,2.52361,2.50969
0.65,1,0.56257,0.0886166,2.51897,2.5305
0.67,1,0.563864,0.0919892,2.51502,2.53195
0.69,1,0.549176,0.079198,2.4825,2.5153
0.71,1,0.523055,0.0545097,2.39265,2.48484
0.73,1,0.488035,0.0204145,2.39036,2.44216
0.75,1,0.452108,-0.0159462,2.31008,2.39592
0.77,1,0.420656,-0.0478605,2.31495,2.35312
0.79,1,0.39874,-0.0714521,2.32033,2.32185
0.81,1,0.391068,-0.0804481,2.32513,2.3106
0.83,1,0.400556,-0.0727027,2.39857,2.32449
0.85,1,0.423418,-0.0509204,2.40052,2.35697
0.87,1,0.4536,-0.0209667,2.46259,2.39789
0.89,1,0.483241,0.00883171,2.46165,2.43614
0.91,1,0.508239,0.0351702,2.45992,2.46705
0.93,1,0.525484,0.0536293,2.45704,2.48772
0.95,1,0.533019,0.0627396,2.47738,2.49659
0.97,1,0.529289,0.0600201,2.47443,2.49221
0.99,1,0.515483,0.0469045,2.41772,2.4758
