x,rho,E,F,T,Tr
0.01,1,0.286323,-0.195549,2.10067,2.13735
0.03,1,0.254784,-0.220148,2.10309,2.07589
0.05,1,0.27089,-0.208684,2.20305,2.10795
0.07,1,0.324867,-0.159722,2.32947,2.20591
0.09,1,0.404772,-0.0843613,2.45043,2.33058
0.11,1,0.494034,0.00181988,2.54732,2.44963
0.13,1,0.57491,0.0817547,2.61662,2.54426
0.15,1,0.633625,0.141911,2.61025,2.60687
0.17,1,0.662762,0.174822,2.60388,2.63634
0.19,1,0.65717,0.174241,2.59726,2.63076
0.21,1,0.62044,0.142714,2.5315,2.5932
0.23,1,0.561679,0.0888937,2.44509,2.52949
0.25,1,0.49128,0.0214862,2.3491,2.44621
0.27,1,0.420924,-0.047214,2.21675,2.35349
0.29,1,0.363059,-0.105348,2.22386,2.26807
0.31,1,0.327984,-0.142272,2.2315,2.21118
0.33,1,0.322082,-0.151666,2.23921,2.20117
0.35,1,0.347107,-0.130418,2.31487,2.24273
0.37,1,0.395316,-0.0861869,2.39962,2.31685
0.39,1,0.455271,-0.0292566,2.47539,2.4001
0.41,1,0.513728,0.0275338,2.54065,2.47369
0.43,1,0.560233,0.0741883,2.53677,2.52786
0.45,1,0.590658,0.106906,2.53295,2.56151
0.47,1,0.600183,0.11918,2.55828,2.57177
0.49,1,0.586627,0.109318,2.47586,2.55713
0.51,1,0.55453,0.0813259,2.47171,2.52141
0.53,1,0.511139,0.0408775,2.40632,2.47056
0.55,1,0.463103,-0.00521427,2.30441,2.41035
0.57,1,0.418766,-0.0492127,2.30845,2.35047
0.59,1,0.385487,-0.083437,2.31232,2.30231
0.61,1,0.369327,-0.101856,2.31718,2.27779
0.63,1,0.374818,-0.0995165,2.37273,2.28621
0.65,1,0.400986,-0.0768359,2.37727,2.32511
0.67,1,0.439266,-0.0413594,2.43456,2.37872
0.69,1,0.480573,-0.00188961,2.48841,2.43277
0.71,1,0.516365,0.0331551,2.48611,2.47686
0.73,1,0.542278,0.0599014,2.48429,2.50736
0.75,1,0.556553,0.0760338,2.48223,2.5237
0.77,1,0.555504,0.0779666,2.47935,2.52251
0.79,1,0.540514,0.0659042,2.47566,2.50532
0.81,1,0.515614,0.0439635,2.39541,2.47595
0.83,1,0.484276,0.0148055,2.39342,2.43744
0.85,1,0.451962,-0.016625,2.33449,2.39572
0.87,1,0.425165,-0.0434889,2.33621,2.3594
0.89,1,0.407421,-0.0628819,2.33875,2.33438
0.91,1,0.403132,-0.0693875,2.34257,2.32822
0.93,1,0.414065,-0.0616148,2.40753,2.34384
0.95,1,0.435958,-0.0426214,2.41182,2.37423
0.97,1,0.463938,-0.0169556,2.47981,2.41144
0.99,1,0.490278,0.00800294,2.47825,2.44496
