x,rho,E,F,T,Tr
0.01,1,0.70208,0.183996,2.68478,2.6746
0.03,1,0.70953,0.220295,2.66587,2.68166
0.05,1,0.686912,0.204118,2.60636,2.66003
0.07,1,0.629247,0.152902,2.51556,2.60236
0.09,1,0.548596,0.0776107,2.40303,2.51463
0.11,1,0.460062,-0.00780683,2.28482,2.40639
0.13,1,0.378634,-0.0880593,2.18674,2.29201
0.15,1,0.318457,-0.149506,2.14412,2.19495
0.17,1,0.28981,-0.180808,2.15376,2.14383
0.19,1,0.297768,-0.176846,2.22696,2.15839
0.21,1,0.339243,-0.139826,2.3282,2.22992
0.23,1,0.404061,-0.0791402,2.43008,2.32956
0.25,1,0.478162,-0.00793794,2.51562,2.42971
0.27,1,0.54636,0.0591219,2.60899,2.51207
0.29,1,0.596586,0.110072,2.60426,2.56791
0.31,1,0.622961,0.139449,2.59934,2.59583
0.33,1,0.624037,0.14441,2.52717,2.59695
0.35,1,0.599446,0.124553,2.52177,2.57098
0.37,1,0.553039,0.0818717,2.45221,2.51971
0.39,1,0.496208,0.0285598,2.37394,2.45232
0.41,1,0.437642,-0.0286031,2.29994,2.37652
0.43,1,0.386939,-0.0789458,2.2512,2.30448
0.45,1,0.354074,-0.11317,2.25681,2.2539
0.47,1,0.344781,-0.125331,2.31528,2.23897
0.49,1,0.361982,-0.111835,2.32109,2.26638
0.51,1,0.399819,-0.0775307,2.39093,2.32342
0.53,1,0.448983,-0.0312234,2.45763,2.39177
0.55,1,0.498484,0.01669,2.54647,2.45513
0.57,1,0.538765,0.0564188,2.54365,2.50329
0.59,1,0.564342,0.0837448,2.54049,2.53249
0.61,1,0.574104,0.0954611,2.53677,2.54337
0.63,1,0.566774,0.0920917,2.47298,2.53521
0.65,1,0.544928,0.0730398,2.42133,2.51042
0.67,1,0.508838,0.0402482,2.41832,2.46778
0.69,1,0.46947,0.00247241,2.31965,2.4186
0.71,1,0.431365,-0.0343904,2.29991,2.36795
0.73,1,0.402324,-0.064224,2.30263,2.32705
0.75,1,0.387078,-0.0813989,2.3063,2.30468
0.77,1,0.388924,-0.0822407,2.37321,2.30743
0.79,1,0.406892,-0.0673491,2.41977,2.33363
0.81,1,0.438265,-0.0392083,2.42244,2.37736
0.83,1,0.47217,-0.00689871,2.4797,2.42207
0.85,1,0.50328,0.0228881,2.47775,2.46101
0.87,1,0.525748,0.0460771,2.47647,2.48803
0.89,1,0.538789,0.0604439,2.47513,2.50332
0.91,1,0.54005,0.0642031,2.47293,2.50478
0.93,1,0.529509,0.0567952,2.46975,2.49247
0.95,1,0.510008,0.0399752,2.43693,2.4692
0.97,1,0.484759,0.0170099,2.36589,2.43805
0.99,1,0.457923,-0.00846221,2.36794,2.40359
