x,rho,E,F,T,Tr
0.01,1,0.397542,-0.086434,2.18257,2.3201
0.03,1,0.313155,-0.157794,2.08071,2.18575
0.05,1,0.269473,-0.204203,2.0926,2.10518
0.07,1,0.266164,-0.21151,2.16375,2.09869
0.09,1,0.302608,-0.179714,2.27738,2.16711
0.11,1,0.369994,-0.116676,2.39857,2.27882
0.13,1,0.453802,-0.0362492,2.50375,2.39816
0.15,1,0.537088,0.0458155,2.5808,2.50134
0.17,1,0.604275,0.113792,2.6377,2.57614
0.19,1,0.644238,0.156734,2.63171,2.61772
0.21,1,0.654824,0.171474,2.56508,2.62841
0.23,1,0.633876,0.155713,2.55869,2.60713
0.25,1,0.585699,0.111663,2.48347,2.55611
0.27,1,0.522094,0.0516526,2.39393,2.4837
0.29,1,0.453342,-0.0156432,2.30175,2.39755
0.31,1,0.39075,-0.0780224,2.20755,2.31013
0.33,1,0.346083,-0.124355,2.21557,2.24108
0.35,1,0.326908,-0.146116,2.22377,2.20937
0.37,1,0.337965,-0.138773,2.28424,2.22782
0.39,1,0.374802,-0.104842,2.36404,2.28619
0.41,1,0.428785,-0.0541348,2.4421,2.3644
0.43,1,0.486919,0.0030786,2.5064,2.44076
0.45,1,0.538255,0.0538885,2.57038,2.5027
0.47,1,0.573449,0.0909363,2.56587,2.54264
0.49,1,0.590923,0.110961,2.56121,2.56179
0.51,1,0.588729,0.112062,2.49763,2.55941
0.53,1,0.567434,0.0939897,2.49325,2.53595
0.55,1,0.529389,0.0584097,2.43712,2.49233
0.57,1,0.485045,0.0153699,2.37624,2.43841
0.59,1,0.43985,-0.0293371,2.27478,2.37951
0.61,1,0.402332,-0.0677782,2.27971,2.32706
0.63,1,0.379793,-0.0925078,2.28519,2.29376
0.65,1,0.375063,-0.0993898,2.35248,2.28659
0.67,1,0.390408,-0.0873063,2.35734,2.30962
0.69,1,0.42289,-0.0566818,2.41141,2.35623
0.71,1,0.461881,-0.0192269,2.50262,2.40876
0.73,1,0.499236,0.0180741,2.52141,2.45605
0.75,1,0.528374,0.0481639,2.51871,2.49113
0.77,1,0.546807,0.0684959,2.51498,2.51258
0.79,1,0.552256,0.0765702,2.51104,2.51882
0.81,1,0.544508,0.0710823,2.45493,2.50994
0.83,1,0.525308,0.0541921,2.41375,2.48751
0.85,1,0.497458,0.0276279,2.41222,2.45386
0.87,1,0.467251,-0.00272611,2.34799,2.41573
0.89,1,0.438928,-0.031907,2.35,2.37826
0.91,1,0.418006,-0.0543643,2.35328,2.3494
0.93,1,0.408066,-0.0670098,2.39034,2.33531
0.95,1,0.411431,-0.0658411,2.36273,2.34011
0.97,1,0.427514,-0.051542,2.4306,2.36265
0.99,1,0.45194,-0.0283791,2.46737,2.3957
