x,rho,E,F,T,Tr
0.01,1,0.606646,0.0898067,2.65794,2.57867
0.03,1,0.665743,0.171835,2.63894,2.6393
0.05,1,0.698379,0.209094,2.63092,2.67106
0.07,1,0.690223,0.206653,2.62308,2.66323
0.09,1,0.645192,0.167567,2.54497,2.61869
0.11,1,0.574064,0.101605,2.44244,2.54332
0.13,1,0.490114,0.0208703,2.32882,2.44476
0.15,1,0.407951,-0.0599093,2.17817,2.33514
0.17,1,0.34167,-0.126771,2.18767,2.2339
0.19,1,0.302713,-0.168269,2.1975,2.1673
0.21,1,0.297634,-0.177054,2.20721,2.15815
0.23,1,0.327677,-0.15114,2.29854,2.21067
0.25,1,0.384001,-0.098697,2.39858,2.30009
0.27,1,0.453824,-0.0316199,2.48635,2.39819
0.29,1,0.522066,0.0354933,2.55865,2.48366
0.31,1,0.576775,0.0910968,2.55373,2.54632
0.33,1,0.612214,0.128996,2.59796,2.58456
0.35,1,0.622191,0.142428,2.54274,2.59503
0.37,1,0.605057,0.129583,2.53711,2.57698
0.39,1,0.566364,0.0945271,2.4753,2.53475
0.41,1,0.515139,0.0458596,2.40196,2.47538
0.43,1,0.458701,-0.0090517,2.28162,2.40461
0.45,1,0.40703,-0.0608777,2.287,2.33382
0.47,1,0.368988,-0.100322,2.293,2.27727
0.49,1,0.351329,-0.120811,2.29961,2.24952
0.51,1,0.358553,-0.11658,2.3061,2.261
0.53,1,0.389485,-0.0887686,2.37113,2.30826
0.55,1,0.434057,-0.0464141,2.43764,2.37164
0.57,1,0.481898,0.000175316,2.53239,2.43445
0.59,1,0.5231,0.0416138,2.52943,2.48489
0.61,1,0.554147,0.0736826,2.52567,2.52097
0.63,1,0.570104,0.0928202,2.52124,2.53893
0.65,1,0.568551,0.0935213,2.51659,2.5372
0.67,1,0.550202,0.0782792,2.43563,2.51647
0.69,1,0.52048,0.0507159,2.43328,2.48178
0.71,1,0.483534,0.0148937,2.34874,2.43651
0.73,1,0.446797,-0.0212744,2.31474,2.38885
0.75,1,0.41584,-0.0534388,2.31837,2.34635
0.77,1,0.395368,-0.07595,2.32295,2.31692
0.79,1,0.390992,-0.08321,2.3284,2.31049
0.81,1,0.403617,-0.0726273,2.40671,2.32892
0.83,1,0.4298,-0.0489801,2.44964,2.3658
0.85,1,0.46195,-0.0179194,2.48833,2.40885
0.87,1,0.492613,0.0124244,2.48713,2.44787
0.89,1,0.516768,0.0379886,2.48562,2.47734
0.91,1,0.533116,0.0561908,2.48318,2.4967
0.93,1,0.538477,0.0642611,2.47966,2.50296
0.95,1,0.531912,0.0599094,2.47579,2.49529
0.97,1,0.5155,0.0455687,2.41589,2.47582
0.99,1,0.493527,0.0247581,2.41416,2.449
