x,rho,E,F,T,Tr
0.01,1,0.371436,-0.111271,2.15328,2.28104
0.03,1,0.295536,-0.175593,2.09086,2.15434
0.05,1,0.262601,-0.211664,2.10303,2.09163
0.07,1,0.271048,-0.207571,2.19077,2.10826
0.09,1,0.317769,-0.165661,2.31089,2.19376
0.11,1,0.391947,-0.0956359,2.4307,2.3119
0.13,1,0.478151,-0.0123272,2.52984,2.4297
0.15,1,0.558572,0.0672734,2.61957,2.52599
0.17,1,0.619329,0.12912,2.61307,2.59204
0.19,1,0.65278,0.16643,2.60642,2.62635
0.21,1,0.653313,0.171432,2.59966,2.62689
0.23,1,0.622658,0.145954,2.54027,2.59552
0.25,1,0.569493,0.0969735,2.45924,2.53825
0.27,1,0.502667,0.0333361,2.36712,2.46026
0.29,1,0.43398,-0.0343323,2.27951,2.37153
0.31,1,0.374823,-0.0935723,2.21928,2.28622
0.33,1,0.336679,-0.133976,2.22743,2.22569
0.35,1,0.325487,-0.148053,2.23564,2.20696
0.37,1,0.34487,-0.132348,2.30441,2.23911
0.39,1,0.387919,-0.0923108,2.38614,2.30593
0.41,1,0.444834,-0.038354,2.46161,2.38622
0.43,1,0.502591,0.0183557,2.57019,2.46017
0.45,1,0.550575,0.0661239,2.56589,2.5169
0.47,1,0.581368,0.099646,2.56143,2.55138
0.49,1,0.593776,0.114286,2.55642,2.56488
0.51,1,0.584646,0.109232,2.48271,2.55496
0.53,1,0.558244,0.0858042,2.47849,2.52562
0.55,1,0.517158,0.0476123,2.4193,2.47781
0.57,1,0.471308,0.00269038,2.35609,2.42096
0.59,1,0.427039,-0.0413389,2.27643,2.36199
0.61,1,0.393073,-0.0768159,2.28143,2.31356
0.63,1,0.37433,-0.0975231,2.28741,2.28547
0.65,1,0.376221,-0.0985674,2.36477,2.28835
0.67,1,0.397498,-0.08028,2.36942,2.32004
0.69,1,0.433086,-0.0468159,2.42594,2.37031
0.71,1,0.472966,-0.00826963,2.49338,2.42309
0.73,1,0.508792,0.0274094,2.49141,2.46772
0.75,1,0.535133,0.0552291,2.48922,2.49906
0.77,1,0.550177,0.0724614,2.4863,2.51644
0.79,1,0.551767,0.0768254,2.48248,2.51826
0.81,1,0.54028,0.0678526,2.47849,2.50505
0.83,1,0.518392,0.0479397,2.40072,2.47928
0.85,1,0.488915,0.0197269,2.39933,2.44326
0.87,1,0.457731,-0.0115281,2.33113,2.40333
0.89,1,0.431091,-0.0388861,2.33379,2.36757
0.91,1,0.412479,-0.0596918,2.33771,2.3416
0.93,1,0.406026,-0.0683332,2.34251,2.33238
0.95,1,0.413903,-0.0629938,2.40407,2.34361
0.97,1,0.433078,-0.0458492,2.40614,2.3703
0.99,1,0.459217,-0.0209112,2.48181,2.40528
