x,rho,E,F,T,Tr
0.01,1,0.687632,0.184252,2.58453,2.66073
0.03,1,0.599785,0.125172,2.46338,2.57134
0.05,1,0.506706,0.0365363,2.33721,2.46519
0.07,1,0.413782,-0.0540548,2.21758,2.34344
0.09,1,0.33668,-0.130664,2.14652,2.2257
0.11,1,0.288527,-0.180281,2.1569,2.14145
0.13,1,0.276801,-0.194948,2.16633,2.11935
0.15,1,0.303548,-0.171892,2.26417,2.16879
0.17,1,0.361375,-0.118285,2.37585,2.26543
0.19,1,0.4371,-0.0459627,2.47761,2.37578
0.21,1,0.514519,0.0293632,2.58073,2.47464
0.23,1,0.579295,0.0935534,2.57422,2.5491
0.25,1,0.623166,0.138931,2.56836,2.59605
0.27,1,0.639401,0.157913,2.56296,2.61279
0.29,1,0.624922,0.147394,2.55798,2.59787
0.31,1,0.585313,0.111475,2.49287,2.55569
0.33,1,0.529594,0.0593811,2.41284,2.49257
0.35,1,0.466696,-0.00139998,2.32934,2.41502
0.37,1,0.407043,-0.0596733,2.26075,2.33384
0.39,1,0.361616,-0.105282,2.26763,2.26581
0.41,1,0.337488,-0.130531,2.27372,2.22703
0.43,1,0.340827,-0.12957,2.27896,2.23252
0.45,1,0.370844,-0.102066,2.34969,2.28013
0.47,1,0.418213,-0.0572593,2.42367,2.34969
0.49,1,0.471547,-0.00590189,2.51435,2.42127
0.51,1,0.519824,0.0410226,2.50938,2.48099
0.53,1,0.557279,0.0780727,2.53787,2.52452
0.55,1,0.579101,0.101005,2.53408,2.54888
0.57,1,0.581177,0.104561,2.53092,2.55116
0.59,1,0.563879,0.0892706,2.44797,2.53197
0.61,1,0.531943,0.0600991,2.44629,2.49533
0.63,1,0.49167,0.0215472,2.38802,2.4467
0.65,1,0.449608,-0.0187798,2.29673,2.3926
0.67,1,0.413007,-0.054415,2.33893,2.34234
0.69,1,0.387251,-0.0804556,2.34305,2.30494
0.71,1,0.377913,-0.0901228,2.34588,2.29092
0.73,1,0.388542,-0.0811708,2.39467,2.30686
0.75,1,0.415645,-0.055875,2.39593,2.34608
0.77,1,0.450625,-0.0223089,2.47045,2.39395
0.79,1,0.486156,0.0113016,2.46689,2.43981
0.81,1,0.514937,0.039925,2.46304,2.47514
0.83,1,0.536165,0.0601297,2.50924,2.50027
0.85,1,0.545349,0.0697416,2.48646,2.5109
0.87,1,0.541273,0.0659651,2.48526,2.5062
0.89,1,0.524986,0.0511204,2.41989,2.48713
0.91,1,0.501326,0.0285543,2.41974,2.45862
0.93,1,0.472851,0.00153547,2.3464,2.42294
0.95,1,0.44556,-0.0244265,2.35105,2.3872
0.97,1,0.423359,-0.0456525,2.35453,2.35689
0.99,1,0.409893,-0.0585367,2.35634,2.33792
