x,rho,E,F,T,Tr
0.01,1,0.648831,0.148752,2.52495,2.62237
0.03,1,0.548376,0.0749537,2.39081,2.51438
0.05,1,0.451909,-0.0184965,2.26291,2.39565
0.07,1,0.365232,-0.104042,2.1134,2.27145
0.09,1,0.302884,-0.167166,2.1244,2.16761
0.11,1,0.275219,-0.197368,2.13456,2.11632
0.13,1,0.286605,-0.189359,2.21859,2.13787
0.15,1,0.333363,-0.146685,2.3296,2.22019
0.17,1,0.404194,-0.0793041,2.43883,2.32975
0.19,1,0.484317,-0.00181329,2.52767,2.4375
0.21,1,0.557119,0.0702134,2.59943,2.52434
0.23,1,0.610849,0.124466,2.59297,2.58312
0.25,1,0.639237,0.155566,2.58697,2.61262
0.27,1,0.637231,0.156708,2.58161,2.61057
0.29,1,0.606809,0.130377,2.52476,2.57884
0.31,1,0.556614,0.0834687,2.44866,2.52377
0.33,1,0.494279,0.0242591,2.36385,2.44993
0.35,1,0.431106,-0.0378408,2.28528,2.3676
0.37,1,0.377411,-0.0911613,2.2417,2.29016
0.39,1,0.343693,-0.126178,2.24858,2.2372
0.41,1,0.335219,-0.136111,2.25478,2.22328
0.43,1,0.355613,-0.118627,2.31905,2.25635
0.45,1,0.397034,-0.0792632,2.39458,2.31936
0.47,1,0.45048,-0.0282593,2.46446,2.39376
0.49,1,0.503232,0.0237195,2.55566,2.46095
0.51,1,0.546145,0.0658146,2.5509,2.51182
0.53,1,0.573691,0.0946075,2.54663,2.54291
0.55,1,0.583648,0.105522,2.54318,2.55387
0.57,1,0.574231,0.0984691,2.47163,2.54351
0.59,1,0.549224,0.0752401,2.4694,2.51535
0.61,1,0.510628,0.0385545,2.41474,2.46995
0.63,1,0.467943,-0.0030148,2.35779,2.41663
0.65,1,0.427219,-0.0429054,2.29132,2.36224
0.67,1,0.39628,-0.0737461,2.29619,2.31826
0.69,1,0.380073,-0.0907404,2.29988,2.29418
0.71,1,0.382829,-0.0887171,2.33099,2.29833
0.73,1,0.403166,-0.0697028,2.42549,2.32826
0.75,1,0.436593,-0.0377337,2.42583,2.37509
0.77,1,0.473425,-0.00187595,2.48543,2.42367
0.79,1,0.506022,0.0298353,2.48159,2.46436
0.81,1,0.530271,0.0540608,2.47759,2.49337
0.83,1,0.544088,0.0679782,2.47432,2.50945
0.85,1,0.545437,0.0698445,2.47228,2.511
0.87,1,0.534486,0.0594744,2.47113,2.49831
0.89,1,0.513844,0.0396261,2.39888,2.47383
0.91,1,0.486546,0.0133041,2.39954,2.4403
0.93,1,0.457408,-0.015344,2.34077,2.40291
0.95,1,0.432747,-0.0392443,2.34525,2.36985
0.97,1,0.415165,-0.0564737,2.34841,2.3454
0.99,1,0.409319,-0.062084,2.35004,2.3371
