x,rho,E,F,T,Tr
0.01,1,0.268986,-0.21088,2.12451,2.10423
0.03,1,0.252555,-0.221672,2.127,2.07133
0.05,1,0.282842,-0.195877,2.24231,2.13082
0.07,1,0.348244,-0.135817,2.37124,2.24457
0.09,1,0.434295,-0.0540452,2.48778,2.37196
0.11,1,0.523279,0.0324567,2.57375,2.48511
0.13,1,0.598153,0.107395,2.64785,2.56959
0.15,1,0.647895,0.15933,2.6424,2.62143
0.17,1,0.665314,0.181006,2.58358,2.63887
0.19,1,0.648405,0.169351,2.57701,2.62194
0.21,1,0.6019,0.128016,2.50224,2.57361
0.23,1,0.536954,0.0676474,2.40977,2.50118
0.25,1,0.464317,-0.00220291,2.31333,2.41193
0.27,1,0.396476,-0.068888,2.23713,2.31855
0.29,1,0.34554,-0.120687,2.24403,2.2402
0.31,1,0.319341,-0.149179,2.25112,2.19647
0.33,1,0.324169,-0.148065,2.25853,2.20472
0.35,1,0.358707,-0.117115,2.34093,2.26124
0.37,1,0.413136,-0.066958,2.42522,2.34253
0.39,1,0.474665,-0.00773511,2.49719,2.42526
0.41,1,0.531032,0.047086,2.57779,2.49426
0.43,1,0.572246,0.0889258,2.57417,2.54131
0.45,1,0.595255,0.11427,2.57033,2.56648
0.47,1,0.596939,0.119285,2.51065,2.56829
0.49,1,0.5773,0.103445,2.50603,2.5469
0.51,1,0.539348,0.0691519,2.44877,2.50397
0.53,1,0.492991,0.0257285,2.38456,2.44834
0.55,1,0.444846,-0.0209384,2.32388,2.38624
0.57,1,0.40306,-0.0623135,2.26698,2.32811
0.59,1,0.374865,-0.0917219,2.27087,2.28628
0.61,1,0.365638,-0.10323,2.33114,2.27208
0.63,1,0.378267,-0.0938363,2.33604,2.29145
0.65,1,0.410156,-0.065131,2.44582,2.33829
0.67,1,0.450988,-0.0272274,2.44787,2.39443
0.69,1,0.491686,0.0120798,2.50597,2.44672
0.71,1,0.525163,0.0446693,2.50359,2.48734
0.73,1,0.54735,0.0679697,2.50126,2.5132
0.75,1,0.556678,0.0793503,2.51825,2.52384
0.77,1,0.550614,0.0761294,2.46377,2.51694
0.79,1,0.531657,0.0603502,2.42222,2.49499
0.81,1,0.503412,0.0347971,2.37779,2.46117
0.83,1,0.470399,0.00414549,2.33691,2.41979
0.85,1,0.439324,-0.0262996,2.33921,2.3788
0.87,1,0.414989,-0.0508291,2.34105,2.34515
0.89,1,0.400877,-0.0664981,2.34346,2.32495
0.91,1,0.401543,-0.0681797,2.34687,2.32592
0.93,1,0.416705,-0.0557409,2.41717,2.34757
0.95,1,0.442187,-0.0334017,2.472,2.38267
0.97,1,0.470714,-0.00728703,2.49418,2.4202
0.99,1,0.496245,0.0169904,2.49354,2.45237
