x,rho,E,F,T,Tr
0.01,1,0.510618,6.86607e-05,2.58006,2.46993
0.03,1,0.593897,0.100986,2.63868,2.56501
0.05,1,0.660491,0.169652,2.63068,2.63408
0.07,1,0.691354,0.204787,2.62273,2.66432
0.09,1,0.682475,0.201228,2.61526,2.65573
0.11,1,0.637935,0.162234,2.53837,2.61129
0.13,1,0.568558,0.097456,2.438,2.5372
0.15,1,0.486912,0.0186494,2.32757,2.44075
0.17,1,0.407162,-0.0599214,2.18526,2.33401
0.19,1,0.342934,-0.124579,2.19502,2.23596
0.21,1,0.305552,-0.164362,2.20486,2.17236
0.23,1,0.301207,-0.171928,2.21399,2.1646
0.25,1,0.331219,-0.145565,2.30307,2.21662
0.27,1,0.386544,-0.0935896,2.40019,2.30389
0.29,1,0.45463,-0.0278477,2.48494,2.39925
0.31,1,0.520652,0.0374031,2.55284,2.48198
0.33,1,0.573347,0.0910082,2.54753,2.54253
0.35,1,0.607427,0.127151,2.59165,2.5795
0.37,1,0.616504,0.139518,2.53624,2.58908
0.39,1,0.599435,0.126117,2.53102,2.57097
0.41,1,0.56148,0.0913374,2.47052,2.52927
0.43,1,0.511767,0.0433772,2.39903,2.47132
0.45,1,0.456913,-0.0102082,2.28438,2.40226
0.47,1,0.406835,-0.0605113,2.29012,2.33354
0.49,1,0.370103,-0.098518,2.29679,2.27899
0.51,1,0.35318,-0.11779,2.30333,2.25248
0.53,1,0.36053,-0.112781,2.3092,2.26411
0.55,1,0.390878,-0.0848189,2.37248,2.31032
0.57,1,0.434228,-0.0428999,2.43657,2.37187
0.59,1,0.48078,0.00237013,2.52794,2.43303
0.61,1,0.520172,0.0426949,2.52419,2.48141
0.63,1,0.5503,0.0736108,2.51973,2.51658
0.65,1,0.565824,0.091512,2.51505,2.53415
0.67,1,0.563936,0.0915495,2.51095,2.53203
0.69,1,0.54607,0.0758337,2.43163,2.51173
0.71,1,0.517064,0.0487909,2.42995,2.47769
0.73,1,0.481283,0.0132565,2.38265,2.43367
0.75,1,0.445994,-0.0223005,2.31555,2.38778
0.77,1,0.416148,-0.05344,2.32014,2.34679
0.79,1,0.396089,-0.07472,2.3256,2.31798
0.81,1,0.391898,-0.0810622,2.33049,2.31182
0.83,1,0.404387,-0.0700696,2.36741,2.33003
0.85,1,0.429548,-0.0460853,2.41011,2.36545
0.87,1,0.460438,-0.0153622,2.48526,2.40688
0.89,1,0.489792,0.0142349,2.48373,2.44436
0.91,1,0.513106,0.0390325,2.48127,2.47294
0.93,1,0.529,0.056322,2.47773,2.49187
0.95,1,0.53432,0.0634914,2.47385,2.49811
0.97,1,0.528088,0.0584788,2.47081,2.4908
0.99,1,0.512538,0.0436975,2.41204,2.47225
