x,rho,E,F,T,Tr
0.01,1,0.387726,-0.0962601,2.17133,2.30565
0.03,1,0.306325,-0.16498,2.08417,2.17374
0.05,1,0.266647,-0.207529,2.09618,2.09964
0.07,1,0.267832,-0.21055,2.17388,2.10197
0.09,1,0.308222,-0.174803,2.29029,2.1771
0.11,1,0.378431,-0.10911,2.41118,2.2917
0.13,1,0.463146,-0.0271559,2.51542,2.41041
0.15,1,0.545524,0.0539691,2.62688,2.5111
0.17,1,0.610313,0.119567,2.63754,2.58256
0.19,1,0.648183,0.160623,2.63153,2.62172
0.21,1,0.65482,0.171561,2.55856,2.6284
0.23,1,0.630038,0.151909,2.55227,2.60317
0.25,1,0.580064,0.106051,2.47487,2.54994
0.27,1,0.51514,0.0445701,2.38424,2.47538
0.29,1,0.44621,-0.0229263,2.29362,2.38807
0.31,1,0.384739,-0.0842014,2.21223,2.30119
0.33,1,0.342601,-0.128501,2.22019,2.23542
0.35,1,0.326427,-0.14734,2.22854,2.20855
0.37,1,0.340717,-0.136752,2.29228,2.23234
0.39,1,0.380043,-0.100476,2.37296,2.29414
0.41,1,0.435284,-0.0484795,2.45027,2.37331
0.43,1,0.493476,0.00875147,2.51251,2.44894
0.45,1,0.543547,0.0587399,2.5693,2.50883
0.47,1,0.576977,0.0940155,2.56486,2.54654
0.49,1,0.592153,0.111759,2.5601,2.56313
0.51,1,0.587759,0.110948,2.49274,2.55836
0.53,1,0.564921,0.0911208,2.48833,2.53313
0.55,1,0.525174,0.0543472,2.4309,2.48735
0.57,1,0.480129,0.0105048,2.36681,2.43221
0.59,1,0.435231,-0.0343425,2.2759,2.37324
0.61,1,0.398645,-0.0717377,2.28068,2.32171
0.63,1,0.377766,-0.0949789,2.28624,2.29069
0.65,1,0.375692,-0.0993065,2.3561,2.28754
0.67,1,0.39334,-0.0848783,2.36093,2.31395
0.69,1,0.427138,-0.0531973,2.41731,2.36213
0.71,1,0.466626,-0.0149186,2.49967,2.41493
0.73,1,0.503457,0.0213447,2.52,2.46123
0.75,1,0.53146,0.0510158,2.51745,2.49476
0.77,1,0.548638,0.069962,2.5139,2.51468
0.79,1,0.552404,0.0767185,2.48824,2.51899
0.81,1,0.54328,0.0699139,2.48424,2.50852
0.83,1,0.523228,0.0517562,2.40981,2.48504
0.85,1,0.494798,0.0245556,2.40852,2.45058
0.87,1,0.464068,-0.0061359,2.3517,2.41161
0.89,1,0.436531,-0.0347362,2.35373,2.37501
0.91,1,0.416336,-0.0564154,2.33588,2.34705
0.93,1,0.407732,-0.0675543,2.36155,2.33483
0.95,1,0.412708,-0.0648082,2.36611,2.34192
0.97,1,0.430033,-0.0495878,2.43465,2.36612
0.99,1,0.455033,-0.0258896,2.43644,2.39978
