x,rho,E,F,T,Tr
0.01,1,0.605954,0.109256,2.46386,2.57793
0.03,1,0.499238,0.0265699,2.32289,2.45606
0.05,1,0.404668,-0.0661066,2.20357,2.33043
0.07,1,0.328275,-0.142732,2.14834,2.21167
0.09,1,0.282453,-0.190265,2.1599,2.13009
0.11,1,0.274656,-0.201455,2.17004,2.11524
0.13,1,0.305726,-0.17427,2.27389,2.17267
0.15,1,0.367372,-0.116493,2.38849,2.27477
0.17,1,0.446014,-0.0409653,2.48942,2.3878
0.19,1,0.525158,0.0364795,2.56494,2.48733
0.21,1,0.590113,0.10158,2.62687,2.56092
0.23,1,0.632114,0.145576,2.62163,2.60532
0.25,1,0.645644,0.16203,2.5631,2.61915
0.27,1,0.628417,0.148919,2.55781,2.6015
0.29,1,0.585556,0.109375,2.48909,2.55596
0.31,1,0.527003,0.0541082,2.40632,2.48951
0.33,1,0.462277,-0.00896204,2.32221,2.40928
0.35,1,0.40211,-0.0681964,2.26526,2.32674
0.37,1,0.357717,-0.113528,2.27292,2.25968
0.39,1,0.335656,-0.137039,2.27966,2.224
0.41,1,0.34214,-0.133408,2.28555,2.23467
0.43,1,0.374975,-0.102562,2.35932,2.28645
0.45,1,0.424932,-0.0555179,2.43334,2.35907
0.47,1,0.479948,-0.00147355,2.49579,2.43198
0.49,1,0.529232,0.0470886,2.5636,2.49214
0.51,1,0.564419,0.0830757,2.55919,2.53257
0.53,1,0.583966,0.104011,2.55529,2.55422
0.55,1,0.584305,0.106325,2.49802,2.55459
0.57,1,0.565937,0.0901237,2.49501,2.53427
0.59,1,0.531821,0.0573041,2.4435,2.49519
0.61,1,0.49051,0.01732,2.38745,2.44525
0.63,1,0.447879,-0.024508,2.33625,2.3903
0.65,1,0.411464,-0.0609957,2.30472,2.34015
0.67,1,0.386651,-0.0860766,2.29373,2.30405
0.69,1,0.379566,-0.0945886,2.35327,2.29342
0.71,1,0.391699,-0.0830742,2.3564,2.31153
0.73,1,0.420867,-0.0555154,2.4522,2.35341
0.75,1,0.456808,-0.0201084,2.45176,2.40212
0.77,1,0.493101,0.0153431,2.52005,2.44847
0.79,1,0.521289,0.0438002,2.51651,2.48274
0.81,1,0.541074,0.0636304,2.49142,2.50597
0.83,1,0.548794,0.0723696,2.48843,2.51486
0.85,1,0.543457,0.0673558,2.48645,2.50872
0.87,1,0.526316,0.0511611,2.41852,2.4887
0.89,1,0.501602,0.0269041,2.41873,2.45896
0.91,1,0.472884,-0.00171028,2.34919,2.42298
0.93,1,0.445967,-0.0284477,2.35375,2.38774
0.95,1,0.424299,-0.0500894,2.35826,2.35819
0.97,1,0.41198,-0.0627131,2.39173,2.34089
0.99,1,0.412775,-0.0620576,2.36386,2.34202
