x,rho,E,F,T,Tr
0.01,1,0.659891,0.143334,2.67252,2.63348
0.03,1,0.695297,0.205215,2.65338,2.66811
0.05,1,0.700893,0.216363,2.64542,2.67346
0.07,1,0.666547,0.188612,2.57633,2.64009
0.09,1,0.601643,0.129379,2.47873,2.57333
0.11,1,0.518476,0.0507822,2.36422,2.47938
0.13,1,0.432202,-0.0331842,2.25003,2.3691
0.15,1,0.357521,-0.10759,2.15595,2.25937
0.17,1,0.3077,-0.159273,2.16539,2.17617
0.19,1,0.290505,-0.179976,2.17528,2.14511
0.21,1,0.309538,-0.164902,2.25947,2.17942
0.23,1,0.359008,-0.119769,2.36146,2.26171
0.25,1,0.427111,-0.0551279,2.45916,2.36209
0.27,1,0.499198,0.0147474,2.57626,2.45601
0.29,1,0.56094,0.0762254,2.57124,2.52866
0.31,1,0.603757,0.121025,2.56595,2.57559
0.33,1,0.622975,0.143721,2.5605,2.59585
0.35,1,0.614271,0.139135,2.55467,2.58673
0.37,1,0.581282,0.110785,2.49763,2.55128
0.39,1,0.532763,0.0655989,2.4249,2.49629
0.41,1,0.475513,0.0108071,2.3465,2.42634
0.43,1,0.419884,-0.0444154,2.26181,2.35203
0.45,1,0.375121,-0.089393,2.26733,2.28667
0.47,1,0.349647,-0.117497,2.27365,2.24682
0.49,1,0.348473,-0.121703,2.2802,2.24493
0.51,1,0.37289,-0.100843,2.343,2.28327
0.53,1,0.414543,-0.062174,2.41168,2.34452
0.55,1,0.464146,-0.0149725,2.47168,2.41171
0.57,1,0.509928,0.0303448,2.53643,2.4691
0.59,1,0.544608,0.0656524,2.5333,2.51005
0.61,1,0.566131,0.089362,2.52961,2.53449
0.63,1,0.569952,0.0961912,2.52535,2.53876
0.65,1,0.556915,0.0864097,2.45405,2.52411
0.67,1,0.530754,0.0635141,2.40118,2.49393
0.69,1,0.494174,0.0289863,2.39878,2.4498
0.71,1,0.455371,-0.00870483,2.33154,2.40023
0.73,1,0.420475,-0.0437364,2.33407,2.35286
0.75,1,0.395948,-0.0700996,2.33721,2.31777
0.77,1,0.385399,-0.0827559,2.34129,2.30218
0.79,1,0.393051,-0.0783277,2.38724,2.31352
0.81,1,0.415955,-0.0582191,2.39092,2.34651
0.83,1,0.447734,-0.0286736,2.46853,2.3901
0.85,1,0.480573,0.00298398,2.46649,2.43277
0.87,1,0.508393,0.0309127,2.46539,2.46724
0.89,1,0.527708,0.05168,2.46438,2.49035
0.91,1,0.536746,0.0632488,2.46253,2.50094
0.93,1,0.534167,0.0632811,2.45954,2.49793
0.95,1,0.520428,0.0524862,2.42466,2.48171
0.97,1,0.499195,0.0333451,2.42188,2.456
0.99,1,0.473897,0.00922163,2.3483,2.42428
