x,rho,E,F,T,Tr
0.01,1,0.273632,-0.217209,2.2266,2.11326
0.03,1,0.332159,-0.153257,2.35191,2.21819
0.05,1,0.420068,-0.0695501,2.4757,2.35229
0.07,1,0.51432,0.0216808,2.62193,2.4744
0.09,1,0.596703,0.103211,2.61449,2.56804
0.11,1,0.653683,0.16212,2.60756,2.62726
0.13,1,0.677254,0.189283,2.60099,2.65063
0.15,1,0.664115,0.180483,2.59463,2.63768
0.17,1,0.618914,0.140279,2.52004,2.59161
0.19,1,0.552582,0.0783874,2.42507,2.51919
0.21,1,0.476283,0.00535209,2.32204,2.42732
0.23,1,0.403433,-0.065864,2.21997,2.32865
0.25,1,0.346731,-0.122587,2.2283,2.24212
0.27,1,0.315492,-0.155615,2.23561,2.18982
0.29,1,0.316005,-0.158042,2.24268,2.19071
0.31,1,0.348288,-0.129031,2.32687,2.24464
0.33,1,0.402812,-0.0781587,2.41588,2.32775
0.35,1,0.466955,-0.0162923,2.49353,2.41535
0.37,1,0.527735,0.0423327,2.58855,2.49038
0.39,1,0.573896,0.0886649,2.58415,2.54314
0.41,1,0.602096,0.117804,2.58048,2.57382
0.43,1,0.607208,0.12567,2.52326,2.57926
0.45,1,0.589281,0.110766,2.51955,2.56001
0.47,1,0.551618,0.0764493,2.46171,2.51809
0.49,1,0.50403,0.0313256,2.39358,2.46193
0.51,1,0.453016,-0.0175398,2.30908,2.39712
0.53,1,0.407987,-0.06201,2.31475,2.33519
0.55,1,0.375289,-0.0946194,2.31958,2.28693
0.57,1,0.362289,-0.109265,2.3237,2.26686
0.59,1,0.372107,-0.101111,2.32738,2.28207
0.61,1,0.403023,-0.0727056,2.38608,2.32806
0.63,1,0.444878,-0.0331295,2.44442,2.38628
0.65,1,0.48829,0.00845357,2.51728,2.44248
0.67,1,0.524627,0.04346,2.51302,2.4867
0.69,1,0.550397,0.0693687,2.50981,2.51669
0.71,1,0.563399,0.0823988,2.5075,2.53143
0.73,1,0.559422,0.0804564,2.47283,2.52695
0.75,1,0.541605,0.0641702,2.47118,2.50658
0.77,1,0.513429,0.0382154,2.38592,2.47333
0.79,1,0.479254,0.00615933,2.38578,2.4311
0.81,1,0.445859,-0.0258638,2.33561,2.3876
0.83,1,0.41854,-0.05216,2.37294,2.35015
0.85,1,0.401125,-0.0694723,2.34161,2.32531
0.87,1,0.398826,-0.0722392,2.3432,2.32197
0.89,1,0.412391,-0.0600774,2.41597,2.34147
0.91,1,0.437211,-0.0370005,2.41676,2.37593
0.93,1,0.466983,-0.00909012,2.48029,2.41539
0.95,1,0.494401,0.0165451,2.47634,2.45009
0.97,1,0.5163,0.0374071,2.47331,2.47678
0.99,1,0.530779,0.051218,2.49683,2.49396
