x,rho,E,F,T,Tr
0.01,1,0.253364,-0.22755,2.09513,2.07299
0.03,1,0.261603,-0.214152,2.18461,2.08964
0.05,1,0.31398,-0.166808,2.31393,2.18719
0.07,1,0.394178,-0.0913742,2.43964,2.31518
0.09,1,0.485551,-0.00333959,2.54183,2.43905
0.11,1,0.569837,0.0796994,2.62295,2.53863
0.13,1,0.632343,0.143223,2.61642,2.60555
0.15,1,0.664953,0.179201,2.60997,2.63851
0.17,1,0.661997,0.180983,2.60354,2.63558
0.19,1,0.626443,0.150777,2.53814,2.59945
0.21,1,0.567467,0.0968213,2.45056,2.53598
0.23,1,0.495415,0.0284496,2.35189,2.45134
0.25,1,0.422439,-0.0421877,2.26059,2.35561
0.27,1,0.361576,-0.102966,2.21036,2.26575
0.29,1,0.323521,-0.142425,2.2174,2.20362
0.31,1,0.31496,-0.154201,2.2249,2.1889
0.33,1,0.33801,-0.134432,2.30117,2.22789
0.35,1,0.385878,-0.090695,2.38827,2.30289
0.37,1,0.446818,-0.032928,2.46793,2.38888
0.39,1,0.507532,0.0255918,2.54375,2.46619
0.41,1,0.556563,0.0743003,2.5392,2.52371
0.43,1,0.589598,0.108495,2.53529,2.56036
0.45,1,0.601252,0.122803,2.53134,2.57292
0.47,1,0.589039,0.114294,2.47864,2.55975
0.49,1,0.557369,0.0863729,2.47465,2.52463
0.51,1,0.51361,0.0458911,2.41102,2.47355
0.53,1,0.464114,-0.00119494,2.3463,2.41167
0.55,1,0.417236,-0.0464706,2.29775,2.34832
0.57,1,0.382084,-0.082438,2.30177,2.29721
0.59,1,0.363423,-0.102304,2.30544,2.26863
0.61,1,0.367096,-0.101303,2.31035,2.27434
0.63,1,0.3925,-0.0791926,2.36815,2.31271
0.65,1,0.430872,-0.0436828,2.42553,2.36727
0.67,1,0.473459,-0.00354855,2.48918,2.42372
0.69,1,0.511474,0.0329703,2.48577,2.47097
0.71,1,0.539048,0.0605662,2.48335,2.50362
0.73,1,0.554974,0.0776215,2.48152,2.52191
0.75,1,0.555448,0.0803018,2.4795,2.52245
0.77,1,0.541308,0.0688363,2.47661,2.50624
0.79,1,0.516555,0.047053,2.39392,2.47708
0.81,1,0.484477,0.0176388,2.39207,2.4377
0.83,1,0.450649,-0.014428,2.32601,2.39398
0.85,1,0.421949,-0.0422478,2.32808,2.35492
0.87,1,0.402472,-0.0623211,2.32981,2.32726
0.89,1,0.396465,-0.0697569,2.33238,2.31853
0.91,1,0.406112,-0.0625695,2.39872,2.33251
0.93,1,0.427752,-0.043733,2.40119,2.36298
0.95,1,0.456467,-0.0177539,2.47884,2.40167
0.97,1,0.484167,0.00776292,2.47593,2.43731
0.99,1,0.507509,0.0300211,2.47439,2.46617
