x,rho,E,F,T,Tr
0.01,1,0.693316,0.18776,2.59344,2.66621
0.03,1,0.607916,0.131212,2.47476,2.58002
0.05,1,0.515772,0.0438726,2.34979,2.47614
0.07,1,0.422402,-0.0470036,2.22787,2.35555
0.09,1,0.343473,-0.125243,2.14207,2.23684
0.11,1,0.292614,-0.177502,2.15227,2.14899
0.13,1,0.277621,-0.195432,2.16181,2.12092
0.15,1,0.301181,-0.175532,2.25658,2.16455
0.17,1,0.356586,-0.124228,2.36772,2.25789
0.19,1,0.431171,-0.0531048,2.47119,2.36768
0.21,1,0.509053,0.022427,2.58643,2.46804
0.23,1,0.575407,0.0879037,2.57989,2.54481
0.25,1,0.621008,0.134874,2.5739,2.5938
0.27,1,0.639758,0.156325,2.56859,2.61316
0.29,1,0.627929,0.148227,2.56355,2.60099
0.31,1,0.590348,0.114436,2.50052,2.56117
0.33,1,0.535909,0.0636817,2.42163,2.49997
0.35,1,0.473386,0.00334335,2.33741,2.42362
0.37,1,0.413067,-0.0554154,2.25762,2.34243
0.39,1,0.365881,-0.102144,2.26447,2.27246
0.41,1,0.339966,-0.12949,2.27056,2.23111
0.43,1,0.340945,-0.130886,2.27577,2.23271
0.45,1,0.368978,-0.105531,2.34509,2.27725
0.47,1,0.415178,-0.06215,2.41989,2.34542
0.49,1,0.468569,-0.0108222,2.4809,2.41744
0.51,1,0.51777,0.0369896,2.54594,2.47854
0.53,1,0.555822,0.0745344,2.54136,2.52287
0.55,1,0.578915,0.0986972,2.53769,2.54868
0.57,1,0.582623,0.103734,2.53456,2.55275
0.59,1,0.566679,0.0905012,2.45445,2.5351
0.61,1,0.536722,0.0624602,2.45232,2.50091
0.63,1,0.496779,0.0244829,2.39794,2.45303
0.65,1,0.454676,-0.0158563,2.29701,2.39931
0.67,1,0.417251,-0.052114,2.30225,2.34834
0.69,1,0.390408,-0.0789761,2.30627,2.30962
0.71,1,0.379674,-0.0899924,2.34401,2.29358
0.73,1,0.388829,-0.0826386,2.39296,2.30728
0.75,1,0.41436,-0.0587076,2.39436,2.34426
0.77,1,0.449381,-0.0255671,2.47547,2.3923
0.79,1,0.484694,0.00812362,2.47184,2.43797
0.81,1,0.514726,0.0371123,2.46798,2.47489
0.83,1,0.53615,0.0581298,2.46482,2.50025
0.85,1,0.546616,0.068662,2.46286,2.51236
0.87,1,0.543681,0.0662835,2.46186,2.50898
0.89,1,0.528234,0.0523068,2.46106,2.49097
0.91,1,0.50505,0.0301105,2.42527,2.46317
0.93,1,0.477299,0.0039504,2.34703,2.42862
0.95,1,0.449246,-0.022645,2.35166,2.39212
0.97,1,0.426733,-0.0441187,2.35509,2.36157
0.99,1,0.412378,-0.0578515,2.35685,2.34145
