x,rho,E,F,T,Tr
0.01,1,0.291385,-0.201904,2.27349,2.14673
0.03,1,0.360678,-0.126304,2.39864,2.26434
0.05,1,0.453964,-0.0369557,2.51465,2.39837
0.07,1,0.546806,0.0539196,2.65036,2.51258
0.09,1,0.622231,0.129237,2.64306,2.59507
0.11,1,0.667894,0.177665,2.6362,2.64143
0.13,1,0.677909,0.191631,2.6297,2.65127
0.15,1,0.651982,0.170777,2.57176,2.62555
0.17,1,0.597965,0.121457,2.48773,2.56939
0.19,1,0.525855,0.0533808,2.38743,2.48816
0.21,1,0.448543,-0.0215402,2.28449,2.39118
0.23,1,0.3791,-0.0899359,2.18419,2.29271
0.25,1,0.33016,-0.139622,2.19249,2.21484
0.27,1,0.309961,-0.161876,2.2,2.18016
0.29,1,0.32292,-0.151843,2.26913,2.2026
0.31,1,0.364426,-0.113465,2.35833,2.2702
0.33,1,0.42459,-0.0568403,2.44521,2.3586
0.35,1,0.489643,0.00647826,2.51597,2.44417
0.37,1,0.547067,0.0625471,2.58408,2.51288
0.39,1,0.586605,0.103009,2.57947,2.5571
0.41,1,0.60612,0.123769,2.57541,2.57811
0.43,1,0.603045,0.123578,2.50366,2.57483
0.45,1,0.578743,0.102252,2.50033,2.54849
0.47,1,0.53576,0.0619725,2.43758,2.49979
0.49,1,0.485375,0.0138629,2.36968,2.43883
0.51,1,0.434444,-0.0355291,2.30851,2.37217
0.53,1,0.39225,-0.0773403,2.26318,2.31234
0.55,1,0.366377,-0.103738,2.26731,2.27323
0.57,1,0.36192,-0.109475,2.34312,2.26629
0.59,1,0.380075,-0.0933936,2.34633,2.29419
0.61,1,0.416006,-0.059564,2.40678,2.34659
0.63,1,0.459978,-0.0175044,2.51128,2.40628
0.65,1,0.502486,0.0230436,2.50684,2.46004
0.67,1,0.535298,0.0553506,2.50242,2.49925
0.69,1,0.555959,0.0766108,2.49893,2.52303
0.71,1,0.562644,0.0836996,2.49662,2.53058
0.73,1,0.554196,0.076926,2.45692,2.52103
0.75,1,0.532726,0.0572572,2.45564,2.49625
0.77,1,0.501077,0.0272903,2.41144,2.45832
0.79,1,0.466309,-0.00628601,2.34043,2.41452
0.81,1,0.433554,-0.0375476,2.34524,2.37095
0.83,1,0.409517,-0.0612945,2.349,2.33738
0.85,1,0.397752,-0.0729958,2.32772,2.32041
0.87,1,0.401386,-0.0699227,2.39083,2.32569
0.89,1,0.419182,-0.0534193,2.39172,2.35105
0.91,1,0.447035,-0.0268509,2.47422,2.38917
0.93,1,0.47655,0.000989591,2.47106,2.42766
0.95,1,0.50265,0.0259244,2.48748,2.46024
0.97,1,0.522009,0.044361,2.48476,2.4836
0.99,1,0.532523,0.0544006,2.48338,2.49601
