x,rho,E,F,T,Tr
0.01,1,0.694786,0.17512,2.69693,2.66762
0.03,1,0.708994,0.217594,2.62568,2.68116
0.05,1,0.693055,0.20788,2.61787,2.66596
0.07,1,0.640255,0.161313,2.53197,2.61366
0.09,1,0.562673,0.0892056,2.42268,2.53061
0.11,1,0.474787,0.00473067,2.30465,2.42542
0.13,1,0.391671,-0.077047,2.20145,2.31149
0.15,1,0.327514,-0.141933,2.14079,2.21039
0.17,1,0.293786,-0.178195,2.15012,2.15114
0.19,1,0.296021,-0.179832,2.21583,2.15522
0.21,1,0.332696,-0.147591,2.31408,2.21908
0.23,1,0.394692,-0.0901144,2.41645,2.31593
0.25,1,0.46784,-0.0198687,2.50563,2.41649
0.27,1,0.53763,0.0483478,2.61162,2.50197
0.29,1,0.591041,0.102494,2.607,2.56192
0.31,1,0.62135,0.13535,2.60212,2.59415
0.33,1,0.62651,0.144474,2.5375,2.59952
0.35,1,0.60549,0.128067,2.53204,2.57744
0.37,1,0.561713,0.0884626,2.46529,2.52953
0.39,1,0.506582,0.0366167,2.38794,2.46504
0.41,1,0.447938,-0.0203034,2.31187,2.39038
0.43,1,0.396115,-0.0719844,2.23641,2.31802
0.45,1,0.36089,-0.108543,2.24161,2.26467
0.47,1,0.347383,-0.124533,2.30774,2.24318
0.49,1,0.359436,-0.116314,2.31375,2.26239
0.51,1,0.394743,-0.0838747,2.38249,2.31601
0.53,1,0.442753,-0.0392059,2.50065,2.38343
0.55,1,0.49262,0.00873828,2.55073,2.44788
0.57,1,0.534424,0.0504406,2.54778,2.49823
0.59,1,0.562489,0.079384,2.54469,2.5304
0.61,1,0.575081,0.094535,2.52073,2.54445
0.63,1,0.570407,0.0931389,2.51674,2.53926
0.65,1,0.550259,0.075884,2.43164,2.51654
0.67,1,0.516104,0.045523,2.42862,2.47654
0.69,1,0.477551,0.00793642,2.37433,2.42894
0.71,1,0.439084,-0.0292166,2.31983,2.37847
0.73,1,0.408868,-0.060412,2.30384,2.33645
0.75,1,0.390899,-0.0795734,2.30761,2.31035
0.77,1,0.389733,-0.0835782,2.36922,2.30862
0.79,1,0.40549,-0.0710753,2.37325,2.33161
0.81,1,0.435378,-0.0441393,2.41846,2.37344
0.83,1,0.468744,-0.012524,2.48613,2.41766
0.85,1,0.500775,0.0180057,2.48414,2.45795
0.87,1,0.524528,0.0423777,2.48297,2.48659
0.89,1,0.539195,0.0583573,2.48148,2.50379
0.91,1,0.5424,0.064053,2.47931,2.5075
0.93,1,0.533384,0.0580925,2.47606,2.49702
0.95,1,0.515082,0.0425101,2.44581,2.47532
0.97,1,0.490772,0.0205264,2.36464,2.44558
0.99,1,0.464073,-0.00478733,2.36659,2.41162
