x,rho,E,F,T,Tr
0.01,1,0.389504,-0.0927872,2.17284,2.30829
0.03,1,0.307254,-0.162261,2.0814,2.17538
0.05,1,0.266619,-0.206055,2.09327,2.09959
0.07,1,0.266438,-0.210149,2.16966,2.09923
0.09,1,0.305585,-0.175347,2.28535,2.17242
0.11,1,0.37507,-0.110434,2.40624,2.2866
0.13,1,0.459639,-0.0291087,2.51167,2.40583
0.15,1,0.542287,0.0524892,2.58449,2.50737
0.17,1,0.607727,0.118911,2.6365,2.57982
0.19,1,0.64573,0.159977,2.63045,2.61923
0.21,1,0.653689,0.172244,2.55913,2.62727
0.23,1,0.630318,0.154117,2.55278,2.60346
0.25,1,0.580385,0.108368,2.47574,2.5503
0.27,1,0.515835,0.0472068,2.38513,2.47622
0.29,1,0.446887,-0.0202752,2.29386,2.38897
0.31,1,0.385044,-0.0818873,2.20856,2.30165
0.33,1,0.342167,-0.126722,2.21663,2.23471
0.35,1,0.325067,-0.146349,2.22488,2.20625
0.37,1,0.338494,-0.136683,2.2878,2.22869
0.39,1,0.377206,-0.101141,2.3685,2.28984
0.41,1,0.432039,-0.0494464,2.4463,2.36887
0.43,1,0.490211,0.00779095,2.5092,2.44488
0.45,1,0.540627,0.0580876,2.56802,2.50545
0.47,1,0.574539,0.0938417,2.56349,2.54385
0.49,1,0.590296,0.112048,2.55871,2.56111
0.51,1,0.586451,0.111859,2.49224,2.55693
0.53,1,0.564,0.0926008,2.48781,2.5321
0.55,1,0.524796,0.0560185,2.43038,2.4869
0.57,1,0.479784,0.0124191,2.36623,2.43177
0.59,1,0.434683,-0.0324019,2.2728,2.37249
0.61,1,0.39786,-0.0701356,2.27769,2.32057
0.63,1,0.376547,-0.0938752,2.28321,2.28884
0.65,1,0.373754,-0.0988613,2.35425,2.28459
0.67,1,0.390718,-0.0850758,2.35683,2.31008
0.69,1,0.424185,-0.0538267,2.41335,2.35804
0.71,1,0.463495,-0.0156416,2.46063,2.41086
0.73,1,0.50062,0.0211313,2.51828,2.45775
0.75,1,0.528649,0.0507616,2.5156,2.49146
0.77,1,0.54628,0.0699291,2.51204,2.51197
0.79,1,0.550446,0.0770813,2.48672,2.51675
0.81,1,0.541692,0.0707324,2.48281,2.50668
0.83,1,0.521969,0.0529103,2.40845,2.48355
0.85,1,0.493501,0.0259257,2.40705,2.44897
0.87,1,0.463103,-0.00478839,2.34787,2.41035
0.89,1,0.435175,-0.0335503,2.34981,2.37316
0.91,1,0.414757,-0.0555836,2.33239,2.34482
0.93,1,0.405751,-0.0671016,2.33706,2.33199
0.95,1,0.41025,-0.0647078,2.36225,2.33843
0.97,1,0.427193,-0.0498801,2.43077,2.3622
0.99,1,0.452116,-0.0262519,2.43258,2.39593
