x,rho,E,F,T,Tr
0.01,1,0.607839,0.0903577,2.65768,2.57993
0.03,1,0.66662,0.172149,2.63868,2.64016
0.05,1,0.698882,0.209057,2.6307,2.67154
0.07,1,0.690347,0.206237,2.62285,2.66335
0.09,1,0.644998,0.166818,2.54448,2.61849
0.11,1,0.573663,0.100631,2.44181,2.54288
0.13,1,0.489644,0.0198081,2.32824,2.44417
0.15,1,0.407565,-0.0609185,2.17956,2.33459
0.17,1,0.341504,-0.127589,2.18906,2.23363
0.19,1,0.302871,-0.168819,2.19889,2.16758
0.21,1,0.298147,-0.177263,2.20863,2.15908
0.23,1,0.3284,-0.150918,2.30013,2.21188
0.25,1,0.384978,-0.0982911,2.39992,2.30155
0.27,1,0.454964,-0.0312388,2.48758,2.39969
0.29,1,0.523317,0.0359807,2.55173,2.48515
0.31,1,0.577998,0.0914305,2.60335,2.54767
0.33,1,0.612804,0.128708,2.59825,2.58519
0.35,1,0.622423,0.141956,2.54281,2.59527
0.37,1,0.605265,0.129204,2.53719,2.5772
0.39,1,0.566518,0.0938295,2.47519,2.53492
0.41,1,0.515115,0.0451249,2.40201,2.47535
0.43,1,0.45864,-0.00976464,2.28309,2.40453
0.45,1,0.407099,-0.0615547,2.28832,2.33392
0.47,1,0.369262,-0.100879,2.2944,2.27769
0.49,1,0.351831,-0.121135,2.301,2.25032
0.51,1,0.359296,-0.11664,2.30752,2.26217
0.53,1,0.390424,-0.0886306,2.37255,2.30965
0.55,1,0.435098,-0.0461804,2.43894,2.37306
0.57,1,0.482953,0.000427226,2.5329,2.43578
0.59,1,0.524113,0.0418252,2.52994,2.4861
0.61,1,0.555004,0.0737514,2.52618,2.52194
0.63,1,0.570719,0.0927543,2.52175,2.53961
0.65,1,0.569154,0.0932662,2.51704,2.53787
0.67,1,0.550656,0.0779519,2.4359,2.51699
0.69,1,0.520638,0.0501876,2.43362,2.48196
0.71,1,0.483742,0.0143646,2.35015,2.43677
0.73,1,0.447069,-0.0217808,2.3161,2.38921
0.75,1,0.416248,-0.0538277,2.31957,2.34693
0.77,1,0.395948,-0.0762798,2.32419,2.31777
0.79,1,0.391723,-0.0833722,2.32972,2.31157
0.81,1,0.404506,-0.0726048,2.40807,2.3302
0.83,1,0.430717,-0.0487687,2.45088,2.36706
0.85,1,0.462959,-0.0177309,2.48892,2.41017
0.87,1,0.493521,0.0126097,2.48782,2.449
0.89,1,0.517562,0.0381511,2.48636,2.47829
0.91,1,0.533809,0.0563394,2.48381,2.49751
0.93,1,0.539023,0.0643422,2.48018,2.50359
0.95,1,0.532304,0.0599138,2.47622,2.49575
0.97,1,0.515862,0.0453974,2.41641,2.47625
0.99,1,0.493903,0.0246003,2.38958,2.44947
