x,rho,E,F,T,Tr
0.01,1,0.297874,-0.196666,2.28844,2.15859
0.03,1,0.370117,-0.11797,2.41281,2.27901
0.05,1,0.464496,-0.0270961,2.5276,2.41216
0.07,1,0.556452,0.0630283,2.64659,2.52359
0.09,1,0.629019,0.135958,2.63918,2.60212
0.11,1,0.671678,0.181321,2.63224,2.64516
0.13,1,0.677689,0.191536,2.62576,2.65106
0.15,1,0.648219,0.167042,2.5645,2.62175
0.17,1,0.591511,0.115024,2.47806,2.56243
0.19,1,0.517945,0.0454546,2.37659,2.47875
0.21,1,0.440675,-0.0296727,2.27542,2.38063
0.23,1,0.372692,-0.0967731,2.18966,2.28296
0.25,1,0.326576,-0.144017,2.19796,2.20881
0.27,1,0.309591,-0.162979,2.20564,2.17951
0.29,1,0.326073,-0.149556,2.27819,2.20796
0.31,1,0.370328,-0.108629,2.36828,2.27933
0.33,1,0.431634,-0.0504557,2.454,2.36832
0.35,1,0.496583,0.0126453,2.52208,2.45278
0.37,1,0.552559,0.0675892,2.58313,2.51916
0.39,1,0.590813,0.10669,2.57838,2.56168
0.41,1,0.608429,0.125925,2.57427,2.58056
0.43,1,0.602075,0.122312,2.49813,2.5738
0.45,1,0.574696,0.0980826,2.49487,2.54402
0.47,1,0.53107,0.0572734,2.43083,2.4943
0.49,1,0.480236,0.00820392,2.36126,2.43234
0.51,1,0.429771,-0.0408162,2.28393,2.36576
0.53,1,0.389197,-0.0813127,2.26468,2.30783
0.55,1,0.364828,-0.105893,2.26913,2.27082
0.57,1,0.36313,-0.109695,2.35031,2.26818
0.59,1,0.383628,-0.0909124,2.3536,2.29953
0.61,1,0.420951,-0.0558457,2.41383,2.35353
0.63,1,0.465435,-0.0132773,2.46791,2.41338
0.65,1,0.507124,0.0271995,2.50368,2.4657
0.67,1,0.538565,0.0583547,2.49949,2.50306
0.69,1,0.558265,0.0781386,2.52111,2.52564
0.71,1,0.562999,0.0837885,2.49366,2.53098
0.73,1,0.552983,0.075181,2.49177,2.51965
0.75,1,0.530799,0.0543455,2.40798,2.49399
0.77,1,0.498303,0.0234925,2.40784,2.45491
0.79,1,0.463203,-0.0103748,2.34542,2.41048
0.81,1,0.431574,-0.0408579,2.32511,2.36824
0.83,1,0.408157,-0.0638095,2.3284,2.33544
0.85,1,0.397659,-0.0741572,2.33046,2.32027
0.87,1,0.40332,-0.0694131,2.39579,2.32849
0.89,1,0.422597,-0.0512408,2.39667,2.35583
0.91,1,0.450911,-0.0242662,2.47231,2.39433
0.93,1,0.480369,0.00363025,2.49049,2.43251
0.95,1,0.50574,0.0280107,2.48675,2.46401
0.97,1,0.524327,0.0459049,2.46225,2.48635
0.99,1,0.533861,0.0550549,2.48241,2.49757
