x,rho,E,F,T,Tr
0.01,1,0.512352,0.000332993,2.58172,2.47203
0.03,1,0.595543,0.101093,2.63894,2.56679
0.05,1,0.661897,0.169486,2.63092,2.63548
0.07,1,0.692382,0.204311,2.62308,2.66531
0.09,1,0.683106,0.200425,2.61561,2.65634
0.11,1,0.638392,0.161001,2.53849,2.61176
0.13,1,0.568705,0.0961165,2.43819,2.53737
0.15,1,0.486962,0.0172228,2.32407,2.44082
0.17,1,0.407275,-0.0612693,2.18767,2.33417
0.19,1,0.343464,-0.125713,2.1975,2.23682
0.21,1,0.306407,-0.165318,2.20721,2.17388
0.23,1,0.302474,-0.172574,2.21657,2.16687
0.25,1,0.332749,-0.145825,2.30577,2.21917
0.27,1,0.388289,-0.093622,2.40259,2.30648
0.29,1,0.456338,-0.0277005,2.487,2.4015
0.31,1,0.522438,0.0375412,2.55373,2.48411
0.33,1,0.575131,0.0908975,2.59796,2.5445
0.35,1,0.608783,0.126715,2.59282,2.58093
0.37,1,0.617628,0.138807,2.53711,2.59026
0.39,1,0.60063,0.125172,2.53198,2.57225
0.41,1,0.562433,0.0902677,2.47158,2.53034
0.43,1,0.512515,0.0422606,2.39713,2.47223
0.45,1,0.457678,-0.0113096,2.287,2.40326
0.47,1,0.407849,-0.0614452,2.293,2.335
0.49,1,0.371229,-0.0993557,2.29961,2.28072
0.51,1,0.354568,-0.118382,2.3061,2.25469
0.53,1,0.362168,-0.113101,2.31196,2.26667
0.55,1,0.392733,-0.0849302,2.37514,2.31305
0.57,1,0.436202,-0.0429182,2.43904,2.37456
0.59,1,0.482792,0.00237427,2.52943,2.43558
0.61,1,0.522136,0.0426445,2.52567,2.48375
0.63,1,0.552068,0.0733674,2.52124,2.5186
0.65,1,0.567382,0.0910603,2.51659,2.53589
0.67,1,0.565343,0.0909448,2.51251,2.53361
0.69,1,0.547429,0.0751755,2.43328,2.5133
0.71,1,0.518345,0.0480435,2.43162,2.47923
0.73,1,0.482544,0.0124846,2.38446,2.43526
0.75,1,0.4473,-0.0230466,2.31837,2.38952
0.77,1,0.417553,-0.0541003,2.32295,2.34876
0.79,1,0.397672,-0.0752277,2.3284,2.32029
0.81,1,0.393679,-0.0813855,2.33329,2.31445
0.83,1,0.406349,-0.0702251,2.37022,2.33285
0.85,1,0.431612,-0.0461459,2.41279,2.36829
0.87,1,0.462529,-0.015399,2.48713,2.40961
0.89,1,0.491858,0.0141796,2.48562,2.44693
0.91,1,0.515118,0.0389294,2.48318,2.47536
0.93,1,0.530918,0.0561349,2.47966,2.49413
0.95,1,0.536126,0.0631982,2.47579,2.50022
0.97,1,0.529776,0.0580758,2.47276,2.49278
0.99,1,0.514137,0.0432095,2.41416,2.47418
