x,rho,E,F,T,Tr
0.01,1,0.633431,0.114591,2.69755,2.60667
0.03,1,0.682264,0.187667,2.67954,2.65552
0.05,1,0.702652,0.21348,2.6126,2.67514
0.07,1,0.682827,0.199796,2.6048,2.65607
0.09,1,0.627864,0.150848,2.51766,2.60093
0.11,1,0.550532,0.0784656,2.40908,2.51685
0.13,1,0.464821,-0.00454019,2.2945,2.41259
0.15,1,0.385211,-0.0833418,2.19834,2.3019
0.17,1,0.325528,-0.144407,2.15238,2.20703
0.19,1,0.296309,-0.176407,2.16224,2.15575
0.21,1,0.302644,-0.174028,2.23134,2.16718
0.23,1,0.341927,-0.139005,2.32881,2.23432
0.25,1,0.404273,-0.0803526,2.42791,2.32986
0.27,1,0.476082,-0.0109612,2.51183,2.42707
0.29,1,0.542667,0.0548422,2.60607,2.50781
0.31,1,0.592008,0.105233,2.60105,2.56297
0.33,1,0.61839,0.134551,2.59585,2.59106
0.35,1,0.620522,0.140669,2.52747,2.59329
0.37,1,0.597832,0.12227,2.52201,2.56925
0.39,1,0.553401,0.0814286,2.45516,2.52012
0.41,1,0.498954,0.0296287,2.37929,2.45571
0.43,1,0.442171,-0.0262622,2.30649,2.38264
0.45,1,0.392639,-0.0759847,2.24042,2.31292
0.47,1,0.360313,-0.110021,2.24637,2.26377
0.49,1,0.350582,-0.122792,2.31817,2.24832
0.51,1,0.365571,-0.111182,2.32446,2.27198
0.53,1,0.40187,-0.0780177,2.39183,2.32639
0.55,1,0.449235,-0.0329329,2.45678,2.3921
0.57,1,0.497408,0.0138934,2.54647,2.4538
0.59,1,0.536302,0.0534586,2.54339,2.50043
0.61,1,0.561706,0.0806359,2.53981,2.52952
0.63,1,0.571818,0.0933096,2.51426,2.54083
0.65,1,0.565353,0.0902767,2.50993,2.53362
0.67,1,0.544535,0.0719253,2.42434,2.50997
0.69,1,0.510564,0.0406495,2.42172,2.46987
0.71,1,0.472706,0.00358925,2.3222,2.42275
0.73,1,0.436072,-0.0326322,2.30414,2.37438
0.75,1,0.407995,-0.0623885,2.30787,2.33521
0.77,1,0.392615,-0.0797699,2.31274,2.31288
0.79,1,0.393555,-0.0816761,2.37615,2.31426
0.81,1,0.410289,-0.067684,2.42226,2.33848
0.83,1,0.440096,-0.0402727,2.42403,2.37984
0.85,1,0.472844,-0.00872513,2.48184,2.42293
0.87,1,0.502567,0.0211182,2.48055,2.46014
0.89,1,0.524496,0.0442921,2.47935,2.48655
0.91,1,0.537088,0.0592182,2.4773,2.50134
0.93,1,0.538723,0.0633928,2.44615,2.50324
0.95,1,0.529136,0.0565399,2.44133,2.49203
0.97,1,0.510749,0.0402359,2.4385,2.47009
0.99,1,0.486759,0.017377,2.40504,2.44056
