x,rho,E,F,T,Tr
0.01,1,0.322004,-0.1743,2.3378,2.20103
0.03,1,0.402673,-0.0859574,2.45741,2.32755
0.05,1,0.499175,0.00761657,2.56047,2.45598
0.07,1,0.586646,0.0942099,2.62848,2.55715
0.09,1,0.649942,0.158739,2.62096,2.62349
0.11,1,0.679956,0.192261,2.61394,2.65327
0.13,1,0.67231,0.189187,2.60744,2.64578
0.15,1,0.630868,0.1527,2.53524,2.60403
0.17,1,0.565851,0.0921177,2.44085,2.53418
0.19,1,0.488707,0.0180732,2.33683,2.443
0.21,1,0.412826,-0.0562213,2.20051,2.34209
0.23,1,0.351145,-0.117694,2.20977,2.24923
0.25,1,0.314565,-0.155553,2.21824,2.18821
0.27,1,0.309632,-0.163136,2.22547,2.17958
0.29,1,0.337699,-0.138206,2.30867,2.22738
0.31,1,0.390207,-0.0890489,2.40027,2.30933
0.33,1,0.454948,-0.0268465,2.48101,2.39967
0.35,1,0.5179,0.0346452,2.54722,2.47869
0.37,1,0.568167,0.0848186,2.54175,2.53677
0.39,1,0.601076,0.118832,2.53668,2.57273
0.41,1,0.610562,0.130674,2.5322,2.58282
0.43,1,0.595127,0.117791,2.52832,2.56634
0.45,1,0.559481,0.0852859,2.47184,2.52701
0.47,1,0.512612,0.040279,2.40446,2.47234
0.49,1,0.460343,-0.00997283,2.29402,2.40675
0.51,1,0.412364,-0.0572767,2.30067,2.34143
0.53,1,0.376665,-0.0929404,2.30658,2.28902
0.55,1,0.359815,-0.111123,2.31142,2.26298
0.57,1,0.36588,-0.10618,2.31536,2.27246
0.59,1,0.394537,-0.079929,2.37414,2.31571
0.61,1,0.435605,-0.0403676,2.43535,2.37375
0.63,1,0.480349,0.00230658,2.52351,2.43249
0.65,1,0.518434,0.0400322,2.51877,2.47933
0.67,1,0.547136,0.0685436,2.51476,2.51296
0.69,1,0.562653,0.0847607,2.51161,2.53059
0.71,1,0.561365,0.0846414,2.50916,2.52914
0.73,1,0.545235,0.0696123,2.47672,2.51077
0.75,1,0.518611,0.04455,2.3891,2.47954
0.77,1,0.484252,0.0114052,2.38945,2.43741
0.79,1,0.449852,-0.0220417,2.32614,2.39292
0.81,1,0.420808,-0.0503919,2.33085,2.35333
0.83,1,0.401089,-0.0700805,2.3344,2.32526
0.85,1,0.396145,-0.0752206,2.33667,2.31806
0.87,1,0.407348,-0.064656,2.40828,2.33428
0.89,1,0.430605,-0.0425036,2.40861,2.36691
0.91,1,0.460483,-0.0134981,2.4853,2.40694
0.93,1,0.488605,0.0135418,2.48175,2.44287
0.95,1,0.512167,0.0365394,2.47787,2.47181
0.97,1,0.528131,0.0520386,2.47485,2.49085
0.99,1,0.534394,0.0580322,2.47323,2.4982
