x,rho,E,F,T,Tr
0.01,1,0.369981,-0.113195,2.15192,2.2788
0.03,1,0.294711,-0.176982,2.09236,2.15283
0.05,1,0.262547,-0.212312,2.10456,2.09153
0.07,1,0.271806,-0.207421,2.19329,2.10973
0.09,1,0.319159,-0.164774,2.31368,2.19616
0.11,1,0.393886,-0.0944251,2.43315,2.31475
0.13,1,0.480242,-0.0110531,2.53186,2.43235
0.15,1,0.560352,0.0684911,2.61911,2.528
0.17,1,0.620586,0.130097,2.61269,2.59336
0.19,1,0.653619,0.166697,2.60596,2.6272
0.21,1,0.653562,0.171028,2.59925,2.62714
0.23,1,0.622379,0.144961,2.53944,2.59523
0.25,1,0.568798,0.0955933,2.45813,2.53747
0.27,1,0.501714,0.0318094,2.36593,2.4591
0.29,1,0.433052,-0.0358329,2.2787,2.37026
0.31,1,0.374207,-0.0948227,2.2211,2.28528
0.33,1,0.336559,-0.134753,2.2291,2.2255
0.35,1,0.32594,-0.148296,2.23731,2.20773
0.37,1,0.345799,-0.131932,2.30657,2.24062
0.39,1,0.389456,-0.0916581,2.3883,2.30821
0.41,1,0.446629,-0.0374393,2.46572,2.38863
0.43,1,0.504185,0.0191855,2.57042,2.46212
0.45,1,0.55167,0.0665228,2.56617,2.51815
0.47,1,0.582446,0.100056,2.56168,2.55256
0.49,1,0.594492,0.114339,2.55665,2.56565
0.51,1,0.584897,0.108801,2.48227,2.55524
0.53,1,0.558067,0.0849523,2.4781,2.52542
0.55,1,0.516901,0.0465702,2.41882,2.4775
0.57,1,0.470943,0.00162471,2.35585,2.42049
0.59,1,0.426788,-0.0423431,2.27761,2.36164
0.61,1,0.392972,-0.0775229,2.28261,2.31341
0.63,1,0.374721,-0.0979605,2.28849,2.28606
0.65,1,0.376955,-0.0985428,2.36654,2.28946
0.67,1,0.398657,-0.0799559,2.37122,2.32173
0.69,1,0.434559,-0.0463891,2.42769,2.37232
0.71,1,0.474362,-0.00768424,2.49338,2.42487
0.73,1,0.510078,0.0278406,2.49146,2.46928
0.75,1,0.536127,0.0555492,2.48927,2.50022
0.77,1,0.551011,0.0726484,2.48633,2.5174
0.79,1,0.552367,0.0766866,2.48246,2.51894
0.81,1,0.540533,0.067354,2.47847,2.50534
0.83,1,0.518464,0.0472524,2.4008,2.47937
0.85,1,0.489044,0.0189138,2.39945,2.44342
0.87,1,0.457705,-0.0122038,2.33253,2.4033
0.89,1,0.431299,-0.0395583,2.33518,2.36786
0.91,1,0.412818,-0.0600633,2.33903,2.34208
0.93,1,0.406638,-0.0684426,2.36738,2.33326
0.95,1,0.414828,-0.0629191,2.40561,2.34492
0.97,1,0.434219,-0.0455333,2.40763,2.37186
0.99,1,0.460401,-0.0205544,2.48226,2.40683
