x,rho,E,F,T,Tr
0.01,1,0.407219,-0.0981581,2.46793,2.3341
0.03,1,0.498809,0.00527792,2.56342,2.45553
0.05,1,0.588993,0.0948753,2.63584,2.5597
0.07,1,0.654602,0.162094,2.62801,2.62818
0.09,1,0.685953,0.197266,2.62051,2.6591
0.11,1,0.678742,0.194774,2.61352,2.65209
0.13,1,0.636687,0.157739,2.53993,2.61001
0.15,1,0.570174,0.0955344,2.4434,2.539
0.17,1,0.491061,0.019339,2.33671,2.44594
0.19,1,0.413117,-0.0571467,2.19324,2.3425
0.21,1,0.349782,-0.120674,2.20316,2.24704
0.23,1,0.312224,-0.160189,2.21234,2.18413
0.25,1,0.306779,-0.168522,2.22075,2.17454
0.27,1,0.334795,-0.143335,2.306,2.22257
0.29,1,0.388101,-0.0931819,2.39972,2.3062
0.31,1,0.454291,-0.0293867,2.48271,2.39881
0.33,1,0.519016,0.0340696,2.55307,2.48003
0.35,1,0.570852,0.0862209,2.54727,2.53976
0.37,1,0.604694,0.121829,2.54177,2.57659
0.39,1,0.614755,0.134478,2.53674,2.58724
0.41,1,0.599215,0.121693,2.53228,2.57073
0.43,1,0.56308,0.0883707,2.47451,2.53107
0.45,1,0.515068,0.0422052,2.40569,2.4753
0.47,1,0.461656,-0.00968911,2.28995,2.40847
0.49,1,0.412601,-0.0587011,2.29661,2.34177
0.51,1,0.376022,-0.0957592,2.30314,2.28805
0.53,1,0.358656,-0.114951,2.30912,2.26116
0.55,1,0.364765,-0.110461,2.31393,2.27073
0.57,1,0.393698,-0.0837164,2.3744,2.31447
0.59,1,0.435391,-0.0430216,2.43698,2.37346
0.61,1,0.480911,0.00119602,2.52854,2.4332
0.63,1,0.520019,0.0404143,2.52424,2.48123
0.65,1,0.549588,0.0701005,2.51958,2.51577
0.67,1,0.565276,0.0875318,2.51554,2.53353
0.69,1,0.564211,0.0876508,2.51239,2.53234
0.71,1,0.547841,0.0726152,2.43601,2.51377
0.73,1,0.52083,0.0467679,2.38916,2.48219
0.75,1,0.485793,0.012382,2.38986,2.43935
0.77,1,0.450989,-0.0223434,2.32297,2.39443
0.79,1,0.421485,-0.0521565,2.32831,2.35427
0.81,1,0.401421,-0.072827,2.33303,2.32574
0.83,1,0.396319,-0.0786891,2.3366,2.31832
0.85,1,0.407571,-0.0679479,2.40982,2.3346
0.87,1,0.431287,-0.0451728,2.46273,2.36784
0.89,1,0.461319,-0.0153378,2.46196,2.40803
0.91,1,0.490001,0.0132529,2.48636,2.44462
0.93,1,0.513728,0.03751,2.48282,2.47369
0.95,1,0.529802,0.053993,2.47895,2.49281
0.97,1,0.535971,0.0607192,2.47593,2.50004
0.99,1,0.530834,0.0558528,2.4743,2.49403
