x,rho,E,F,T,Tr
0.01,1,0.252624,-0.232523,2.12118,2.07148
0.03,1,0.274591,-0.205847,2.22548,2.11511
0.05,1,0.337877,-0.147512,2.35752,2.22767
0.07,1,0.42425,-0.0654357,2.47759,2.35813
0.09,1,0.516014,0.0233252,2.61505,2.47643
0.11,1,0.595543,0.102099,2.60813,2.56679
0.13,1,0.650052,0.158606,2.6016,2.62361
0.15,1,0.671965,0.184283,2.59526,2.64544
0.17,1,0.658046,0.175011,2.5889,2.63163
0.19,1,0.613213,0.135334,2.51532,2.58562
0.21,1,0.548217,0.07491,2.42226,2.5142
0.23,1,0.473785,0.00386137,2.32226,2.42413
0.25,1,0.402934,-0.0651594,2.2276,2.32793
0.27,1,0.348324,-0.120078,2.23514,2.2447
0.29,1,0.318656,-0.151863,2.24177,2.19529
0.31,1,0.320255,-0.153743,2.24909,2.19804
0.33,1,0.352596,-0.124713,2.3318,2.25155
0.35,1,0.406631,-0.0749697,2.41834,2.33325
0.37,1,0.469416,-0.0147655,2.49389,2.41853
0.39,1,0.528311,0.0420758,2.5843,2.49106
0.41,1,0.572699,0.0867862,2.58063,2.54181
0.43,1,0.599428,0.114825,2.57698,2.57096
0.45,1,0.603545,0.12213,2.52003,2.57537
0.47,1,0.585333,0.107317,2.51592,2.55571
0.49,1,0.547903,0.0738616,2.45897,2.51384
0.51,1,0.501455,0.029756,2.39233,2.45878
0.53,1,0.451503,-0.0175112,2.31436,2.39512
0.55,1,0.40809,-0.0609012,2.31908,2.33534
0.57,1,0.376674,-0.0923048,2.27052,2.28904
0.59,1,0.364645,-0.106036,2.32692,2.27054
0.61,1,0.375222,-0.0981045,2.33079,2.28683
0.63,1,0.406164,-0.0702472,2.38871,2.33258
0.65,1,0.447517,-0.0318269,2.44537,2.38981
0.67,1,0.489676,0.00829258,2.51322,2.44421
0.69,1,0.524896,0.0417774,2.51,2.48702
0.71,1,0.549773,0.0675436,2.50774,2.51598
0.73,1,0.561698,0.0802383,2.52474,2.52951
0.75,1,0.557116,0.0781138,2.47155,2.52434
0.77,1,0.538716,0.0624259,2.46908,2.50323
0.79,1,0.510739,0.0371673,2.38617,2.47008
0.81,1,0.477288,0.00627604,2.38495,2.4286
0.83,1,0.44467,-0.0248565,2.37242,2.386
0.85,1,0.418355,-0.0504264,2.34138,2.34989
0.87,1,0.402088,-0.0673734,2.34297,2.32671
0.89,1,0.400703,-0.0700599,2.34536,2.3247
0.91,1,0.414906,-0.0583384,2.4164,2.34503
0.93,1,0.439639,-0.0363126,2.41827,2.37922
0.95,1,0.46905,-0.00925089,2.47654,2.41806
0.97,1,0.495657,0.0154139,2.47352,2.45164
0.99,1,0.516996,0.035755,2.49689,2.47761
