x,rho,E,F,T,Tr
0.01,1,0.581969,0.0650323,2.67274,2.55203
0.03,1,0.649372,0.153574,2.65371,2.62292
0.05,1,0.692243,0.200717,2.6458,2.66518
0.07,1,0.695122,0.208906,2.63801,2.66794
0.09,1,0.659538,0.179458,2.56872,2.63312
0.11,1,0.595074,0.120179,2.47246,2.56628
0.13,1,0.513769,0.0427651,2.36098,2.47374
0.15,1,0.430226,-0.0390256,2.2523,2.36639
0.17,1,0.358714,-0.110703,2.17104,2.26125
0.19,1,0.311949,-0.159462,2.18091,2.18365
0.21,1,0.297409,-0.177525,2.19075,2.15774
0.23,1,0.318353,-0.160554,2.27419,2.19477
0.25,1,0.368265,-0.114613,2.37344,2.27615
0.27,1,0.435362,-0.0504521,2.4667,2.37342
0.29,1,0.505145,0.0177198,2.57265,2.46329
0.31,1,0.563979,0.0768231,2.5676,2.53208
0.33,1,0.604389,0.119313,2.56214,2.57627
0.35,1,0.621348,0.139887,2.55637,2.59415
0.37,1,0.611473,0.133494,2.5506,2.58378
0.39,1,0.578319,0.104249,2.49424,2.54802
0.41,1,0.530565,0.0591933,2.4234,2.49371
0.43,1,0.474837,0.00537486,2.34848,2.42548
0.45,1,0.421213,-0.0481527,2.27375,2.35389
0.47,1,0.378948,-0.0913584,2.27993,2.29248
0.49,1,0.355401,-0.117314,2.2865,2.25601
0.51,1,0.35593,-0.119742,2.2931,2.25685
0.53,1,0.380983,-0.0976262,2.35468,2.29556
0.55,1,0.422229,-0.0587246,2.42063,2.35531
0.57,1,0.470302,-0.0120748,2.4774,2.41967
0.59,1,0.51427,0.0316709,2.53647,2.47434
0.61,1,0.54689,0.0655379,2.53273,2.51268
0.63,1,0.56697,0.0878813,2.52853,2.53543
0.65,1,0.569721,0.0932676,2.524,2.5385
0.67,1,0.55622,0.0824588,2.45295,2.52332
0.69,1,0.530447,0.058961,2.40089,2.49357
0.71,1,0.494619,0.0247098,2.39978,2.45036
0.73,1,0.457637,-0.012525,2.3409,2.40321
0.75,1,0.424492,-0.0462041,2.34392,2.35846
0.77,1,0.40132,-0.0714243,2.31857,2.3256
0.79,1,0.392136,-0.0826171,2.32383,2.31217
0.81,1,0.400554,-0.0767934,2.39706,2.32449
0.83,1,0.42335,-0.0560122,2.40021,2.35687
0.85,1,0.454131,-0.0265338,2.4702,2.39859
0.87,1,0.485365,0.00447761,2.46909,2.43881
0.89,1,0.511698,0.0319888,2.46812,2.47124
0.91,1,0.529881,0.0518438,2.46633,2.49291
0.93,1,0.537998,0.0625394,2.46339,2.5024
0.95,1,0.534995,0.0615065,2.48289,2.4989
0.97,1,0.521371,0.0497574,2.42614,2.48284
0.99,1,0.500871,0.0303508,2.42428,2.45806
