x,rho,E,F,T,Tr
0.01,1,0.597776,0.0813009,2.66338,2.56919
0.03,1,0.659948,0.165767,2.64432,2.63353
0.05,1,0.696292,0.20662,2.63632,2.66907
0.07,1,0.692041,0.208004,2.62848,2.66498
0.09,1,0.650316,0.172301,2.55342,2.62387
0.11,1,0.581441,0.108646,2.45299,2.55145
0.13,1,0.498271,0.0290553,2.33988,2.45487
0.15,1,0.415541,-0.0523314,2.23535,2.34593
0.17,1,0.347272,-0.121132,2.18072,2.243
0.19,1,0.305491,-0.165253,2.19066,2.17226
0.21,1,0.296966,-0.177353,2.20051,2.15694
0.23,1,0.323718,-0.154514,2.28926,2.20396
0.25,1,0.377807,-0.104263,2.38919,2.29076
0.27,1,0.446913,-0.0381774,2.47901,2.38901
0.29,1,0.515762,0.0294321,2.56355,2.47613
0.31,1,0.571776,0.0862978,2.55845,2.54079
0.33,1,0.60919,0.126009,2.55314,2.58137
0.35,1,0.621831,0.142025,2.54722,2.59465
0.37,1,0.60721,0.131335,2.54175,2.57927
0.39,1,0.570481,0.0982692,2.48179,2.53935
0.41,1,0.520254,0.0510286,2.40923,2.48151
0.43,1,0.46403,-0.00373803,2.33559,2.41156
0.45,1,0.411542,-0.0563363,2.28143,2.34026
0.47,1,0.371992,-0.0970984,2.28735,2.28189
0.49,1,0.352216,-0.119654,2.29402,2.25094
0.51,1,0.356839,-0.11763,2.30067,2.25829
0.53,1,0.385901,-0.092011,2.36427,2.30293
0.55,1,0.429279,-0.0508377,2.42975,2.36508
0.57,1,0.477372,-0.00420285,2.53456,2.42871
0.59,1,0.519727,0.0382616,2.53127,2.48088
0.61,1,0.55119,0.0710633,2.5279,2.5176
0.63,1,0.568677,0.0914355,2.52351,2.53734
0.65,1,0.568666,0.0938,2.51877,2.53732
0.67,1,0.551921,0.0801178,2.44271,2.51843
0.69,1,0.523793,0.0537725,2.43984,2.48572
0.71,1,0.486903,0.0184425,2.34401,2.44074
0.73,1,0.450087,-0.0183151,2.31223,2.39324
0.75,1,0.418422,-0.0507306,2.31597,2.34999
0.77,1,0.396942,-0.0744355,2.32081,2.31923
0.79,1,0.390778,-0.0829229,2.32614,2.31017
0.81,1,0.401972,-0.0741174,2.40296,2.32654
0.83,1,0.426839,-0.0516905,2.40577,2.36172
0.85,1,0.458709,-0.0206663,2.46286,2.40462
0.87,1,0.48925,0.00953661,2.46186,2.44368
0.89,1,0.51445,0.0360495,2.46106,2.47456
0.91,1,0.531558,0.0548921,2.4853,2.49488
0.93,1,0.538096,0.0639874,2.48175,2.50251
0.95,1,0.532764,0.0608193,2.47787,2.49629
0.97,1,0.51719,0.0472708,2.41898,2.47784
0.99,1,0.495593,0.0268178,2.41719,2.45156
