x,rho,E,F,T,Tr
0.01,1,0.726437,0.211135,2.64606,2.6975
0.03,1,0.700854,0.216191,2.62723,2.67343
0.05,1,0.64907,0.170947,2.54124,2.62261
0.07,1,0.570713,0.0982511,2.43009,2.5396
0.09,1,0.480496,0.0120485,2.30899,2.43267
0.11,1,0.394355,-0.0722986,2.20011,2.31544
0.13,1,0.326969,-0.140049,2.12772,2.20947
0.15,1,0.28958,-0.179608,2.13679,2.1434
0.17,1,0.28859,-0.184129,2.20076,2.14157
0.19,1,0.32359,-0.153478,2.30038,2.20374
0.21,1,0.38525,-0.0960815,2.40605,2.30196
0.23,1,0.459914,-0.0248336,2.49712,2.40619
0.25,1,0.532383,0.0454486,2.61479,2.49584
0.27,1,0.58924,0.102298,2.61028,2.55997
0.29,1,0.622783,0.137976,2.6058,2.59565
0.31,1,0.630228,0.149162,2.54309,2.60337
0.33,1,0.610351,0.133765,2.53782,2.5826
0.35,1,0.566926,0.0944477,2.47066,2.53538
0.37,1,0.510848,0.0420956,2.3918,2.47021
0.39,1,0.450466,-0.0160332,2.31235,2.39374
0.41,1,0.396262,-0.0694684,2.22902,2.31823
0.43,1,0.358099,-0.108243,2.23356,2.26028
0.45,1,0.342013,-0.126439,2.29699,2.23446
0.47,1,0.352321,-0.119503,2.30252,2.25111
0.49,1,0.387038,-0.0879839,2.37255,2.30462
0.51,1,0.435574,-0.0429872,2.44096,2.37371
0.53,1,0.486986,0.00652712,2.49659,2.44085
0.55,1,0.531315,0.0495007,2.54915,2.49459
0.57,1,0.561302,0.0801888,2.5462,2.52907
0.59,1,0.576015,0.0966556,2.54311,2.54548
0.61,1,0.572733,0.0963066,2.51987,2.54185
0.63,1,0.553029,0.0797609,2.43408,2.5197
0.65,1,0.518816,0.0489092,2.431,2.47979
0.67,1,0.479074,0.0113086,2.37527,2.43087
0.69,1,0.439308,-0.0266762,2.29407,2.37878
0.71,1,0.407096,-0.0589429,2.29679,2.33392
0.73,1,0.386717,-0.0796122,2.31811,2.30415
0.75,1,0.383793,-0.0849857,2.36088,2.29978
0.77,1,0.398576,-0.0729382,2.36411,2.32161
0.79,1,0.428405,-0.0461933,2.41078,2.36388
0.81,1,0.462869,-0.0141011,2.45309,2.41005
0.83,1,0.496243,0.0172965,2.4842,2.45237
0.85,1,0.521625,0.0424881,2.48225,2.48314
0.87,1,0.538188,0.0591686,2.48108,2.50262
0.89,1,0.542834,0.0656765,2.47955,2.508
0.91,1,0.534832,0.0597752,2.47733,2.49871
0.93,1,0.516766,0.0443987,2.4129,2.47734
0.95,1,0.491966,0.0224578,2.38723,2.44706
0.97,1,0.463958,-0.00332472,2.3599,2.41147
0.99,1,0.439082,-0.0270264,2.36183,2.37847
