x,rho,E,F,T,Tr
0.01,1,0.724137,0.206497,2.6573,2.69536
0.03,1,0.705751,0.218275,2.6383,2.67809
0.05,1,0.659831,0.179038,2.55798,2.63342
0.07,1,0.585274,0.11044,2.45101,2.55565
0.09,1,0.496445,0.0258239,2.33096,2.45261
0.11,1,0.409079,-0.059513,2.22123,2.33676
0.13,1,0.338023,-0.130643,2.17125,2.22791
0.15,1,0.295406,-0.175302,2.1807,2.1541
0.17,1,0.288165,-0.186155,2.1902,2.14078
0.19,1,0.317732,-0.160887,2.28559,2.1937
0.21,1,0.375744,-0.107371,2.39151,2.28762
0.23,1,0.449084,-0.0375897,2.48563,2.3919
0.25,1,0.521924,0.0332186,2.56877,2.48349
0.27,1,0.581265,0.0924504,2.56348,2.55126
0.29,1,0.620403,0.133398,2.60838,2.59316
0.31,1,0.632747,0.148689,2.55349,2.60597
0.33,1,0.616036,0.136575,2.54834,2.58859
0.35,1,0.576125,0.100732,2.48436,2.5456
0.37,1,0.52185,0.0506033,2.40745,2.48341
0.39,1,0.461827,-0.00695044,2.32958,2.40869
0.41,1,0.406116,-0.0614262,2.27905,2.33251
0.43,1,0.365115,-0.103484,2.28423,2.27127
0.45,1,0.344895,-0.125733,2.28937,2.23915
0.47,1,0.351145,-0.122602,2.29545,2.24923
0.49,1,0.382692,-0.094803,2.36373,2.29813
0.51,1,0.429343,-0.0514178,2.43268,2.36517
0.53,1,0.480654,-0.00272087,2.49012,2.43287
0.55,1,0.525789,0.0412472,2.53612,2.48808
0.57,1,0.559069,0.0750112,2.53306,2.52655
0.59,1,0.577447,0.0952282,2.5301,2.54706
0.61,1,0.576781,0.0973835,2.52634,2.54633
0.63,1,0.558358,0.0824229,2.44523,2.52575
0.65,1,0.526965,0.0537486,2.44192,2.48947
0.67,1,0.48753,0.0173522,2.34426,2.44153
0.69,1,0.448127,-0.0208636,2.34833,2.39063
0.71,1,0.414277,-0.0540698,2.29841,2.34414
0.73,1,0.391419,-0.0777527,2.31689,2.31112
0.75,1,0.385425,-0.0859647,2.32041,2.30222
0.77,1,0.397777,-0.0760249,2.40276,2.32045
0.79,1,0.425403,-0.0519037,2.40552,2.35973
0.81,1,0.459759,-0.0200258,2.46542,2.40599
0.83,1,0.493297,0.0111537,2.51274,2.44872
0.85,1,0.520049,0.0376274,2.48926,2.48126
0.87,1,0.538622,0.0565793,2.48821,2.50312
0.89,1,0.545483,0.0652309,2.48666,2.51106
0.91,1,0.539307,0.0613258,2.48412,2.50392
0.93,1,0.522031,0.0471526,2.42172,2.48362
0.95,1,0.498229,0.0261962,2.41938,2.45481
0.97,1,0.470653,0.000855491,2.35948,2.42012
0.99,1,0.445213,-0.0233067,2.39058,2.38673
