x,rho,E,F,T,Tr
0.01,1,0.67528,0.170895,2.5643,2.6487
0.03,1,0.581947,0.105682,2.43787,2.55201
0.05,1,0.486848,0.0146219,2.31013,2.44067
0.07,1,0.395661,-0.0747205,2.19359,2.31735
0.09,1,0.323799,-0.146877,2.11226,2.2041
0.11,1,0.283241,-0.189374,2.12195,2.13157
0.13,1,0.280527,-0.195368,2.18712,2.12645
0.15,1,0.315195,-0.164469,2.29115,2.18931
0.17,1,0.378521,-0.105028,2.40218,2.29184
0.19,1,0.456392,-0.030248,2.49864,2.40157
0.21,1,0.533191,0.0446334,2.56916,2.49679
0.23,1,0.594446,0.10601,2.62111,2.5656
0.25,1,0.631275,0.144588,2.61627,2.60445
0.27,1,0.640898,0.157099,2.55286,2.61432
0.29,1,0.621363,0.141519,2.54806,2.59417
0.31,1,0.576735,0.100517,2.47875,2.54628
0.33,1,0.518296,0.0452007,2.39653,2.47917
0.35,1,0.454739,-0.0163344,2.31281,2.3994
0.37,1,0.397148,-0.0730373,2.22231,2.31953
0.39,1,0.356106,-0.114473,2.22738,2.25713
0.41,1,0.337831,-0.134102,2.29139,2.2276
0.43,1,0.347055,-0.127365,2.29648,2.24265
0.45,1,0.382136,-0.094768,2.36918,2.29729
0.47,1,0.432134,-0.0473209,2.44092,2.36901
0.49,1,0.4862,0.00506412,2.49962,2.43986
0.51,1,0.533368,0.0511568,2.55815,2.497
0.53,1,0.565995,0.0842122,2.55416,2.53434
0.55,1,0.58276,0.101707,2.55089,2.5529
0.57,1,0.58072,0.101896,2.49105,2.55066
0.59,1,0.561184,0.0843362,2.48849,2.52894
0.61,1,0.525974,0.0513302,2.437,2.4883
0.63,1,0.484732,0.0118612,2.37869,2.43802
0.65,1,0.442963,-0.0289272,2.29031,2.38371
0.67,1,0.407824,-0.0630182,2.29451,2.33496
0.69,1,0.386453,-0.0852025,2.29765,2.30375
0.71,1,0.381892,-0.090589,2.31968,2.29692
0.73,1,0.395566,-0.0778286,2.41033,2.31722
0.75,1,0.425882,-0.0498621,2.45509,2.36039
0.77,1,0.461714,-0.0151388,2.45504,2.40854
0.79,1,0.496659,0.0184305,2.51256,2.45288
0.81,1,0.523984,0.0452848,2.50908,2.48594
0.83,1,0.541849,0.062923,2.48637,2.50687
0.85,1,0.547937,0.0694002,2.48442,2.51388
0.87,1,0.541097,0.0629725,2.48325,2.506
0.89,1,0.523425,0.0466213,2.41581,2.48528
0.91,1,0.498315,0.0223358,2.41583,2.45492
0.93,1,0.469574,-0.00524998,2.35586,2.41873
0.95,1,0.443206,-0.0306578,2.39168,2.38404
0.97,1,0.422802,-0.0503002,2.36433,2.35611
0.99,1,0.411912,-0.0606617,2.36627,2.34079
