x,rho,E,F,T,Tr
0.01,1,0.252626,-0.232563,2.12199,2.07148
0.03,1,0.274887,-0.205382,2.22668,2.11568
0.05,1,0.33864,-0.146872,2.3587,2.22893
0.07,1,0.425225,-0.0645548,2.48063,2.35948
0.09,1,0.516836,0.0242913,2.61449,2.47742
0.11,1,0.596034,0.102737,2.60756,2.56732
0.13,1,0.650673,0.158884,2.60099,2.62423
0.15,1,0.67221,0.18428,2.59463,2.64568
0.17,1,0.657831,0.174809,2.58851,2.63142
0.19,1,0.61266,0.134913,2.51454,2.58503
0.21,1,0.547428,0.0743821,2.42126,2.51329
0.23,1,0.473056,0.00317534,2.32129,2.4232
0.25,1,0.40244,-0.0659239,2.2283,2.32722
0.27,1,0.348022,-0.120675,2.23561,2.24421
0.29,1,0.318575,-0.15214,2.24268,2.19515
0.31,1,0.320406,-0.15365,2.2499,2.1983
0.33,1,0.35299,-0.124324,2.33267,2.25218
0.35,1,0.407222,-0.0744357,2.41919,2.3341
0.37,1,0.47007,-0.0141139,2.49461,2.41937
0.39,1,0.528913,0.0426745,2.58415,2.49177
0.41,1,0.573042,0.0871553,2.58048,2.54219
0.43,1,0.599446,0.115002,2.57683,2.57098
0.45,1,0.603375,0.122087,2.51955,2.57518
0.47,1,0.585093,0.107122,2.5154,2.55545
0.49,1,0.547612,0.073396,2.45834,2.5135
0.51,1,0.500958,0.0292766,2.39189,2.45817
0.53,1,0.451165,-0.018089,2.31475,2.39467
0.55,1,0.407749,-0.0612162,2.31958,2.33485
0.57,1,0.376471,-0.0925637,2.27046,2.28873
0.59,1,0.364696,-0.106161,2.32738,2.27062
0.61,1,0.375463,-0.0979908,2.33139,2.28719
0.63,1,0.406484,-0.0699351,2.38932,2.33304
0.65,1,0.447914,-0.0314448,2.44602,2.39034
0.67,1,0.490177,0.00886187,2.51302,2.44484
0.69,1,0.525427,0.0423602,2.50981,2.48765
0.71,1,0.549801,0.0676191,2.5075,2.51601
0.73,1,0.561524,0.0800802,2.52441,2.52932
0.75,1,0.556851,0.0778662,2.47118,2.52404
0.77,1,0.538533,0.0622362,2.46873,2.50302
0.79,1,0.510511,0.036745,2.38578,2.46981
0.81,1,0.477001,0.00596726,2.33561,2.42824
0.83,1,0.444418,-0.0250289,2.37294,2.38566
0.85,1,0.418155,-0.0506582,2.34161,2.34961
0.87,1,0.402018,-0.0674657,2.3432,2.32661
0.89,1,0.400774,-0.0700199,2.34559,2.3248
0.91,1,0.415061,-0.0581992,2.41676,2.34525
0.93,1,0.439967,-0.0360057,2.41861,2.37967
0.95,1,0.469329,-0.00897843,2.47634,2.41841
0.97,1,0.495971,0.0157251,2.47331,2.45203
0.99,1,0.517121,0.0358858,2.49683,2.47776
