x,rho,E,F,T,Tr
0.01,1,0.503197,0.0135243,2.32294,2.46091
0.03,1,0.397991,-0.0728962,2.19125,2.32076
0.05,1,0.321086,-0.150399,2.09076,2.19946
0.07,1,0.276242,-0.197434,2.10195,2.11828
0.09,1,0.270579,-0.206617,2.16726,2.10734
0.11,1,0.304197,-0.177087,2.2758,2.16995
0.13,1,0.368707,-0.11673,2.39346,2.27684
0.15,1,0.449815,-0.0387365,2.49661,2.39287
0.17,1,0.531072,0.0410159,2.57292,2.49431
0.19,1,0.597066,0.10779,2.6323,2.56843
0.21,1,0.638061,0.151182,2.62654,2.61142
0.23,1,0.649986,0.166939,2.56403,2.62354
0.25,1,0.631167,0.152347,2.55808,2.60434
0.27,1,0.585632,0.110627,2.48641,2.55604
0.29,1,0.52473,0.0529026,2.40043,2.48683
0.31,1,0.458209,-0.0124196,2.31076,2.40396
0.33,1,0.397176,-0.0732095,2.20941,2.31957
0.35,1,0.352805,-0.118678,2.21622,2.25188
0.37,1,0.332154,-0.141624,2.2788,2.21818
0.39,1,0.340133,-0.136615,2.28565,2.23138
0.41,1,0.375244,-0.104049,2.36203,2.28686
0.43,1,0.426883,-0.0549297,2.4381,2.36178
0.45,1,0.483422,0.000688491,2.50114,2.43637
0.47,1,0.533473,0.0506557,2.5675,2.49712
0.49,1,0.568811,0.0872273,2.56269,2.53748
0.51,1,0.58721,0.1078,2.55815,2.55776
0.53,1,0.586355,0.10947,2.49774,2.55683
0.55,1,0.566617,0.092213,2.49399,2.53503
0.57,1,0.53054,0.0581205,2.44033,2.49368
0.59,1,0.487979,0.01636,2.38168,2.44209
0.61,1,0.444036,-0.0271136,2.27947,2.38515
0.63,1,0.406988,-0.0648425,2.28495,2.33376
0.65,1,0.383746,-0.0895277,2.29031,2.29971
0.67,1,0.377773,-0.0970396,2.35349,2.29071
0.69,1,0.391537,-0.0856326,2.35743,2.31129
0.71,1,0.422127,-0.0559975,2.40918,2.35517
0.73,1,0.459421,-0.0197605,2.50312,2.40555
0.75,1,0.495861,0.0165293,2.52014,2.45189
0.77,1,0.524765,0.0464306,2.51644,2.48687
0.79,1,0.54373,0.0663821,2.51256,2.50904
0.81,1,0.550216,0.074861,2.50908,2.51649
0.83,1,0.543582,0.0693693,2.48637,2.50887
0.85,1,0.525791,0.0528198,2.4158,2.48808
0.87,1,0.499744,0.0272537,2.41537,2.45668
0.89,1,0.470453,-0.00253557,2.34802,2.41986
0.91,1,0.443062,-0.0306546,2.35137,2.38384
0.93,1,0.422019,-0.0526491,2.35586,2.35502
0.95,1,0.410886,-0.0655064,2.39168,2.33933
0.97,1,0.412902,-0.0645603,2.36433,2.3422
0.99,1,0.427515,-0.0505428,2.42999,2.36265
