x,rho,E,F,T,Tr
0.01,1,0.415997,-0.0682101,2.20845,2.34657
0.03,1,0.32651,-0.143636,2.12248,2.20869
0.05,1,0.275801,-0.19676,2.13452,2.11744
0.07,1,0.264291,-0.212142,2.14659,2.09499
0.09,1,0.293266,-0.187495,2.25433,2.15019
0.11,1,0.355456,-0.129919,2.37575,2.2561
0.13,1,0.436971,-0.0517472,2.48562,2.37561
0.15,1,0.520799,0.0302521,2.59563,2.48216
0.17,1,0.591094,0.101141,2.58926,2.56198
0.19,1,0.638346,0.150861,2.6322,2.61171
0.21,1,0.655119,0.171509,2.57611,2.6287
0.23,1,0.63908,0.160235,2.56964,2.61246
0.25,1,0.595681,0.120969,2.49895,2.56693
0.27,1,0.534787,0.0639173,2.41205,2.49866
0.29,1,0.466725,-0.00259386,2.32142,2.41505
0.31,1,0.402646,-0.066081,2.24797,2.32751
0.33,1,0.354532,-0.115787,2.25552,2.25463
0.35,1,0.329453,-0.143159,2.26352,2.21365
0.37,1,0.333934,-0.142279,2.27119,2.22114
0.39,1,0.366475,-0.112571,2.34858,2.27338
0.41,1,0.417738,-0.0644551,2.42764,2.34902
0.43,1,0.47553,-0.00777015,2.49514,2.42636
0.45,1,0.528494,0.0443492,2.57266,2.49127
0.47,1,0.566737,0.0845864,2.56808,2.53517
0.49,1,0.58907,0.108647,2.56327,2.55978
0.51,1,0.590539,0.113621,2.50646,2.56138
0.53,1,0.572312,0.0982362,2.50216,2.54138
0.55,1,0.536819,0.0655485,2.44839,2.50103
0.57,1,0.493686,0.023961,2.38787,2.4492
0.59,1,0.4488,-0.0204904,2.32586,2.39152
0.61,1,0.409933,-0.0599255,2.32998,2.33797
0.63,1,0.383305,-0.0889726,2.33474,2.29905
0.65,1,0.374294,-0.100177,2.30362,2.28541
0.67,1,0.386302,-0.0905972,2.34782,2.30353
0.69,1,0.415887,-0.0630679,2.44833,2.34642
0.71,1,0.454003,-0.0264782,2.44946,2.39842
0.73,1,0.491842,0.0111596,2.52455,2.44691
0.75,1,0.522099,0.0423751,2.52165,2.4837
0.77,1,0.543617,0.0656685,2.52004,2.50891
0.79,1,0.552373,0.0768553,2.46551,2.51895
0.81,1,0.547091,0.0736154,2.46181,2.51291
0.83,1,0.529054,0.0579554,2.42282,2.49193
0.85,1,0.503146,0.032868,2.41925,2.46085
0.87,1,0.473247,0.00325129,2.34211,2.42345
0.89,1,0.44474,-0.0260177,2.34451,2.3861
0.91,1,0.421941,-0.0501953,2.34813,2.35491
0.93,1,0.408708,-0.0654613,2.3527,2.33623
0.95,1,0.409409,-0.0670576,2.35721,2.33723
0.97,1,0.423722,-0.0546341,2.39049,2.35739
0.99,1,0.446443,-0.0330181,2.42579,2.38838
