x,rho,E,F,T,Tr
0.01,1,0.693141,0.186978,2.59293,2.66604
0.03,1,0.607452,0.130171,2.47406,2.57952
0.05,1,0.515187,0.042707,2.34904,2.47544
0.07,1,0.421965,-0.0482264,2.22746,2.35494
0.09,1,0.343186,-0.126226,2.14344,2.23637
0.11,1,0.292597,-0.178144,2.1538,2.14896
0.13,1,0.278036,-0.195759,2.16314,2.12171
0.15,1,0.301976,-0.175503,2.25826,2.16598
0.17,1,0.357641,-0.123911,2.36937,2.25956
0.19,1,0.432365,-0.0526588,2.47256,2.36932
0.21,1,0.510237,0.0228503,2.58638,2.46947
0.23,1,0.576467,0.0882109,2.57992,2.54598
0.25,1,0.621881,0.134971,2.57393,2.59471
0.27,1,0.640403,0.156111,2.56865,2.61381
0.29,1,0.62823,0.147801,2.56369,2.6013
0.31,1,0.590437,0.11377,2.50042,2.56127
0.33,1,0.535896,0.0628189,2.42148,2.49995
0.35,1,0.47322,0.00251353,2.33752,2.42341
0.37,1,0.413099,-0.056272,2.25908,2.34248
0.39,1,0.366146,-0.102789,2.26603,2.27287
0.41,1,0.340387,-0.129892,2.27213,2.2318
0.43,1,0.341657,-0.131024,2.27725,2.23388
0.45,1,0.369951,-0.105431,2.34671,2.27875
0.47,1,0.416339,-0.0618629,2.42135,2.34705
0.49,1,0.469732,-0.0105342,2.48203,2.41893
0.51,1,0.518741,0.0371016,2.5464,2.4797
0.53,1,0.556796,0.0746517,2.54184,2.52398
0.55,1,0.579732,0.0986626,2.53818,2.54958
0.57,1,0.583158,0.1036,2.53505,2.55334
0.59,1,0.567238,0.0900026,2.45474,2.53573
0.61,1,0.537017,0.061955,2.45277,2.50126
0.63,1,0.496962,0.0239657,2.39826,2.45325
0.65,1,0.454959,-0.0164095,2.29824,2.39969
0.67,1,0.417691,-0.0526414,2.33865,2.34896
0.69,1,0.390997,-0.0793763,2.30756,2.31049
0.71,1,0.380359,-0.0902505,2.34566,2.29462
0.73,1,0.38969,-0.0827136,2.39428,2.30856
0.75,1,0.415513,-0.058502,2.39568,2.34589
0.77,1,0.450399,-0.0254798,2.47605,2.39365
0.79,1,0.485772,0.00827373,2.47243,2.43932
0.81,1,0.515747,0.0372179,2.46858,2.47611
0.83,1,0.53709,0.0581588,2.46543,2.50134
0.85,1,0.547435,0.0685763,2.46348,2.5133
0.87,1,0.544375,0.0660717,2.46248,2.50978
0.89,1,0.528825,0.0519837,2.46169,2.49166
0.91,1,0.505576,0.0297119,2.42593,2.46381
0.93,1,0.477798,0.00351457,2.34845,2.42925
0.95,1,0.449782,-0.0230573,2.35307,2.39283
0.97,1,0.42736,-0.0444501,2.3565,2.36244
0.99,1,0.413132,-0.0580611,2.35827,2.34252
