x,rho,E,F,T,Tr
0.01,1,0.661894,0.159063,2.54398,2.63547
0.03,1,0.564459,0.0889826,2.41323,2.53262
0.05,1,0.468432,-0.00368687,2.2851,2.41726
0.07,1,0.379289,-0.0911518,2.17528,2.293
0.09,1,0.312343,-0.158764,2.11882,2.18434
0.11,1,0.278752,-0.194719,2.12855,2.12308
0.13,1,0.283666,-0.192996,2.20441,2.13237
0.15,1,0.324923,-0.155529,2.31247,2.20601
0.17,1,0.392742,-0.0917887,2.42276,2.31307
0.19,1,0.472158,-0.0151208,2.51708,2.42205
0.21,1,0.547153,0.0584512,2.62554,2.51298
0.23,1,0.604171,0.115936,2.61993,2.57603
0.25,1,0.636093,0.150194,2.61476,2.60941
0.27,1,0.639657,0.156733,2.54122,2.61305
0.29,1,0.614741,0.135932,2.53653,2.58723
0.31,1,0.566791,0.0912195,2.46346,2.53523
0.33,1,0.506018,0.0336998,2.37973,2.46435
0.35,1,0.442593,-0.0285297,2.29838,2.38321
0.37,1,0.386592,-0.0836424,2.23634,2.30396
0.39,1,0.34923,-0.121988,2.24336,2.24615
0.41,1,0.336482,-0.136302,2.24927,2.22537
0.43,1,0.352304,-0.123103,2.30958,2.25108
0.45,1,0.390702,-0.0869483,2.38386,2.31006
0.47,1,0.442727,-0.0374033,2.45392,2.38339
0.49,1,0.496345,0.0150608,2.5601,2.45249
0.51,1,0.54154,0.0592402,2.55539,2.50651
0.53,1,0.571053,0.0895158,2.55119,2.53998
0.55,1,0.583627,0.103284,2.54795,2.55385
0.57,1,0.578364,0.0998988,2.48184,2.54807
0.59,1,0.556071,0.0798301,2.4795,2.52316
0.61,1,0.518671,0.0442679,2.42597,2.47962
0.63,1,0.476461,0.00355172,2.36826,2.42755
0.65,1,0.435054,-0.0370912,2.29169,2.373
0.67,1,0.402144,-0.0697776,2.29646,2.32679
0.69,1,0.383308,-0.0885697,2.32359,2.29905
0.71,1,0.383206,-0.090238,2.32656,2.2989
0.73,1,0.400331,-0.0737676,2.37208,2.32416
0.75,1,0.432261,-0.0433767,2.46311,2.36918
0.77,1,0.469043,-0.00812203,2.5139,2.41805
0.79,1,0.502778,0.0245352,2.48824,2.4604
0.81,1,0.528425,0.0500363,2.48424,2.49119
0.83,1,0.544225,0.0654809,2.4812,2.50961
0.85,1,0.547454,0.0695408,2.4792,2.51332
0.87,1,0.538595,0.0609634,2.47797,2.50309
0.89,1,0.519276,0.042833,2.40869,2.48034
0.91,1,0.492996,0.0172783,2.40785,2.44834
0.93,1,0.464009,-0.0107919,2.36155,2.41153
0.95,1,0.438429,-0.0356044,2.36611,2.37759
0.97,1,0.419607,-0.0538402,2.36979,2.35165
0.99,1,0.411484,-0.0616198,2.37184,2.34018
