x,rho,E,F,T,Tr
0.01,1,0.635246,0.115936,2.6877,2.60854
0.03,1,0.683482,0.18875,2.66871,2.6567
0.05,1,0.702953,0.213545,2.66087,2.67543
0.07,1,0.681908,0.198612,2.60362,2.65517
0.09,1,0.626781,0.149581,2.51592,2.5998
0.11,1,0.549111,0.0768062,2.40705,2.51522
0.13,1,0.463336,-0.00630049,2.29258,2.41066
0.15,1,0.383947,-0.0848972,2.19715,2.30001
0.17,1,0.324763,-0.145521,2.15345,2.20573
0.19,1,0.296124,-0.17685,2.16333,2.15541
0.21,1,0.303186,-0.173796,2.23318,2.16815
0.23,1,0.343083,-0.13822,2.33096,2.2362
0.25,1,0.405777,-0.0791998,2.42994,2.33203
0.27,1,0.477748,-0.00980454,2.51341,2.42919
0.29,1,0.544122,0.0558723,2.60613,2.50949
0.31,1,0.593102,0.105963,2.60119,2.56415
0.33,1,0.618981,0.134848,2.59593,2.59168
0.35,1,0.62063,0.14045,2.52665,2.5934
0.37,1,0.597466,0.121652,2.5212,2.56886
0.39,1,0.552761,0.0803856,2.45403,2.51939
0.41,1,0.498131,0.0283999,2.37826,2.45469
0.43,1,0.441235,-0.0273394,2.30676,2.38138
0.45,1,0.391998,-0.0769381,2.24048,2.31197
0.47,1,0.359908,-0.11079,2.2464,2.26313
0.49,1,0.350626,-0.123203,2.31977,2.24839
0.51,1,0.36649,-0.110727,2.32612,2.27341
0.53,1,0.402938,-0.0773061,2.39359,2.32794
0.55,1,0.45046,-0.0319933,2.45819,2.39373
0.57,1,0.498592,0.0147299,2.54652,2.45526
0.59,1,0.537259,0.0539062,2.54336,2.50154
0.61,1,0.562391,0.0809959,2.53979,2.53029
0.63,1,0.572182,0.0932653,2.51408,2.54124
0.65,1,0.565327,0.0900255,2.50971,2.53359
0.67,1,0.54436,0.0713605,2.4237,2.50976
0.69,1,0.510182,0.0398814,2.42109,2.46941
0.71,1,0.472123,0.00281426,2.32327,2.42201
0.73,1,0.43577,-0.0335615,2.30495,2.37397
0.75,1,0.407752,-0.0628854,2.3085,2.33486
0.77,1,0.392716,-0.0800609,2.31344,2.31303
0.79,1,0.394119,-0.0816191,2.33917,2.31509
0.81,1,0.411069,-0.0672317,2.42263,2.33959
0.83,1,0.44101,-0.039784,2.42537,2.38108
0.85,1,0.473754,-0.0078701,2.48169,2.4241
0.87,1,0.503258,0.021403,2.48031,2.46099
0.89,1,0.525176,0.0446565,2.47916,2.48735
0.91,1,0.537568,0.0594634,2.47691,2.5019
0.93,1,0.539049,0.0633915,2.47363,2.50362
0.95,1,0.529094,0.0562324,2.44121,2.49198
0.97,1,0.510555,0.039682,2.43838,2.46986
0.99,1,0.486668,0.0169188,2.36931,2.44045
