x,rho,E,F,T,Tr
0.01,1,0.254891,-0.230787,2.15391,2.07611
0.03,1,0.291503,-0.189712,2.27015,2.14695
0.05,1,0.365351,-0.1204,2.40214,2.27164
0.07,1,0.456652,-0.0330071,2.51456,2.40192
0.09,1,0.546886,0.0550979,2.64281,2.51267
0.11,1,0.619512,0.127622,2.63594,2.59223
0.13,1,0.662878,0.173817,2.62943,2.63645
0.15,1,0.671546,0.186534,2.62307,2.64503
0.17,1,0.64533,0.165521,2.56565,2.61883
0.19,1,0.592069,0.117212,2.48297,2.56304
0.21,1,0.521432,0.0509542,2.3847,2.48291
0.23,1,0.446108,-0.0219145,2.28462,2.38793
0.25,1,0.378726,-0.0882629,2.19076,2.29215
0.27,1,0.331598,-0.136143,2.19824,2.21725
0.29,1,0.312668,-0.157235,2.20547,2.1849
0.31,1,0.32635,-0.146824,2.27366,2.20842
0.33,1,0.367648,-0.108854,2.36105,2.2752
0.35,1,0.426926,-0.0535506,2.44566,2.36184
0.37,1,0.490474,0.00791779,2.51442,2.44521
0.39,1,0.546076,0.0621288,2.57863,2.51174
0.41,1,0.58406,0.100858,2.57466,2.55432
0.43,1,0.602116,0.120627,2.57087,2.57384
0.45,1,0.598526,0.120067,2.49982,2.56999
0.47,1,0.574195,0.0992061,2.49618,2.54347
0.49,1,0.531721,0.0598085,2.43454,2.49507
0.51,1,0.48225,0.0131599,2.36783,2.43489
0.53,1,0.43259,-0.0347276,2.26157,2.36963
0.55,1,0.391693,-0.0753314,2.26559,2.31152
0.57,1,0.367101,-0.100475,2.26962,2.27435
0.59,1,0.363626,-0.105758,2.34443,2.26895
0.61,1,0.38192,-0.0900751,2.34786,2.29697
0.63,1,0.417719,-0.0570106,2.40721,2.349
0.65,1,0.461136,-0.0164142,2.50598,2.40779
0.67,1,0.502292,0.0230609,2.50166,2.4598
0.69,1,0.534274,0.0540113,2.49798,2.49806
0.71,1,0.553805,0.0745914,2.49574,2.52058
0.73,1,0.559586,0.0812501,2.51675,2.52713
0.75,1,0.550673,0.074639,2.45445,2.51701
0.77,1,0.529305,0.0555738,2.45238,2.49223
0.79,1,0.497646,0.0264569,2.40926,2.4541
0.81,1,0.463588,-0.00568239,2.34321,2.41099
0.83,1,0.431719,-0.0359894,2.34696,2.36844
0.85,1,0.408467,-0.0588819,2.32585,2.33588
0.87,1,0.397614,-0.0701753,2.32754,2.32021
0.89,1,0.402035,-0.0672879,2.38966,2.32663
0.91,1,0.420086,-0.0514151,2.39144,2.35232
0.93,1,0.447907,-0.0259252,2.46975,2.39033
0.95,1,0.476814,0.000606679,2.4862,2.428
0.97,1,0.502645,0.0247433,2.48348,2.46024
0.99,1,0.521221,0.0424602,2.4821,2.48266
