x,rho,E,F,T,Tr
0.01,1,0.324235,-0.155431,2.12451,2.20484
0.03,1,0.268003,-0.202374,2.127,2.10231
0.05,1,0.258243,-0.216501,2.13918,2.0829
0.07,1,0.289589,-0.189973,2.25233,2.14342
0.09,1,0.35443,-0.129956,2.37784,2.25447
0.11,1,0.438648,-0.0494336,2.48899,2.37788
0.13,1,0.524927,0.034904,2.57265,2.48706
0.15,1,0.596855,0.10722,2.6424,2.5682
0.17,1,0.643866,0.156558,2.63667,2.61734
0.19,1,0.659517,0.17661,2.57701,2.6331
0.21,1,0.64194,0.164371,2.57043,2.61538
0.23,1,0.595886,0.123172,2.49656,2.56716
0.25,1,0.532434,0.0638186,2.40615,2.4959
0.27,1,0.461903,-0.00444846,2.3131,2.40879
0.29,1,0.39633,-0.0692206,2.24403,2.31833
0.31,1,0.347605,-0.119278,2.25112,2.24354
0.33,1,0.323086,-0.146324,2.25853,2.20288
0.35,1,0.329101,-0.144416,2.26621,2.21306
0.37,1,0.363732,-0.113212,2.34705,2.26912
0.39,1,0.417176,-0.0635444,2.42876,2.34823
0.41,1,0.477115,-0.00562884,2.49789,2.42838
0.43,1,0.531127,0.0478654,2.57417,2.49437
0.45,1,0.570254,0.088198,2.57033,2.53909
0.47,1,0.591832,0.112178,2.56574,2.56278
0.49,1,0.592524,0.116492,2.50603,2.56353
0.51,1,0.572735,0.100528,2.50128,2.54185
0.53,1,0.535517,0.066406,2.44493,2.49951
0.55,1,0.490365,0.0237354,2.38257,2.44507
0.57,1,0.443836,-0.0219646,2.32417,2.38488
0.59,1,0.403858,-0.0623865,2.27087,2.32926
0.61,1,0.37721,-0.0906302,2.27578,2.28985
0.63,1,0.369263,-0.101392,2.33604,2.27769
0.65,1,0.382235,-0.0914497,2.34408,2.29744
0.67,1,0.413727,-0.0627591,2.44787,2.34337
0.69,1,0.453465,-0.0256551,2.44954,2.39771
0.71,1,0.492775,0.0128561,2.50359,2.44807
0.73,1,0.524397,0.0448608,2.50126,2.48643
0.75,1,0.545261,0.0675295,2.51825,2.5108
0.77,1,0.553481,0.0783481,2.51441,2.52021
0.79,1,0.546981,0.0747181,2.49134,2.51278
0.81,1,0.528093,0.0589569,2.45672,2.4908
0.83,1,0.500772,0.0333242,2.41507,2.45794
0.85,1,0.469094,0.00298361,2.33921,2.41811
0.87,1,0.439376,-0.0267287,2.34105,2.37887
0.89,1,0.416415,-0.05091,2.34346,2.34716
0.91,1,0.403409,-0.0660513,2.34687,2.32862
0.93,1,0.404946,-0.0675252,2.3514,2.33083
0.95,1,0.420348,-0.0550048,2.38723,2.35268
0.97,1,0.444985,-0.0324657,2.42382,2.38643
0.99,1,0.472251,-0.00653314,2.49354,2.42217
