x,rho,E,F,T,Tr
0.01,1,0.571523,0.0772922,2.41605,2.5405
0.03,1,0.462945,-0.00880308,2.27363,2.41015
0.05,1,0.372509,-0.0982722,2.16249,2.28268
0.07,1,0.3056,-0.166239,2.11114,2.17245
0.09,1,0.273216,-0.201183,2.12219,2.11246
0.11,1,0.280385,-0.197501,2.20323,2.12618
0.13,1,0.324373,-0.157567,2.31559,2.20507
0.15,1,0.394656,-0.0909312,2.42871,2.31588
0.17,1,0.476335,-0.0118236,2.52298,2.42739
0.19,1,0.552437,0.0635866,2.61014,2.51902
0.21,1,0.61009,0.121912,2.60349,2.58232
0.23,1,0.642187,0.157091,2.597,2.61563
0.25,1,0.643604,0.161828,2.59105,2.61707
0.27,1,0.615363,0.137909,2.5355,2.58788
0.29,1,0.566067,0.0916151,2.45934,2.53442
0.31,1,0.503211,0.031629,2.37308,2.46093
0.33,1,0.438178,-0.0324216,2.29042,2.37725
0.35,1,0.381647,-0.0886851,2.23206,2.29655
0.37,1,0.344775,-0.127215,2.23981,2.23896
0.39,1,0.333249,-0.140651,2.24685,2.22
0.41,1,0.350861,-0.125653,2.31052,2.24877
0.43,1,0.391255,-0.0875419,2.3872,2.31088
0.45,1,0.444999,-0.0359987,2.46071,2.38644
0.47,1,0.499604,0.018068,2.56335,2.45651
0.49,1,0.545132,0.0628931,2.55838,2.51065
0.51,1,0.574365,0.0939918,2.55359,2.54366
0.53,1,0.586366,0.107505,2.54951,2.55684
0.55,1,0.579567,0.102939,2.47989,2.5494
0.57,1,0.555836,0.0812836,2.47722,2.52289
0.59,1,0.517162,0.0440597,2.42182,2.47781
0.61,1,0.473835,0.00164174,2.36295,2.4242
0.63,1,0.431749,-0.0400923,2.28665,2.36848
0.65,1,0.398911,-0.0734292,2.29235,2.3221
0.67,1,0.380784,-0.0928059,2.29712,2.29526
0.69,1,0.38163,-0.0931877,2.32672,2.29653
0.71,1,0.400587,-0.075728,2.42297,2.32453
0.73,1,0.433758,-0.0438068,2.42498,2.37123
0.75,1,0.471349,-0.00667968,2.51569,2.42101
0.77,1,0.504978,0.0268125,2.48943,2.46309
0.79,1,0.530487,0.0530609,2.48565,2.49362
0.81,1,0.545615,0.0688006,2.48176,2.51121
0.83,1,0.548011,0.0724435,2.47857,2.51396
0.85,1,0.538393,0.0631151,2.47641,2.50286
0.87,1,0.518304,0.0438784,2.40317,2.47918
0.89,1,0.491093,0.0168589,2.40384,2.44598
0.91,1,0.461851,-0.0127569,2.33708,2.40872
0.93,1,0.43626,-0.038495,2.36398,2.37464
0.95,1,0.417971,-0.0576805,2.36849,2.34935
0.97,1,0.410889,-0.065114,2.34969,2.33934
0.99,1,0.416941,-0.0592858,2.40614,2.3479
