x,rho,E,F,T,Tr
0.01,1,0.345875,-0.136501,2.10647,2.24074
0.03,1,0.280081,-0.191955,2.1089,2.1256
0.05,1,0.259326,-0.216468,2.12123,2.08508
0.07,1,0.28016,-0.200214,2.22375,2.12575
0.09,1,0.337021,-0.148215,2.3476,2.22626
0.11,1,0.417193,-0.0721353,2.46335,2.34826
0.13,1,0.503998,0.0123377,2.55377,2.46189
0.15,1,0.580695,0.0886049,2.60591,2.55064
0.17,1,0.634433,0.144618,2.59953,2.6077
0.19,1,0.658861,0.172897,2.59295,2.63245
0.21,1,0.649297,0.168359,2.58619,2.62284
0.23,1,0.610281,0.134152,2.51885,2.58252
0.25,1,0.551118,0.0793884,2.43246,2.51752
0.27,1,0.481862,0.0127042,2.3368,2.4344
0.29,1,0.414319,-0.0539019,2.22913,2.3442
0.31,1,0.360506,-0.108666,2.23646,2.26407
0.33,1,0.329434,-0.142228,2.24431,2.21362
0.35,1,0.327402,-0.147837,2.25252,2.2102
0.37,1,0.355135,-0.123531,2.32849,2.25559
0.39,1,0.404237,-0.0779775,2.41048,2.32981
0.41,1,0.462998,-0.0214947,2.48179,2.41022
0.43,1,0.518989,0.0332146,2.53295,2.48
0.45,1,0.562306,0.0776615,2.52902,2.5302
0.47,1,0.589726,0.107673,2.52482,2.5605
0.49,1,0.596032,0.117281,2.55138,2.56731
0.51,1,0.580588,0.104793,2.46643,2.55052
0.53,1,0.547444,0.0754098,2.46262,2.51331
0.55,1,0.504408,0.03451,2.39938,2.46239
0.57,1,0.457784,-0.0108007,2.31276,2.4034
0.59,1,0.415928,-0.0530319,2.31708,2.34648
0.61,1,0.385378,-0.0853214,2.32113,2.30215
0.63,1,0.372009,-0.101034,2.29324,2.28192
0.65,1,0.379926,-0.0959718,2.3819,2.29396
0.67,1,0.407183,-0.0717298,2.43844,2.33404
0.69,1,0.445353,-0.0361353,2.48507,2.38692
0.71,1,0.485006,0.00248254,2.51241,2.43836
0.73,1,0.518591,0.0362134,2.48091,2.47952
0.75,1,0.542417,0.0619008,2.47902,2.50752
0.77,1,0.554553,0.0763322,2.47627,2.52143
0.79,1,0.551707,0.0764941,2.47267,2.51819
0.81,1,0.535595,0.0629298,2.46883,2.4996
0.83,1,0.51056,0.0400087,2.3901,2.46986
0.85,1,0.479925,0.0106509,2.38895,2.43195
0.87,1,0.449276,-0.0202784,2.33829,2.39216
0.89,1,0.424517,-0.0459366,2.34078,2.3585
0.91,1,0.40879,-0.0640515,2.34458,2.33634
0.93,1,0.406554,-0.0686997,2.34936,2.33314
0.95,1,0.418744,-0.0593447,2.41493,2.35044
0.97,1,0.440688,-0.0395789,2.41786,2.38064
0.99,1,0.468032,-0.0135008,2.47641,2.41674
