x,rho,E,F,T,Tr
0.01,1,0.663051,0.16052,2.54578,2.63662
0.03,1,0.565891,0.0909933,2.4154,2.53422
0.05,1,0.469917,-0.00154416,2.28703,2.41917
0.07,1,0.380695,-0.0893956,2.17637,2.29512
0.09,1,0.313115,-0.15741,2.11731,2.18568
0.11,1,0.278735,-0.193957,2.12719,2.12305
0.13,1,0.282887,-0.192998,2.20193,2.13091
0.15,1,0.323476,-0.156175,2.3097,2.20355
0.17,1,0.390834,-0.0928272,2.42015,2.31025
0.19,1,0.470131,-0.0163447,2.51504,2.41945
0.21,1,0.54541,0.0574316,2.62517,2.51097
0.23,1,0.602844,0.115259,2.61957,2.57462
0.25,1,0.634899,0.149635,2.61447,2.60818
0.27,1,0.639296,0.157102,2.54193,2.61268
0.29,1,0.615236,0.137199,2.53715,2.58775
0.31,1,0.567313,0.0924706,2.46432,2.53581
0.33,1,0.506743,0.0351396,2.38067,2.46524
0.35,1,0.443281,-0.0270899,2.29893,2.38414
0.37,1,0.386985,-0.0823756,2.2346,2.30454
0.39,1,0.349241,-0.121126,2.24165,2.24617
0.41,1,0.33592,-0.135936,2.24752,2.22444
0.43,1,0.351224,-0.123296,2.30735,2.24935
0.45,1,0.389211,-0.0875146,2.38163,2.30785
0.47,1,0.440998,-0.0380848,2.45191,2.38106
0.49,1,0.494865,0.0142117,2.55966,2.45066
0.51,1,0.540052,0.0587639,2.55497,2.50478
0.53,1,0.56998,0.0891745,2.55094,2.53879
0.55,1,0.582877,0.103349,2.54762,2.55303
0.57,1,0.577984,0.100323,2.48209,2.54765
0.59,1,0.55602,0.0804942,2.47966,2.5231
0.61,1,0.518816,0.0451805,2.42629,2.47979
0.63,1,0.476733,0.00448903,2.36839,2.4279
0.65,1,0.435017,-0.0359731,2.29059,2.37295
0.67,1,0.402038,-0.0689927,2.29534,2.32664
0.69,1,0.382923,-0.0879347,2.2989,2.29847
0.71,1,0.382324,-0.0900229,2.36821,2.29757
0.73,1,0.398907,-0.0742885,2.37033,2.32209
0.75,1,0.431019,-0.0436716,2.46159,2.36748
0.77,1,0.467569,-0.00865782,2.5132,2.41615
0.79,1,0.50147,0.0243135,2.50913,2.4588
0.81,1,0.527278,0.0496663,2.48405,2.48984
0.83,1,0.543145,0.0653717,2.48098,2.50836
0.85,1,0.546624,0.0695434,2.47903,2.51237
0.87,1,0.538113,0.0612726,2.47775,2.50253
0.89,1,0.519055,0.0434655,2.4086,2.48008
0.91,1,0.492664,0.0178607,2.40769,2.44793
0.93,1,0.463872,-0.00995542,2.33914,2.41135
0.95,1,0.43797,-0.035047,2.36433,2.37696
0.97,1,0.419067,-0.0533901,2.36798,2.35089
0.99,1,0.410734,-0.0613703,2.37004,2.33912
