x,rho,E,F,T,Tr
0.01,1,0.3982,-0.0853061,2.18324,2.32106
0.03,1,0.313494,-0.156852,2.08001,2.18635
0.05,1,0.2695,-0.203666,2.09171,2.10524
0.07,1,0.265814,-0.211407,2.16238,2.098
0.09,1,0.301874,-0.179967,2.27586,2.1658
0.11,1,0.368994,-0.117181,2.39711,2.27728
0.13,1,0.452701,-0.0368741,2.50252,2.3967
0.15,1,0.536055,0.0452233,2.57989,2.50014
0.17,1,0.603443,0.113353,2.63743,2.57526
0.19,1,0.643692,0.156536,2.63147,2.61716
0.21,1,0.65459,0.171573,2.56539,2.62817
0.23,1,0.633926,0.156086,2.55901,2.60718
0.25,1,0.585972,0.11227,2.48397,2.55641
0.27,1,0.52248,0.0524055,2.3945,2.48416
0.29,1,0.453746,-0.0148604,2.30216,2.39809
0.31,1,0.391081,-0.0773197,2.20669,2.31062
0.33,1,0.346231,-0.123837,2.21469,2.24132
0.35,1,0.326752,-0.145913,2.22293,2.2091
0.37,1,0.337457,-0.13888,2.28315,2.22698
0.39,1,0.374077,-0.105165,2.36287,2.28508
0.41,1,0.42793,-0.0545728,2.44104,2.36322
0.43,1,0.486046,0.00265339,2.50553,2.43967
0.45,1,0.537445,0.0535664,2.57016,2.50176
0.47,1,0.572758,0.0907636,2.56562,2.54188
0.49,1,0.590402,0.111,2.56091,2.56123
0.51,1,0.588417,0.112293,2.49765,2.55907
0.53,1,0.567272,0.0944004,2.49324,2.53577
0.55,1,0.52937,0.0589415,2.43717,2.49231
0.57,1,0.485102,0.0159502,2.37629,2.43848
0.59,1,0.439879,-0.0287362,2.27396,2.37955
0.61,1,0.402229,-0.0672457,2.27894,2.32691
0.63,1,0.379457,-0.0921575,2.28435,2.29325
0.65,1,0.374473,-0.0992409,2.3513,2.28569
0.67,1,0.389695,-0.0873542,2.35612,2.30857
0.69,1,0.422021,-0.056832,2.4103,2.35502
0.71,1,0.461,-0.0194402,2.50233,2.40761
0.73,1,0.498413,0.0178405,2.52095,2.45504
0.75,1,0.527592,0.0480079,2.51825,2.49021
0.77,1,0.546135,0.0684958,2.5146,2.51181
0.79,1,0.551738,0.0767682,2.5106,2.51823
0.81,1,0.544154,0.0713227,2.45462,2.50953
0.83,1,0.524975,0.0545548,2.41338,2.48712
0.85,1,0.497327,0.0279155,2.41186,2.4537
0.87,1,0.466988,-0.00226152,2.34688,2.41539
0.89,1,0.438732,-0.0314748,2.34896,2.378
0.91,1,0.417708,-0.0540595,2.35232,2.34898
0.93,1,0.407415,-0.0668136,2.35689,2.33437
0.95,1,0.410651,-0.0656738,2.36159,2.339
0.97,1,0.426744,-0.0516306,2.42963,2.36158
0.99,1,0.451005,-0.0286334,2.43148,2.39446
