x,rho,E,F,T,Tr
0.01,1,0.269707,-0.220479,2.21438,2.10564
0.03,1,0.325029,-0.159922,2.33911,2.20619
0.05,1,0.411123,-0.0782362,2.46473,2.33967
0.07,1,0.505429,0.0129169,2.563,2.46364
0.09,1,0.589517,0.0960187,2.61998,2.56027
0.11,1,0.649206,0.156961,2.613,2.62275
0.13,1,0.676187,0.187382,2.60653,2.64959
0.15,1,0.666206,0.182281,2.60031,2.63976
0.17,1,0.623911,0.144924,2.52803,2.59682
0.19,1,0.559327,0.0850119,2.43473,2.52684
0.21,1,0.483742,0.0126046,2.33069,2.43677
0.23,1,0.409997,-0.0590818,2.21299,2.33806
0.25,1,0.351229,-0.117665,2.2214,2.24936
0.27,1,0.317377,-0.153235,2.22875,2.19308
0.29,1,0.314768,-0.158736,2.23594,2.18856
0.31,1,0.344261,-0.132556,2.31826,2.23812
0.33,1,0.396924,-0.0834241,2.40731,2.3192
0.35,1,0.460615,-0.0225681,2.48466,2.40711
0.37,1,0.521705,0.0365499,2.54131,2.48323
0.39,1,0.569683,0.0845624,2.53628,2.53846
0.41,1,0.600656,0.116235,2.58156,2.57228
0.43,1,0.607999,0.126395,2.52797,2.5801
0.45,1,0.591627,0.112595,2.52402,2.56256
0.47,1,0.555574,0.08005,2.46792,2.52259
0.49,1,0.508947,0.0359491,2.39946,2.46791
0.51,1,0.457818,-0.0127916,2.30366,2.40345
0.53,1,0.411721,-0.0580804,2.3097,2.34052
0.55,1,0.37759,-0.0918395,2.31449,2.29043
0.57,1,0.362639,-0.108456,2.31851,2.26741
0.59,1,0.370277,-0.102446,2.3222,2.27926
0.61,1,0.399804,-0.0759861,2.38027,2.3234
0.63,1,0.440707,-0.037015,2.43959,2.38067
0.65,1,0.484273,0.00428549,2.51935,2.43744
0.67,1,0.521153,0.0398306,2.51532,2.48258
0.69,1,0.548512,0.0672423,2.51216,2.51454
0.71,1,0.56291,0.0818328,2.5098,2.53088
0.73,1,0.560327,0.0811121,2.47692,2.52797
0.75,1,0.543458,0.0659446,2.47508,2.50872
0.77,1,0.516542,0.041197,2.38982,2.47707
0.79,1,0.48256,0.00928697,2.38948,2.43528
0.81,1,0.448705,-0.0228632,2.33323,2.3914
0.83,1,0.420833,-0.0500009,2.33686,2.35336
0.85,1,0.402286,-0.0682697,2.33908,2.32699
0.87,1,0.398597,-0.0725074,2.37318,2.32164
0.89,1,0.410905,-0.0617138,2.41249,2.33936
0.91,1,0.434739,-0.0397228,2.41335,2.37257
0.93,1,0.464261,-0.0120475,2.48257,2.41186
0.95,1,0.491889,0.0137463,2.4787,2.44697
0.97,1,0.514867,0.0354312,2.47569,2.47506
0.99,1,0.530044,0.0499151,2.47406,2.4931
