x,rho,E,F,T,Tr
0.01,1,0.707561,0.199777,2.61824,2.6798
0.03,1,0.630706,0.152566,2.50805,2.60386
0.05,1,0.542864,0.0700833,2.38738,2.50804
0.07,1,0.448913,-0.0207784,2.25904,2.39167
0.09,1,0.364835,-0.103612,2.1244,2.27083
0.11,1,0.304952,-0.164205,2.13456,2.1713
0.13,1,0.279196,-0.192629,2.14404,2.12392
0.15,1,0.291743,-0.183462,2.22729,2.14739
0.17,1,0.338673,-0.140686,2.33569,2.22898
0.19,1,0.408654,-0.0744166,2.44173,2.33615
0.21,1,0.487047,0.000942116,2.52748,2.44092
0.23,1,0.557524,0.0703946,2.59297,2.5248
0.25,1,0.609006,0.122244,2.58697,2.58117
0.27,1,0.635615,0.151566,2.58161,2.60892
0.29,1,0.632497,0.151736,2.57649,2.60571
0.31,1,0.601787,0.125442,2.52016,2.57349
0.33,1,0.552295,0.0793755,2.44524,2.51886
0.35,1,0.491428,0.0214234,2.3625,2.44639
0.37,1,0.429792,-0.0385917,2.2417,2.36579
0.39,1,0.377668,-0.089682,2.24858,2.29055
0.41,1,0.345585,-0.123263,2.25478,2.24027
0.43,1,0.338302,-0.132089,2.26036,2.22837
0.45,1,0.35919,-0.114149,2.32366,2.262
0.47,1,0.400475,-0.0753677,2.39737,2.32437
0.49,1,0.4531,-0.0256376,2.46523,2.39723
0.51,1,0.5046,0.0244635,2.5509,2.46263
0.53,1,0.546031,0.0646738,2.54663,2.51169
0.55,1,0.572361,0.0921147,2.54318,2.54143
0.57,1,0.581284,0.102104,2.54016,2.55128
0.59,1,0.571449,0.0947017,2.4694,2.54042
0.61,1,0.546387,0.071967,2.46712,2.5121
0.63,1,0.508133,0.0361855,2.41334,2.46692
0.65,1,0.46611,-0.00399287,2.35787,2.41426
0.67,1,0.426501,-0.0425135,2.29619,2.36125
0.69,1,0.396478,-0.071763,2.29988,2.31855
0.71,1,0.381225,-0.0877451,2.33099,2.29592
0.73,1,0.38481,-0.0853709,2.33363,2.3013
0.75,1,0.405565,-0.0665123,2.42583,2.33172
0.77,1,0.438727,-0.0356284,2.42671,2.37799
0.79,1,0.475024,-0.0010224,2.48159,2.42572
0.81,1,0.506806,0.0292757,2.47759,2.46531
0.83,1,0.53044,0.0523165,2.47432,2.49356
0.85,1,0.543602,0.0654374,2.47228,2.50889
0.87,1,0.544331,0.0670215,2.47113,2.50973
0.89,1,0.532914,0.0567915,2.46993,2.49647
0.91,1,0.512087,0.0375238,2.39954,2.47171
0.93,1,0.484974,0.0122743,2.39935,2.43832
0.95,1,0.456009,-0.0150675,2.34525,2.40107
0.97,1,0.431886,-0.0377969,2.34841,2.36867
0.99,1,0.414859,-0.0540819,2.35004,2.34497
