x,rho,E,F,T,Tr
0.01,1,0.269166,-0.212516,2.12823,2.10459
0.03,1,0.25362,-0.222502,2.13049,2.07352
0.05,1,0.284938,-0.196122,2.24631,2.13476
0.07,1,0.350817,-0.135337,2.37528,2.2487
0.09,1,0.437039,-0.0532174,2.48989,2.3757
0.11,1,0.52611,0.0333124,2.57653,2.48846
0.13,1,0.600803,0.108093,2.64897,2.57244
0.15,1,0.649705,0.159216,2.64352,2.62326
0.17,1,0.666491,0.180263,2.58372,2.64004
0.19,1,0.649125,0.16812,2.57719,2.62267
0.21,1,0.602115,0.126285,2.50212,2.57384
0.23,1,0.536919,0.0655762,2.40961,2.50114
0.25,1,0.464332,-0.00441636,2.31374,2.41195
0.27,1,0.396706,-0.070919,2.24086,2.31888
0.29,1,0.34611,-0.122261,2.24777,2.24112
0.31,1,0.320573,-0.150249,2.25497,2.19858
0.33,1,0.326013,-0.148502,2.26231,2.20785
0.35,1,0.361151,-0.117087,2.34473,2.26508
0.37,1,0.415861,-0.0666042,2.4288,2.34638
0.39,1,0.477488,-0.00735124,2.50029,2.42886
0.41,1,0.533612,0.0475267,2.57938,2.49728
0.43,1,0.574608,0.0890838,2.57578,2.54393
0.45,1,0.597126,0.113863,2.57184,2.56849
0.47,1,0.598388,0.11851,2.51161,2.56985
0.49,1,0.578429,0.102389,2.50705,2.54814
0.51,1,0.540197,0.0678449,2.44972,2.50495
0.53,1,0.49374,0.0243368,2.38537,2.44927
0.55,1,0.445469,-0.0225061,2.32475,2.38707
0.57,1,0.403611,-0.0639497,2.27002,2.32891
0.59,1,0.376259,-0.0925823,2.27391,2.28841
0.61,1,0.367625,-0.103567,2.33477,2.27516
0.63,1,0.380496,-0.0938967,2.33969,2.29482
0.65,1,0.412677,-0.0648628,2.44912,2.34188
0.67,1,0.453707,-0.0268928,2.45108,2.39803
0.69,1,0.494367,0.0124282,2.5076,2.45004
0.71,1,0.527723,0.0448935,2.50523,2.49036
0.73,1,0.549411,0.0680223,2.50299,2.51557
0.75,1,0.558488,0.0788196,2.51986,2.52589
0.77,1,0.552158,0.0755321,2.4652,2.5187
0.79,1,0.533112,0.0594346,2.46191,2.4967
0.81,1,0.504791,0.0335853,2.37967,2.46286
0.83,1,0.471912,0.00305925,2.34039,2.42174
0.85,1,0.440748,-0.0273985,2.34281,2.38072
0.87,1,0.416761,-0.0516981,2.34475,2.34765
0.89,1,0.402888,-0.0670199,2.34712,2.32786
0.91,1,0.403894,-0.0683181,2.3505,2.32932
0.93,1,0.419334,-0.0557447,2.42067,2.35126
0.95,1,0.444991,-0.0332815,2.47428,2.38643
0.97,1,0.473528,-0.00719936,2.49669,2.42381
0.99,1,0.498976,0.0170046,2.46956,2.45573
