x,rho,E,F,T,Tr
0.01,1,0.543985,0.0548347,2.37817,2.50933
0.03,1,0.435735,-0.0325037,2.23374,2.37393
0.05,1,0.349475,-0.118218,2.10973,2.24655
0.07,1,0.290666,-0.178616,2.12161,2.14541
0.09,1,0.268188,-0.204129,2.13287,2.10267
0.11,1,0.285761,-0.190312,2.22673,2.1363
0.13,1,0.338124,-0.141875,2.34305,2.22808
0.15,1,0.413355,-0.0701234,2.45331,2.34284
0.17,1,0.495442,0.010098,2.54052,2.45137
0.19,1,0.568392,0.0826696,2.59685,2.53702
0.21,1,0.620198,0.136098,2.5901,2.59295
0.23,1,0.645269,0.164026,2.58353,2.61877
0.25,1,0.638046,0.161148,2.5777,2.61141
0.27,1,0.602994,0.129853,2.51502,2.57478
0.29,1,0.548468,0.0788471,2.43416,2.51449
0.31,1,0.483631,0.0159891,2.34338,2.43663
0.33,1,0.419284,-0.0473881,2.23275,2.35119
0.35,1,0.367042,-0.100173,2.24099,2.27426
0.37,1,0.335843,-0.133114,2.24883,2.22431
0.39,1,0.331616,-0.139459,2.25594,2.21728
0.41,1,0.356324,-0.117459,2.3259,2.25747
0.43,1,0.401567,-0.0744853,2.40352,2.32595
0.45,1,0.456938,-0.0208795,2.47169,2.40229
0.47,1,0.509784,0.0316436,2.55603,2.46893
0.49,1,0.551588,0.0735438,2.55099,2.51805
0.51,1,0.578365,0.102286,2.54589,2.54807
0.53,1,0.585665,0.111645,2.54151,2.55608
0.55,1,0.572543,0.100772,2.46232,2.54164
0.57,1,0.543333,0.0736258,2.45971,2.50858
0.59,1,0.503153,0.0347151,2.4003,2.46086
0.61,1,0.459348,-0.00840796,2.31035,2.40545
0.63,1,0.419306,-0.0487802,2.28554,2.35123
0.65,1,0.389044,-0.0795528,2.29126,2.3076
0.67,1,0.375029,-0.0951701,2.32943,2.28653
0.69,1,0.380936,-0.0906949,2.33355,2.29549
0.71,1,0.405048,-0.067659,2.43064,2.33098
0.73,1,0.439936,-0.0341259,2.48152,2.37963
0.75,1,0.477193,0.00297887,2.4795,2.42848
0.77,1,0.509448,0.0354863,2.47661,2.46852
0.79,1,0.532543,0.0596571,2.47275,2.49603
0.81,1,0.545136,0.0732409,2.4688,2.51066
0.83,1,0.544087,0.0734389,2.46562,2.50945
0.85,1,0.530366,0.0605184,2.46361,2.49348
0.87,1,0.507952,0.0384443,2.38866,2.4667
0.89,1,0.479973,0.0106692,2.38964,2.43201
0.91,1,0.450661,-0.0192696,2.33625,2.394
0.93,1,0.426523,-0.0438283,2.34109,2.36128
0.95,1,0.410637,-0.0607844,2.34578,2.33898
0.97,1,0.406904,-0.065137,2.34916,2.33364
0.99,1,0.41657,-0.0558993,2.41056,2.34738
