x,rho,E,F,T,Tr
0.01,1,0.631538,0.13202,2.49979,2.60472
0.03,1,0.527647,0.0539894,2.36196,2.49028
0.05,1,0.431496,-0.0397991,2.23418,2.36813
0.07,1,0.3487,-0.122035,2.12742,2.2453
0.09,1,0.29345,-0.178667,2.13875,2.15053
0.11,1,0.274144,-0.200745,2.14909,2.11425
0.13,1,0.294257,-0.184308,2.24257,2.152
0.15,1,0.347709,-0.134618,2.35586,2.2437
0.17,1,0.422534,-0.0634791,2.46178,2.35574
0.19,1,0.502643,0.0145348,2.54462,2.46023
0.21,1,0.572713,0.0839452,2.59056,2.54183
0.23,1,0.621452,0.134268,2.58417,2.59426
0.25,1,0.643794,0.159257,2.57824,2.61727
0.27,1,0.634807,0.153977,2.57278,2.60809
0.29,1,0.598891,0.12166,2.51052,2.57039
0.31,1,0.54475,0.070852,2.43112,2.51021
0.33,1,0.481106,0.00935291,2.34396,2.43345
0.35,1,0.418792,-0.0518396,2.24741,2.3505
0.37,1,0.368806,-0.101588,2.2553,2.27699
0.39,1,0.33999,-0.131964,2.26233,2.23115
0.41,1,0.337956,-0.136062,2.26823,2.2278
0.43,1,0.363883,-0.112482,2.33722,2.26935
0.45,1,0.409335,-0.0694148,2.41218,2.33712
0.47,1,0.463721,-0.0168627,2.47842,2.41116
0.49,1,0.515099,0.0334027,2.55338,2.47534
0.51,1,0.554889,0.073183,2.54829,2.52181
0.53,1,0.580197,0.0996525,2.54401,2.55009
0.55,1,0.586098,0.106879,2.54034,2.55655
0.57,1,0.572081,0.0948567,2.4613,2.54112
0.59,1,0.542775,0.0675096,2.45944,2.50794
0.61,1,0.502677,0.0292567,2.40216,2.46028
0.63,1,0.459837,-0.0126126,2.34966,2.40609
0.65,1,0.421107,-0.0510133,2.29729,2.35375
0.67,1,0.392518,-0.0799031,2.30225,2.31274
0.69,1,0.379668,-0.0930709,2.33983,2.29357
0.71,1,0.386932,-0.0873796,2.38996,2.30447
0.73,1,0.411427,-0.0639064,2.39146,2.3401
0.75,1,0.446346,-0.030255,2.48223,2.38825
0.77,1,0.482482,0.00506504,2.47935,2.43518
0.79,1,0.513681,0.0358159,2.47566,2.47363
0.81,1,0.536087,0.0584069,2.47176,2.50017
0.83,1,0.547921,0.0704962,2.4686,2.51386
0.85,1,0.546275,0.0693933,2.46661,2.51197
0.87,1,0.532128,0.0557911,2.46562,2.49555
0.89,1,0.509584,0.0337711,2.39319,2.46868
0.91,1,0.481881,0.00679665,2.39427,2.43442
0.93,1,0.453189,-0.0216782,2.34738,2.39735
0.95,1,0.429853,-0.0445436,2.35206,2.36587
0.97,1,0.414474,-0.0598022,2.35545,2.34442
0.99,1,0.41146,-0.0627082,2.35718,2.34015
