x,rho,E,F,T,Tr
0.01,1,0.632954,0.13366,2.50182,2.60618
0.03,1,0.529325,0.0559584,2.36424,2.49225
0.05,1,0.433079,-0.0378229,2.23594,2.3703
0.07,1,0.349881,-0.120371,2.12576,2.2472
0.09,1,0.294036,-0.177592,2.13704,2.1516
0.11,1,0.273989,-0.200412,2.14737,2.11395
0.13,1,0.293322,-0.184683,2.24015,2.15029
0.15,1,0.346178,-0.135557,2.35329,2.24123
0.17,1,0.420731,-0.0647652,2.45953,2.35322
0.19,1,0.500774,0.0133244,2.54299,2.45794
0.21,1,0.571154,0.0829238,2.59115,2.54009
0.23,1,0.62034,0.133568,2.58478,2.5931
0.25,1,0.643243,0.159105,2.5788,2.61671
0.27,1,0.634827,0.154405,2.57337,2.60811
0.29,1,0.599396,0.122582,2.51151,2.57093
0.31,1,0.545535,0.0721274,2.43231,2.51112
0.33,1,0.481963,0.0107859,2.34492,2.43453
0.35,1,0.419554,-0.0505066,2.24571,2.35157
0.37,1,0.369258,-0.100529,2.25357,2.27769
0.39,1,0.339954,-0.131386,2.26059,2.23109
0.41,1,0.337315,-0.135955,2.26651,2.22674
0.43,1,0.362825,-0.112958,2.33511,2.2677
0.45,1,0.407972,-0.070227,2.41027,2.33517
0.47,1,0.462314,-0.0178034,2.47691,2.40933
0.49,1,0.513683,0.0327541,2.55326,2.47363
0.51,1,0.553751,0.0727263,2.5483,2.52052
0.53,1,0.579374,0.0993621,2.54386,2.54918
0.55,1,0.585661,0.106982,2.54031,2.55607
0.57,1,0.572012,0.0953285,2.46186,2.54105
0.59,1,0.542993,0.0682779,2.45996,2.50819
0.61,1,0.503072,0.0302267,2.40257,2.46076
0.63,1,0.460224,-0.0116316,2.34985,2.4066
0.65,1,0.421264,-0.05022,2.29614,2.35397
0.67,1,0.392456,-0.0793143,2.30109,2.31265
0.69,1,0.379251,-0.0928076,2.33833,2.29294
0.71,1,0.386151,-0.0874776,2.38839,2.3033
0.73,1,0.410376,-0.0642682,2.38991,2.33861
0.75,1,0.445137,-0.030793,2.48241,2.38663
0.77,1,0.481256,0.00449087,2.47951,2.43364
0.79,1,0.512729,0.0354857,2.47579,2.47248
0.81,1,0.535164,0.05809,2.47187,2.4991
0.83,1,0.547167,0.0703331,2.4687,2.51299
0.85,1,0.545781,0.0694812,2.46671,2.5114
0.87,1,0.531959,0.056206,2.4657,2.49535
0.89,1,0.509637,0.0344174,2.39314,2.46875
0.91,1,0.481923,0.00745481,2.3942,2.43448
0.93,1,0.453158,-0.0210678,2.34617,2.39731
0.95,1,0.429671,-0.0440575,2.35084,2.36562
0.97,1,0.414096,-0.0594922,2.35422,2.34389
0.99,1,0.410821,-0.062647,2.35594,2.33924
