x,rho,E,F,T,Tr
0.01,1,0.588797,0.0725648,2.66847,2.55949
0.03,1,0.653893,0.159367,2.6494,2.62747
0.05,1,0.693814,0.203808,2.64144,2.66669
0.07,1,0.693555,0.208933,2.63352,2.66644
0.09,1,0.655194,0.176692,2.56165,2.62878
0.11,1,0.588753,0.115387,2.46342,2.55944
0.13,1,0.506526,0.0369748,2.3511,2.46497
0.15,1,0.42328,-0.0447089,2.244,2.35678
0.17,1,0.353115,-0.115169,2.17446,2.25237
0.19,1,0.308575,-0.161906,2.18433,2.17772
0.21,1,0.296598,-0.177282,2.1942,2.15627
0.23,1,0.320101,-0.157659,2.28007,2.19777
0.25,1,0.37198,-0.109842,2.37977,2.28187
0.27,1,0.439889,-0.0446074,2.47171,2.37956
0.29,1,0.509304,0.0233349,2.56818,2.46834
0.31,1,0.566889,0.0813577,2.56301,2.53534
0.33,1,0.60609,0.12263,2.55751,2.57808
0.35,1,0.621105,0.141217,2.55175,2.5939
0.37,1,0.609018,0.132994,2.54613,2.58118
0.39,1,0.574277,0.101995,2.48798,2.54356
0.41,1,0.525296,0.0560114,2.41626,2.4875
0.43,1,0.469379,0.00161726,2.34164,2.41848
0.45,1,0.416236,-0.0515766,2.2759,2.34691
0.47,1,0.375198,-0.0937286,2.28189,2.28679
0.49,1,0.353219,-0.118155,2.28872,2.25254
0.51,1,0.355606,-0.118688,2.29529,2.25634
0.53,1,0.382322,-0.0948952,2.35794,2.29757
0.55,1,0.424481,-0.055025,2.42364,2.35845
0.57,1,0.472756,-0.00847103,2.47941,2.42282
0.59,1,0.515977,0.0350656,2.53354,2.47639
0.61,1,0.548295,0.0681579,2.52974,2.51429
0.63,1,0.567154,0.0897589,2.52545,2.53564
0.65,1,0.56883,0.0937853,2.52098,2.53751
0.67,1,0.553734,0.081616,2.44763,2.5205
0.69,1,0.526714,0.0569331,2.39598,2.48917
0.71,1,0.490454,0.0221866,2.3927,2.44518
0.73,1,0.45349,-0.0149434,2.30966,2.39775
0.75,1,0.421051,-0.0479591,2.3135,2.35367
0.77,1,0.39854,-0.0726459,2.31835,2.32156
0.79,1,0.390659,-0.0826124,2.32372,2.31
0.81,1,0.400412,-0.0755099,2.39888,2.32428
0.83,1,0.424132,-0.0539618,2.4019,2.35796
0.85,1,0.45549,-0.023601,2.46593,2.40039
0.87,1,0.486214,0.00673251,2.46492,2.43988
0.89,1,0.512078,0.0339623,2.464,2.4717
0.91,1,0.529735,0.0533612,2.46234,2.49273
0.93,1,0.537345,0.0634423,2.4836,2.50164
0.95,1,0.533295,0.0614248,2.47975,2.49691
0.97,1,0.51874,0.0488448,2.422,2.4797
0.99,1,0.497741,0.0289617,2.42017,2.45421
