x,rho,E,F,T,Tr
0.01,1,0.616847,0.119779,2.47913,2.58944
0.03,1,0.511049,0.0390362,2.33921,2.47046
0.05,1,0.415535,-0.0542468,2.21554,2.34592
0.07,1,0.336246,-0.133533,2.13772,2.22498
0.09,1,0.286264,-0.185182,2.14887,2.13724
0.11,1,0.273332,-0.201041,2.15933,2.11268
0.13,1,0.29959,-0.178376,2.25898,2.16169
0.15,1,0.357898,-0.124109,2.37337,2.25996
0.17,1,0.435042,-0.0501914,2.47817,2.37298
0.19,1,0.51463,0.0274404,2.58817,2.47477
0.21,1,0.581645,0.0942604,2.58134,2.55168
0.23,1,0.627258,0.141648,2.57498,2.6003
0.25,1,0.644675,0.161966,2.56902,2.61816
0.27,1,0.630725,0.15181,2.56371,2.60388
0.29,1,0.590672,0.115444,2.49769,2.56152
0.31,1,0.533985,0.061957,2.41597,2.49772
0.33,1,0.469638,-0.000621533,2.33029,2.41881
0.35,1,0.408434,-0.0608727,2.25583,2.33583
0.37,1,0.361519,-0.108234,2.26352,2.26566
0.39,1,0.336396,-0.1348,2.27056,2.22523
0.41,1,0.339075,-0.134437,2.27646,2.22964
0.43,1,0.368971,-0.106633,2.34859,2.27724
0.45,1,0.417192,-0.0610069,2.42428,2.34826
0.47,1,0.471584,-0.00798586,2.52032,2.42131
0.49,1,0.521268,0.0406197,2.5156,2.48271
0.51,1,0.559703,0.0794833,2.55996,2.52727
0.53,1,0.582401,0.103475,2.53938,2.55251
0.55,1,0.585124,0.107726,2.53549,2.55549
0.57,1,0.567894,0.092599,2.45112,2.53646
0.59,1,0.535718,0.0623337,2.4494,2.49974
0.61,1,0.495006,0.0226874,2.39244,2.45084
0.63,1,0.452076,-0.019071,2.29358,2.39588
0.65,1,0.414579,-0.0562811,2.29958,2.34457
0.67,1,0.387932,-0.0832925,2.34183,2.30595
0.69,1,0.378188,-0.0939487,2.3459,2.29133
0.71,1,0.388528,-0.0850485,2.34874,2.30684
0.73,1,0.415547,-0.05891,2.39742,2.34594
0.75,1,0.451124,-0.0245123,2.47482,2.39461
0.77,1,0.487252,0.0107709,2.47216,2.44118
0.79,1,0.516706,0.0404025,2.46865,2.47726
0.81,1,0.538306,0.0618564,2.46484,2.50276
0.83,1,0.547879,0.072473,2.46178,2.51381
0.85,1,0.544093,0.0687602,2.48833,2.50946
0.87,1,0.527922,0.053475,2.42174,2.4906
0.89,1,0.504134,0.0299732,2.42191,2.46206
0.91,1,0.475549,0.00192767,2.34467,2.42639
0.93,1,0.448072,-0.0253964,2.34936,2.39055
0.95,1,0.425579,-0.0477081,2.354,2.35997
0.97,1,0.41178,-0.061549,2.35748,2.3406
0.99,1,0.410981,-0.0623395,2.35929,2.33947
