x,rho,E,F,T,Tr
0.01,1,0.35453,-0.127642,2.09903,2.25463
0.03,1,0.285003,-0.186318,2.10136,2.13488
0.05,1,0.259881,-0.215046,2.11369,2.0862
0.07,1,0.276367,-0.20311,2.21142,2.11852
0.09,1,0.329727,-0.154584,2.33435,2.21411
0.11,1,0.407953,-0.0805273,2.45175,2.33515
0.13,1,0.494757,0.00366021,2.5454,2.45053
0.15,1,0.572877,0.0812795,2.61091,2.54201
0.17,1,0.629186,0.1394,2.6045,2.60229
0.19,1,0.656923,0.170962,2.59788,2.63051
0.21,1,0.650836,0.169905,2.59115,2.6244
0.23,1,0.61491,0.138557,2.52647,2.5874
0.25,1,0.557612,0.0859148,2.4422,2.5249
0.27,1,0.489234,0.0200405,2.34537,2.44366
0.29,1,0.420975,-0.046916,2.2221,2.35356
0.31,1,0.365148,-0.103421,2.22962,2.27132
0.33,1,0.331459,-0.139403,2.23754,2.21702
0.35,1,0.326161,-0.148092,2.24571,2.2081
0.37,1,0.351034,-0.126838,2.31948,2.24905
0.39,1,0.398185,-0.0831739,2.40181,2.32104
0.41,1,0.456471,-0.0273646,2.47503,2.40168
0.43,1,0.512779,0.0282956,2.53717,2.47254
0.45,1,0.557708,0.0735976,2.53329,2.52501
0.47,1,0.58684,0.105117,2.55822,2.55736
0.49,1,0.59546,0.116685,2.55326,2.5667
0.51,1,0.581929,0.10683,2.47226,2.55199
0.53,1,0.550924,0.0792527,2.46807,2.5173
0.55,1,0.508723,0.0394068,2.40474,2.46764
0.57,1,0.462303,-0.00578782,2.30684,2.40931
0.59,1,0.4195,-0.0487922,2.31068,2.3515
0.61,1,0.387688,-0.0823936,2.31543,2.30559
0.63,1,0.372351,-0.10007,2.29034,2.28244
0.65,1,0.378061,-0.0972721,2.37555,2.29114
0.67,1,0.403484,-0.0747689,2.37999,2.32872
0.69,1,0.44069,-0.0397453,2.4339,2.38065
0.71,1,0.480488,-0.00110991,2.48632,2.43266
0.73,1,0.514954,0.0333953,2.4845,2.47516
0.75,1,0.53944,0.0595669,2.48241,2.50407
0.77,1,0.552845,0.0751506,2.47951,2.51949
0.79,1,0.551528,0.0768653,2.47579,2.51799
0.81,1,0.536985,0.0648273,2.47187,2.50122
0.83,1,0.513034,0.0429955,2.39343,2.47285
0.85,1,0.482908,0.0141342,2.39217,2.43572
0.87,1,0.451907,-0.0170315,2.33496,2.39565
0.89,1,0.426341,-0.0434639,2.33751,2.36103
0.91,1,0.409626,-0.0625437,2.34135,2.33754
0.93,1,0.405818,-0.0687092,2.34617,2.33208
0.95,1,0.416548,-0.0607583,2.41041,2.34735
0.97,1,0.437631,-0.0418232,2.41346,2.3765
0.99,1,0.464438,-0.0162558,2.47796,2.41209
