x,rho,E,F,T,Tr
0.01,1,0.331229,-0.166951,2.35435,2.21663
0.03,1,0.414136,-0.0759993,2.47178,2.34394
0.05,1,0.510797,0.017943,2.5708,2.47015
0.07,1,0.596501,0.102893,2.62249,2.56782
0.09,1,0.656475,0.16463,2.61505,2.63006
0.11,1,0.682372,0.194121,2.60813,2.65563
0.13,1,0.670367,0.186925,2.6016,2.64387
0.15,1,0.625395,0.146804,2.52607,2.59836
0.17,1,0.557991,0.0838574,2.42939,2.52533
0.19,1,0.480047,0.00876446,2.32293,2.43211
0.21,1,0.405209,-0.0650589,2.20976,2.33121
0.23,1,0.346142,-0.124183,2.21887,2.24117
0.25,1,0.312962,-0.15927,2.2276,2.18542
0.27,1,0.311761,-0.162938,2.23514,2.18332
0.29,1,0.343159,-0.134328,2.32047,2.23633
0.31,1,0.397946,-0.0828468,2.41149,2.32069
0.33,1,0.4635,-0.0197656,2.49191,2.41087
0.35,1,0.525952,0.0411132,2.59334,2.48827
0.37,1,0.574281,0.0898261,2.5886,2.54356
0.39,1,0.604332,0.120856,2.5843,2.57621
0.41,1,0.610759,0.129904,2.52751,2.58303
0.43,1,0.593395,0.11513,2.52374,2.56447
0.45,1,0.555715,0.0804242,2.46535,2.52275
0.47,1,0.507487,0.0342392,2.39542,2.46614
0.49,1,0.455259,-0.0162339,2.30204,2.40008
0.51,1,0.408498,-0.0624141,2.30855,2.33592
0.53,1,0.374419,-0.0965223,2.31436,2.2856
0.55,1,0.360257,-0.112587,2.31908,2.26368
0.57,1,0.368977,-0.104937,2.32322,2.27725
0.59,1,0.399877,-0.0766083,2.38279,2.3235
0.61,1,0.441932,-0.0358747,2.44294,2.38232
0.63,1,0.486126,0.00706104,2.52186,2.43977
0.65,1,0.523458,0.0436703,2.51732,2.48532
0.67,1,0.550831,0.0712156,2.51322,2.51719
0.69,1,0.564724,0.0856688,2.51,2.53291
0.71,1,0.56163,0.0839179,2.50774,2.52944
0.73,1,0.544136,0.0671492,2.4733,2.50951
0.75,1,0.51591,0.0407348,2.38578,2.47631
0.77,1,0.481423,0.00725151,2.38634,2.43385
0.79,1,0.44737,-0.0259467,2.33059,2.38962
0.81,1,0.419154,-0.0534951,2.33542,2.35101
0.83,1,0.400894,-0.0719529,2.37242,2.32498
0.85,1,0.39764,-0.0754067,2.34138,2.32025
0.87,1,0.410453,-0.063083,2.41552,2.33872
0.89,1,0.435103,-0.0394139,2.4156,2.37306
0.91,1,0.465036,-0.0102651,2.48412,2.41287
0.93,1,0.492839,0.0167349,2.48049,2.44815
0.95,1,0.515411,0.0387488,2.47654,2.47571
0.97,1,0.530514,0.0534425,2.47352,2.49365
0.99,1,0.535488,0.0582223,2.44662,2.49948
