x,rho,E,F,T,Tr
0.01,1,0.625135,0.106749,2.69658,2.59809
0.03,1,0.677359,0.182751,2.67875,2.65073
0.05,1,0.701732,0.212253,2.61896,2.67426
0.07,1,0.685724,0.202259,2.61116,2.65888
0.09,1,0.633929,0.156369,2.5269,2.60718
0.11,1,0.558475,0.08593,2.42024,2.52588
0.13,1,0.473094,0.00362742,2.30569,2.42325
0.15,1,0.392506,-0.0760305,2.20627,2.31272
0.17,1,0.330591,-0.139204,2.14899,2.21556
0.19,1,0.2982,-0.174298,2.15885,2.15918
0.21,1,0.30099,-0.175534,2.22352,2.16421
0.23,1,0.337213,-0.1433,2.31936,2.22658
0.25,1,0.397904,-0.0866833,2.4187,2.32063
0.27,1,0.469084,-0.0178585,2.50485,2.4181
0.29,1,0.536508,0.0485843,2.60694,2.50066
0.31,1,0.587778,0.100911,2.60206,2.55838
0.33,1,0.616772,0.132726,2.59684,2.58936
0.35,1,0.621303,0.141217,2.53284,2.5941
0.37,1,0.600589,0.124727,2.52728,2.57221
0.39,1,0.557879,0.0857388,2.46208,2.5252
0.41,1,0.504388,0.0349547,2.38691,2.46237
0.43,1,0.447658,-0.0206796,2.31351,2.39
0.45,1,0.397563,-0.0709967,2.24105,2.32013
0.47,1,0.363687,-0.106613,2.24685,2.26905
0.49,1,0.350913,-0.121973,2.31212,2.24885
0.51,1,0.362946,-0.113407,2.31837,2.26789
0.53,1,0.397836,-0.0816644,2.38514,2.32053
0.55,1,0.444217,-0.0372971,2.4512,2.3854
0.57,1,0.492662,0.00962327,2.54776,2.44793
0.59,1,0.532536,0.0500878,2.54468,2.49602
0.61,1,0.55949,0.0783892,2.521,2.52703
0.63,1,0.571375,0.0930742,2.51674,2.54034
0.65,1,0.566458,0.0913651,2.51244,2.53486
0.67,1,0.546721,0.0740192,2.4291,2.51248
0.69,1,0.513898,0.0441064,2.42644,2.47389
0.71,1,0.476471,0.00716087,2.37536,2.42756
0.73,1,0.439495,-0.0292739,2.32166,2.37903
0.75,1,0.410546,-0.0598352,2.30677,2.33885
0.77,1,0.393567,-0.0786479,2.31151,2.31428
0.79,1,0.392818,-0.0823755,2.3719,2.31318
0.81,1,0.408232,-0.0695373,2.3764,2.33554
0.83,1,0.437071,-0.0429342,2.41992,2.37574
0.85,1,0.469346,-0.0117759,2.48417,2.41844
0.87,1,0.4997,0.0183802,2.4831,2.45662
0.89,1,0.522363,0.042428,2.48165,2.48402
0.91,1,0.536059,0.0583069,2.47944,2.50014
0.93,1,0.538983,0.0635854,2.47604,2.50354
0.95,1,0.530153,0.0575033,2.44588,2.49323
0.97,1,0.512485,0.0419704,2.44126,2.47219
0.99,1,0.489211,0.0198012,2.40792,2.44363
