x,rho,E,F,T,Tr
0.01,1,0.256815,-0.229688,2.16433,2.08002
0.03,1,0.296944,-0.184578,2.2831,2.1569
0.05,1,0.373619,-0.112809,2.41427,2.28438
0.07,1,0.465921,-0.0242154,2.52587,2.41401
0.09,1,0.555255,0.0632004,2.63919,2.52223
0.11,1,0.625326,0.133551,2.63225,2.59829
0.13,1,0.666025,0.177088,2.62573,2.63958
0.15,1,0.671188,0.186446,2.61937,2.64468
0.17,1,0.641714,0.16236,2.55905,2.61515
0.19,1,0.586168,0.111612,2.47407,2.55663
0.21,1,0.514334,0.0439719,2.37487,2.47442
0.23,1,0.439,-0.0289984,2.27649,2.37836
0.25,1,0.372903,-0.0941627,2.19538,2.28329
0.27,1,0.328314,-0.139898,2.20288,2.21174
0.29,1,0.312246,-0.158073,2.21026,2.18417
0.31,1,0.329031,-0.144636,2.28148,2.21294
0.33,1,0.372737,-0.104422,2.3696,2.28303
0.35,1,0.433015,-0.04781,2.45318,2.37021
0.37,1,0.496405,0.0134469,2.5196,2.45257
0.39,1,0.55076,0.0665831,2.57747,2.51711
0.41,1,0.5875,0.104282,2.57338,2.55808
0.43,1,0.603994,0.122659,2.56945,2.57584
0.45,1,0.5971,0.119195,2.49454,2.56846
0.47,1,0.570366,0.0953917,2.49072,2.53922
0.49,1,0.527302,0.0557387,2.42817,2.48987
0.51,1,0.477496,0.00815282,2.36002,2.42887
0.53,1,0.428069,-0.0392113,2.26242,2.36341
0.55,1,0.388866,-0.0786149,2.26671,2.30734
0.57,1,0.365484,-0.102318,2.27079,2.27184
0.59,1,0.364248,-0.105694,2.35043,2.26992
0.61,1,0.384814,-0.0875291,2.35372,2.30131
0.63,1,0.421743,-0.0533636,2.46529,2.35463
0.65,1,0.465199,-0.0123245,2.50275,2.41308
0.67,1,0.506176,0.0266026,2.49851,2.46455
0.69,1,0.536732,0.0568351,2.51988,2.50093
0.71,1,0.555519,0.0758847,2.49257,2.52253
0.73,1,0.559615,0.0815067,2.49058,2.52717
0.75,1,0.549388,0.0732588,2.48838,2.51554
0.77,1,0.527145,0.0531084,2.40646,2.48968
0.79,1,0.494987,0.0235132,2.40546,2.45081
0.81,1,0.460396,-0.00922068,2.34725,2.40682
0.83,1,0.429432,-0.038554,2.32556,2.36529
0.85,1,0.406829,-0.0610038,2.32755,2.33354
0.87,1,0.397111,-0.0710879,2.32937,2.31947
0.89,1,0.403207,-0.0666262,2.39349,2.32832
0.91,1,0.422697,-0.049291,2.39511,2.35596
0.93,1,0.45075,-0.0234117,2.46749,2.39412
0.95,1,0.47979,0.00336857,2.48493,2.43178
0.97,1,0.50468,0.0267447,2.46051,2.46272
0.99,1,0.522811,0.0440867,2.48063,2.48455
