x,rho,E,F,T,Tr
0.01,1,0.728635,0.214514,2.66752,2.69954
0.03,1,0.677911,0.19456,2.58184,2.65127
0.05,1,0.607023,0.129738,2.47784,2.57907
0.07,1,0.517868,0.0455199,2.35659,2.47866
0.09,1,0.426862,-0.0429442,2.23741,2.36175
0.11,1,0.349196,-0.119766,2.14909,2.2461
0.13,1,0.298734,-0.171892,2.15869,2.16014
0.15,1,0.282877,-0.190694,2.16815,2.13089
0.17,1,0.30498,-0.172491,2.25896,2.17135
0.19,1,0.358453,-0.123365,2.3668,2.26084
0.21,1,0.43101,-0.0546763,2.46837,2.36746
0.23,1,0.507079,0.0188233,2.58417,2.46564
0.25,1,0.572131,0.0829257,2.57824,2.54118
0.27,1,0.616883,0.128985,2.57278,2.58948
0.29,1,0.635933,0.150818,2.56774,2.60924
0.31,1,0.625171,0.143997,2.5627,2.59813
0.33,1,0.589028,0.112267,2.50186,2.55974
0.35,1,0.536529,0.0635479,2.42509,2.50069
0.37,1,0.475535,0.00538024,2.34301,2.42637
0.39,1,0.41661,-0.0519536,2.26233,2.34744
0.41,1,0.370325,-0.0980819,2.26823,2.27933
0.43,1,0.344404,-0.12551,2.27358,2.23835
0.45,1,0.344696,-0.127914,2.27903,2.23883
0.47,1,0.371557,-0.104148,2.3459,2.28122
0.49,1,0.416338,-0.0626109,2.41743,2.34705
0.51,1,0.468853,-0.0130227,2.47965,2.4178
0.53,1,0.517311,0.0338599,2.54401,2.47799
0.55,1,0.55429,0.0702551,2.54034,2.52113
0.57,1,0.576888,0.0943884,2.53736,2.54645
0.59,1,0.580716,0.100055,2.53409,2.55066
0.61,1,0.565819,0.0879518,2.45724,2.53414
0.63,1,0.536901,0.0618899,2.45476,2.50112
0.65,1,0.497602,0.0255356,2.40129,2.45404
0.67,1,0.456687,-0.0137103,2.30225,2.40196
0.69,1,0.419838,-0.0490538,2.33983,2.35197
0.71,1,0.393651,-0.0757954,2.30942,2.31441
0.73,1,0.382935,-0.0872524,2.31234,2.29849
0.75,1,0.391659,-0.0808612,2.39299,2.31147
0.77,1,0.416475,-0.0585325,2.39527,2.34725
0.79,1,0.450868,-0.0267765,2.47566,2.39427
0.81,1,0.485489,0.00561473,2.47176,2.43897
0.83,1,0.51519,0.0339663,2.4686,2.47545
0.85,1,0.536116,0.0546264,2.46661,2.50021
0.87,1,0.546386,0.065457,2.46562,2.5121
0.89,1,0.543562,0.0640047,2.46473,2.50884
0.91,1,0.52844,0.0512584,2.46311,2.49121
0.93,1,0.505526,0.0305092,2.42803,2.46375
0.95,1,0.478349,0.005687,2.35206,2.42995
0.97,1,0.450542,-0.0201062,2.35545,2.39384
0.99,1,0.428434,-0.0412369,2.35718,2.36392
