x,rho,E,F,T,Tr
0.01,1,0.338973,-0.140563,2.10866,2.22948
0.03,1,0.275617,-0.19396,2.11101,2.11708
0.05,1,0.257618,-0.215793,2.12334,2.08164
0.07,1,0.281151,-0.196843,2.22902,2.12763
0.09,1,0.340105,-0.142707,2.35364,2.23134
0.11,1,0.421374,-0.0653105,2.46846,2.35412
0.13,1,0.508109,0.0190424,2.60691,2.4669
0.15,1,0.583609,0.0942401,2.60056,2.55383
0.17,1,0.635776,0.148953,2.59421,2.60908
0.19,1,0.657953,0.175183,2.58754,2.63154
0.21,1,0.64608,0.168491,2.58073,2.61959
0.23,1,0.605187,0.132406,2.51144,2.57712
0.25,1,0.544936,0.0762713,2.42372,2.51043
0.27,1,0.475243,0.00908325,2.32844,2.426
0.29,1,0.408028,-0.0571025,2.2299,2.33525
0.31,1,0.355405,-0.110738,2.23742,2.25602
0.33,1,0.325944,-0.142717,2.24506,2.20774
0.35,1,0.325914,-0.146369,2.25316,2.20769
0.37,1,0.355411,-0.120215,2.33069,2.25603
0.39,1,0.405745,-0.0734954,2.41272,2.33198
0.41,1,0.464581,-0.0166213,2.53105,2.41228
0.43,1,0.520051,0.0373812,2.5272,2.48126
0.45,1,0.562499,0.081274,2.52323,2.53042
0.47,1,0.589124,0.109919,2.51894,2.55984
0.49,1,0.593856,0.118522,2.51435,2.56497
0.51,1,0.576789,0.104664,2.50938,2.54634
0.53,1,0.542236,0.0738152,2.45568,2.50731
0.55,1,0.49894,0.0324192,2.39218,2.45569
0.57,1,0.4521,-0.0128512,2.31251,2.39591
0.59,1,0.410775,-0.054686,2.31624,2.33917
0.61,1,0.381059,-0.0862536,2.32057,2.29567
0.63,1,0.36892,-0.100727,2.29077,2.27717
0.65,1,0.378232,-0.0943812,2.382,2.2914
0.67,1,0.406608,-0.0691759,2.43821,2.33322
0.69,1,0.445355,-0.0328504,2.44033,2.38692
0.71,1,0.484891,0.00586749,2.50752,2.43822
0.73,1,0.517535,0.0386884,2.47498,2.47826
0.75,1,0.541072,0.0640821,2.47308,2.50597
0.77,1,0.552377,0.0777279,2.47045,2.51895
0.79,1,0.54848,0.0768867,2.46689,2.5145
0.81,1,0.531471,0.0624703,2.46304,2.49477
0.83,1,0.505925,0.0387801,2.38358,2.46424
0.85,1,0.474844,0.00919632,2.3337,2.42549
0.87,1,0.444345,-0.0214572,2.33543,2.38557
0.89,1,0.419925,-0.0468954,2.33792,2.35209
0.91,1,0.404879,-0.0643577,2.3417,2.33073
0.93,1,0.403565,-0.0681213,2.3464,2.32884
0.95,1,0.416602,-0.0579443,2.413,2.34743
0.97,1,0.439027,-0.0377154,2.41589,2.3784
0.99,1,0.466609,-0.0114098,2.47107,2.4149
