x,rho,E,F,T,Tr
0.01,1,0.697103,0.178962,2.69667,2.66984
0.03,1,0.708748,0.219233,2.62091,2.68092
0.05,1,0.690371,0.207247,2.61306,2.66337
0.07,1,0.635519,0.158815,2.52519,2.60882
0.09,1,0.556824,0.0853806,2.41442,2.52401
0.11,1,0.468504,0.000619168,2.29621,2.41735
0.13,1,0.386025,-0.080697,2.19444,2.30311
0.15,1,0.323252,-0.144306,2.14032,2.20316
0.17,1,0.291372,-0.178724,2.14981,2.14671
0.19,1,0.295838,-0.178386,2.21848,2.15489
0.21,1,0.334273,-0.144299,2.3182,2.22171
0.23,1,0.397252,-0.0855414,2.42054,2.31968
0.25,1,0.470754,-0.014903,2.50847,2.42025
0.27,1,0.54009,0.0530048,2.60963,2.50483
0.29,1,0.592355,0.106008,2.60492,2.56334
0.31,1,0.620836,0.13729,2.60003,2.59362
0.33,1,0.624571,0.144904,2.5326,2.59751
0.35,1,0.602353,0.127336,2.52715,2.57409
0.37,1,0.557513,0.0865343,2.45919,2.52479
0.39,1,0.501732,0.0340481,2.38117,2.45912
0.41,1,0.442922,-0.0230034,2.30502,2.38365
0.43,1,0.39129,-0.0743954,2.23301,2.31093
0.45,1,0.357039,-0.11034,2.23815,2.2586
0.47,1,0.345174,-0.124516,2.30874,2.2396
0.49,1,0.359193,-0.114168,2.31475,2.262
0.51,1,0.39554,-0.0813319,2.384,2.31718
0.53,1,0.443875,-0.0358,2.45187,2.38494
0.55,1,0.493726,0.0122149,2.54786,2.44925
0.57,1,0.535003,0.0529441,2.54501,2.49891
0.59,1,0.562154,0.0813603,2.5419,2.53003
0.61,1,0.573478,0.0953646,2.53827,2.54267
0.63,1,0.567882,0.0930933,2.51306,2.53645
0.65,1,0.547114,0.0752543,2.42624,2.51293
0.67,1,0.512209,0.0439191,2.42322,2.47186
0.69,1,0.473274,0.00633972,2.37029,2.42348
0.71,1,0.434841,-0.0306909,2.31886,2.37271
0.73,1,0.405095,-0.0613772,2.30123,2.33104
0.75,1,0.388187,-0.0798924,2.3049,2.30633
0.77,1,0.388,-0.0827865,2.36858,2.30605
0.79,1,0.404502,-0.0694137,2.41537,2.33019
0.81,1,0.434932,-0.0421685,2.41919,2.37283
0.83,1,0.468795,-0.0100102,2.48195,2.41773
0.85,1,0.500249,0.0200635,2.48002,2.4573
0.87,1,0.523551,0.0440256,2.47879,2.48543
0.89,1,0.537661,0.0594724,2.47746,2.50201
0.91,1,0.540105,0.0644323,2.47527,2.50485
0.93,1,0.530479,0.0579756,2.47199,2.49361
0.95,1,0.51172,0.0418911,2.43948,2.47127
0.97,1,0.487031,0.0194779,2.36293,2.4409
0.99,1,0.460294,-0.00588737,2.36493,2.40669
