x,rho,E,F,T,Tr
0.01,1,0.354804,-0.124773,2.09513,2.25506
0.03,1,0.284618,-0.184086,2.09739,2.13416
0.05,1,0.258615,-0.213551,2.10973,2.08365
0.07,1,0.274202,-0.20237,2.20672,2.11436
0.09,1,0.326837,-0.154484,2.32966,2.20925
0.11,1,0.404676,-0.0808629,2.44756,2.33044
0.13,1,0.491407,0.0032449,2.542,2.44637
0.15,1,0.569716,0.0810935,2.60997,2.53849
0.17,1,0.626411,0.139605,2.60354,2.59942
0.19,1,0.654754,0.171713,2.59685,2.62834
0.21,1,0.649262,0.171282,2.5901,2.62281
0.23,1,0.613711,0.140607,2.52571,2.58614
0.25,1,0.556905,0.088191,2.44136,2.5241
0.27,1,0.488693,0.0224768,2.34784,2.44298
0.29,1,0.420199,-0.0444769,2.2174,2.35248
0.31,1,0.36391,-0.101423,2.2249,2.26939
0.33,1,0.329754,-0.137843,2.23275,2.21416
0.35,1,0.32384,-0.147176,2.24099,2.20417
0.37,1,0.348063,-0.126437,2.31467,2.24427
0.39,1,0.394916,-0.0832328,2.39722,2.31626
0.41,1,0.453031,-0.0275169,2.47111,2.39714
0.43,1,0.509436,0.0282089,2.53529,2.4685
0.45,1,0.554497,0.073721,2.53134,2.52137
0.47,1,0.583944,0.105555,2.55603,2.5542
0.49,1,0.59297,0.117523,2.55099,2.56401
0.51,1,0.579723,0.108176,2.47033,2.54957
0.53,1,0.549173,0.0807469,2.46597,2.51529
0.55,1,0.507043,0.0411539,2.40248,2.4656
0.57,1,0.460621,-0.00403987,2.30177,2.40712
0.59,1,0.417594,-0.0471363,2.30544,2.34882
0.61,1,0.385432,-0.080976,2.31035,2.30223
0.63,1,0.369634,-0.099054,2.28554,2.27827
0.65,1,0.374831,-0.0965701,2.37041,2.28623
0.67,1,0.400029,-0.0746204,2.42693,2.32372
0.69,1,0.43696,-0.0399816,2.42927,2.37559
0.71,1,0.476745,-0.00121002,2.48335,2.42791
0.73,1,0.511415,0.0335033,2.48152,2.4709
0.75,1,0.536123,0.0599045,2.4795,2.50022
0.77,1,0.549749,0.0757066,2.47661,2.51595
0.79,1,0.548739,0.0777308,2.47275,2.5148
0.81,1,0.534373,0.0658638,2.4688,2.49817
0.83,1,0.510513,0.0441336,2.39001,2.46981
0.85,1,0.480583,0.0154722,2.38872,2.43278
0.87,1,0.449388,-0.0158785,2.32981,2.39231
0.89,1,0.423561,-0.042547,2.33238,2.35717
0.91,1,0.406692,-0.0617688,2.33625,2.33334
0.93,1,0.402548,-0.0682479,2.34109,2.32737
0.95,1,0.412939,-0.0606232,2.40555,2.34225
0.97,1,0.433802,-0.0418941,2.40862,2.37129
0.99,1,0.460668,-0.0162677,2.47439,2.40718
