x,rho,E,F,T,Tr
0.01,1,0.524566,0.0363372,2.35177,2.48663
0.03,1,0.417369,-0.0509751,2.21234,2.34851
0.05,1,0.335113,-0.133186,2.12334,2.2231
0.07,1,0.282571,-0.187608,2.13535,2.13031
0.09,1,0.267848,-0.205773,2.14652,2.102
0.11,1,0.29297,-0.184498,2.2482,2.14965
0.13,1,0.351184,-0.130239,2.36597,2.24929
0.15,1,0.429471,-0.0550547,2.47463,2.36535
0.17,1,0.511213,0.025007,2.59421,2.47065
0.19,1,0.580945,0.0946698,2.58754,2.55091
0.21,1,0.628804,0.144543,2.58073,2.6019
0.23,1,0.647871,0.16698,2.57422,2.6214
0.25,1,0.634736,0.1581,2.56836,2.60801
0.27,1,0.594673,0.121801,2.50126,2.56585
0.29,1,0.536998,0.0674255,2.41765,2.50124
0.31,1,0.471056,0.00321891,2.32872,2.42064
0.33,1,0.407903,-0.0590992,2.24506,2.33507
0.35,1,0.359164,-0.108746,2.25316,2.26196
0.37,1,0.332473,-0.137264,2.26075,2.21871
0.39,1,0.334193,-0.138476,2.26763,2.22157
0.41,1,0.363797,-0.11133,2.34168,2.26922
0.43,1,0.412441,-0.0652434,2.42023,2.34154
0.45,1,0.468057,-0.0106968,2.52323,2.41677
0.47,1,0.519463,0.0399177,2.51894,2.48056
0.49,1,0.558927,0.0806228,2.51435,2.52639
0.51,1,0.582991,0.106504,2.50938,2.55315
0.53,1,0.586415,0.112424,2.53787,2.55689
0.55,1,0.569419,0.0975309,2.45233,2.53816
0.57,1,0.536734,0.0668579,2.44977,2.50093
0.59,1,0.495272,0.0266233,2.39087,2.45116
0.61,1,0.451524,-0.0167977,2.32057,2.39514
0.63,1,0.412958,-0.0558654,2.29077,2.34228
0.65,1,0.385224,-0.0844572,2.29673,2.30192
0.67,1,0.374798,-0.0966403,2.33893,2.28618
0.69,1,0.384565,-0.0884518,2.34305,2.30093
0.71,1,0.41165,-0.0624734,2.44153,2.34042
0.73,1,0.447943,-0.0273418,2.47498,2.39038
0.75,1,0.484888,0.00958709,2.47308,2.43821
0.77,1,0.515196,0.0404215,2.47045,2.47545
0.79,1,0.537211,0.0634555,2.46689,2.50148
0.81,1,0.54731,0.0751687,2.46304,2.51316
0.83,1,0.543706,0.0723985,2.45996,2.50901
0.85,1,0.527392,0.0574689,2.42026,2.48997
0.87,1,0.503309,0.0334985,2.41974,2.46105
0.89,1,0.474323,0.00455753,2.33792,2.42482
0.91,1,0.446147,-0.0242939,2.3417,2.38798
0.93,1,0.423259,-0.0479354,2.3464,2.35675
0.95,1,0.409259,-0.0632157,2.35105,2.33701
0.97,1,0.40827,-0.0650099,2.35453,2.3356
0.99,1,0.420417,-0.0534033,2.41772,2.35278
