x,rho,E,F,T,Tr
0.01,1,0.276009,-0.21415,2.23445,2.11784
0.03,1,0.336962,-0.148136,2.3601,2.22616
0.05,1,0.425965,-0.0630405,2.48466,2.36051
0.07,1,0.520225,0.0281963,2.6174,2.48147
0.09,1,0.601299,0.108622,2.65929,2.57297
0.11,1,0.656408,0.165324,2.65389,2.62999
0.13,1,0.677329,0.190105,2.59648,2.6507
0.15,1,0.661863,0.179496,2.59024,2.63544
0.17,1,0.614663,0.137325,2.51361,2.58714
0.19,1,0.547017,0.0742332,2.41741,2.51282
0.21,1,0.470462,0.000649207,2.31493,2.41987
0.23,1,0.398285,-0.0701472,2.22386,2.32119
0.25,1,0.343079,-0.125517,2.23194,2.2362
0.27,1,0.313649,-0.15669,2.23951,2.18662
0.29,1,0.316326,-0.156972,2.24642,2.19127
0.31,1,0.350504,-0.12603,2.33187,2.2482
0.33,1,0.40616,-0.0739384,2.4207,2.33258
0.35,1,0.470682,-0.011797,2.49724,2.42016
0.37,1,0.530903,0.0466066,2.58723,2.49411
0.39,1,0.575991,0.0919121,2.58286,2.54546
0.41,1,0.602369,0.119399,2.57906,2.57411
0.43,1,0.606021,0.125655,2.51903,2.578
0.45,1,0.586868,0.109618,2.51543,2.55739
0.47,1,0.548319,0.0739029,2.45665,2.51432
0.49,1,0.499964,0.0283982,2.38989,2.45695
0.51,1,0.448958,-0.0208617,2.32524,2.39173
0.53,1,0.404112,-0.0649648,2.26211,2.32963
0.55,1,0.372973,-0.0961703,2.26592,2.28339
0.57,1,0.361359,-0.108923,2.32632,2.26541
0.59,1,0.372749,-0.0998938,2.32968,2.28305
0.61,1,0.404583,-0.0700186,2.38916,2.33031
0.63,1,0.447031,-0.0301631,2.44648,2.38916
0.65,1,0.490118,0.0113722,2.51484,2.44476
0.67,1,0.52642,0.046193,2.51074,2.48883
0.69,1,0.550808,0.0708991,2.50737,2.51716
0.71,1,0.562507,0.0830573,2.505,2.53043
0.73,1,0.557719,0.08003,2.5028,2.52502
0.75,1,0.539303,0.0631484,2.46743,2.50392
0.77,1,0.510514,0.0364479,2.38068,2.46981
0.79,1,0.475993,0.00389625,2.38059,2.42695
0.81,1,0.442592,-0.0280631,2.31843,2.38321
0.83,1,0.416058,-0.0536347,2.3395,2.34666
0.85,1,0.3997,-0.0701061,2.34181,2.32325
0.87,1,0.398425,-0.0717912,2.34364,2.32139
0.89,1,0.412672,-0.0590801,2.41732,2.34187
0.91,1,0.438448,-0.0350151,2.41803,2.37761
0.93,1,0.467905,-0.00708522,2.47756,2.41658
0.95,1,0.495368,0.0186191,2.47377,2.45128
0.97,1,0.516567,0.0387445,2.49602,2.4771
0.99,1,0.530378,0.0518667,2.49538,2.49349
