x,rho,E,F,T,Tr
0.01,1,0.590736,0.0953949,2.4425,2.56159
0.03,1,0.482798,0.0109532,2.30031,2.43558
0.05,1,0.389767,-0.0806558,2.18156,2.30867
0.07,1,0.317212,-0.153725,2.10335,2.1928
0.09,1,0.277403,-0.195825,2.11397,2.1205
0.11,1,0.276353,-0.200092,2.18387,2.1185
0.13,1,0.313269,-0.167151,2.29192,2.18595
0.15,1,0.378891,-0.105162,2.40603,2.2924
0.17,1,0.459031,-0.0279914,2.50427,2.40504
0.19,1,0.537477,0.0492926,2.57546,2.50179
0.21,1,0.599718,0.111994,2.62562,2.57127
0.23,1,0.635781,0.150318,2.62012,2.60909
0.25,1,0.644317,0.162171,2.5531,2.6178
0.27,1,0.623358,0.145316,2.54782,2.59625
0.29,1,0.576723,0.10201,2.47566,2.54626
0.31,1,0.516087,0.0444418,2.39072,2.47652
0.33,1,0.450907,-0.0193291,2.30482,2.39433
0.35,1,0.391989,-0.0777415,2.22293,2.31196
0.37,1,0.350676,-0.120188,2.21971,2.24848
0.39,1,0.333476,-0.138831,2.28977,2.22038
0.41,1,0.345244,-0.130082,2.2955,2.23972
0.43,1,0.381428,-0.0959588,2.37101,2.29623
0.45,1,0.43304,-0.0466248,2.44417,2.37025
0.47,1,0.488272,0.00753105,2.50359,2.44246
0.49,1,0.536102,0.0549813,2.56091,2.50019
0.51,1,0.568698,0.0884992,2.55631,2.53736
0.53,1,0.584643,0.105701,2.55233,2.55496
0.55,1,0.581762,0.105251,2.48958,2.55181
0.57,1,0.561241,0.0866707,2.48662,2.529
0.59,1,0.524781,0.0518964,2.43326,2.48689
0.61,1,0.482395,0.0108214,2.37353,2.43507
0.63,1,0.439913,-0.0315338,2.28435,2.3796
0.65,1,0.404581,-0.0666343,2.28968,2.3303
0.67,1,0.383664,-0.0889334,2.29421,2.29958
0.69,1,0.379864,-0.0936507,2.31819,2.29387
0.71,1,0.394557,-0.0799867,2.41225,2.31574
0.73,1,0.425751,-0.0503999,2.45812,2.36021
0.75,1,0.462607,-0.0140712,2.45759,2.40971
0.77,1,0.497913,0.0208695,2.5146,2.45443
0.79,1,0.524976,0.0484847,2.5106,2.48712
0.81,1,0.54259,0.0663466,2.50688,2.50772
0.83,1,0.547737,0.0725772,2.48337,2.51365
0.85,1,0.540414,0.0656464,2.48144,2.5052
0.87,1,0.522268,0.0483297,2.41152,2.4839
0.89,1,0.496275,0.0224946,2.41192,2.4524
0.91,1,0.467288,-0.00627462,2.35232,2.41578
0.93,1,0.440648,-0.0331652,2.35689,2.38059
0.95,1,0.420568,-0.0534441,2.36159,2.35299
0.97,1,0.410615,-0.0637523,2.36525,2.33895
0.99,1,0.413674,-0.0608583,2.36725,2.34329
