x,rho,E,F,T,Tr
0.01,1,0.682081,0.177957,2.57513,2.65534
0.03,1,0.591544,0.115836,2.45147,2.56247
0.05,1,0.497425,0.0259224,2.32471,2.45382
0.07,1,0.405243,-0.0640958,2.20858,2.33126
0.09,1,0.330589,-0.138517,2.15655,2.21556
0.11,1,0.285968,-0.184807,2.16682,2.13669
0.13,1,0.278427,-0.195517,2.17621,2.12246
0.15,1,0.309026,-0.168579,2.27722,2.17851
0.17,1,0.369611,-0.11213,2.38875,2.27823
0.19,1,0.4467,-0.0387138,2.48794,2.38872
0.21,1,0.523654,0.0364267,2.56087,2.48555
0.23,1,0.58679,0.0992044,2.62117,2.5573
0.25,1,0.627801,0.141833,2.61642,2.60086
0.27,1,0.640809,0.157623,2.55869,2.61423
0.29,1,0.623677,0.144568,2.55374,2.59658
0.31,1,0.581727,0.106102,2.48658,2.55177
0.33,1,0.524534,0.0525132,2.40576,2.48659
0.35,1,0.461357,-0.00865986,2.32377,2.40808
0.37,1,0.402545,-0.0660137,2.2698,2.32737
0.39,1,0.359327,-0.11,2.27663,2.26221
0.41,1,0.337631,-0.132619,2.2824,2.22727
0.43,1,0.344142,-0.128943,2.28761,2.23793
0.45,1,0.376444,-0.0988106,2.35957,2.28869
0.47,1,0.425362,-0.0530062,2.43181,2.35967
0.49,1,0.479202,-0.00070712,2.49272,2.43104
0.51,1,0.527283,0.0461404,2.55859,2.48985
0.53,1,0.561704,0.0807938,2.55479,2.52952
0.55,1,0.580988,0.101105,2.55158,2.55096
0.57,1,0.581423,0.10279,2.49531,2.55143
0.59,1,0.563258,0.0870186,2.44398,2.53127
0.61,1,0.529535,0.0556119,2.44261,2.4925
0.63,1,0.489031,0.0166824,2.38747,2.44341
0.65,1,0.447159,-0.0235029,2.3024,2.38934
0.67,1,0.411641,-0.0586751,2.29206,2.34041
0.69,1,0.387033,-0.0829095,2.2953,2.30461
0.71,1,0.380107,-0.0910138,2.35369,2.29424
0.73,1,0.392304,-0.0798256,2.35609,2.31242
0.75,1,0.421143,-0.0531292,2.44916,2.3538
0.77,1,0.456323,-0.0190117,2.44941,2.40148
0.79,1,0.491901,0.0148725,2.51589,2.44698
0.81,1,0.519582,0.0419452,2.51306,2.4807
0.83,1,0.539596,0.0613182,2.48816,2.50426
0.85,1,0.547289,0.0696953,2.48614,2.51313
0.87,1,0.541946,0.0647878,2.48492,2.50698
0.89,1,0.524886,0.0487576,2.41879,2.48701
0.91,1,0.500363,0.0256179,2.41891,2.45744
0.93,1,0.471931,-0.00164223,2.35174,2.42176
0.95,1,0.445199,-0.0270992,2.35632,2.38671
0.97,1,0.423621,-0.0478197,2.38957,2.35725
0.99,1,0.411253,-0.0597073,2.39161,2.33985
