x,rho,E,F,T,Tr
0.01,1,0.626956,0.108203,2.69693,2.59998
0.03,1,0.678584,0.183564,2.67908,2.65193
0.05,1,0.702222,0.212282,2.61787,2.67473
0.07,1,0.685367,0.201632,2.61021,2.65853
0.09,1,0.632984,0.155078,2.5253,2.60621
0.11,1,0.557179,0.0842089,2.41833,2.52441
0.13,1,0.471654,0.00181112,2.30381,2.4214
0.15,1,0.391204,-0.0777005,2.20489,2.3108
0.17,1,0.329595,-0.140447,2.15012,2.21389
0.19,1,0.297898,-0.174878,2.15981,2.15863
0.21,1,0.301531,-0.175355,2.22534,2.16518
0.23,1,0.338351,-0.142567,2.32157,2.22845
0.25,1,0.399432,-0.0855657,2.42082,2.32285
0.27,1,0.47073,-0.0166138,2.50657,2.42022
0.29,1,0.538039,0.0496935,2.607,2.50245
0.31,1,0.5889,0.101711,2.60212,2.5596
0.33,1,0.617341,0.132975,2.59689,2.58996
0.35,1,0.621377,0.141011,2.53204,2.59418
0.37,1,0.600276,0.124166,2.5265,2.57187
0.39,1,0.55725,0.0847645,2.46097,2.52449
0.41,1,0.50358,0.0337485,2.38571,2.46138
0.43,1,0.446789,-0.0219328,2.31255,2.38884
0.45,1,0.396846,-0.0720906,2.24161,2.31909
0.47,1,0.36348,-0.107289,2.24739,2.26872
0.49,1,0.351085,-0.121965,2.31375,2.24913
0.51,1,0.363656,-0.113113,2.31986,2.269
0.53,1,0.39899,-0.0809704,2.38926,2.32221
0.55,1,0.445509,-0.0363856,2.45258,2.38713
0.57,1,0.493782,0.010353,2.54778,2.44932
0.59,1,0.533725,0.0505503,2.54469,2.49742
0.61,1,0.560092,0.0788043,2.52073,2.5277
0.63,1,0.571857,0.0930045,2.51674,2.54087
0.65,1,0.566449,0.0911593,2.51237,2.53485
0.67,1,0.546652,0.0734394,2.42862,2.5124
0.69,1,0.513652,0.0432812,2.42596,2.4736
0.71,1,0.476074,0.00627277,2.37499,2.42706
0.73,1,0.439113,-0.0301163,2.30384,2.37851
0.75,1,0.410287,-0.0603245,2.30761,2.33848
0.77,1,0.393786,-0.0789744,2.3122,2.3146
0.79,1,0.393266,-0.0821502,2.37325,2.31384
0.81,1,0.408804,-0.0691952,2.41846,2.33636
0.83,1,0.438064,-0.0425083,2.42104,2.37709
0.85,1,0.470315,-0.0111827,2.48414,2.41968
0.87,1,0.500649,0.0188564,2.48297,2.45779
0.89,1,0.523188,0.0427013,2.48148,2.485
0.91,1,0.536623,0.0584176,2.47931,2.5008
0.93,1,0.539295,0.0635252,2.47606,2.50391
0.95,1,0.530244,0.0572811,2.44581,2.49333
0.97,1,0.512459,0.0414398,2.44116,2.47216
0.99,1,0.48914,0.0192276,2.36659,2.44354
