x,rho,E,F,T,Tr
0.01,1,0.728807,0.213962,2.68478,2.69969
0.03,1,0.695098,0.210733,2.61415,2.66792
0.05,1,0.636794,0.159085,2.52225,2.61012
0.07,1,0.554414,0.0821563,2.40737,2.52127
0.09,1,0.463254,-0.0053506,2.28581,2.41055
0.11,1,0.379089,-0.0879477,2.18315,2.2927
0.13,1,0.316333,-0.15154,2.13486,2.19128
0.15,1,0.285636,-0.184576,2.14412,2.13607
0.17,1,0.292351,-0.181795,2.21767,2.14851
0.19,1,0.333465,-0.1449,2.32126,2.22036
0.21,1,0.399162,-0.0834535,2.42603,2.32246
0.23,1,0.475103,-0.010674,2.51482,2.42582
0.25,1,0.545745,0.0585366,2.61373,2.51136
0.27,1,0.59851,0.111632,2.60899,2.56998
0.29,1,0.626884,0.142479,2.60426,2.59991
0.31,1,0.629223,0.148251,2.53208,2.60233
0.33,1,0.604794,0.128567,2.52717,2.5767
0.35,1,0.55774,0.0853837,2.45648,2.52505
0.37,1,0.499615,0.0308839,2.37624,2.45652
0.39,1,0.439282,-0.02778,2.29953,2.37874
0.41,1,0.38651,-0.079571,2.24556,2.30384
0.43,1,0.351958,-0.115335,2.2512,2.25053
0.45,1,0.341075,-0.12824,2.25681,2.23292
0.47,1,0.357542,-0.114919,2.31528,2.2594
0.49,1,0.395478,-0.0803524,2.38648,2.31709
0.51,1,0.445723,-0.0333033,2.45543,2.38741
0.53,1,0.496938,0.015795,2.5499,2.45322
0.55,1,0.539065,0.056994,2.54647,2.50364
0.57,1,0.566277,0.0851334,2.54365,2.53465
0.59,1,0.577133,0.0976282,2.54049,2.54672
0.61,1,0.570815,0.0943254,2.47624,2.53972
0.63,1,0.548828,0.0750759,2.47298,2.5149
0.65,1,0.511852,0.0419634,2.42133,2.47143
0.67,1,0.471658,0.00327302,2.36547,2.42141
0.69,1,0.431942,-0.034499,2.31965,2.36874
0.71,1,0.401485,-0.0651457,2.29991,2.32583
0.73,1,0.384601,-0.0826715,2.30263,2.30099
0.75,1,0.385464,-0.0839122,2.37025,2.30228
0.77,1,0.403347,-0.0690391,2.37321,2.32853
0.79,1,0.435047,-0.0402344,2.41977,2.37299
0.81,1,0.47001,-0.00744021,2.48281,2.41929
0.83,1,0.502592,0.0230718,2.4797,2.46017
0.85,1,0.52629,0.0467676,2.47775,2.48867
0.87,1,0.540605,0.0613244,2.47647,2.50543
0.89,1,0.542664,0.0652675,2.47513,2.50781
0.91,1,0.532859,0.0574809,2.47293,2.4964
0.93,1,0.513353,0.040546,2.4058,2.47324
0.95,1,0.487317,0.0173267,2.36225,2.44126
0.97,1,0.459249,-0.00861299,2.36589,2.40532
0.99,1,0.434895,-0.0318817,2.36794,2.37278
