x,rho,E,F,T,Tr
0.01,1,0.313451,-0.180232,2.32184,2.18627
0.03,1,0.391852,-0.0944766,2.44337,2.31176
0.05,1,0.488027,-0.00150648,2.55006,2.44215
0.07,1,0.576947,0.0863678,2.63296,2.54651
0.09,1,0.643019,0.153439,2.62542,2.61648
0.11,1,0.676749,0.190555,2.6184,2.65014
0.13,1,0.673058,0.191297,2.61183,2.64652
0.15,1,0.634937,0.158208,2.5426,2.60822
0.17,1,0.572191,0.0999229,2.45011,2.54125
0.19,1,0.495871,0.0270008,2.3463,2.45191
0.21,1,0.419189,-0.0476857,2.25049,2.35106
0.23,1,0.355498,-0.111144,2.2007,2.25616
0.25,1,0.316092,-0.151727,2.20894,2.19086
0.27,1,0.307593,-0.162769,2.21644,2.17598
0.29,1,0.332201,-0.140982,2.29723,2.21826
0.31,1,0.382514,-0.0941271,2.38886,2.29786
0.33,1,0.446407,-0.0327234,2.47193,2.38833
0.35,1,0.510062,0.029255,2.55059,2.46926
0.37,1,0.561759,0.0806522,2.54488,2.52958
0.39,1,0.596514,0.116413,2.53973,2.56783
0.41,1,0.608602,0.130695,2.53524,2.58074
0.43,1,0.59558,0.120399,2.53133,2.56683
0.45,1,0.562091,0.0897184,2.47631,2.52996
0.47,1,0.516079,0.0462537,2.40969,2.47651
0.49,1,0.46405,-0.00390807,2.34211,2.41159
0.51,1,0.415116,-0.0519179,2.2921,2.34533
0.53,1,0.377935,-0.0889816,2.29805,2.29095
0.55,1,0.358834,-0.109305,2.30291,2.26144
0.57,1,0.362464,-0.106884,2.30702,2.26714
0.59,1,0.388901,-0.0825081,2.36473,2.30739
0.61,1,0.428882,-0.0443809,2.47551,2.36454
0.63,1,0.473559,-0.00154321,2.52361,2.42385
0.65,1,0.51334,0.0371718,2.51897,2.47322
0.67,1,0.542331,0.0662175,2.51502,2.50742
0.69,1,0.559314,0.0837201,2.4825,2.52683
0.71,1,0.559951,0.0855312,2.48005,2.52755
0.73,1,0.545272,0.0721435,2.47812,2.51082
0.75,1,0.519689,0.0479098,2.39082,2.48083
0.77,1,0.486026,0.0158413,2.39106,2.43964
0.79,1,0.451296,-0.0181575,2.32033,2.39484
0.81,1,0.421328,-0.047123,2.32513,2.35405
0.83,1,0.40042,-0.0679281,2.32869,2.32429
0.85,1,0.393707,-0.0747731,2.33082,2.31449
0.87,1,0.403272,-0.0657695,2.4012,2.32842
0.89,1,0.425597,-0.0445866,2.40156,2.35999
0.91,1,0.454887,-0.01622,2.45992,2.39959
0.93,1,0.483385,0.0111066,2.45704,2.43632
0.95,1,0.507777,0.0347422,2.47738,2.46649
0.97,1,0.52447,0.0508185,2.47443,2.48652
0.99,1,0.531798,0.0578266,2.47284,2.49516
