x,rho,E,F,T,Tr
0.01,1,0.728376,0.215192,2.66847,2.6993
0.03,1,0.678759,0.1964,2.58372,2.6521
0.05,1,0.608692,0.132402,2.48037,2.58084
0.07,1,0.519905,0.0485972,2.35931,2.48109
0.09,1,0.428751,-0.0399005,2.23927,2.36435
0.11,1,0.350497,-0.117209,2.14594,2.24819
0.13,1,0.299094,-0.17012,2.15551,2.16079
0.15,1,0.282133,-0.189985,2.16486,2.12949
0.17,1,0.303224,-0.172909,2.25476,2.16821
0.19,1,0.355879,-0.124587,2.36269,2.25677
0.21,1,0.42803,-0.0562976,2.46493,2.36336
0.23,1,0.504144,0.0172427,2.58458,2.46207
0.25,1,0.569592,0.0816547,2.57875,2.53836
0.27,1,0.614844,0.128334,2.57324,2.58733
0.29,1,0.634686,0.150952,2.56818,2.60796
0.31,1,0.624807,0.144875,2.56301,2.59775
0.33,1,0.589343,0.113825,2.50277,2.56008
0.35,1,0.537204,0.0656165,2.42627,2.50148
0.37,1,0.476301,0.00767525,2.34366,2.42735
0.39,1,0.417307,-0.0499489,2.25911,2.34842
0.41,1,0.370418,-0.0964847,2.26492,2.27947
0.43,1,0.343898,-0.12462,2.27043,2.23753
0.45,1,0.343278,-0.127691,2.2759,2.23652
0.47,1,0.369407,-0.10461,2.34226,2.27792
0.49,1,0.41381,-0.0635579,2.41398,2.34348
0.51,1,0.466239,-0.0140618,2.47684,2.41442
0.53,1,0.514875,0.0330383,2.54334,2.47507
0.55,1,0.552086,0.0698042,2.53973,2.51862
0.57,1,0.575276,0.0941265,2.53669,2.54466
0.59,1,0.579555,0.100442,2.53354,2.54938
0.61,1,0.565108,0.088926,2.45741,2.53334
0.63,1,0.536627,0.0632048,2.45467,2.5008
0.65,1,0.497592,0.0271153,2.40124,2.45403
0.67,1,0.456673,-0.0121818,2.33278,2.40194
0.69,1,0.419525,-0.0477936,2.33686,2.35153
0.71,1,0.39296,-0.0748275,2.30673,2.31339
0.73,1,0.381678,-0.086835,2.30966,2.2966
0.75,1,0.389864,-0.0809802,2.38979,2.30882
0.77,1,0.414429,-0.0589093,2.39212,2.34436
0.79,1,0.44844,-0.027551,2.47501,2.39104
0.81,1,0.483125,0.00488182,2.47109,2.43599
0.83,1,0.513176,0.0335587,2.46792,2.47302
0.85,1,0.534237,0.0543484,2.46593,2.49801
0.87,1,0.544797,0.0654695,2.46492,2.51027
0.89,1,0.542352,0.0644,2.464,2.50745
0.91,1,0.527566,0.0520125,2.46234,2.49018
0.93,1,0.504871,0.0315026,2.42724,2.46296
0.95,1,0.477781,0.00679049,2.34935,2.42923
0.97,1,0.449798,-0.0191584,2.35272,2.39285
0.99,1,0.42747,-0.0405003,2.35443,2.36259
