x,rho,E,F,T,Tr
0.01,1,0.727483,0.216144,2.66796,2.69847
0.03,1,0.678239,0.197703,2.58347,2.65159
0.05,1,0.608405,0.133995,2.48021,2.58053
0.07,1,0.519707,0.0503403,2.35899,2.48085
0.09,1,0.428515,-0.038203,2.23839,2.36403
0.11,1,0.350038,-0.115682,2.14316,2.24745
0.13,1,0.298273,-0.168848,2.15273,2.15931
0.15,1,0.280925,-0.189097,2.16199,2.1272
0.17,1,0.301618,-0.172383,2.25177,2.16534
0.19,1,0.353955,-0.124327,2.35985,2.25371
0.21,1,0.425958,-0.0561943,2.46244,2.3605
0.23,1,0.50208,0.0173325,2.58353,2.45954
0.25,1,0.567643,0.0818372,2.5777,2.53618
0.27,1,0.613087,0.128677,2.57215,2.58549
0.29,1,0.633228,0.151509,2.56708,2.60646
0.31,1,0.623531,0.145768,2.56196,2.59643
0.33,1,0.58828,0.114939,2.5017,2.55893
0.35,1,0.536292,0.0668433,2.42511,2.50041
0.37,1,0.4754,0.00895281,2.34218,2.4262
0.39,1,0.416247,-0.0486779,2.25594,2.34693
0.41,1,0.369177,-0.0953799,2.26182,2.27756
0.43,1,0.342446,-0.123823,2.26721,2.23517
0.45,1,0.341447,-0.12711,2.27279,2.23353
0.47,1,0.367344,-0.104308,2.33908,2.27473
0.49,1,0.411568,-0.0633817,2.41106,2.3403
0.51,1,0.463922,-0.0138806,2.47419,2.41142
0.53,1,0.512623,0.0332499,2.54151,2.47236
0.55,1,0.549928,0.0700856,2.53791,2.51616
0.57,1,0.5733,0.0945204,2.53484,2.54248
0.59,1,0.577756,0.10102,2.53171,2.5474
0.61,1,0.563543,0.0896061,2.45563,2.53159
0.63,1,0.534966,0.0642037,2.45294,2.49887
0.65,1,0.496135,0.0280203,2.39907,2.45223
0.67,1,0.45507,-0.0111924,2.32943,2.39983
0.69,1,0.417811,-0.0468081,2.33355,2.34913
0.71,1,0.391182,-0.0740936,2.33644,2.31077
0.73,1,0.37963,-0.086398,2.30627,2.29352
0.75,1,0.387542,-0.0807396,2.38635,2.30537
0.77,1,0.41208,-0.0587009,2.38872,2.34103
0.79,1,0.445854,-0.0275699,2.47275,2.38759
0.81,1,0.480739,0.00505422,2.4688,2.43298
0.83,1,0.510794,0.0337363,2.46562,2.47015
0.85,1,0.531955,0.0546294,2.46361,2.49534
0.87,1,0.542594,0.0658322,2.46259,2.50773
0.89,1,0.540177,0.0649761,2.46165,2.50493
0.91,1,0.525656,0.0524616,2.45992,2.48792
0.93,1,0.503047,0.0321745,2.39081,2.46073
0.95,1,0.475935,0.00760908,2.34578,2.42688
0.97,1,0.44771,-0.0186375,2.34916,2.39007
0.99,1,0.42534,-0.0400207,2.35088,2.35964
