x,rho,E,F,T,Tr
0.01,1,0.72487,0.214446,2.65773,2.69604
0.03,1,0.668195,0.188366,2.56635,2.64172
0.05,1,0.593049,0.119218,2.45808,2.56409
0.07,1,0.502112,0.0328929,2.33497,2.45958
0.09,1,0.411767,-0.0550066,2.21953,2.34058
0.11,1,0.337284,-0.129053,2.1569,2.22669
0.13,1,0.29144,-0.176589,2.16633,2.14684
0.15,1,0.281475,-0.189919,2.17561,2.12824
0.17,1,0.309119,-0.166225,2.27208,2.17868
0.19,1,0.366639,-0.112966,2.38098,2.27364
0.21,1,0.441107,-0.0421603,2.47929,2.38121
0.23,1,0.516433,0.030832,2.57422,2.47694
0.25,1,0.578762,0.0925639,2.56836,2.54851
0.27,1,0.620486,0.136064,2.56296,2.59325
0.29,1,0.63514,0.15368,2.55798,2.60843
0.31,1,0.619902,0.142577,2.55284,2.59264
0.33,1,0.580441,0.106988,2.48853,2.55036
0.35,1,0.525638,0.0560549,2.41008,2.4879
0.37,1,0.464108,-0.00296012,2.32911,2.41166
0.39,1,0.406168,-0.0593143,2.26763,2.33259
0.41,1,0.362531,-0.103222,2.27372,2.26724
0.43,1,0.340015,-0.127294,2.27896,2.23119
0.45,1,0.344277,-0.125489,2.28438,2.23815
0.47,1,0.374681,-0.0980818,2.35373,2.286
0.49,1,0.421653,-0.054213,2.42574,2.35451
0.51,1,0.474131,-0.00458699,2.50938,2.42458
0.53,1,0.52078,0.0407127,2.53787,2.48213
0.55,1,0.556778,0.0763581,2.53408,2.52396
0.57,1,0.577406,0.0980801,2.53092,2.54702
0.59,1,0.578235,0.10121,2.52794,2.54793
0.61,1,0.560467,0.0861053,2.44629,2.52813
0.63,1,0.528818,0.057715,2.44357,2.49166
0.65,1,0.48891,0.0202936,2.38682,2.44325
0.67,1,0.447997,-0.0189361,2.33893,2.39045
0.69,1,0.41246,-0.0531406,2.34305,2.34157
0.71,1,0.388004,-0.0783308,2.34588,2.30606
0.73,1,0.37993,-0.0874631,2.31192,2.29397
0.75,1,0.391106,-0.0781328,2.39593,2.31065
0.77,1,0.418414,-0.0537146,2.39784,2.34997
0.79,1,0.45289,-0.0209782,2.46689,2.39695
0.81,1,0.487708,0.0112633,2.46304,2.44175
0.83,1,0.515953,0.038529,2.50924,2.47636
0.85,1,0.536119,0.0579572,2.48646,2.50021
0.87,1,0.544305,0.0672803,2.48526,2.5097
0.89,1,0.539474,0.0634954,2.48373,2.50411
0.91,1,0.522812,0.0491344,2.41974,2.48455
0.93,1,0.499024,0.0275648,2.41863,2.45579
0.95,1,0.47077,0.00151464,2.35105,2.42027
0.97,1,0.444079,-0.0232973,2.35453,2.38521
0.99,1,0.422636,-0.0437943,2.35634,2.35588
