x,rho,E,F,T,Tr
0.01,1,0.254684,-0.232141,2.14844,2.07569
0.03,1,0.288561,-0.193668,2.2626,2.14151
0.05,1,0.360663,-0.126382,2.39467,2.26431
0.07,1,0.451288,-0.0400048,2.50879,2.39483
0.09,1,0.542043,0.0486212,2.59228,2.50709
0.11,1,0.616249,0.122624,2.63965,2.58881
0.13,1,0.661492,0.170435,2.63321,2.63507
0.15,1,0.672648,0.185683,2.62688,2.64611
0.17,1,0.648947,0.167146,2.57128,2.62249
0.19,1,0.597117,0.120353,2.49034,2.56848
0.21,1,0.527432,0.0551328,2.39304,2.49002
0.23,1,0.452283,-0.0176018,2.2922,2.39615
0.25,1,0.384012,-0.084574,2.18985,2.3001
0.27,1,0.335306,-0.134129,2.19741,2.22342
0.29,1,0.314452,-0.157131,2.20466,2.18801
0.31,1,0.326041,-0.148901,2.2704,2.2079
0.33,1,0.365833,-0.112741,2.35699,2.27239
0.35,1,0.424,-0.0581405,2.4422,2.35778
0.37,1,0.487621,0.00318764,2.51205,2.44164
0.39,1,0.544156,0.0580305,2.58118,2.50953
0.41,1,0.583365,0.0979029,2.57708,2.55356
0.43,1,0.602747,0.118981,2.5734,2.57451
0.45,1,0.600652,0.120093,2.50527,2.57227
0.47,1,0.577842,0.100344,2.50142,2.5475
0.49,1,0.536067,0.0621427,2.44101,2.50015
0.51,1,0.487213,0.0159364,2.37423,2.44113
0.53,1,0.437377,-0.0321909,2.31371,2.37616
0.55,1,0.395504,-0.0734465,2.26807,2.31712
0.57,1,0.370157,-0.0995438,2.27167,2.27907
0.59,1,0.365258,-0.106323,2.34273,2.27149
0.61,1,0.38179,-0.0922332,2.34658,2.29677
0.63,1,0.416811,-0.0599911,2.40548,2.34772
0.65,1,0.459931,-0.0197697,2.51,2.40622
0.67,1,0.501355,0.019974,2.50578,2.45866
0.69,1,0.534082,0.0515971,2.50219,2.49783
0.71,1,0.554583,0.0729775,2.49967,2.52147
0.73,1,0.56152,0.0807505,2.52,2.52931
0.75,1,0.553604,0.0747791,2.45961,2.52035
0.77,1,0.532557,0.0566299,2.45772,2.49605
0.79,1,0.501876,0.027968,2.41434,2.45929
0.81,1,0.467666,-0.00372759,2.34371,2.41627
0.83,1,0.435788,-0.0341488,2.34769,2.374
0.85,1,0.411902,-0.0574207,2.35021,2.34078
0.87,1,0.400062,-0.0698875,2.3517,2.32377
0.89,1,0.403378,-0.068319,2.35373,2.32857
0.91,1,0.420741,-0.0531198,2.3914,2.35323
0.93,1,0.447832,-0.0284068,2.42969,2.39023
0.95,1,0.47736,-0.00109142,2.49759,2.42869
0.97,1,0.503005,0.0227381,2.4956,2.46068
0.99,1,0.522156,0.0409963,2.49481,2.48377
