x,rho,E,F,T,Tr
0.01,1,0.34679,-0.132805,2.1015,2.24222
0.03,1,0.279947,-0.189199,2.10393,2.12535
0.05,1,0.25796,-0.214904,2.11624,2.08233
0.07,1,0.277532,-0.199821,2.21781,2.12075
0.09,1,0.333412,-0.148789,2.34172,2.22027
0.11,1,0.413023,-0.0732603,2.4582,2.34237
0.13,1,0.499781,0.0111568,2.54966,2.45672
0.15,1,0.576762,0.087868,2.60546,2.54631
0.17,1,0.631239,0.144395,2.59905,2.60441
0.19,1,0.656577,0.173531,2.59231,2.63016
0.21,1,0.647847,0.170011,2.58563,2.62138
0.23,1,0.60963,0.136567,2.51873,2.58183
0.25,1,0.550947,0.0823527,2.43254,2.51732
0.27,1,0.481849,0.0159086,2.33619,2.43438
0.29,1,0.414044,-0.0508421,2.22355,2.34381
0.31,1,0.359551,-0.106151,2.23094,2.26257
0.33,1,0.327709,-0.140393,2.23874,2.21072
0.35,1,0.324678,-0.146859,2.2469,2.20559
0.37,1,0.351675,-0.123481,2.32255,2.25007
0.39,1,0.400217,-0.0784288,2.40509,2.324
0.41,1,0.458825,-0.022082,2.4771,2.40477
0.43,1,0.5148,0.0329262,2.53133,2.47498
0.45,1,0.558582,0.0774743,2.52745,2.526
0.47,1,0.586604,0.107857,2.52315,2.5571
0.49,1,0.59344,0.118178,2.54932,2.56452
0.51,1,0.578348,0.106505,2.46524,2.54806
0.53,1,0.545768,0.0774873,2.46078,2.51139
0.55,1,0.503114,0.0367391,2.39726,2.46081
0.57,1,0.456491,-0.00860237,2.30702,2.4017
0.59,1,0.414084,-0.0509677,2.31079,2.34387
0.61,1,0.383227,-0.0837337,2.31555,2.29893
0.63,1,0.369248,-0.10005,2.28805,2.27767
0.65,1,0.376511,-0.0957327,2.37618,2.28879
0.67,1,0.403148,-0.0718501,2.38049,2.32824
0.69,1,0.441032,-0.0363209,2.4825,2.38111
0.71,1,0.480744,0.00214039,2.48005,2.43299
0.73,1,0.514599,0.036228,2.47812,2.47474
0.75,1,0.538658,0.0620121,2.47614,2.50317
0.77,1,0.551221,0.0768203,2.47341,2.51764
0.79,1,0.548811,0.0774959,2.46974,2.51488
0.81,1,0.532991,0.0642321,2.46583,2.49656
0.83,1,0.508091,0.0414642,2.38684,2.46687
0.85,1,0.47772,0.0123556,2.38563,2.42915
0.87,1,0.44676,-0.0185886,2.33253,2.3888
0.89,1,0.421938,-0.0447013,2.33503,2.35491
0.91,1,0.405721,-0.0630832,2.33875,2.33195
0.93,1,0.402896,-0.0682864,2.37146,2.32788
0.95,1,0.414718,-0.0593994,2.40918,2.34477
0.97,1,0.436588,-0.0396585,2.4121,2.37509
0.99,1,0.463509,-0.0139823,2.47284,2.41088
