x,rho,E,F,T,Tr
0.01,1,0.680755,0.175931,2.57268,2.65405
0.03,1,0.589507,0.113017,2.44852,2.56026
0.05,1,0.495188,0.0227509,2.3217,2.45106
0.07,1,0.403155,-0.0669827,2.20671,2.32825
0.09,1,0.329295,-0.140858,2.1599,2.21339
0.11,1,0.285803,-0.186359,2.17004,2.13638
0.13,1,0.279386,-0.195938,2.17982,2.12428
0.15,1,0.311114,-0.168027,2.2815,2.18218
0.17,1,0.372392,-0.110771,2.3929,2.2825
0.19,1,0.449602,-0.0368922,2.49076,2.39259
0.21,1,0.526494,0.0382905,2.56355,2.48891
0.23,1,0.589253,0.100699,2.62163,2.55998
0.25,1,0.629142,0.142215,2.61685,2.60225
0.27,1,0.641294,0.157178,2.55781,2.61472
0.29,1,0.623623,0.14358,2.55292,2.59652
0.31,1,0.58097,0.104504,2.48526,2.55094
0.33,1,0.523441,0.0505138,2.40421,2.4853
0.35,1,0.460259,-0.0107588,2.32276,2.40665
0.37,1,0.401801,-0.067936,2.27292,2.32629
0.39,1,0.359085,-0.111427,2.27966,2.26183
0.41,1,0.338262,-0.133409,2.28555,2.22831
0.43,1,0.345598,-0.128956,2.29085,2.24029
0.45,1,0.378563,-0.0981296,2.36307,2.2919
0.47,1,0.427706,-0.051806,2.43508,2.36291
0.49,1,0.481665,0.000545242,2.49529,2.43415
0.51,1,0.529472,0.0472844,2.55919,2.49243
0.53,1,0.563417,0.0814409,2.55529,2.53145
0.55,1,0.581945,0.100975,2.55204,2.55201
0.57,1,0.581902,0.102171,2.49501,2.55196
0.59,1,0.563447,0.0861143,2.4435,2.53148
0.61,1,0.529345,0.0543573,2.44216,2.49228
0.63,1,0.488694,0.0152325,2.38716,2.44298
0.65,1,0.44683,-0.024975,2.30472,2.3889
0.67,1,0.411539,-0.0600215,2.29373,2.34026
0.69,1,0.387388,-0.0834937,2.29704,2.30514
0.71,1,0.381149,-0.0910831,2.3564,2.29581
0.73,1,0.393673,-0.0793619,2.35865,2.31444
0.75,1,0.422864,-0.0523239,2.45176,2.3562
0.77,1,0.458316,-0.0181735,2.45184,2.4041
0.79,1,0.493978,0.015858,2.51651,2.44956
0.81,1,0.521443,0.0428536,2.49142,2.48292
0.83,1,0.540687,0.0616018,2.48843,2.50552
0.85,1,0.547932,0.0695296,2.48645,2.51387
0.87,1,0.542175,0.0642495,2.48516,2.50724
0.89,1,0.525068,0.0481925,2.41873,2.48723
0.91,1,0.500502,0.0247892,2.41884,2.45761
0.93,1,0.471833,-0.00257387,2.35375,2.42163
0.95,1,0.445382,-0.0279376,2.35826,2.38696
0.97,1,0.424106,-0.0484814,2.39173,2.35793
0.99,1,0.412082,-0.060059,2.36386,2.34103
