x,rho,E,F,T,Tr
0.01,1,0.445737,-0.0394315,2.24262,2.38743
0.03,1,0.349222,-0.120127,2.1,2.24614
0.05,1,0.288311,-0.182837,2.11231,2.14105
0.07,1,0.264594,-0.209978,2.12436,2.09559
0.09,1,0.281662,-0.197074,2.22014,2.1286
0.11,1,0.334545,-0.148556,2.33962,2.22216
0.13,1,0.411246,-0.0756,2.4533,2.33984
0.15,1,0.495653,0.00662882,2.54358,2.45164
0.17,1,0.57105,0.0817968,2.60444,2.53998
0.19,1,0.624915,0.137676,2.59781,2.59787
0.21,1,0.651245,0.167428,2.59106,2.62481
0.23,1,0.64465,0.165362,2.58458,2.61814
0.25,1,0.609203,0.133987,2.52102,2.58138
0.27,1,0.553273,0.082212,2.43868,2.51998
0.29,1,0.486754,0.0178415,2.34482,2.44056
0.31,1,0.420608,-0.0474178,2.22807,2.35305
0.33,1,0.366644,-0.102147,2.23598,2.27365
0.35,1,0.334287,-0.136567,2.24415,2.22173
0.37,1,0.329699,-0.144189,2.25194,2.21407
0.39,1,0.354573,-0.122595,2.32392,2.2547
0.41,1,0.400611,-0.0790949,2.40385,2.32457
0.43,1,0.457332,-0.0243233,2.47418,2.40281
0.45,1,0.511883,0.0297971,2.53286,2.47146
0.47,1,0.555135,0.0735036,2.55773,2.52209
0.49,1,0.582883,0.103739,2.55269,2.55304
0.51,1,0.59081,0.114187,2.54767,2.56167
0.53,1,0.577432,0.103849,2.46766,2.54705
0.55,1,0.547275,0.0765527,2.46408,2.51312
0.57,1,0.506301,0.0369752,2.4028,2.4647
0.59,1,0.461475,-0.00739476,2.30893,2.40823
0.61,1,0.420048,-0.0490376,2.31389,2.35227
0.63,1,0.389149,-0.0813399,2.28892,2.30776
0.65,1,0.374679,-0.0980989,2.29458,2.286
0.67,1,0.380532,-0.0942976,2.33278,2.29488
0.69,1,0.40529,-0.0715364,2.43234,2.33132
0.71,1,0.441258,-0.0373641,2.48557,2.38141
0.73,1,0.47958,0.00064414,2.48374,2.43151
0.75,1,0.51279,0.0343932,2.48165,2.47256
0.77,1,0.536359,0.0597471,2.47874,2.50049
0.79,1,0.54925,0.0744578,2.47501,2.51538
0.81,1,0.548013,0.0754646,2.47109,2.51397
0.83,1,0.533859,0.0629233,2.46792,2.49757
0.85,1,0.510717,0.0408582,2.39133,2.47005
0.87,1,0.481887,0.0124646,2.39129,2.43443
0.89,1,0.451966,-0.0183583,2.336,2.39573
0.91,1,0.427361,-0.0440188,2.33985,2.36244
0.93,1,0.411262,-0.0621608,2.34467,2.33987
0.95,1,0.407621,-0.0674592,2.34935,2.33467
0.97,1,0.417907,-0.0589152,2.41199,2.34926
0.99,1,0.437984,-0.0398937,2.41392,2.37698
