x,rho,E,F,T,Tr
0.01,1,0.395531,-0.107917,2.4529,2.31716
0.03,1,0.48683,-0.00540189,2.55231,2.44065
0.05,1,0.578603,0.0855649,2.64144,2.54834
0.07,1,0.647436,0.155568,2.63352,2.62096
0.09,1,0.682952,0.194782,2.62604,2.65619
0.11,1,0.680139,0.196633,2.61906,2.65345
0.13,1,0.641825,0.163449,2.54884,2.61526
0.15,1,0.577843,0.103906,2.45456,2.5475
0.17,1,0.499659,0.0290285,2.34823,2.45657
0.19,1,0.42107,-0.0480692,2.24926,2.35369
0.21,1,0.35554,-0.113794,2.1942,2.25623
0.23,1,0.314622,-0.156118,2.20345,2.18831
0.25,1,0.305188,-0.168254,2.2118,2.17172
0.27,1,0.329573,-0.146794,2.29416,2.21386
0.29,1,0.380443,-0.0992794,2.38807,2.29474
0.31,1,0.445587,-0.0363721,2.47359,2.38723
0.33,1,0.511011,0.027631,2.55751,2.47041
0.35,1,0.564423,0.0811841,2.55175,2.53258
0.37,1,0.600369,0.118714,2.54613,2.57197
0.39,1,0.613337,0.134109,2.54101,2.58575
0.41,1,0.600647,0.124106,2.53654,2.57227
0.43,1,0.566778,0.0930186,2.48069,2.53521
0.45,1,0.519954,0.0484363,2.41266,2.48115
0.47,1,0.466845,-0.00329701,2.34329,2.41521
0.49,1,0.416706,-0.0530229,2.28872,2.34757
0.51,1,0.378427,-0.0916397,2.29529,2.2917
0.53,1,0.358617,-0.113165,2.30119,2.2611
0.55,1,0.361902,-0.111368,2.30618,2.26626
0.57,1,0.388426,-0.0867993,2.36521,2.30669
0.59,1,0.42887,-0.047655,2.479,2.36452
0.61,1,0.474617,-0.00359004,2.52974,2.4252
0.63,1,0.515184,0.0368995,2.52545,2.47544
0.65,1,0.545039,0.0674659,2.52098,2.51055
0.67,1,0.562564,0.0860873,2.51698,2.53049
0.69,1,0.563581,0.0881565,2.48436,2.53163
0.71,1,0.54894,0.0750061,2.44239,2.51503
0.73,1,0.523168,0.0503681,2.39252,2.48497
0.75,1,0.488751,0.0168346,2.39302,2.44306
0.77,1,0.453657,-0.0183144,2.31835,2.39797
0.79,1,0.423209,-0.0487099,2.32372,2.35668
0.81,1,0.401881,-0.070643,2.32851,2.32641
0.83,1,0.394909,-0.0782675,2.33196,2.31625
0.85,1,0.404357,-0.0694195,2.40372,2.32998
0.87,1,0.426804,-0.047694,2.40444,2.36167
0.89,1,0.456467,-0.0181962,2.464,2.40167
0.91,1,0.485278,0.010335,2.46234,2.4387
0.93,1,0.5099,0.0353359,2.4836,2.46907
0.95,1,0.526779,0.0524366,2.47975,2.48925
0.97,1,0.534171,0.0602758,2.47678,2.49794
0.99,1,0.530427,0.056737,2.47519,2.49355
