x,rho,E,F,T,Tr
0.01,1,0.252326,-0.229208,2.1015,2.07087
0.03,1,0.264742,-0.211759,2.1961,2.09588
0.05,1,0.320554,-0.160997,2.32664,2.19855
0.07,1,0.40276,-0.0834027,2.45093,2.32768
0.09,1,0.494483,0.00501609,2.55003,2.45019
0.11,1,0.577492,0.0869757,2.6184,2.54711
0.13,1,0.637718,0.148376,2.61183,2.61107
0.15,1,0.667097,0.181325,2.60546,2.64064
0.17,1,0.66067,0.179877,2.59905,2.63425
0.19,1,0.622218,0.146729,2.53093,2.59506
0.21,1,0.561272,0.090742,2.44156,2.52903
0.23,1,0.488445,0.0213225,2.34253,2.44267
0.25,1,0.415989,-0.0489502,2.20894,2.34656
0.27,1,0.356768,-0.108099,2.21644,2.25818
0.29,1,0.321179,-0.145312,2.22355,2.19962
0.31,1,0.315519,-0.153992,2.23094,2.18987
0.33,1,0.341609,-0.131517,2.3093,2.2338
0.35,1,0.391383,-0.0857877,2.39666,2.31106
0.37,1,0.453007,-0.0272592,2.47445,2.39711
0.39,1,0.513092,0.0308313,2.53973,2.47292
0.41,1,0.560947,0.0784234,2.53524,2.52867
0.43,1,0.592361,0.111244,2.53133,2.56335
0.45,1,0.601846,0.123527,2.52745,2.57355
0.47,1,0.587479,0.112631,2.52315,2.55805
0.49,1,0.553981,0.0828887,2.4693,2.52078
0.51,1,0.509456,0.0412539,2.40497,2.46853
0.53,1,0.459566,-0.00582599,2.29805,2.40574
0.55,1,0.413637,-0.0507277,2.30291,2.34324
0.57,1,0.379452,-0.0852674,2.30702,2.29325
0.59,1,0.363021,-0.103661,2.31079,2.26801
0.61,1,0.368714,-0.100478,2.31555,2.27685
0.63,1,0.395732,-0.0764961,2.37186,2.31746
0.65,1,0.435133,-0.0400765,2.43074,2.3731
0.67,1,0.47773,0.000204727,2.51502,2.42917
0.69,1,0.5148,0.0359071,2.4825,2.47498
0.71,1,0.541644,0.0629564,2.48005,2.50663
0.73,1,0.556519,0.0789541,2.47812,2.52366
0.75,1,0.555581,0.0801755,2.47614,2.5226
0.77,1,0.539931,0.06718,2.47341,2.50464
0.79,1,0.514085,0.0442342,2.39046,2.47412
0.81,1,0.481501,0.0142697,2.38879,2.43395
0.83,1,0.447996,-0.0175263,2.32869,2.39045
0.85,1,0.420163,-0.0445285,2.33082,2.35243
0.87,1,0.401407,-0.0638961,2.33253,2.32572
0.89,1,0.39679,-0.0699431,2.33503,2.319
0.91,1,0.407815,-0.0611313,2.40268,2.33495
0.93,1,0.430476,-0.0414356,2.45704,2.36673
0.95,1,0.459441,-0.0152996,2.47738,2.40558
0.97,1,0.486745,0.0099859,2.47443,2.44054
0.99,1,0.509695,0.0318721,2.47284,2.46882
