x,rho,E,F,T,Tr
0.01,1,0.292908,-0.201326,2.27659,2.14953
0.03,1,0.362652,-0.125055,2.40169,2.26743
0.05,1,0.456123,-0.0354134,2.51706,2.40122
0.07,1,0.548837,0.0553567,2.64999,2.51491
0.09,1,0.623842,0.13029,2.6427,2.59675
0.11,1,0.668936,0.178109,2.63581,2.64246
0.13,1,0.678276,0.191365,2.62935,2.65163
0.15,1,0.651675,0.16987,2.57088,2.62524
0.17,1,0.597155,0.12007,2.48642,2.56852
0.19,1,0.524778,0.0516975,2.38591,2.48688
0.21,1,0.447477,-0.0233052,2.28337,2.38976
0.23,1,0.378287,-0.0914665,2.18581,2.29148
0.25,1,0.329915,-0.140656,2.19418,2.21443
0.27,1,0.310286,-0.162341,2.2017,2.18073
0.29,1,0.323904,-0.151683,2.27144,2.20427
0.31,1,0.365953,-0.112855,2.36077,2.27257
0.33,1,0.426262,-0.0558436,2.44745,2.36092
0.35,1,0.491413,0.00739458,2.51755,2.44638
0.37,1,0.548526,0.0632849,2.58439,2.51455
0.39,1,0.587805,0.103486,2.57974,2.55841
0.41,1,0.607048,0.123984,2.57562,2.57909
0.43,1,0.603244,0.123125,2.5032,2.57504
0.45,1,0.578403,0.101254,2.49987,2.54812
0.47,1,0.53536,0.0609636,2.43697,2.49933
0.49,1,0.484952,0.0126578,2.36907,2.43829
0.51,1,0.434197,-0.0367772,2.30838,2.37183
0.53,1,0.392132,-0.0782828,2.26432,2.31217
0.55,1,0.36656,-0.104259,2.26845,2.27351
0.57,1,0.362688,-0.109665,2.34514,2.26749
0.59,1,0.381216,-0.0931193,2.3484,2.29591
0.61,1,0.417587,-0.0592881,2.40877,2.34881
0.63,1,0.461582,-0.0169599,2.46417,2.40837
0.65,1,0.503926,0.0238593,2.50701,2.4618
0.67,1,0.536506,0.0557583,2.50264,2.50066
0.69,1,0.556896,0.0767641,2.49913,2.52409
0.71,1,0.563202,0.0835232,2.49675,2.53121
0.73,1,0.55456,0.0765154,2.45674,2.52144
0.75,1,0.532962,0.0566731,2.4555,2.49652
0.77,1,0.501085,0.0262711,2.41156,2.45832
0.79,1,0.466315,-0.00706751,2.34231,2.41452
0.81,1,0.433894,-0.0381781,2.34714,2.37141
0.83,1,0.409796,-0.0618851,2.35105,2.33778
0.85,1,0.398246,-0.0733633,2.32898,2.32113
0.87,1,0.402293,-0.0699508,2.39234,2.327
0.89,1,0.420512,-0.0530448,2.39326,2.35291
0.91,1,0.448252,-0.0265566,2.47463,2.39079
0.93,1,0.4779,0.00139022,2.49186,2.42938
0.95,1,0.503833,0.0261834,2.4881,2.46169
0.97,1,0.523102,0.0445913,2.48534,2.48489
0.99,1,0.533453,0.054476,2.48395,2.4971
