x,rho,E,F,T,Tr
0.01,1,0.577527,0.0638842,2.67252,2.54715
0.03,1,0.645686,0.153055,2.65338,2.61919
0.05,1,0.689562,0.201209,2.64542,2.66259
0.07,1,0.693595,0.210496,2.63754,2.66648
0.09,1,0.659047,0.182055,2.56903,2.63263
0.11,1,0.595203,0.12362,2.47321,2.56642
0.13,1,0.514167,0.0466323,2.36147,2.47422
0.15,1,0.430536,-0.0352624,2.25156,2.36681
0.17,1,0.358518,-0.107464,2.16539,2.26094
0.19,1,0.310835,-0.156957,2.17528,2.18169
0.21,1,0.295131,-0.175963,2.18512,2.1536
0.23,1,0.314927,-0.159924,2.26782,2.18884
0.25,1,0.364102,-0.114791,2.36718,2.26969
0.27,1,0.430815,-0.0510021,2.46135,2.3672
0.29,1,0.500626,0.0172188,2.57124,2.45776
0.31,1,0.559788,0.0765953,2.56595,2.52736
0.33,1,0.600751,0.119538,2.5605,2.57238
0.35,1,0.618389,0.140858,2.55467,2.59106
0.37,1,0.609177,0.135274,2.54885,2.58135
0.39,1,0.57665,0.10661,2.49272,2.54618
0.41,1,0.529282,0.0619256,2.42185,2.4922
0.43,1,0.473533,0.00831533,2.34626,2.42381
0.45,1,0.419759,-0.0454466,2.26733,2.35186
0.47,1,0.377039,-0.0890893,2.27365,2.28959
0.49,1,0.352842,-0.115741,2.2802,2.25194
0.51,1,0.352451,-0.118845,2.28694,2.25131
0.53,1,0.376916,-0.097512,2.34824,2.2894
0.55,1,0.417678,-0.0589791,2.41472,2.34894
0.57,1,0.46568,-0.012439,2.47218,2.4137
0.59,1,0.509831,0.0315807,2.5333,2.46898
0.61,1,0.542838,0.0657445,2.52961,2.50801
0.63,1,0.563168,0.0883547,2.52535,2.53117
0.65,1,0.566247,0.0944129,2.52076,2.53462
0.67,1,0.553343,0.0838168,2.48918,2.52006
0.69,1,0.52783,0.0607964,2.39878,2.49049
0.71,1,0.492413,0.0268326,2.39625,2.44762
0.73,1,0.455125,-0.0105135,2.33407,2.39991
0.75,1,0.421581,-0.044478,2.33721,2.35441
0.77,1,0.398253,-0.0700274,2.34129,2.32114
0.79,1,0.388545,-0.0817278,2.31778,2.30686
0.81,1,0.396343,-0.0764453,2.39092,2.31835
0.83,1,0.418653,-0.0561151,2.39411,2.35031
0.85,1,0.449421,-0.0266422,2.46649,2.39235
0.87,1,0.48076,0.00446479,2.46539,2.43301
0.89,1,0.507121,0.0320081,2.46438,2.4657
0.91,1,0.525528,0.0520658,2.46253,2.48777
0.93,1,0.533927,0.0630257,2.45954,2.49765
0.95,1,0.531256,0.062295,2.47884,2.49452
0.97,1,0.518,0.0509032,2.42188,2.47881
0.99,1,0.497706,0.0316914,2.42001,2.45417
