x,rho,E,F,T,Tr
0.01,1,0.655892,0.154277,2.53522,2.62948
0.03,1,0.556988,0.082392,2.40279,2.52419
0.05,1,0.460673,-0.0106556,2.2747,2.40719
0.07,1,0.372737,-0.0973866,2.16778,2.28303
0.09,1,0.30788,-0.162943,2.12133,2.17649
0.11,1,0.277038,-0.196154,2.13135,2.11981
0.13,1,0.285044,-0.191508,2.2111,2.13496
0.15,1,0.32893,-0.151562,2.32071,2.21278
0.17,1,0.398094,-0.085933,2.43063,2.32091
0.19,1,0.478077,-0.00894571,2.52176,2.42961
0.21,1,0.551837,0.0639984,2.60359,2.51834
0.23,1,0.6074,0.119826,2.59707,2.57947
0.25,1,0.638023,0.153207,2.59115,2.61138
0.27,1,0.638764,0.156866,2.58574,2.61214
0.29,1,0.610664,0.132865,2.53115,2.58293
0.31,1,0.562112,0.0876127,2.45661,2.52998
0.33,1,0.500689,0.0291368,2.37234,2.45784
0.35,1,0.437261,-0.032989,2.29242,2.376
0.37,1,0.382276,-0.0872675,2.23883,2.2975
0.39,1,0.346669,-0.124099,2.24586,2.24202
0.41,1,0.335887,-0.136352,2.25194,2.22438
0.43,1,0.353708,-0.120947,2.31413,2.25332
0.45,1,0.393665,-0.0833417,2.3888,2.31443
0.47,1,0.446401,-0.0330407,2.46024,2.38832
0.49,1,0.499754,0.019242,2.55826,2.45669
0.51,1,0.543957,0.0623299,2.5534,2.5093
0.53,1,0.572308,0.0916861,2.54923,2.54138
0.55,1,0.58351,0.104181,2.54599,2.55372
0.57,1,0.576692,0.0992511,2.47726,2.54623
0.59,1,0.553251,0.077932,2.47496,2.51995
0.61,1,0.514924,0.0416356,2.42078,2.47513
0.63,1,0.472363,0.000530598,2.36331,2.42231
0.65,1,0.431411,-0.0398882,2.2915,2.36801
0.67,1,0.399285,-0.0715072,2.29615,2.32264
0.69,1,0.381809,-0.0898063,2.32571,2.2968
0.71,1,0.382936,-0.0895572,2.32892,2.29849
0.73,1,0.401854,-0.0719498,2.42389,2.32637
0.75,1,0.434461,-0.0408604,2.4244,2.37219
0.77,1,0.471351,-0.00490998,2.48913,2.42102
0.79,1,0.504152,0.0269245,2.48526,2.46208
0.81,1,0.529362,0.0519475,2.48129,2.4923
0.83,1,0.544234,0.0666531,2.47809,2.50962
0.85,1,0.546547,0.0697067,2.47601,2.51228
0.87,1,0.536734,0.0602731,2.47479,2.50093
0.89,1,0.516895,0.0412614,2.40334,2.47749
0.91,1,0.490004,0.015461,2.40402,2.44462
0.93,1,0.460947,-0.0131151,2.34085,2.40754
0.95,1,0.435644,-0.037602,2.36708,2.3738
0.97,1,0.417524,-0.0552968,2.34859,2.34872
0.99,1,0.410631,-0.0618641,2.35007,2.33897
