x,rho,E,F,T,Tr
0.01,1,0.723724,0.206411,2.65768,2.69497
0.03,1,0.705757,0.218579,2.63868,2.67809
0.05,1,0.660181,0.1797,2.55865,2.63377
0.07,1,0.585858,0.111348,2.45187,2.55629
0.09,1,0.497108,0.0268385,2.33183,2.45343
0.11,1,0.409669,-0.0585517,2.22175,2.3376
0.13,1,0.338393,-0.129878,2.17011,2.22852
0.15,1,0.295466,-0.174826,2.17956,2.15421
0.17,1,0.287857,-0.186031,2.18906,2.14021
0.19,1,0.317081,-0.161099,2.28421,2.19257
0.21,1,0.374842,-0.10783,2.39013,2.28625
0.23,1,0.448053,-0.0381822,2.48455,2.39053
0.25,1,0.52104,0.0326524,2.56899,2.48244
0.27,1,0.580593,0.0921198,2.56369,2.55052
0.29,1,0.619869,0.133169,2.6081,2.59261
0.31,1,0.632304,0.148886,2.55372,2.60551
0.33,1,0.615907,0.136982,2.54838,2.58845
0.35,1,0.576131,0.101408,2.48462,2.54561
0.37,1,0.522068,0.0513338,2.40767,2.48367
0.39,1,0.462138,-0.00625229,2.32973,2.4091
0.41,1,0.406312,-0.0607959,2.27786,2.33279
0.43,1,0.365085,-0.103042,2.28309,2.27122
0.45,1,0.344665,-0.125489,2.28832,2.23878
0.47,1,0.350648,-0.122612,2.2944,2.24843
0.49,1,0.381999,-0.0950104,2.36268,2.29708
0.51,1,0.428582,-0.0516885,2.43153,2.36412
0.53,1,0.479752,-0.00314292,2.4889,2.43173
0.55,1,0.524743,0.0406856,2.53597,2.48684
0.57,1,0.558502,0.0749064,2.5329,2.52591
0.59,1,0.577157,0.0953979,2.52994,2.54674
0.61,1,0.576646,0.0977121,2.52618,2.54618
0.63,1,0.558256,0.0826772,2.44525,2.52563
0.65,1,0.526868,0.0542158,2.44199,2.48936
0.67,1,0.487418,0.0179263,2.34324,2.44139
0.69,1,0.448116,-0.0203233,2.34731,2.39061
0.71,1,0.414287,-0.0536763,2.35015,2.34416
0.73,1,0.391228,-0.0775586,2.3161,2.31083
0.75,1,0.384949,-0.0859405,2.31957,2.30151
0.77,1,0.397142,-0.0760534,2.40183,2.31952
0.79,1,0.424674,-0.0520571,2.40453,2.35871
0.81,1,0.459015,-0.0202362,2.46527,2.40502
0.83,1,0.492582,0.0109498,2.51216,2.44783
0.85,1,0.519381,0.0374691,2.48892,2.48046
0.87,1,0.538043,0.0565038,2.48782,2.50245
0.89,1,0.545015,0.0652682,2.48636,2.51052
0.91,1,0.538956,0.061481,2.48381,2.50351
0.93,1,0.521767,0.0473984,2.4214,2.48331
0.95,1,0.497997,0.0264745,2.41905,2.45453
0.97,1,0.470418,0.00113266,2.35865,2.41982
0.99,1,0.445001,-0.0230071,2.38958,2.38645
