x,rho,E,F,T,Tr
0.01,1,0.415513,-0.0901254,2.47838,2.34589
0.03,1,0.50717,0.0138001,2.57079,2.46575
0.05,1,0.596008,0.1022,2.6307,2.56729
0.07,1,0.659104,0.167187,2.62285,2.63269
0.09,1,0.687306,0.199225,2.6154,2.66041
0.11,1,0.676632,0.193622,2.60848,2.65002
0.13,1,0.631837,0.153742,2.53215,2.60503
0.15,1,0.563373,0.0897428,2.43361,2.5314
0.17,1,0.483614,0.0126941,2.3236,2.43661
0.19,1,0.406295,-0.0633589,2.19889,2.33277
0.21,1,0.344954,-0.12515,2.20863,2.23925
0.23,1,0.309868,-0.162468,2.2178,2.18
0.25,1,0.30733,-0.167885,2.22633,2.17552
0.27,1,0.338228,-0.140197,2.31355,2.22825
0.29,1,0.393231,-0.0881614,2.40738,2.31379
0.31,1,0.459888,-0.0235288,2.48853,2.40616
0.33,1,0.524138,0.0396758,2.59825,2.48612
0.35,1,0.574826,0.0906249,2.59305,2.54417
0.37,1,0.606344,0.123783,2.5883,2.57835
0.39,1,0.613895,0.134355,2.53214,2.58634
0.41,1,0.596965,0.120112,2.52764,2.56832
0.43,1,0.559128,0.0851843,2.46831,2.52662
0.45,1,0.51018,0.0379704,2.39636,2.46941
0.47,1,0.456768,-0.014132,2.2944,2.40207
0.49,1,0.408545,-0.062309,2.301,2.33599
0.51,1,0.373237,-0.0983396,2.30752,2.2838
0.53,1,0.357658,-0.115641,2.31334,2.25958
0.55,1,0.365818,-0.109111,2.31807,2.27236
0.57,1,0.396545,-0.0807989,2.37938,2.31865
0.59,1,0.438981,-0.0390681,2.44126,2.37833
0.61,1,0.484464,0.00483676,2.52618,2.43768
0.63,1,0.522618,0.0433038,2.52175,2.48432
0.65,1,0.551305,0.072605,2.51704,2.51773
0.67,1,0.565901,0.0886805,2.51302,2.53423
0.69,1,0.563263,0.0877441,2.50985,2.53127
0.71,1,0.545719,0.0712439,2.43195,2.51133
0.73,1,0.517374,0.0441444,2.38489,2.47806
0.75,1,0.482445,0.00939927,2.38582,2.43514
0.77,1,0.44784,-0.0248715,2.32419,2.39024
0.79,1,0.418936,-0.0542984,2.32972,2.35071
0.81,1,0.399852,-0.0740361,2.33456,2.32347
0.83,1,0.396037,-0.0786315,2.37147,2.3179
0.85,1,0.408687,-0.0668174,2.41406,2.3362
0.87,1,0.433448,-0.0426385,2.41461,2.3708
0.89,1,0.463577,-0.012397,2.48636,2.41097
0.91,1,0.491987,0.0159719,2.48381,2.44709
0.93,1,0.51481,0.0393875,2.48018,2.47499
0.95,1,0.530196,0.0554178,2.47622,2.49328
0.97,1,0.535424,0.0611252,2.4732,2.4994
0.99,1,0.529279,0.0553048,2.44629,2.4922
