x,rho,E,F,T,Tr
0.01,1,0.295993,-0.197035,2.28476,2.15517
0.03,1,0.367734,-0.118948,2.40925,2.27533
0.05,1,0.461832,-0.0283432,2.52486,2.4087
0.07,1,0.554004,0.0619164,2.64665,2.52081
0.09,1,0.627192,0.13537,2.63919,2.60023
0.11,1,0.670267,0.181247,2.63225,2.64377
0.13,1,0.676972,0.192158,2.62573,2.65036
0.15,1,0.648156,0.168288,2.56496,2.62169
0.17,1,0.591939,0.116722,2.47887,2.56289
0.19,1,0.518548,0.0474624,2.37746,2.47947
0.21,1,0.441265,-0.0276914,2.27566,2.38142
0.23,1,0.372995,-0.0950687,2.18712,2.28343
0.25,1,0.326257,-0.142657,2.19538,2.20827
0.27,1,0.308701,-0.162311,2.20288,2.17794
0.29,1,0.3246,-0.149597,2.27504,2.20546
0.31,1,0.368227,-0.109025,2.36522,2.27609
0.33,1,0.42927,-0.0511044,2.4511,2.36507
0.35,1,0.494248,0.0119801,2.51974,2.4499
0.37,1,0.550496,0.0671493,2.5822,2.51681
0.39,1,0.589117,0.106561,2.57747,2.55983
0.41,1,0.607118,0.126168,2.57338,2.57917
0.43,1,0.601141,0.123081,2.49792,2.5728
0.45,1,0.574193,0.0991773,2.49454,2.54347
0.47,1,0.530703,0.0587434,2.43066,2.49387
0.49,1,0.480059,0.00971151,2.3606,2.43212
0.51,1,0.429414,-0.0393549,2.28098,2.36527
0.53,1,0.388491,-0.0801149,2.26242,2.30678
0.55,1,0.363774,-0.105042,2.26671,2.26918
0.57,1,0.361584,-0.109293,2.34712,2.26576
0.59,1,0.381638,-0.0909358,2.35043,2.29654
0.61,1,0.418704,-0.0561603,2.41076,2.35038
0.63,1,0.463041,-0.0136472,2.46529,2.41027
0.65,1,0.504936,0.0269263,2.50275,2.46304
0.67,1,0.536586,0.0583887,2.49851,2.50076
0.69,1,0.556557,0.0782271,2.51988,2.52371
0.71,1,0.561376,0.0842875,2.49257,2.52915
0.73,1,0.551847,0.0759828,2.49058,2.51835
0.75,1,0.529764,0.0554764,2.40665,2.49277
0.77,1,0.4972,0.0248108,2.40646,2.45355
0.79,1,0.462269,-0.00918475,2.34241,2.40927
0.81,1,0.430459,-0.0397589,2.34725,2.36671
0.83,1,0.406807,-0.06304,2.32556,2.3335
0.85,1,0.396025,-0.0736501,2.32755,2.31789
0.87,1,0.401284,-0.0692149,2.39263,2.32554
0.89,1,0.42037,-0.0512332,2.39349,2.35271
0.91,1,0.448453,-0.0244985,2.47062,2.39106
0.93,1,0.478073,0.00357402,2.46749,2.4296
0.95,1,0.503486,0.0279786,2.48493,2.46126
0.97,1,0.52229,0.0460189,2.46051,2.48393
0.99,1,0.531973,0.0553115,2.48063,2.49536
