x,rho,E,F,T,Tr
0.01,1,0.253462,-0.231079,2.10718,2.07319
0.03,1,0.267568,-0.211965,2.20329,2.10145
0.05,1,0.324783,-0.159848,2.33391,2.20577
0.07,1,0.407817,-0.0814278,2.45734,2.33495
0.09,1,0.499645,0.00715154,2.55504,2.45656
0.11,1,0.582183,0.0886246,2.61823,2.55227
0.13,1,0.641482,0.149183,2.61171,2.61492
0.15,1,0.669604,0.180903,2.60542,2.64311
0.17,1,0.661853,0.178147,2.59904,2.63543
0.19,1,0.622399,0.143753,2.53008,2.59525
0.21,1,0.560649,0.0870526,2.4404,2.52833
0.23,1,0.487501,0.0173273,2.33828,2.44149
0.25,1,0.415384,-0.0528292,2.215,2.34571
0.27,1,0.356952,-0.111152,2.2226,2.25847
0.29,1,0.322477,-0.147515,2.22969,2.20184
0.31,1,0.318135,-0.15498,2.2371,2.19439
0.33,1,0.345398,-0.13134,2.31603,2.23997
0.35,1,0.395971,-0.084872,2.403,2.31781
0.37,1,0.457855,-0.0261075,2.47987,2.4035
0.39,1,0.517799,0.0317611,2.54078,2.47857
0.41,1,0.565112,0.0791168,2.53633,2.53335
0.43,1,0.595876,0.11124,2.53252,2.56714
0.45,1,0.604497,0.122657,2.52859,2.57638
0.47,1,0.58948,0.110734,2.5244,2.56023
0.49,1,0.555122,0.0805058,2.47039,2.52208
0.51,1,0.510113,0.0385503,2.40315,2.46932
0.53,1,0.460331,-0.00869337,2.3044,2.40674
0.55,1,0.415107,-0.0534578,2.30941,2.34532
0.57,1,0.381328,-0.0873583,2.31327,2.29608
0.59,1,0.365607,-0.10481,2.31758,2.27204
0.61,1,0.372179,-0.100721,2.32162,2.28218
0.63,1,0.40014,-0.07621,2.3781,2.32388
0.65,1,0.439789,-0.0392713,2.43665,2.37943
0.67,1,0.482333,0.000992518,2.51767,2.435
0.69,1,0.519114,0.036311,2.4847,2.48015
0.71,1,0.545754,0.0630716,2.51219,2.51137
0.73,1,0.560115,0.0784716,2.48055,2.52773
0.75,1,0.55838,0.0791651,2.47867,2.52577
0.77,1,0.542347,0.0656361,2.47593,2.50744
0.79,1,0.516232,0.0424644,2.39315,2.4767
0.81,1,0.483283,0.012145,2.3916,2.43619
0.83,1,0.450024,-0.0195229,2.3346,2.39315
0.85,1,0.422587,-0.0461787,2.33678,2.35581
0.87,1,0.404328,-0.0650632,2.33853,2.32994
0.89,1,0.400398,-0.0704173,2.34101,2.32426
0.91,1,0.412084,-0.0612468,2.40886,2.34104
0.93,1,0.434934,-0.0411145,2.41224,2.37283
0.95,1,0.464245,-0.0144425,2.4808,2.41184
0.97,1,0.491243,0.0104617,2.47782,2.44616
0.99,1,0.513903,0.0320702,2.47623,2.4739
