x,rho,E,F,T,Tr
0.01,1,0.711511,0.192915,2.67749,2.68353
0.03,1,0.710347,0.220951,2.65838,2.68243
0.05,1,0.679604,0.196747,2.59176,2.65293
0.07,1,0.615761,0.139189,2.49514,2.5883
0.09,1,0.53169,0.0601712,2.37914,2.49503
0.11,1,0.442784,-0.0259026,2.25972,2.38347
0.13,1,0.36427,-0.103712,2.14555,2.26995
0.15,1,0.309756,-0.159576,2.15485,2.1798
0.17,1,0.288214,-0.184427,2.16452,2.14087
0.19,1,0.303565,-0.17302,2.24663,2.16882
0.21,1,0.351176,-0.130088,2.35023,2.24928
0.23,1,0.419365,-0.0657474,2.45005,2.35131
0.25,1,0.493824,0.00594308,2.52922,2.44937
0.27,1,0.559132,0.0708161,2.58191,2.52662
0.29,1,0.605695,0.118364,2.57682,2.57766
0.31,1,0.628641,0.144299,2.5715,2.60173
0.33,1,0.622989,0.142633,2.5662,2.59586
0.35,1,0.591747,0.116123,2.51048,2.56269
0.37,1,0.543487,0.0715696,2.43772,2.50876
0.39,1,0.485091,0.0163666,2.35663,2.43847
0.41,1,0.427127,-0.0403851,2.25655,2.36211
0.43,1,0.379231,-0.0879939,2.2621,2.29291
0.45,1,0.35064,-0.118728,2.26762,2.24842
0.47,1,0.346374,-0.125662,2.2738,2.24155
0.49,1,0.368801,-0.107069,2.33588,2.27698
0.51,1,0.409811,-0.06923,2.40636,2.3378
0.53,1,0.460476,-0.0216368,2.46981,2.40693
0.55,1,0.508819,0.0254439,2.54394,2.46776
0.57,1,0.546538,0.0627642,2.54094,2.51227
0.59,1,0.569907,0.0879669,2.53789,2.53871
0.61,1,0.576198,0.0966063,2.53426,2.54568
0.63,1,0.565098,0.0887436,2.46478,2.53333
0.65,1,0.53971,0.0669462,2.46128,2.50439
0.67,1,0.502473,0.0324732,2.40898,2.46003
0.69,1,0.462407,-0.00563431,2.35701,2.40945
0.71,1,0.425651,-0.0419757,2.3328,2.36007
0.73,1,0.398848,-0.0694566,2.33544,2.32201
0.75,1,0.386176,-0.0839816,2.3387,2.30334
0.77,1,0.391985,-0.0812326,2.34288,2.31195
0.79,1,0.413648,-0.0623698,2.38852,2.34325
0.81,1,0.445927,-0.0330051,2.47849,2.38769
0.83,1,0.480298,-0.000654254,2.47522,2.43242
0.85,1,0.509791,0.0280202,2.47319,2.46893
0.87,1,0.531039,0.0497993,2.47205,2.49427
0.89,1,0.541948,0.0621634,2.47087,2.50698
0.91,1,0.540787,0.0636639,2.46891,2.50564
0.93,1,0.528189,0.0537746,2.46579,2.49091
0.95,1,0.507032,0.0354055,2.39897,2.46559
0.97,1,0.480891,0.0116851,2.35016,2.43317
0.99,1,0.453636,-0.0142428,2.35179,2.39794
