x,rho,E,F,T,Tr
0.01,1,0.265689,-0.215006,2.07654,2.09775
0.03,1,0.25335,-0.221536,2.13622,2.07296
0.05,1,0.287626,-0.192014,2.25455,2.13978
0.07,1,0.355746,-0.128956,2.38332,2.25656
0.09,1,0.443055,-0.0459253,2.49683,2.38383
0.11,1,0.532019,0.0406314,2.58151,2.49542
0.13,1,0.605534,0.114218,2.6478,2.57749
0.15,1,0.651249,0.162387,2.64237,2.62481
0.17,1,0.665528,0.180838,2.5781,2.63908
0.19,1,0.645973,0.166897,2.57168,2.61948
0.21,1,0.597038,0.122894,2.49444,2.5684
0.23,1,0.530507,0.0610437,2.40057,2.49364
0.25,1,0.457628,-0.00940928,2.3011,2.4032
0.27,1,0.39028,-0.0755184,2.19006,2.30943
0.29,1,0.340975,-0.125842,2.19721,2.23276
0.31,1,0.317998,-0.151165,2.20467,2.19416
0.33,1,0.32651,-0.146322,2.26579,2.20869
0.35,1,0.36332,-0.113381,2.34945,2.26847
0.37,1,0.418958,-0.0615125,2.43335,2.35074
0.39,1,0.48081,-0.00201219,2.50328,2.43307
0.41,1,0.536372,0.0521847,2.57708,2.50051
0.43,1,0.575789,0.0925422,2.57325,2.54523
0.45,1,0.596597,0.115411,2.56924,2.56792
0.47,1,0.596106,0.118592,2.50597,2.56739
0.49,1,0.575022,0.101156,2.50148,2.54438
0.51,1,0.535586,0.0654226,2.44317,2.49959
0.53,1,0.488662,0.0212312,2.37821,2.44295
0.55,1,0.440228,-0.0256542,2.31826,2.38002
0.57,1,0.398987,-0.0666065,2.26808,2.32221
0.59,1,0.373056,-0.0936846,2.27194,2.28352
0.61,1,0.366249,-0.103119,2.33649,2.27303
0.63,1,0.380401,-0.0920023,2.34135,2.29468
0.65,1,0.413678,-0.0618288,2.45111,2.3433
0.67,1,0.455389,-0.0234269,2.45276,2.40025
0.69,1,0.495778,0.0160825,2.50341,2.45179
0.71,1,0.528199,0.0475911,2.50101,2.49093
0.73,1,0.549254,0.0696519,2.51953,2.51539
0.75,1,0.556775,0.079325,2.51699,2.52395
0.77,1,0.549713,0.0749062,2.46007,2.51591
0.79,1,0.529907,0.0583646,2.41654,2.49294
0.81,1,0.500684,0.0316875,2.37427,2.45783
0.83,1,0.467569,0.000936735,2.34021,2.41614
0.85,1,0.436521,-0.0293098,2.34272,2.37499
0.87,1,0.412923,-0.0531245,2.3445,2.34223
0.89,1,0.400427,-0.0672935,2.34659,2.3243
0.91,1,0.402622,-0.0674538,2.34997,2.32748
0.93,1,0.418942,-0.0541382,2.42086,2.35071
0.95,1,0.444943,-0.031008,2.42465,2.38637
0.97,1,0.473682,-0.00449016,2.49369,2.424
0.99,1,0.498823,0.0193183,2.49296,2.45555
