x,rho,E,F,T,Tr
0.01,1,0.573616,0.0569645,2.67685,2.54283
0.03,1,0.643383,0.147451,2.65787,2.61685
0.05,1,0.689555,0.197523,2.64986,2.66259
0.07,1,0.695923,0.209154,2.64213,2.66871
0.09,1,0.663591,0.182804,2.5757,2.63716
0.11,1,0.601341,0.125937,2.48171,2.57301
0.13,1,0.521191,0.049733,2.37108,2.48262
0.15,1,0.437435,-0.0320948,2.26066,2.37624
0.17,1,0.36454,-0.105107,2.1662,2.27038
0.19,1,0.315302,-0.156103,2.17614,2.18949
0.21,1,0.297654,-0.176923,2.18603,2.15819
0.23,1,0.315456,-0.162784,2.26631,2.18976
0.25,1,0.363262,-0.119205,2.36468,2.26838
0.27,1,0.429225,-0.0561883,2.45979,2.36501
0.29,1,0.499348,0.0120436,2.57643,2.45619
0.31,1,0.559308,0.0722771,2.57127,2.52682
0.33,1,0.601393,0.116045,2.56583,2.57307
0.35,1,0.620536,0.138635,2.56003,2.5933
0.37,1,0.612845,0.134622,2.55443,2.58523
0.39,1,0.581588,0.107264,2.49966,2.55162
0.41,1,0.535003,0.0635343,2.4298,2.49891
0.43,1,0.479746,0.0101568,2.35416,2.43172
0.45,1,0.425707,-0.0437343,2.26935,2.36015
0.47,1,0.382159,-0.0880349,2.27552,2.29733
0.49,1,0.356901,-0.115753,2.28227,2.25839
0.51,1,0.355143,-0.12021,2.28899,2.2556
0.53,1,0.378326,-0.100133,2.34903,2.29154
0.55,1,0.41842,-0.0625374,2.41523,2.34998
0.57,1,0.466249,-0.0162051,2.47355,2.41444
0.59,1,0.510813,0.0283764,2.53812,2.47017
0.61,1,0.54456,0.0631554,2.53461,2.51
0.63,1,0.565523,0.0860077,2.53024,2.53381
0.65,1,0.569467,0.0930538,2.52591,2.53822
0.67,1,0.557736,0.083696,2.4955,2.52504
0.69,1,0.533249,0.0612927,2.45403,2.49686
0.71,1,0.497966,0.0275571,2.40364,2.45449
0.73,1,0.46085,-0.00955924,2.33722,2.40742
0.75,1,0.427081,-0.0436282,2.34048,2.36205
0.77,1,0.403171,-0.0696183,2.34457,2.32827
0.79,1,0.392655,-0.0820213,2.32241,2.31294
0.81,1,0.399518,-0.077634,2.39373,2.32298
0.83,1,0.421068,-0.0582138,2.39691,2.35369
0.85,1,0.451381,-0.0289315,2.47322,2.39495
0.87,1,0.482872,0.00223856,2.47211,2.43568
0.89,1,0.509501,0.0298526,2.47096,2.46858
0.91,1,0.528278,0.0504977,2.46914,2.49102
0.93,1,0.537322,0.0617384,2.48857,2.50161
0.95,1,0.53536,0.0617116,2.46234,2.49933
0.97,1,0.522802,0.0511451,2.4287,2.48454
0.99,1,0.502964,0.0323207,2.42688,2.46063
