x,rho,E,F,T,Tr
0.01,1,0.282328,-0.210154,2.2509,2.12986
0.03,1,0.346652,-0.140055,2.37638,2.242
0.05,1,0.437546,-0.0532386,2.49662,2.37639
0.07,1,0.531643,0.0382884,2.5871,2.49498
0.09,1,0.610676,0.11722,2.66008,2.58294
0.11,1,0.661266,0.169646,2.65443,2.63485
0.13,1,0.678138,0.190316,2.58987,2.6515
0.15,1,0.659173,0.176398,2.58379,2.63276
0.17,1,0.608963,0.130683,2.50418,2.58113
0.19,1,0.539282,0.0656451,2.4067,2.50389
0.21,1,0.462411,-0.00867436,2.30108,2.40945
0.23,1,0.390919,-0.0787013,2.17834,2.31038
0.25,1,0.337754,-0.132303,2.18635,2.22747
0.27,1,0.312177,-0.159518,2.19367,2.18405
0.29,1,0.319423,-0.155337,2.25607,2.19661
0.31,1,0.356399,-0.121491,2.34327,2.25759
0.33,1,0.413962,-0.0674428,2.43133,2.3437
0.35,1,0.478937,-0.00480932,2.50574,2.4307
0.37,1,0.538183,0.053046,2.58669,2.50261
0.39,1,0.581326,0.0962919,2.58233,2.55133
0.41,1,0.604415,0.121014,2.57852,2.57629
0.43,1,0.605486,0.124737,2.51399,2.57743
0.45,1,0.584529,0.106632,2.51026,2.55484
0.47,1,0.54385,0.0692495,2.45016,2.50918
0.49,1,0.494983,0.0224466,2.38233,2.45081
0.51,1,0.443547,-0.0268528,2.31919,2.3845
0.53,1,0.399751,-0.0705258,2.26408,2.32332
0.55,1,0.371179,-0.0991353,2.26796,2.28064
0.57,1,0.362461,-0.109159,2.33385,2.26713
0.59,1,0.375999,-0.0979518,2.33713,2.28801
0.61,1,0.409737,-0.0662888,2.39717,2.33769
0.63,1,0.452994,-0.0254775,2.45362,2.39709
0.65,1,0.49604,0.0160771,2.51251,2.45211
0.67,1,0.53084,0.0498123,2.50849,2.49403
0.69,1,0.553848,0.0731505,2.50517,2.52063
0.71,1,0.563451,0.0830976,2.50263,2.53149
0.73,1,0.557212,0.0787124,2.46534,2.52445
0.75,1,0.537622,0.0606632,2.46373,2.50196
0.77,1,0.507603,0.0326003,2.37657,2.46628
0.79,1,0.473035,-0.000217888,2.37677,2.42318
0.81,1,0.439812,-0.0324071,2.34075,2.37946
0.83,1,0.414069,-0.057113,2.34454,2.34385
0.85,1,0.399955,-0.0715599,2.34709,2.32362
0.87,1,0.400567,-0.0712797,2.34886,2.3245
0.89,1,0.416106,-0.0569853,2.42327,2.34673
0.91,1,0.442575,-0.0321421,2.42356,2.38319
0.93,1,0.472409,-0.00383148,2.47631,2.42237
0.95,1,0.499327,0.0214168,2.49823,2.45617
0.97,1,0.519964,0.0410837,2.49626,2.48116
0.99,1,0.532064,0.0526331,2.49551,2.49547
