x,rho,E,F,T,Tr
0.01,1,0.504039,0.0146065,2.32406,2.46194
0.03,1,0.398723,-0.0718719,2.19197,2.32182
0.05,1,0.321566,-0.149598,2.09024,2.20028
0.07,1,0.276368,-0.196964,2.1014,2.11852
0.09,1,0.270303,-0.20653,2.16611,2.1068
0.11,1,0.303567,-0.177371,2.27441,2.16883
0.13,1,0.367807,-0.117259,2.39213,2.27545
0.15,1,0.448726,-0.0392994,2.49548,2.39143
0.17,1,0.529977,0.0405421,2.57199,2.49302
0.19,1,0.596262,0.107348,2.63198,2.56756
0.21,1,0.63756,0.150932,2.62631,2.61091
0.23,1,0.649753,0.167017,2.56434,2.6233
0.25,1,0.631122,0.152787,2.55839,2.60429
0.27,1,0.585822,0.111288,2.48679,2.55625
0.29,1,0.525185,0.0535693,2.40092,2.48736
0.31,1,0.458686,-0.0116747,2.31512,2.40459
0.33,1,0.397558,-0.0724681,2.20911,2.32013
0.35,1,0.352908,-0.118184,2.21583,2.25204
0.37,1,0.331934,-0.141439,2.27774,2.21781
0.39,1,0.339672,-0.136656,2.28459,2.23062
0.41,1,0.374551,-0.104319,2.3609,2.28581
0.43,1,0.426068,-0.0553229,2.43706,2.36065
0.45,1,0.482608,0.000283146,2.50029,2.43534
0.47,1,0.532738,0.0503229,2.56727,2.49626
0.49,1,0.568208,0.0870084,2.56246,2.53681
0.51,1,0.586793,0.107762,2.55792,2.55731
0.53,1,0.586139,0.109623,2.49784,2.55659
0.55,1,0.566563,0.0925317,2.49408,2.53497
0.57,1,0.53061,0.0585636,2.44049,2.49376
0.59,1,0.488039,0.0170024,2.38188,2.44217
0.61,1,0.444159,-0.0265775,2.3287,2.38532
0.63,1,0.407035,-0.0644717,2.28435,2.33383
0.65,1,0.383579,-0.0892672,2.2897,2.29946
0.67,1,0.377378,-0.0969916,2.35254,2.29011
0.69,1,0.390988,-0.0857365,2.35648,2.31048
0.71,1,0.421443,-0.0562307,2.40827,2.35421
0.73,1,0.458699,-0.0200374,2.50299,2.4046
0.75,1,0.495177,0.0162801,2.51986,2.45105
0.77,1,0.524169,0.0462612,2.51616,2.48616
0.79,1,0.543182,0.0663613,2.51228,2.50841
0.81,1,0.549834,0.0749008,2.50873,2.51605
0.83,1,0.543291,0.069571,2.4862,2.50853
0.85,1,0.525577,0.0531514,2.41571,2.48783
0.87,1,0.499653,0.0275918,2.41519,2.45657
0.89,1,0.470426,-0.00218992,2.34712,2.41983
0.91,1,0.44307,-0.0303076,2.3505,2.38385
0.93,1,0.421966,-0.0524003,2.35506,2.35494
0.95,1,0.410485,-0.0653855,2.3909,2.33876
0.97,1,0.412425,-0.0646988,2.36355,2.34152
0.99,1,0.42701,-0.0507255,2.39621,2.36195
