x,rho,E,F,T,Tr
0.01,1,0.669832,0.167727,2.55626,2.64334
0.03,1,0.575044,0.100664,2.42809,2.54441
0.05,1,0.479473,0.00898851,2.29991,2.43138
0.07,1,0.389,-0.0799229,2.18512,2.30754
0.09,1,0.318575,-0.150518,2.11236,2.19515
0.11,1,0.280399,-0.1907,2.12207,2.12621
0.13,1,0.280313,-0.193845,2.19112,2.12604
0.15,1,0.317378,-0.160759,2.29673,2.19309
0.17,1,0.382168,-0.0996836,2.40785,2.29734
0.19,1,0.460618,-0.0243592,2.50323,2.40711
0.21,1,0.536922,0.0504561,2.57201,2.50115
0.23,1,0.596961,0.110665,2.6193,2.56831
0.25,1,0.631336,0.146949,2.6143,2.60451
0.27,1,0.638962,0.1577,2.54742,2.61234
0.29,1,0.617894,0.140733,2.54254,2.59054
0.31,1,0.571852,0.0981822,2.47162,2.54087
0.33,1,0.512551,0.041986,2.38849,2.47227
0.35,1,0.448881,-0.019925,2.30524,2.39163
0.37,1,0.391533,-0.0763143,2.21823,2.31129
0.39,1,0.351602,-0.116848,2.22353,2.24996
0.41,1,0.335419,-0.134429,2.29333,2.22361
0.43,1,0.347291,-0.125217,2.29844,2.24303
0.45,1,0.383354,-0.0914795,2.37204,2.29912
0.47,1,0.434086,-0.0432562,2.44342,2.37168
0.49,1,0.488039,0.00926288,2.50105,2.44217
0.51,1,0.534701,0.0546353,2.55529,2.49856
0.53,1,0.565977,0.0867748,2.55118,2.53432
0.55,1,0.58127,0.102939,2.54786,2.55127
0.57,1,0.578173,0.101811,2.48568,2.54786
0.59,1,0.557543,0.083564,2.48328,2.52482
0.61,1,0.521688,0.0494654,2.4307,2.48321
0.63,1,0.48006,0.00954145,2.37255,2.43212
0.65,1,0.438363,-0.0312408,2.2876,2.3775
0.67,1,0.404099,-0.0649014,2.29229,2.32961
0.69,1,0.38336,-0.0856815,2.31586,2.29913
0.71,1,0.38035,-0.0901562,2.31886,2.2946
0.73,1,0.395159,-0.0761409,2.36312,2.31662
0.75,1,0.425886,-0.0471867,2.45563,2.3604
0.77,1,0.462003,-0.0121628,2.45523,2.40892
0.79,1,0.496823,0.0213276,2.48908,2.45308
0.81,1,0.523335,0.0474582,2.50548,2.48517
0.83,1,0.540603,0.0642859,2.48195,2.50542
0.85,1,0.545557,0.0699914,2.48002,2.51114
0.87,1,0.538101,0.0627976,2.47879,2.50252
0.89,1,0.519893,0.0457847,2.41037,2.48107
0.91,1,0.494267,0.0210195,2.41065,2.44992
0.93,1,0.465405,-0.00673602,2.35455,2.41334
0.95,1,0.439203,-0.0319899,2.35927,2.37863
0.97,1,0.41926,-0.0512219,2.36293,2.35116
0.99,1,0.409321,-0.0607375,2.36493,2.3371
