x,rho,E,F,T,Tr
0.01,1,0.262823,-0.226184,2.18987,2.09208
0.03,1,0.311018,-0.17302,2.31225,2.18202
0.05,1,0.392845,-0.0958199,2.44108,2.31322
0.07,1,0.486593,-0.00548524,2.54598,2.44035
0.09,1,0.573538,0.0800801,2.63052,2.54274
0.11,1,0.638393,0.145732,2.62358,2.61176
0.13,1,0.672353,0.182822,2.61701,2.64582
0.15,1,0.669882,0.184694,2.61071,2.64339
0.17,1,0.633754,0.153654,2.54432,2.607
0.19,1,0.573358,0.0980386,2.45511,2.54254
0.21,1,0.499352,0.0277205,2.35444,2.4562
0.23,1,0.424505,-0.0449344,2.26087,2.35848
0.25,1,0.361851,-0.107183,2.20871,2.26618
0.27,1,0.322518,-0.147493,2.21621,2.20191
0.29,1,0.313462,-0.159492,2.22325,2.18629
0.31,1,0.336758,-0.139301,2.30098,2.22583
0.33,1,0.385504,-0.0944702,2.38995,2.30234
0.35,1,0.447755,-0.0350898,2.47151,2.39013
0.37,1,0.510199,0.0251415,2.5506,2.46943
0.39,1,0.560974,0.075375,2.54558,2.5287
0.41,1,0.595185,0.110537,2.54113,2.5664
0.43,1,0.607678,0.125197,2.53718,2.57976
0.45,1,0.595609,0.11611,2.53332,2.56686
0.47,1,0.563345,0.0872121,2.48031,2.53137
0.49,1,0.518726,0.0456568,2.41567,2.47968
0.51,1,0.468058,-0.00279409,2.34971,2.41678
0.53,1,0.420023,-0.0494093,2.29912,2.35223
0.55,1,0.383372,-0.0858802,2.30391,2.29915
0.57,1,0.364058,-0.10612,2.30796,2.26962
0.59,1,0.36747,-0.104912,2.31184,2.27492
0.61,1,0.392837,-0.0817697,2.37057,2.31321
0.63,1,0.431989,-0.0453168,2.47606,2.36881
0.65,1,0.475825,-0.00407313,2.524,2.42674
0.67,1,0.515002,0.0335675,2.51995,2.47522
0.69,1,0.543432,0.0617086,2.48882,2.50869
0.71,1,0.560298,0.0791077,2.48652,2.52794
0.73,1,0.56122,0.081507,2.48469,2.52898
0.75,1,0.54726,0.0694535,2.48261,2.5131
0.77,1,0.522492,0.0467813,2.39823,2.48417
0.79,1,0.489543,0.0162325,2.39751,2.44405
0.81,1,0.455113,-0.0165078,2.32861,2.39989
0.83,1,0.425504,-0.0447978,2.33212,2.35987
0.85,1,0.404986,-0.0650773,2.33422,2.33089
0.87,1,0.398276,-0.0723407,2.33595,2.32117
0.89,1,0.407587,-0.064442,2.40347,2.33462
0.91,1,0.429419,-0.0446707,2.40471,2.36528
0.93,1,0.458319,-0.017817,2.46339,2.4041
0.95,1,0.486761,0.00855551,2.48289,2.44057
0.97,1,0.511029,0.0313289,2.47998,2.47043
0.99,1,0.527514,0.0470563,2.47843,2.49012
