x,rho,E,F,T,Tr
0.01,1,0.407515,-0.0745781,2.19835,2.33452
0.03,1,0.320092,-0.148469,2.127,2.19776
0.05,1,0.27222,-0.199063,2.13918,2.11053
0.07,1,0.263877,-0.211376,2.15143,2.09417
0.09,1,0.295796,-0.183771,2.26194,2.15481
0.11,1,0.360021,-0.123863,2.38349,2.26331
0.13,1,0.442489,-0.0447154,2.49081,2.38307
0.15,1,0.526247,0.0373378,2.57111,2.48862
0.17,1,0.595318,0.107086,2.63667,2.56654
0.19,1,0.639663,0.153985,2.63085,2.61306
0.21,1,0.65381,0.172317,2.57043,2.62739
0.23,1,0.63588,0.159289,2.56399,2.60919
0.25,1,0.590418,0.118146,2.49133,2.56125
0.27,1,0.528422,0.0598193,2.40317,2.49119
0.29,1,0.459963,-0.00689768,2.3134,2.40626
0.31,1,0.396596,-0.0697895,2.25112,2.31872
0.33,1,0.350026,-0.118159,2.25853,2.24743
0.35,1,0.326981,-0.143649,2.26621,2.20949
0.37,1,0.333722,-0.140588,2.27393,2.22079
0.39,1,0.368352,-0.109125,2.35261,2.27629
0.41,1,0.420529,-0.0597237,2.43176,2.35294
0.43,1,0.478706,-0.00293896,2.49785,2.43041
0.45,1,0.530832,0.0488428,2.57033,2.49402
0.47,1,0.568038,0.0876275,2.56574,2.53662
0.49,1,0.588222,0.110317,2.56096,2.55886
0.51,1,0.588366,0.11359,2.50128,2.55902
0.53,1,0.56869,0.0972959,2.49684,2.53735
0.55,1,0.532265,0.0633126,2.44172,2.49571
0.57,1,0.488524,0.0211753,2.38131,2.44277
0.59,1,0.443484,-0.0234765,2.32551,2.38441
0.61,1,0.405148,-0.062831,2.27578,2.33112
0.63,1,0.379754,-0.0896981,2.28132,2.2937
0.65,1,0.372614,-0.0993298,2.34408,2.28284
0.67,1,0.385868,-0.088856,2.34896,2.30288
0.69,1,0.416831,-0.0601116,2.44954,2.34775
0.71,1,0.454997,-0.0233286,2.45072,2.39974
0.73,1,0.492854,0.014515,2.50126,2.44817
0.75,1,0.522989,0.0455844,2.51825,2.48476
0.77,1,0.542892,0.0672128,2.51441,2.50807
0.79,1,0.550342,0.0772573,2.49134,2.51663
0.81,1,0.543993,0.0728633,2.45672,2.50934
0.83,1,0.525633,0.0568659,2.41507,2.4879
0.85,1,0.499061,0.0313458,2.41362,2.45584
0.87,1,0.468636,0.00114386,2.34105,2.41752
0.89,1,0.440248,-0.0278665,2.34346,2.38005
0.91,1,0.418476,-0.0515386,2.34687,2.35006
0.93,1,0.406296,-0.0658659,2.3514,2.33277
0.95,1,0.407842,-0.066315,2.38723,2.33499
0.97,1,0.422882,-0.0534019,2.42382,2.35622
0.99,1,0.446608,-0.0308546,2.42566,2.3886
