x,rho,E,F,T,Tr
0.01,1,0.558311,0.0461138,2.62063,2.52569
0.03,1,0.6317,0.139506,2.66136,2.60489
0.05,1,0.682477,0.193933,2.65343,2.65573
0.07,1,0.694248,0.210815,2.64562,2.66711
0.09,1,0.666856,0.18947,2.5835,2.6404
0.11,1,0.608256,0.136402,2.49268,2.58038
0.13,1,0.530009,0.0623377,2.38329,2.49306
0.15,1,0.446191,-0.0193202,2.26982,2.38804
0.17,1,0.371213,-0.0941375,2.15446,2.28069
0.19,1,0.318124,-0.148748,2.16438,2.19437
0.21,1,0.295819,-0.173901,2.17432,2.15485
0.23,1,0.308889,-0.164545,2.24982,2.17827
0.25,1,0.352741,-0.124422,2.34741,2.25178
0.27,1,0.416751,-0.0636806,2.44222,2.34764
0.29,1,0.486983,0.00467093,2.51932,2.44084
0.31,1,0.548991,0.0667403,2.59649,2.51509
0.33,1,0.593068,0.112544,2.59111,2.56412
0.35,1,0.615082,0.13739,2.5854,2.58759
0.37,1,0.611127,0.137282,2.50894,2.58342
0.39,1,0.583646,0.113825,2.50399,2.55387
0.41,1,0.538467,0.0715116,2.43547,2.50295
0.43,1,0.484055,0.0190949,2.3584,2.43717
0.45,1,0.429399,-0.0352377,2.25711,2.36525
0.47,1,0.383795,-0.0814391,2.26335,2.29978
0.49,1,0.3557,-0.111626,2.2702,2.25649
0.51,1,0.350534,-0.119421,2.27689,2.24825
0.53,1,0.370359,-0.10237,2.33495,2.27938
0.55,1,0.408338,-0.0667498,2.40129,2.3357
0.57,1,0.455556,-0.0211085,2.46194,2.40047
0.59,1,0.501218,0.0241183,2.53646,2.45849
0.61,1,0.536418,0.0604792,2.53268,2.50056
0.63,1,0.558644,0.084394,2.52843,2.52607
0.65,1,0.564899,0.0935227,2.50013,2.53311
0.67,1,0.55607,0.0869075,2.49588,2.52315
0.69,1,0.533303,0.0666294,2.40768,2.49692
0.71,1,0.498938,0.0335981,2.40396,2.45569
0.73,1,0.461583,-0.00341746,2.32506,2.40837
0.75,1,0.427086,-0.0384597,2.32848,2.36206
0.77,1,0.401414,-0.0656716,2.33283,2.32573
0.79,1,0.388994,-0.0801322,2.33784,2.30753
0.81,1,0.393438,-0.0781343,2.3427,2.31409
0.83,1,0.412822,-0.0604599,2.38524,2.34208
0.85,1,0.442345,-0.0323036,2.47175,2.38288
0.87,1,0.474285,-0.00074357,2.47051,2.42477
0.89,1,0.501273,0.0272869,2.46934,2.45856
0.91,1,0.521269,0.0489634,2.46728,2.48272
0.93,1,0.53167,0.0614284,2.46413,2.49501
0.95,1,0.531116,0.0631104,2.48164,2.49436
0.97,1,0.52016,0.0535922,2.45707,2.48139
0.99,1,0.501382,0.0357734,2.39345,2.45869
