x,rho,E,F,T,Tr
0.01,1,0.545874,0.0304272,2.61146,2.51151
0.03,1,0.62265,0.126685,2.66871,2.59551
0.05,1,0.678599,0.185621,2.66087,2.65195
0.07,1,0.696172,0.208168,2.65318,2.66895
0.09,1,0.674398,0.192212,2.59617,2.64783
0.11,1,0.620167,0.143313,2.50978,2.59292
0.13,1,0.544342,0.0718555,2.40358,2.50974
0.15,1,0.461034,-0.00934036,2.29275,2.40766
0.17,1,0.384073,-0.0854777,2.15345,2.3002
0.19,1,0.327162,-0.143737,2.16333,2.2098
0.21,1,0.300396,-0.173405,2.17294,2.16314
0.23,1,0.308345,-0.168954,2.24227,2.17731
0.25,1,0.348209,-0.132958,2.3374,2.24451
0.27,1,0.409902,-0.0745877,2.43322,2.33793
0.29,1,0.479921,-0.00655738,2.51354,2.43195
0.31,1,0.543959,0.0570697,2.60119,2.5093
0.33,1,0.590582,0.1051,2.59593,2.56142
0.35,1,0.61497,0.132267,2.59053,2.58747
0.37,1,0.615892,0.13666,2.5212,2.58844
0.39,1,0.592891,0.11739,2.51626,2.56392
0.41,1,0.548913,0.0765149,2.4506,2.515
0.43,1,0.495726,0.0254508,2.3769,2.45173
0.45,1,0.440628,-0.0290022,2.30719,2.38056
0.47,1,0.393362,-0.0772269,2.2464,2.31398
0.49,1,0.362726,-0.1094,2.25298,2.26755
0.51,1,0.354317,-0.120385,2.32612,2.25429
0.53,1,0.370242,-0.107226,2.33167,2.2792
0.55,1,0.406369,-0.073892,2.39705,2.33288
0.57,1,0.452578,-0.0290793,2.45943,2.39654
0.59,1,0.498821,0.0167264,2.54336,2.45554
0.61,1,0.535974,0.0542512,2.53979,2.50004
0.63,1,0.559773,0.0803684,2.51408,2.52734
0.65,1,0.569004,0.0916287,2.50971,2.5377
0.67,1,0.562159,0.0873793,2.50549,2.53003
0.69,1,0.541229,0.0686391,2.42109,2.50615
0.71,1,0.508372,0.0373263,2.41631,2.46721
0.73,1,0.471479,0.000621681,2.3698,2.42118
0.75,1,0.436475,-0.0347928,2.3085,2.37493
0.77,1,0.409721,-0.063024,2.31344,2.33767
0.79,1,0.395493,-0.0792198,2.33917,2.31711
0.81,1,0.397095,-0.0797803,2.34416,2.31945
0.83,1,0.413771,-0.0647275,2.42537,2.34343
0.85,1,0.44262,-0.0373452,2.42694,2.38325
0.87,1,0.474271,-0.00589444,2.48031,2.42476
0.89,1,0.50219,0.0228991,2.47916,2.45968
0.91,1,0.523246,0.0453246,2.47691,2.48507
0.93,1,0.535074,0.0592168,2.47363,2.49899
0.95,1,0.536392,0.0624196,2.44121,2.50053
0.97,1,0.526899,0.0546598,2.43838,2.48939
0.99,1,0.509139,0.0377461,2.43657,2.46814
