x,rho,E,F,T,Tr
0.01,1,0.711122,0.201448,2.62436,2.68317
0.03,1,0.636409,0.15659,2.51634,2.60973
0.05,1,0.549913,0.0753274,2.39705,2.51614
0.07,1,0.456085,-0.0153058,2.27271,2.40117
0.09,1,0.371025,-0.0989724,2.12285,2.28041
0.11,1,0.309139,-0.161444,2.13292,2.17871
0.13,1,0.280931,-0.192121,2.14242,2.12721
0.15,1,0.29094,-0.185521,2.22233,2.14591
0.17,1,0.335831,-0.144878,2.32968,2.22429
0.19,1,0.404591,-0.0798695,2.43635,2.33032
0.21,1,0.482866,-0.00474768,2.5238,2.43567
0.23,1,0.554106,0.0654818,2.5968,2.52092
0.25,1,0.607055,0.118504,2.59086,2.5791
0.27,1,0.635408,0.149505,2.58543,2.6087
0.29,1,0.634332,0.151627,2.58039,2.6076
0.31,1,0.605489,0.126968,2.52575,2.57744
0.33,1,0.5572,0.0821533,2.4522,2.52443
0.35,1,0.496809,0.02499,2.36989,2.45306
0.37,1,0.434918,-0.0351307,2.2931,2.37281
0.39,1,0.381983,-0.0872422,2.24756,2.29706
0.41,1,0.348371,-0.121927,2.25352,2.24477
0.43,1,0.339361,-0.132549,2.25907,2.23011
0.45,1,0.358593,-0.116432,2.32086,2.26106
0.47,1,0.398744,-0.0788693,2.3944,2.32185
0.49,1,0.450903,-0.0295588,2.46319,2.39432
0.51,1,0.502929,0.020769,2.5536,2.46058
0.53,1,0.544984,0.0618455,2.54951,2.51048
0.55,1,0.572116,0.0896485,2.54617,2.54116
0.57,1,0.582024,0.100859,2.54321,2.55209
0.59,1,0.573944,0.0952037,2.47468,2.54319
0.61,1,0.550133,0.0738294,2.47214,2.51639
0.63,1,0.512246,0.0382495,2.41885,2.4719
0.65,1,0.470305,-0.00157863,2.36323,2.41967
0.67,1,0.430368,-0.040337,2.2975,2.36658
0.69,1,0.39964,-0.0704234,2.32736,2.32316
0.71,1,0.38345,-0.0873974,2.33058,2.29926
0.73,1,0.385759,-0.0862675,2.33343,2.30272
0.75,1,0.405399,-0.0684261,2.42611,2.33148
0.77,1,0.438001,-0.0382749,2.42604,2.37701
0.79,1,0.47439,-0.0034681,2.48554,2.42491
0.81,1,0.506562,0.0268155,2.48159,2.46502
0.83,1,0.530643,0.0505978,2.47839,2.4938
0.85,1,0.544567,0.0643133,2.47624,2.51
0.87,1,0.546118,0.0666326,2.47505,2.51179
0.89,1,0.535531,0.0572574,2.47395,2.49953
0.91,1,0.515449,0.0384412,2.40432,2.47576
0.93,1,0.488578,0.0136665,2.36439,2.44284
0.95,1,0.45978,-0.0133795,2.36885,2.40602
0.97,1,0.435095,-0.0366892,2.34988,2.37305
0.99,1,0.417585,-0.0533893,2.35139,2.34881
