x,rho,E,F,T,Tr
0.01,1,0.26544,-0.217403,2.07967,2.09726
0.03,1,0.254791,-0.22227,2.14188,2.07591
0.05,1,0.290664,-0.191228,2.26115,2.1454
0.07,1,0.359935,-0.127039,2.38965,2.26317
0.09,1,0.447716,-0.0434249,2.50216,2.39008
0.11,1,0.536448,0.0430676,2.58546,2.5006
0.13,1,0.609324,0.115886,2.64907,2.58151
0.15,1,0.65385,0.163049,2.64366,2.62743
0.17,1,0.666827,0.180239,2.5771,2.64037
0.19,1,0.646081,0.165101,2.57066,2.61959
0.21,1,0.596173,0.120099,2.49265,2.56747
0.23,1,0.52908,0.0576639,2.39849,2.49196
0.25,1,0.456094,-0.0129411,2.29965,2.40118
0.27,1,0.389111,-0.0788104,2.19407,2.3077
0.29,1,0.340662,-0.128413,2.20119,2.23225
0.31,1,0.318976,-0.152508,2.20875,2.19584
0.33,1,0.328895,-0.146276,2.27103,2.21272
0.35,1,0.366664,-0.112404,2.35492,2.27368
0.37,1,0.422772,-0.0598925,2.43837,2.35607
0.39,1,0.484751,-0.000362586,2.50738,2.43804
0.41,1,0.540055,0.0535353,2.57834,2.50479
0.43,1,0.578689,0.0934398,2.5745,2.54843
0.45,1,0.598654,0.115197,2.57037,2.57013
0.47,1,0.597419,0.117551,2.5058,2.56881
0.49,1,0.575707,0.0995336,2.5016,2.54514
0.51,1,0.535793,0.0631478,2.44295,2.49983
0.53,1,0.48849,0.0187818,2.37816,2.44273
0.55,1,0.44022,-0.0282122,2.31879,2.38001
0.57,1,0.399515,-0.068901,2.27132,2.32298
0.59,1,0.374444,-0.095215,2.27557,2.28564
0.61,1,0.368415,-0.103559,2.34177,2.27639
0.63,1,0.383324,-0.0917259,2.34635,2.29907
0.65,1,0.417197,-0.0608187,2.45533,2.34826
0.67,1,0.459099,-0.0223471,2.50827,2.40513
0.69,1,0.499341,0.0166606,2.50493,2.45618
0.71,1,0.531493,0.0481876,2.50235,2.4948
0.73,1,0.551877,0.0698908,2.52147,2.51838
0.75,1,0.559025,0.0787398,2.51868,2.5265
0.77,1,0.551456,0.0739201,2.46112,2.5179
0.79,1,0.531092,0.0570683,2.45815,2.49433
0.81,1,0.501617,0.0298657,2.4156,2.45898
0.83,1,0.468562,-0.000910292,2.34475,2.41743
0.85,1,0.437511,-0.0310896,2.34731,2.37634
0.87,1,0.414303,-0.0545383,2.34908,2.34418
0.89,1,0.402484,-0.0678391,2.35113,2.32728
0.91,1,0.405494,-0.0676065,2.35439,2.33162
0.93,1,0.422243,-0.0537633,2.39151,2.35533
0.95,1,0.448486,-0.0301983,2.42899,2.39111
0.97,1,0.477082,-0.0038695,2.4962,2.42834
0.99,1,0.502204,0.0199234,2.49545,2.4597
