x,rho,E,F,T,Tr
0.01,1,0.252827,-0.231897,2.11342,2.07189
0.03,1,0.270668,-0.209183,2.2136,2.10751
0.05,1,0.330868,-0.154134,2.34503,2.21603
0.07,1,0.415573,-0.0739936,2.46702,2.34597
0.09,1,0.507475,0.0147614,2.56192,2.46612
0.11,1,0.588715,0.095079,2.61352,2.5594
0.13,1,0.64567,0.15376,2.60706,2.61917
0.15,1,0.67089,0.18262,2.60084,2.64438
0.17,1,0.660144,0.176838,2.5944,2.63373
0.19,1,0.618124,0.139903,2.52313,2.59078
0.21,1,0.554665,0.0815122,2.43168,2.52156
0.23,1,0.480884,0.0110492,2.33042,2.43317
0.25,1,0.409439,-0.0587549,2.22075,2.33727
0.27,1,0.352845,-0.115509,2.2281,2.25194
0.29,1,0.320557,-0.149737,2.23529,2.19856
0.31,1,0.31893,-0.154461,2.24267,2.19576
0.33,1,0.34872,-0.128333,2.32333,2.24533
0.35,1,0.400883,-0.0801993,2.41014,2.32496
0.37,1,0.463159,-0.0208645,2.48526,2.41043
0.39,1,0.522519,0.0364304,2.53674,2.4842
0.41,1,0.56863,0.0829902,2.53228,2.53728
0.43,1,0.598088,0.113369,2.57802,2.56952
0.45,1,0.604454,0.122845,2.52456,2.57633
0.47,1,0.587577,0.109221,2.52039,2.55816
0.49,1,0.551806,0.0773668,2.46489,2.5183
0.51,1,0.506074,0.0343404,2.39805,2.46442
0.53,1,0.456116,-0.0129017,2.30912,2.40121
0.55,1,0.411617,-0.0568212,2.31393,2.34037
0.57,1,0.378939,-0.0896554,2.31798,2.29247
0.59,1,0.365246,-0.105738,2.32168,2.27147
0.61,1,0.373519,-0.0995732,2.32617,2.28423
0.63,1,0.402933,-0.0734603,2.38316,2.32793
0.65,1,0.443459,-0.0357297,2.44083,2.38438
0.67,1,0.485875,0.00445508,2.51554,2.43945
0.69,1,0.52171,0.0387593,2.51239,2.48324
0.71,1,0.547793,0.0652151,2.50996,2.51371
0.73,1,0.561029,0.079469,2.47734,2.52876
0.75,1,0.557856,0.0788141,2.47546,2.52518
0.77,1,0.540641,0.0641034,2.47284,2.50547
0.79,1,0.513692,0.0401507,2.38985,2.47364
0.81,1,0.480549,0.00918943,2.38836,2.43274
0.83,1,0.447391,-0.0219644,2.3366,2.38964
0.85,1,0.420637,-0.048282,2.3388,2.35309
0.87,1,0.403311,-0.0662375,2.37278,2.32847
0.89,1,0.400506,-0.0704693,2.37432,2.32441
0.91,1,0.413389,-0.0600749,2.41286,2.34289
0.93,1,0.437325,-0.0387868,2.41486,2.37609
0.95,1,0.466355,-0.012319,2.47895,2.41457
0.97,1,0.493374,0.0126427,2.47593,2.44881
0.99,1,0.515536,0.0337781,2.4743,2.47586
