x,rho,E,F,T,Tr
0.01,1,0.572265,0.0783434,2.4171,2.54133
0.03,1,0.463697,-0.00769142,2.27459,2.41113
0.05,1,0.373114,-0.0972791,2.16299,2.28361
0.07,1,0.305922,-0.165509,2.1103,2.17302
0.09,1,0.273175,-0.200808,2.12133,2.11238
0.11,1,0.279952,-0.197513,2.20191,2.12536
0.13,1,0.3236,-0.157902,2.31415,2.20376
0.15,1,0.393666,-0.091468,2.42739,2.31443
0.17,1,0.475298,-0.0124185,2.52193,2.42607
0.19,1,0.55147,0.0630943,2.61026,2.51792
0.21,1,0.609365,0.121534,2.60359,2.58155
0.23,1,0.641706,0.156993,2.59707,2.61514
0.25,1,0.643435,0.16201,2.59115,2.6169
0.27,1,0.615445,0.138371,2.53584,2.58797
0.29,1,0.56631,0.0922997,2.4598,2.53469
0.31,1,0.503529,0.0324271,2.37351,2.46132
0.33,1,0.438484,-0.0316447,2.29061,2.37766
0.35,1,0.381882,-0.0880907,2.23108,2.29691
0.37,1,0.344722,-0.126751,2.23883,2.23887
0.39,1,0.332882,-0.140424,2.24586,2.21939
0.41,1,0.350353,-0.125827,2.30927,2.24796
0.43,1,0.390465,-0.0878443,2.38604,2.30971
0.45,1,0.443964,-0.0363598,2.45748,2.38505
0.47,1,0.498698,0.0176761,2.56311,2.45539
0.49,1,0.544352,0.0629439,2.55826,2.50976
0.51,1,0.573681,0.0939579,2.5534,2.5429
0.53,1,0.58594,0.107449,2.54923,2.55638
0.55,1,0.579376,0.103235,2.47984,2.54919
0.57,1,0.555814,0.0818038,2.47726,2.52286
0.59,1,0.517153,0.0445972,2.42185,2.4778
0.61,1,0.473813,0.00224279,2.36288,2.42417
0.63,1,0.431698,-0.0395416,2.28587,2.36841
0.65,1,0.398649,-0.0728858,2.2915,2.32172
0.67,1,0.380453,-0.0925266,2.29615,2.29476
0.69,1,0.381033,-0.0930584,2.32571,2.29563
0.71,1,0.399841,-0.0757603,2.42195,2.32345
0.73,1,0.432927,-0.0438963,2.42389,2.37009
0.75,1,0.470419,-0.00678834,2.51518,2.41982
0.77,1,0.504006,0.02661,2.48913,2.4619
0.79,1,0.529684,0.0530791,2.48526,2.49268
0.81,1,0.544885,0.0689928,2.48129,2.51037
0.83,1,0.547556,0.072682,2.47809,2.51344
0.85,1,0.537878,0.0635182,2.47601,2.50226
0.87,1,0.517914,0.0442978,2.40277,2.47871
0.89,1,0.490859,0.0174231,2.40334,2.44569
0.91,1,0.461412,-0.0122756,2.3361,2.40815
0.93,1,0.435616,-0.0380781,2.34085,2.37376
0.95,1,0.417413,-0.0571955,2.36708,2.34857
0.97,1,0.410281,-0.0647081,2.34859,2.33847
0.99,1,0.416137,-0.059067,2.40608,2.34677
