x,rho,E,F,T,Tr
0.01,1,0.721068,0.209416,2.6453,2.6925
0.03,1,0.65617,0.174999,2.54654,2.62976
0.05,1,0.575612,0.10018,2.43312,2.54504
0.07,1,0.482959,0.0114343,2.30868,2.43579
0.09,1,0.394462,-0.0752855,2.19658,2.3156
0.11,1,0.325099,-0.144925,2.12195,2.2063
0.13,1,0.286593,-0.185256,2.13127,2.13785
0.15,1,0.285327,-0.189801,2.1963,2.13549
0.17,1,0.320652,-0.158523,2.29821,2.19872
0.19,1,0.383625,-0.0998951,2.40636,2.29953
0.21,1,0.460019,-0.0268585,2.49995,2.40633
0.23,1,0.534525,0.0457747,2.56783,2.49835
0.25,1,0.593519,0.104582,2.61627,2.5646
0.27,1,0.628258,0.141055,2.61177,2.60133
0.29,1,0.63639,0.152475,2.54806,2.60971
0.31,1,0.616444,0.136573,2.54316,2.58902
0.33,1,0.572067,0.0961695,2.47488,2.54111
0.35,1,0.514595,0.0422537,2.39428,2.47473
0.37,1,0.452583,-0.0175627,2.31293,2.39655
0.39,1,0.396688,-0.0723397,2.22738,2.31886
0.41,1,0.357348,-0.11197,2.23187,2.25909
0.43,1,0.340606,-0.130424,2.29648,2.23216
0.45,1,0.350655,-0.12315,2.30156,2.24844
0.47,1,0.385899,-0.0908032,2.37282,2.30293
0.49,1,0.435388,-0.0445113,2.44274,2.37345
0.51,1,0.488193,0.00633944,2.4997,2.44236
0.53,1,0.534005,0.0505634,2.55416,2.49774
0.55,1,0.565088,0.0822348,2.55089,2.53332
0.57,1,0.580625,0.0987416,2.54795,2.55056
0.59,1,0.57793,0.0982362,2.48849,2.54759
0.61,1,0.558004,0.0812194,2.437,2.52535
0.63,1,0.523164,0.0489974,2.43481,2.48497
0.65,1,0.48232,0.0106483,2.37801,2.43498
0.67,1,0.441639,-0.0288744,2.29451,2.38193
0.69,1,0.407918,-0.0617293,2.29765,2.3351
0.71,1,0.387216,-0.0825547,2.31968,2.30489
0.73,1,0.383984,-0.0877869,2.32247,2.30006
0.75,1,0.398282,-0.0748019,2.36538,2.32118
0.77,1,0.428403,-0.0474498,2.45504,2.36388
0.79,1,0.463793,-0.0140997,2.4557,2.41125
0.81,1,0.497983,0.0182564,2.50908,2.45451
0.83,1,0.524508,0.0437942,2.48637,2.48656
0.85,1,0.541668,0.0606125,2.48442,2.50666
0.87,1,0.546801,0.0668695,2.48325,2.51257
0.89,1,0.539441,0.0604086,2.48175,2.50408
0.91,1,0.521492,0.0445052,2.41583,2.48298
0.93,1,0.496331,0.0213888,2.41521,2.45247
0.95,1,0.467814,-0.00518761,2.39168,2.41646
0.97,1,0.441915,-0.0293853,2.36433,2.3823
0.99,1,0.422188,-0.048177,2.36627,2.35526
