x,rho,E,F,T,Tr
0.01,1,0.265929,-0.223719,2.20151,2.09823
0.03,1,0.317558,-0.166964,2.32511,2.1934
0.05,1,0.401506,-0.087558,2.45248,2.32587
0.07,1,0.495631,0.00324605,2.55428,2.45161
0.09,1,0.581277,0.0877333,2.62573,2.55128
0.11,1,0.643721,0.151213,2.61876,2.61719
0.13,1,0.674345,0.185198,2.61223,2.64778
0.15,1,0.66833,0.183716,2.60591,2.64186
0.17,1,0.629205,0.149655,2.53673,2.60231
0.19,1,0.5667,0.0920092,2.44562,2.53513
0.21,1,0.49195,0.0205548,2.34442,2.44704
0.23,1,0.417551,-0.0516509,2.20612,2.34876
0.25,1,0.356617,-0.112256,2.21438,2.25794
0.27,1,0.319939,-0.150389,2.22191,2.1975
0.29,1,0.313853,-0.159231,2.22913,2.18697
0.31,1,0.340118,-0.136148,2.30904,2.23136
0.33,1,0.390747,-0.0891848,2.39815,2.31012
0.35,1,0.453837,-0.0291102,2.47773,2.39821
0.37,1,0.515732,0.0306204,2.54632,2.4761
0.39,1,0.565259,0.0797057,2.54117,2.53351
0.41,1,0.597941,0.113335,2.53677,2.56937
0.43,1,0.608005,0.125968,2.53295,2.58011
0.45,1,0.593729,0.114626,2.52902,2.56483
0.47,1,0.559725,0.0838855,2.47448,2.52729
0.49,1,0.51424,0.0409419,2.40916,2.4743
0.51,1,0.463125,-0.00751048,2.29812,2.41038
0.53,1,0.415856,-0.0535036,2.30388,2.34637
0.55,1,0.380469,-0.0887049,2.30889,2.29478
0.57,1,0.363467,-0.107534,2.31276,2.2687
0.59,1,0.368734,-0.103897,2.31708,2.27688
0.61,1,0.396005,-0.0790842,2.37395,2.31786
0.63,1,0.436051,-0.0414809,2.43382,2.37436
0.65,1,0.47988,-0.000149073,2.52185,2.43189
0.67,1,0.517954,0.0366886,2.51788,2.47876
0.69,1,0.545885,0.0644679,2.48507,2.51152
0.71,1,0.561621,0.0805851,2.51241,2.52943
0.73,1,0.560998,0.0814018,2.48091,2.52873
0.75,1,0.54555,0.0678074,2.47902,2.51114
0.77,1,0.519638,0.0441332,2.39413,2.48077
0.79,1,0.486162,0.0128332,2.39352,2.43981
0.81,1,0.451967,-0.0196789,2.33091,2.39573
0.83,1,0.423187,-0.0471963,2.33437,2.35665
0.85,1,0.403586,-0.0666924,2.33654,2.32887
0.87,1,0.398401,-0.072447,2.33829,2.32135
0.89,1,0.409134,-0.0631063,2.4074,2.33683
0.91,1,0.431798,-0.0424225,2.4085,2.36854
0.93,1,0.46135,-0.0148965,2.48482,2.40807
0.95,1,0.489144,0.0109494,2.48098,2.44355
0.97,1,0.512845,0.0332724,2.478,2.47262
0.99,1,0.528681,0.0483827,2.47641,2.49149
