x,rho,E,F,T,Tr
0.01,1,0.715671,0.197059,2.67274,2.68745
0.03,1,0.709961,0.220698,2.65371,2.68207
0.05,1,0.67495,0.192455,2.58342,2.64837
0.07,1,0.608199,0.13162,2.48378,2.58032
0.09,1,0.522529,0.0509256,2.36658,2.48421
0.11,1,0.433832,-0.0352951,2.24922,2.37133
0.13,1,0.356969,-0.111472,2.15209,2.2585
0.15,1,0.305668,-0.16443,2.16145,2.17257
0.17,1,0.287798,-0.185582,2.17104,2.1401
0.19,1,0.307054,-0.170391,2.25702,2.17503
0.21,1,0.357563,-0.124424,2.36151,2.25943
0.23,1,0.427393,-0.0584435,2.4598,2.36248
0.25,1,0.501689,0.013172,2.58305,2.45907
0.27,1,0.56589,0.0764214,2.57762,2.53422
0.29,1,0.610317,0.122431,2.57265,2.58256
0.31,1,0.630504,0.145751,2.5676,2.60365
0.33,1,0.621793,0.14123,2.56214,2.59461
0.35,1,0.588185,0.112123,2.50408,2.55882
0.37,1,0.538113,0.0659966,2.4301,2.50253
0.39,1,0.479053,0.010039,2.34957,2.43085
0.41,1,0.421713,-0.0464944,2.26262,2.35459
0.43,1,0.375529,-0.0926101,2.26804,2.2873
0.45,1,0.349168,-0.121261,2.27375,2.24605
0.47,1,0.347638,-0.125423,2.27993,2.24359
0.49,1,0.372548,-0.104187,2.34384,2.28274
0.51,1,0.415331,-0.0647352,2.41417,2.34563
0.53,1,0.466369,-0.0164473,2.47579,2.41459
0.55,1,0.513915,0.0296464,2.54253,2.47391
0.57,1,0.550001,0.0657178,2.53951,2.51624
0.59,1,0.572641,0.0901726,2.53647,2.54175
0.61,1,0.57705,0.0971688,2.53273,2.54662
0.63,1,0.563848,0.0870721,2.46022,2.53193
0.65,1,0.536648,0.0635376,2.4568,2.50083
0.67,1,0.498957,0.0283744,2.40286,2.45571
0.69,1,0.458925,-0.00978481,2.33526,2.4049
0.71,1,0.422757,-0.0452257,2.33833,2.35605
0.73,1,0.397061,-0.0720488,2.3409,2.3194
0.75,1,0.385854,-0.0849063,2.34392,2.30286
0.77,1,0.393512,-0.0803216,2.39005,2.3142
0.79,1,0.417198,-0.0596092,2.39339,2.34827
0.81,1,0.449818,-0.0298123,2.47535,2.39288
0.83,1,0.484047,0.00232884,2.47216,2.43716
0.85,1,0.513252,0.0307069,2.4702,2.47311
0.87,1,0.53364,0.0516275,2.46909,2.49732
0.89,1,0.543606,0.063059,2.46812,2.5089
0.91,1,0.541195,0.0631192,2.46633,2.50611
0.93,1,0.526997,0.0520099,2.46339,2.48951
0.95,1,0.504989,0.0326594,2.42889,2.4631
0.97,1,0.478729,0.00863908,2.35325,2.43043
0.99,1,0.451697,-0.0170205,2.3549,2.39537
