x,rho,E,F,T,Tr
0.01,1,0.436,-0.0487606,2.23124,2.37429
0.03,1,0.341576,-0.127908,2.10645,2.23374
0.05,1,0.283807,-0.187604,2.11875,2.13264
0.07,1,0.263979,-0.210985,2.13074,2.09437
0.09,1,0.284971,-0.194302,2.23073,2.13482
0.11,1,0.340879,-0.14268,2.35112,2.2326
0.13,1,0.419205,-0.0679386,2.46327,2.35108
0.15,1,0.503586,0.0144392,2.55065,2.46139
0.17,1,0.577728,0.0883337,2.59977,2.54737
0.19,1,0.629393,0.142285,2.59305,2.60251
0.21,1,0.652695,0.169216,2.58643,2.62627
0.23,1,0.642971,0.164127,2.57989,2.61643
0.25,1,0.604753,0.130279,2.5139,2.57665
0.27,1,0.547275,0.0765667,2.42962,2.51312
0.29,1,0.480109,0.0113759,2.33692,2.43218
0.31,1,0.414548,-0.0534943,2.23386,2.34453
0.33,1,0.362319,-0.106605,2.24166,2.26691
0.35,1,0.332305,-0.138909,2.24985,2.21843
0.37,1,0.330557,-0.143746,2.25762,2.21551
0.39,1,0.357897,-0.119396,2.33146,2.25996
0.41,1,0.405973,-0.0745743,2.41103,2.33231
0.43,1,0.462951,-0.0191242,2.4801,2.41016
0.45,1,0.516804,0.0344198,2.52879,2.47738
0.47,1,0.558678,0.0774001,2.52446,2.52611
0.49,1,0.58543,0.1059,2.55075,2.55582
0.51,1,0.591182,0.114621,2.54594,2.56207
0.53,1,0.575801,0.102253,2.46245,2.54524
0.55,1,0.543877,0.0732477,2.45888,2.50921
0.57,1,0.502138,0.0328115,2.39768,2.45962
0.59,1,0.457165,-0.0116485,2.31445,2.40259
0.61,1,0.416553,-0.0526121,2.31851,2.34736
0.63,1,0.386974,-0.0839944,2.29103,2.30453
0.65,1,0.37402,-0.0986704,2.29701,2.28499
0.67,1,0.382068,-0.0933929,2.38361,2.29719
0.69,1,0.40843,-0.069313,2.38942,2.33583
0.71,1,0.44535,-0.0337159,2.43955,2.38691
0.73,1,0.483331,0.00416379,2.48017,2.43625
0.75,1,0.515589,0.0370178,2.47825,2.47592
0.77,1,0.538628,0.0618474,2.47547,2.50313
0.79,1,0.55039,0.0755137,2.47184,2.51669
0.81,1,0.547729,0.0751604,2.46798,2.51364
0.83,1,0.532229,0.0613443,2.46482,2.49566
0.85,1,0.50822,0.0383374,2.38797,2.46703
0.87,1,0.478844,0.00940749,2.38805,2.43058
0.89,1,0.449318,-0.0210496,2.33839,2.39221
0.91,1,0.425475,-0.0460411,2.34223,2.35983
0.93,1,0.41021,-0.0634319,2.34703,2.33837
0.95,1,0.407942,-0.0674441,2.35166,2.33513
0.97,1,0.419557,-0.0576381,2.41544,2.35158
0.99,1,0.440478,-0.0378154,2.41731,2.38036
