x,rho,E,F,T,Tr
0.01,1,0.675005,0.156368,2.66338,2.64843
0.03,1,0.702407,0.211078,2.64432,2.67491
0.05,1,0.699516,0.21407,2.63632,2.67215
0.07,1,0.657783,0.178748,2.56048,2.63137
0.09,1,0.587518,0.114152,2.4581,2.5581
0.11,1,0.502051,0.0328073,2.34186,2.45951
0.13,1,0.416614,-0.0507286,2.23293,2.34744
0.15,1,0.345763,-0.121798,2.1712,2.24056
0.17,1,0.301911,-0.167964,2.18072,2.16586
0.19,1,0.291987,-0.181589,2.19066,2.14784
0.21,1,0.318208,-0.159581,2.28122,2.19452
0.23,1,0.372915,-0.109217,2.38417,2.2833
0.25,1,0.443522,-0.0419388,2.47751,2.38446
0.27,1,0.514704,0.0274952,2.56859,2.47486
0.29,1,0.573442,0.0861257,2.56355,2.54263
0.31,1,0.612676,0.127689,2.55845,2.58505
0.33,1,0.626386,0.14533,2.55314,2.59939
0.35,1,0.612198,0.135401,2.54722,2.58455
0.37,1,0.57505,0.102286,2.48626,2.54441
0.39,1,0.523648,0.0543055,2.4119,2.48554
0.41,1,0.465679,-0.00161693,2.33556,2.4137
0.43,1,0.411106,-0.0555218,2.27577,2.33965
0.45,1,0.369859,-0.0978351,2.28143,2.27861
0.47,1,0.348717,-0.121644,2.28735,2.24533
0.49,1,0.352802,-0.120717,2.29402,2.25187
0.51,1,0.381887,-0.0953379,2.3595,2.29692
0.53,1,0.426093,-0.053772,2.42711,2.36068
0.55,1,0.476003,-0.00639119,2.4834,2.42697
0.57,1,0.520247,0.0373309,2.53456,2.4815
0.59,1,0.553172,0.0711943,2.53127,2.51986
0.61,1,0.57198,0.0924856,2.5279,2.54101
0.63,1,0.572411,0.0958716,2.52351,2.54149
0.65,1,0.555434,0.082654,2.44649,2.52243
0.67,1,0.526431,0.0563641,2.44271,2.48884
0.69,1,0.488453,0.02061,2.38941,2.44268
0.71,1,0.450214,-0.0170616,2.34401,2.3934
0.73,1,0.417137,-0.0502019,2.31223,2.34818
0.75,1,0.394452,-0.0747728,2.31597,2.31558
0.77,1,0.38743,-0.0840905,2.32081,2.30521
0.79,1,0.398652,-0.0760614,2.39954,2.32172
0.81,1,0.424104,-0.0536359,2.40296,2.35792
0.83,1,0.457182,-0.0224597,2.46482,2.40261
0.85,1,0.489284,0.00815508,2.46286,2.44372
0.87,1,0.515671,0.035213,2.46186,2.47602
0.89,1,0.533829,0.0546148,2.46106,2.49754
0.91,1,0.541042,0.0643946,2.4853,2.50593
0.93,1,0.535819,0.0618253,2.48175,2.49986
0.95,1,0.519714,0.0486801,2.42166,2.48086
0.97,1,0.497102,0.0282625,2.41898,2.45343
0.99,1,0.471153,0.00351135,2.35685,2.42076
