x,rho,E,F,T,Tr
0.01,1,0.378779,-0.123986,2.42978,2.29223
0.03,1,0.468972,-0.0232734,2.53525,2.41795
0.05,1,0.56293,0.0693268,2.65053,2.5309
0.07,1,0.636434,0.143507,2.64267,2.60976
0.09,1,0.678539,0.188801,2.6352,2.65189
0.11,1,0.682738,0.197508,2.62831,2.65598
0.13,1,0.650693,0.170494,2.56375,2.62425
0.15,1,0.591022,0.115482,2.47375,2.5619
0.17,1,0.514858,0.0428795,2.36888,2.47505
0.19,1,0.435536,-0.0344151,2.26591,2.37365
0.21,1,0.366881,-0.102882,2.18437,2.27401
0.23,1,0.321005,-0.14996,2.19347,2.19932
0.25,1,0.305643,-0.168093,2.20191,2.17253
0.27,1,0.323961,-0.152458,2.27895,2.20437
0.29,1,0.370622,-0.109332,2.37183,2.27979
0.31,1,0.433804,-0.0484748,2.46081,2.37129
0.33,1,0.500144,0.0160975,2.5662,2.45717
0.35,1,0.556217,0.0719462,2.56037,2.52332
0.37,1,0.595111,0.112325,2.55475,2.56632
0.39,1,0.61241,0.131686,2.57682,2.58477
0.41,1,0.604398,0.12627,2.49612,2.57627
0.43,1,0.574387,0.0993635,2.49267,2.54368
0.45,1,0.529754,0.0568263,2.42637,2.49276
0.47,1,0.477273,0.00603115,2.35555,2.42858
0.49,1,0.426149,-0.0446211,2.28064,2.36076
0.51,1,0.385171,-0.0856438,2.28732,2.30184
0.53,1,0.361609,-0.110541,2.29334,2.2658
0.55,1,0.360674,-0.11313,2.29824,2.26433
0.57,1,0.383221,-0.0923151,2.35501,2.29892
0.59,1,0.421673,-0.0556275,2.41688,2.35454
0.61,1,0.46693,-0.0112321,2.47134,2.41532
0.63,1,0.509397,0.0301858,2.5301,2.46846
0.65,1,0.540901,0.062207,2.52559,2.50577
0.67,1,0.560344,0.0824599,2.49559,2.52799
0.69,1,0.564221,0.0876416,2.49228,2.53235
0.71,1,0.552791,0.0775289,2.48982,2.51943
0.73,1,0.529531,0.0551701,2.40342,2.4925
0.75,1,0.496233,0.0230859,2.40366,2.45235
0.77,1,0.46067,-0.0122973,2.34288,2.40718
0.79,1,0.428635,-0.043864,2.32126,2.36419
0.81,1,0.405841,-0.0672901,2.32581,2.33212
0.83,1,0.395891,-0.0773916,2.3292,2.31769
0.85,1,0.402533,-0.0716827,2.3975,2.32735
0.87,1,0.422637,-0.0521432,2.39844,2.35588
0.89,1,0.451534,-0.0235625,2.47087,2.39516
0.91,1,0.481111,0.00546733,2.46891,2.43345
0.93,1,0.506431,0.0311153,2.46579,2.46486
0.95,1,0.524725,0.0494716,2.46211,2.48682
0.97,1,0.533748,0.0587044,2.48145,2.49744
0.99,1,0.532302,0.0572996,2.47997,2.49575
