x,rho,E,F,T,Tr
0.01,1,0.727414,0.213896,2.66287,2.6984
0.03,1,0.673246,0.190575,2.57408,2.6467
0.05,1,0.600015,0.123223,2.4677,2.57159
0.07,1,0.509767,0.0378389,2.34562,2.46891
0.09,1,0.419071,-0.0503097,2.22859,2.3509
0.11,1,0.343293,-0.125718,2.15493,2.23655
0.13,1,0.29538,-0.175233,2.16426,2.15405
0.15,1,0.282829,-0.190921,2.17376,2.1308
0.17,1,0.308079,-0.169591,2.26765,2.17684
0.19,1,0.363942,-0.118159,2.37603,2.26944
0.21,1,0.437671,-0.0482559,2.47574,2.37656
0.23,1,0.513415,0.0249978,2.57975,2.47331
0.25,1,0.576988,0.0877773,2.57377,2.54656
0.27,1,0.620045,0.132449,2.5685,2.59279
0.29,1,0.63662,0.151948,2.56354,2.60995
0.31,1,0.623371,0.142698,2.55841,2.59626
0.33,1,0.585397,0.10875,2.49573,2.55578
0.35,1,0.531603,0.0587499,2.41819,2.49493
0.37,1,0.470082,0.000270073,2.33691,2.41938
0.39,1,0.411804,-0.0566055,2.26716,2.34064
0.41,1,0.367117,-0.10154,2.27325,2.27438
0.43,1,0.343178,-0.127152,2.27838,2.23636
0.45,1,0.345763,-0.127194,2.28405,2.24056
0.47,1,0.374622,-0.101304,2.35232,2.28591
0.49,1,0.420737,-0.0584687,2.42318,2.35323
0.51,1,0.473236,-0.00872542,2.48365,2.42343
0.53,1,0.520655,0.0373414,2.54204,2.48198
0.55,1,0.557049,0.0733186,2.53838,2.52426
0.57,1,0.578478,0.0960821,2.53526,2.5482
0.59,1,0.58077,0.100077,2.53209,2.55072
0.61,1,0.56421,0.0864082,2.45278,2.53234
0.63,1,0.533863,0.0591695,2.45038,2.49758
0.65,1,0.494258,0.0220654,2.39371,2.44991
0.67,1,0.453225,-0.0171312,2.33972,2.3974
0.69,1,0.417072,-0.0517657,2.30846,2.34809
0.71,1,0.391953,-0.0776105,2.34672,2.3119
0.73,1,0.382726,-0.0877337,2.3144,2.29818
0.75,1,0.392948,-0.0797292,2.3967,2.31337
0.77,1,0.419084,-0.0561328,2.39882,2.35091
0.79,1,0.453716,-0.0240329,2.47267,2.39805
0.81,1,0.488239,0.00836043,2.46883,2.44242
0.83,1,0.517336,0.0361956,2.46568,2.47802
0.85,1,0.537764,0.0562164,2.46373,2.50213
0.87,1,0.546872,0.066274,2.46273,2.51266
0.89,1,0.543056,0.0635094,2.46196,2.50826
0.91,1,0.527021,0.0498398,2.42623,2.48954
0.93,1,0.503415,0.0284666,2.42504,2.46118
0.95,1,0.47583,0.00310445,2.35398,2.42675
0.97,1,0.448499,-0.0222801,2.35742,2.39112
0.99,1,0.426902,-0.0429219,2.35919,2.3618
