x,rho,E,F,T,Tr
0.01,1,0.329273,-0.167847,2.35105,2.21335
0.03,1,0.411817,-0.0773281,2.46892,2.34066
0.05,1,0.508451,0.0165677,2.56867,2.46731
0.07,1,0.594466,0.101788,2.62308,2.56563
0.09,1,0.654966,0.164023,2.61561,2.62855
0.11,1,0.681552,0.19418,2.60868,2.65483
0.13,1,0.670225,0.187697,2.60212,2.64373
0.15,1,0.625876,0.148125,2.52703,2.59886
0.17,1,0.558917,0.0854856,2.43064,2.52638
0.19,1,0.481063,0.0105355,2.32396,2.43339
0.21,1,0.405841,-0.0632092,2.20721,2.33212
0.23,1,0.34637,-0.122701,2.21657,2.24154
0.25,1,0.312444,-0.158188,2.22492,2.18451
0.27,1,0.310671,-0.162585,2.23223,2.18141
0.29,1,0.341605,-0.134695,2.31743,2.23379
0.31,1,0.396066,-0.0836535,2.4088,2.31795
0.33,1,0.461383,-0.0206013,2.48963,2.40811
0.35,1,0.523934,0.0402414,2.59282,2.48588
0.37,1,0.572568,0.0891665,2.58799,2.54166
0.39,1,0.603338,0.120941,2.58379,2.57514
0.41,1,0.610183,0.130473,2.52759,2.58242
0.43,1,0.593029,0.115902,2.52373,2.56407
0.45,1,0.555682,0.081532,2.46554,2.52271
0.47,1,0.507637,0.0355325,2.39547,2.46632
0.49,1,0.455392,-0.0149125,2.29961,2.40026
0.51,1,0.408446,-0.0612463,2.3061,2.33585
0.53,1,0.374041,-0.095722,2.31196,2.28503
0.55,1,0.359396,-0.112123,2.31668,2.26232
0.57,1,0.367634,-0.104906,2.32079,2.27518
0.59,1,0.398177,-0.0768913,2.38033,2.32103
0.61,1,0.440146,-0.0363539,2.44054,2.37991
0.63,1,0.484421,0.00626444,2.52124,2.43763
0.65,1,0.521643,0.0429823,2.51659,2.48316
0.67,1,0.549454,0.0711511,2.51251,2.51562
0.69,1,0.563761,0.0859766,2.50936,2.53183
0.71,1,0.560857,0.0844568,2.50692,2.52857
0.73,1,0.54348,0.0677884,2.47284,2.50875
0.75,1,0.51554,0.0416405,2.38532,2.47587
0.77,1,0.481173,0.00815864,2.38587,2.43353
0.79,1,0.447093,-0.0249636,2.3284,2.38925
0.81,1,0.418588,-0.0528337,2.33329,2.35022
0.83,1,0.40009,-0.07159,2.37022,2.32381
0.85,1,0.396533,-0.0754128,2.33939,2.31863
0.87,1,0.409133,-0.0633731,2.41345,2.33683
0.89,1,0.43365,-0.0399143,2.41365,2.37108
0.91,1,0.463493,-0.0107562,2.48318,2.41086
0.93,1,0.491445,0.0162359,2.47966,2.44642
0.95,1,0.514065,0.0384184,2.47579,2.47409
0.97,1,0.529328,0.0533009,2.47276,2.49226
0.99,1,0.534529,0.0582839,2.47111,2.49836
