x,rho,E,F,T,Tr
0.01,1,0.702342,0.194463,2.60855,2.67485
0.03,1,0.621733,0.143032,2.49455,2.59455
0.05,1,0.53189,0.0582556,2.37184,2.49527
0.07,1,0.438081,-0.0328994,2.2463,2.37711
0.09,1,0.355976,-0.113885,2.13279,2.25692
0.11,1,0.300169,-0.170893,2.14317,2.16273
0.13,1,0.278874,-0.194771,2.15275,2.12331
0.15,1,0.296353,-0.180989,2.241,2.15583
0.17,1,0.347004,-0.134332,2.35076,2.24257
0.19,1,0.419198,-0.065961,2.45496,2.35107
0.21,1,0.497495,0.00977757,2.53736,2.45391
0.23,1,0.566576,0.0776694,2.58863,2.53499
0.25,1,0.615246,0.127361,2.58267,2.58776
0.27,1,0.638655,0.153395,2.57739,2.61203
0.29,1,0.631696,0.150023,2.5722,2.60488
0.31,1,0.598146,0.120281,2.51291,2.56959
0.33,1,0.546393,0.0721144,2.43633,2.5121
0.35,1,0.48463,0.0130355,2.35105,2.43789
0.37,1,0.423415,-0.0465365,2.24995,2.35696
0.39,1,0.37361,-0.0958147,2.25708,2.28437
0.41,1,0.344063,-0.126723,2.2631,2.2378
0.43,1,0.340226,-0.13219,2.26863,2.23153
0.45,1,0.364421,-0.111091,2.33439,2.27019
0.47,1,0.408073,-0.070292,2.4082,2.33532
0.49,1,0.461301,-0.0195944,2.47394,2.40801
0.51,1,0.511659,0.0297294,2.55013,2.47119
0.53,1,0.551219,0.0683139,2.5461,2.51763
0.55,1,0.576669,0.0946978,2.5423,2.5462
0.57,1,0.583324,0.10278,2.53935,2.55352
0.59,1,0.570974,0.0924478,2.4647,2.53989
0.61,1,0.543405,0.0675024,2.46266,2.50866
0.63,1,0.504523,0.0309004,2.4083,2.46253
0.65,1,0.462316,-0.00937554,2.35428,2.40933
0.67,1,0.423642,-0.0471211,2.33169,2.35728
0.69,1,0.395034,-0.0752709,2.3358,2.31643
0.71,1,0.381704,-0.0893881,2.3388,2.29664
0.73,1,0.387682,-0.0847132,2.34136,2.30558
0.75,1,0.410842,-0.0630753,2.43305,2.33927
0.77,1,0.444411,-0.0318145,2.48287,2.38566
0.79,1,0.480683,0.00268449,2.47906,2.43291
0.81,1,0.511874,0.032624,2.47511,2.47145
0.83,1,0.53434,0.0546344,2.47192,2.49814
0.85,1,0.546398,0.0666709,2.46995,2.51211
0.87,1,0.545523,0.0664977,2.46884,2.5111
0.89,1,0.532367,0.0544563,2.46787,2.49583
0.91,1,0.510562,0.0340777,2.39742,2.46987
0.93,1,0.483187,0.00844534,2.39748,2.43607
0.95,1,0.454447,-0.0188122,2.3501,2.39901
0.97,1,0.431037,-0.0409428,2.35348,2.3675
0.99,1,0.4153,-0.0559953,2.35514,2.34559
