x,rho,E,F,T,Tr
0.01,1,0.728086,0.216473,2.67252,2.69903
0.03,1,0.68266,0.201939,2.59146,2.65591
0.05,1,0.615724,0.141064,2.49083,2.58826
0.07,1,0.528345,0.0589841,2.37092,2.4911
0.09,1,0.436944,-0.0296142,2.24817,2.37557
0.11,1,0.356804,-0.108634,2.13707,2.25823
0.13,1,0.30216,-0.164541,2.14656,2.16631
0.15,1,0.281266,-0.188233,2.15595,2.12785
0.17,1,0.298273,-0.174928,2.24206,2.15931
0.19,1,0.347888,-0.129631,2.3492,2.24399
0.21,1,0.41839,-0.0630966,2.45127,2.34994
0.23,1,0.494837,0.0104324,2.53185,2.45063
0.25,1,0.561845,0.0764504,2.58169,2.52968
0.27,1,0.608938,0.124759,2.57626,2.5811
0.29,1,0.631683,0.150216,2.57124,2.60487
0.31,1,0.624824,0.147136,2.56595,2.59777
0.33,1,0.591992,0.118528,2.50785,2.56295
0.35,1,0.541454,0.0720613,2.43267,2.50641
0.37,1,0.481156,0.014845,2.3489,2.43351
0.39,1,0.421536,-0.0432189,2.25027,2.35435
0.41,1,0.372727,-0.0912057,2.25627,2.28302
0.43,1,0.343974,-0.121731,2.26181,2.23765
0.45,1,0.340373,-0.127531,2.26733,2.23177
0.47,1,0.364137,-0.107304,2.33199,2.26975
0.49,1,0.406607,-0.0675582,2.40458,2.33322
0.51,1,0.458854,-0.0185013,2.46888,2.40481
0.53,1,0.50822,0.0292585,2.54299,2.46703
0.55,1,0.546538,0.0668314,2.53933,2.51227
0.57,1,0.570956,0.0924714,2.53643,2.53987
0.59,1,0.577186,0.100361,2.5333,2.54677
0.61,1,0.56484,0.0910792,2.46043,2.53305
0.63,1,0.538067,0.0674565,2.45755,2.50248
0.65,1,0.499853,0.0318362,2.40383,2.45681
0.67,1,0.458413,-0.00720865,2.3505,2.40423
0.69,1,0.420443,-0.0440043,2.2979,2.35282
0.71,1,0.392779,-0.0716093,2.33154,2.31312
0.73,1,0.379984,-0.0856813,2.33407,2.29405
0.75,1,0.386053,-0.0815555,2.33721,2.30315
0.77,1,0.408761,-0.0612342,2.42727,2.3363
0.79,1,0.442051,-0.0309605,2.47588,2.38248
0.81,1,0.477557,0.00230866,2.47176,2.42895
0.83,1,0.508032,0.0313432,2.46853,2.4668
0.85,1,0.529912,0.0528895,2.46649,2.49294
0.87,1,0.541306,0.0648333,2.46539,2.50624
0.89,1,0.540076,0.0651825,2.46438,2.50481
0.91,1,0.526859,0.0540077,2.46253,2.48934
0.93,1,0.505074,0.0345993,2.39342,2.4632
0.95,1,0.478006,0.0101618,2.34328,2.42952
0.97,1,0.449714,-0.0160973,2.34666,2.39274
0.99,1,0.426895,-0.0379094,2.3483,2.36179
