x,rho,E,F,T,Tr
0.01,1,0.697903,0.193477,2.60187,2.67061
0.03,1,0.615516,0.140191,2.48596,2.58804
0.05,1,0.524786,0.0544324,2.36202,2.48689
0.07,1,0.431009,-0.0366639,2.23723,2.36746
0.09,1,0.349955,-0.116775,2.13287,2.24732
0.11,1,0.295791,-0.172156,2.14316,2.1548
0.13,1,0.276573,-0.193898,2.15273,2.11892
0.15,1,0.296182,-0.177994,2.24352,2.15551
0.17,1,0.348492,-0.129686,2.35412,2.24497
0.19,1,0.421577,-0.060342,2.45781,2.3544
0.21,1,0.499662,0.0153813,2.5901,2.45658
0.23,1,0.5678,0.0824286,2.58353,2.53636
0.25,1,0.615348,0.131235,2.5777,2.58787
0.27,1,0.637191,0.15557,2.57215,2.61053
0.29,1,0.628431,0.150564,2.56708,2.60151
0.31,1,0.593476,0.119307,2.50621,2.56456
0.33,1,0.540684,0.0702165,2.42855,2.50552
0.35,1,0.478383,0.0108185,2.34314,2.42999
0.37,1,0.417484,-0.0486286,2.24883,2.34867
0.39,1,0.36856,-0.0971004,2.25594,2.27661
0.41,1,0.340157,-0.126779,2.26182,2.23142
0.43,1,0.337949,-0.13087,2.26721,2.22779
0.45,1,0.363447,-0.108261,2.33448,2.26867
0.47,1,0.407842,-0.0664582,2.4083,2.33499
0.49,1,0.461122,-0.0155226,2.47325,2.40777
0.51,1,0.511327,0.0332073,2.54589,2.47079
0.53,1,0.550256,0.0714777,2.54151,2.51653
0.55,1,0.574946,0.0970811,2.53791,2.5443
0.57,1,0.580569,0.104229,2.53484,2.5505
0.59,1,0.566942,0.0927287,2.45769,2.5354
0.61,1,0.538243,0.0666732,2.45563,2.50268
0.63,1,0.499045,0.029534,2.40092,2.45582
0.65,1,0.456857,-0.010795,2.34748,2.40219
0.67,1,0.418608,-0.047903,2.32943,2.35025
0.69,1,0.390629,-0.0760012,2.33355,2.30995
0.71,1,0.377801,-0.08895,2.33644,2.29075
0.73,1,0.384879,-0.0835875,2.3848,2.3014
0.75,1,0.409188,-0.060901,2.38635,2.33691
0.77,1,0.443185,-0.0288828,2.47661,2.38401
0.79,1,0.478879,0.00511953,2.47275,2.43062
0.81,1,0.50981,0.0348617,2.4688,2.46896
0.83,1,0.531927,0.0564819,2.46562,2.49531
0.85,1,0.543543,0.0681056,2.46361,2.50882
0.87,1,0.541927,0.0672336,2.46259,2.50696
0.89,1,0.527916,0.0543286,2.46165,2.49059
0.91,1,0.505541,0.0333458,2.39066,2.46377
0.93,1,0.478165,0.00765715,2.39081,2.42972
0.95,1,0.449388,-0.0196926,2.34578,2.39231
0.97,1,0.42616,-0.041686,2.34916,2.36078
0.99,1,0.410892,-0.056292,2.35088,2.33934
