x,rho,E,F,T,Tr
0.01,1,0.661172,0.158459,2.54288,2.63475
0.03,1,0.563554,0.0881405,2.41196,2.5316
0.05,1,0.467488,-0.00458242,2.28384,2.41604
0.07,1,0.378515,-0.0919791,2.17438,2.29183
0.09,1,0.311859,-0.159372,2.11917,2.18349
0.11,1,0.278485,-0.194863,2.12904,2.12257
0.13,1,0.283915,-0.192898,2.20517,2.13284
0.15,1,0.325501,-0.155116,2.31363,2.20699
0.17,1,0.393465,-0.0910979,2.424,2.31413
0.19,1,0.47301,-0.0143318,2.51786,2.42314
0.21,1,0.547804,0.0591712,2.62545,2.51373
0.23,1,0.604533,0.116337,2.61985,2.57642
0.25,1,0.636408,0.150508,2.61464,2.60973
0.27,1,0.639556,0.156673,2.54061,2.61295
0.29,1,0.614241,0.135497,2.53593,2.5867
0.31,1,0.566267,0.0907404,2.46267,2.53464
0.33,1,0.505392,0.0331023,2.37885,2.46359
0.35,1,0.441967,-0.0291477,2.29768,2.38237
0.37,1,0.38609,-0.0841468,2.23674,2.30321
0.39,1,0.349054,-0.122328,2.24377,2.24587
0.41,1,0.336455,-0.136336,2.2498,2.22532
0.43,1,0.352521,-0.122847,2.31023,2.25143
0.45,1,0.391132,-0.0865289,2.38453,2.31069
0.47,1,0.443249,-0.0369045,2.45453,2.38409
0.49,1,0.496835,0.0155429,2.55993,2.4531
0.51,1,0.541932,0.0596344,2.55523,2.50696
0.53,1,0.571296,0.0897821,2.55104,2.54025
0.55,1,0.583685,0.103369,2.54779,2.55391
0.57,1,0.578276,0.0997642,2.48134,2.54798
0.59,1,0.555854,0.0795365,2.47906,2.52291
0.61,1,0.518312,0.0438717,2.42544,2.47919
0.63,1,0.475959,0.00316201,2.36775,2.42691
0.65,1,0.434644,-0.0374844,2.29176,2.37244
0.67,1,0.401844,-0.0700172,2.29639,2.32635
0.69,1,0.38304,-0.0887769,2.32405,2.29865
0.71,1,0.383197,-0.0902373,2.32696,2.29888
0.73,1,0.400757,-0.0736001,2.37255,2.32478
0.75,1,0.432615,-0.0430367,2.46348,2.36966
0.77,1,0.469457,-0.0077644,2.51368,2.41858
0.79,1,0.503032,0.0248946,2.48792,2.46071
0.81,1,0.528655,0.0501676,2.48414,2.49146
0.83,1,0.544284,0.0656166,2.48098,2.50968
0.85,1,0.547402,0.0695298,2.47902,2.51326
0.87,1,0.538481,0.0608099,2.4777,2.50296
0.89,1,0.519083,0.0426212,2.40702,2.48011
0.91,1,0.492691,0.0169769,2.40748,2.44796
0.93,1,0.463671,-0.0110964,2.34083,2.41109
0.95,1,0.438164,-0.0358435,2.36633,2.37723
0.97,1,0.419468,-0.0540076,2.36998,2.35145
0.99,1,0.411552,-0.0615894,2.37204,2.34028
