x,rho,E,F,T,Tr
0.01,1,0.273224,-0.217555,2.22537,2.11247
0.03,1,0.331432,-0.153935,2.35064,2.21697
0.05,1,0.419215,-0.0705937,2.47461,2.3511
0.07,1,0.513413,0.0208017,2.57,2.47331
0.09,1,0.596095,0.10265,2.61505,2.56738
0.11,1,0.65332,0.161548,2.60813,2.6269
0.13,1,0.67721,0.189064,2.6016,2.65059
0.15,1,0.664145,0.180863,2.59526,2.63771
0.17,1,0.619281,0.140894,2.52063,2.59199
0.19,1,0.553258,0.0790527,2.42584,2.51996
0.21,1,0.477068,0.00602238,2.32291,2.42832
0.23,1,0.404211,-0.0653307,2.21887,2.32977
0.25,1,0.347202,-0.122116,2.2276,2.24289
0.27,1,0.315529,-0.15526,2.23514,2.18989
0.29,1,0.31573,-0.157995,2.24177,2.19023
0.31,1,0.347792,-0.129321,2.3258,2.24384
0.33,1,0.402217,-0.0787029,2.41487,2.32689
0.35,1,0.46629,-0.0169691,2.49279,2.41449
0.37,1,0.527092,0.0417249,2.5886,2.48962
0.39,1,0.573538,0.0882741,2.5843,2.54274
0.41,1,0.602001,0.11768,2.58063,2.57372
0.43,1,0.607333,0.12575,2.52374,2.5794
0.45,1,0.589584,0.110897,2.52003,2.56034
0.47,1,0.552066,0.0767746,2.46244,2.5186
0.49,1,0.504549,0.0318115,2.39423,2.46256
0.51,1,0.453392,-0.0169613,2.30855,2.39762
0.53,1,0.408325,-0.0616723,2.31436,2.33568
0.55,1,0.375393,-0.0942372,2.31908,2.28709
0.57,1,0.362349,-0.109228,2.32322,2.26696
0.59,1,0.371898,-0.101249,2.32692,2.28175
0.61,1,0.402609,-0.0729314,2.38551,2.32746
0.63,1,0.444425,-0.0334626,2.44364,2.38567
0.65,1,0.487745,0.00789981,2.51732,2.4418
0.67,1,0.524041,0.0428684,2.51322,2.48601
0.69,1,0.550386,0.0692572,2.51,2.51668
0.71,1,0.563605,0.0825257,2.50774,2.53166
0.73,1,0.559711,0.0806965,2.4733,2.52728
0.75,1,0.541797,0.064355,2.47155,2.50681
0.77,1,0.513713,0.0384951,2.38634,2.47367
0.79,1,0.479563,0.00648436,2.38617,2.43149
0.81,1,0.446165,-0.0255413,2.33542,2.38801
0.83,1,0.418746,-0.0519154,2.37242,2.35044
0.85,1,0.401197,-0.069368,2.34138,2.32542
0.87,1,0.398752,-0.072271,2.34297,2.32187
0.89,1,0.412234,-0.0602086,2.4156,2.34125
0.91,1,0.43687,-0.0373122,2.4164,2.37547
0.93,1,0.466696,-0.00936622,2.48049,2.41502
0.95,1,0.494072,0.0162217,2.47654,2.44968
0.97,1,0.516171,0.0372697,2.47352,2.47662
0.99,1,0.530731,0.0511576,2.49689,2.49391
