x,rho,E,F,T,Tr
0.01,1,0.494041,0.00521306,2.31036,2.44964
0.03,1,0.389903,-0.0807435,2.17676,2.30888
0.05,1,0.315102,-0.156309,2.0926,2.18914
0.07,1,0.273576,-0.200371,2.10408,2.11315
0.09,1,0.271648,-0.205956,2.1749,2.10942
0.11,1,0.308539,-0.173384,2.28582,2.17766
0.13,1,0.375096,-0.11064,2.40335,2.28664
0.15,1,0.457006,-0.0316839,2.50477,2.40238
0.17,1,0.537731,0.048026,2.57856,2.50209
0.19,1,0.602268,0.113279,2.63171,2.574
0.21,1,0.640043,0.15379,2.62583,2.61345
0.23,1,0.649414,0.166915,2.55869,2.62296
0.25,1,0.628346,0.150414,2.55279,2.60142
0.27,1,0.580873,0.106573,2.47904,2.55083
0.29,1,0.518806,0.0476343,2.39182,2.47978
0.31,1,0.451966,-0.0180008,2.30301,2.39573
0.33,1,0.391335,-0.0783853,2.21557,2.31099
0.35,1,0.348567,-0.122824,2.22377,2.24509
0.37,1,0.330488,-0.14284,2.23162,2.21539
0.39,1,0.342183,-0.134483,2.29087,2.23474
0.41,1,0.378678,-0.100308,2.36853,2.29208
0.43,1,0.43155,-0.0502385,2.4439,2.36821
0.45,1,0.488111,0.00554071,2.50564,2.44226
0.47,1,0.537426,0.0548036,2.56587,2.50173
0.49,1,0.571172,0.0900339,2.56121,2.54011
0.51,1,0.58766,0.108625,2.55663,2.55825
0.53,1,0.585111,0.108733,2.49325,2.55547
0.55,1,0.56424,0.0901945,2.48959,2.53237
0.57,1,0.526861,0.0550154,2.43504,2.48935
0.59,1,0.48371,0.0127112,2.37301,2.43673
0.61,1,0.440066,-0.030979,2.27971,2.3798
0.63,1,0.403762,-0.0677152,2.28519,2.32912
0.65,1,0.38223,-0.0911522,2.29059,2.29743
0.67,1,0.378044,-0.0967859,2.35734,2.29112
0.69,1,0.393188,-0.084007,2.41141,2.31372
0.71,1,0.425016,-0.0536418,2.41335,2.35919
0.73,1,0.462794,-0.0164317,2.45911,2.40995
0.75,1,0.498921,0.0197178,2.51871,2.45567
0.77,1,0.526819,0.0486627,2.51498,2.4893
0.79,1,0.544581,0.0678714,2.51104,2.51002
0.81,1,0.549701,0.0749651,2.50728,2.5159
0.83,1,0.542036,0.0686762,2.48376,2.50708
0.85,1,0.523678,0.0512653,2.41222,2.48558
0.87,1,0.496934,0.0248424,2.41191,2.45322
0.89,1,0.467418,-0.00481166,2.35,2.41595
0.91,1,0.440283,-0.0331012,2.35328,2.3801
0.93,1,0.420046,-0.0546246,2.39034,2.35226
0.95,1,0.410168,-0.0659766,2.36273,2.33831
0.97,1,0.41349,-0.0638989,2.3663,2.34303
0.99,1,0.429052,-0.0490518,2.39935,2.36477
