x,rho,E,F,T,Tr
0.01,1,0.273302,-0.20788,2.11869,2.11262
0.03,1,0.252915,-0.222027,2.12113,2.07207
0.05,1,0.279757,-0.199787,2.23268,2.12499
0.07,1,0.342406,-0.142356,2.36118,2.2351
0.09,1,0.427048,-0.0619386,2.47973,2.362
0.11,1,0.516225,0.0244906,2.60868,2.47669
0.13,1,0.592866,0.100657,2.60212,2.5639
0.15,1,0.645267,0.155311,2.59578,2.61876
0.17,1,0.665813,0.179953,2.58949,2.63937
0.19,1,0.651281,0.170749,2.5829,2.62484
0.21,1,0.60712,0.13183,2.51022,2.57917
0.23,1,0.543637,0.072945,2.41906,2.50893
0.25,1,0.471446,0.00349802,2.32178,2.42114
0.27,1,0.402809,-0.0638139,2.23223,2.32775
0.29,1,0.350238,-0.117361,2.23923,2.24777
0.31,1,0.32167,-0.148075,2.2465,2.20046
0.33,1,0.323972,-0.149703,2.25418,2.20439
0.35,1,0.356145,-0.121032,2.33526,2.25719
0.37,1,0.409172,-0.072248,2.41962,2.33689
0.39,1,0.470341,-0.0134312,2.49285,2.41972
0.41,1,0.527248,0.04183,2.58005,2.4898
0.43,1,0.569764,0.0852004,2.5764,2.53855
0.45,1,0.595382,0.112667,2.57236,2.56661
0.47,1,0.598678,0.119697,2.51588,2.57016
0.49,1,0.580515,0.104864,2.51117,2.55044
0.51,1,0.543616,0.0722433,2.45534,2.50891
0.53,1,0.498303,0.0292084,2.39021,2.45491
0.55,1,0.449988,-0.0170492,2.31668,2.3931
0.57,1,0.407962,-0.0591248,2.32079,2.33516
0.59,1,0.377963,-0.0900766,2.32446,2.29099
0.61,1,0.366815,-0.103575,2.32868,2.27391
0.63,1,0.377818,-0.0957211,2.33342,2.29077
0.65,1,0.40836,-0.0683294,2.39035,2.33573
0.67,1,0.449029,-0.0309886,2.44521,2.39183
0.69,1,0.489506,0.00824906,2.50936,2.444
0.71,1,0.523212,0.040909,2.50692,2.48503
0.73,1,0.547303,0.066316,2.52391,2.51315
0.75,1,0.558121,0.0789526,2.52104,2.52548
0.77,1,0.553046,0.0768299,2.46864,2.51972
0.79,1,0.534672,0.0615219,2.46527,2.49852
0.81,1,0.507327,0.0368135,2.38451,2.46595
0.83,1,0.474957,0.00668332,2.37022,2.42563
0.85,1,0.443545,-0.0238402,2.33939,2.38449
0.87,1,0.418311,-0.0492357,2.34109,2.34983
0.89,1,0.403147,-0.0660915,2.34347,2.32824
0.91,1,0.40254,-0.0689302,2.3471,2.32736
0.93,1,0.416992,-0.0575728,2.41637,2.34797
0.95,1,0.441304,-0.036185,2.41916,2.38147
0.97,1,0.470003,-0.00975475,2.47276,2.41928
0.99,1,0.49548,0.0144161,2.47111,2.45142
