x,rho,E,F,T,Tr
0.01,1,0.256644,-0.223021,2.08417,2.07967
0.03,1,0.256537,-0.217833,2.16256,2.07945
0.05,1,0.301734,-0.177559,2.28859,2.16555
0.07,1,0.3774,-0.106804,2.41645,2.29014
0.09,1,0.46768,-0.0202376,2.52451,2.41629
0.11,1,0.554067,0.0646489,2.63114,2.52088
0.13,1,0.621232,0.132292,2.62461,2.59403
0.15,1,0.659699,0.174053,2.61814,2.63329
0.17,1,0.663594,0.182372,2.6116,2.63716
0.19,1,0.634022,0.158179,2.55171,2.60728
0.21,1,0.579295,0.108517,2.46805,2.5491
0.23,1,0.509056,0.042581,2.37069,2.46804
0.25,1,0.435881,-0.0285749,2.275,2.37412
0.27,1,0.371811,-0.0918228,2.19928,2.28161
0.29,1,0.328987,-0.135977,2.20658,2.21287
0.31,1,0.314246,-0.153286,2.21395,2.18765
0.33,1,0.331671,-0.139638,2.2845,2.21737
0.35,1,0.375108,-0.099987,2.37098,2.28665
0.37,1,0.434243,-0.0445541,2.45254,2.37189
0.39,1,0.495893,0.0151289,2.51684,2.45193
0.41,1,0.548262,0.0665972,2.57126,2.51425
0.43,1,0.583059,0.102907,2.56731,2.55323
0.45,1,0.598286,0.120234,2.56304,2.56974
0.47,1,0.590911,0.116599,2.48879,2.56178
0.49,1,0.564332,0.0934948,2.48469,2.53247
0.51,1,0.521612,0.0547326,2.42282,2.48312
0.53,1,0.473051,0.00818434,2.35434,2.4232
0.55,1,0.425102,-0.0379903,2.26282,2.35931
0.57,1,0.387413,-0.076203,2.26671,2.30518
0.59,1,0.365339,-0.0991828,2.27104,2.27162
0.61,1,0.36496,-0.102206,2.34976,2.27103
0.63,1,0.38574,-0.0846033,2.35379,2.30269
0.65,1,0.422423,-0.0511171,2.41379,2.35558
0.67,1,0.464902,-0.0109609,2.49588,2.41269
0.69,1,0.504256,0.0266388,2.49238,2.4622
0.71,1,0.533655,0.0560545,2.48979,2.49733
0.73,1,0.551275,0.074758,2.48774,2.5177
0.75,1,0.554712,0.0801987,2.48551,2.52161
0.77,1,0.543929,0.0720764,2.48254,2.50927
0.79,1,0.521357,0.0524854,2.40226,2.48282
0.81,1,0.48989,0.0239351,2.4002,2.44448
0.83,1,0.45606,-0.00821616,2.32123,2.40114
0.85,1,0.426157,-0.0368538,2.3232,2.36077
0.87,1,0.404889,-0.0589675,2.32501,2.33075
0.89,1,0.396235,-0.0689208,2.32768,2.31819
0.91,1,0.403006,-0.0647152,2.39093,2.32803
0.93,1,0.422558,-0.0480217,2.39368,2.35577
0.95,1,0.450471,-0.0229003,2.48164,2.39375
0.97,1,0.478558,0.00295213,2.45707,2.43022
0.99,1,0.502545,0.0258801,2.45525,2.46011
