x,rho,E,F,T,Tr
0.01,1,0.727516,0.210794,2.64578,2.6985
0.03,1,0.701224,0.214985,2.62679,2.67378
0.05,1,0.648845,0.169008,2.54041,2.62239
0.07,1,0.57006,0.0959119,2.42934,2.53888
0.09,1,0.479781,0.00956373,2.30809,2.43177
0.11,1,0.393853,-0.0747286,2.19985,2.3147
0.13,1,0.32679,-0.142232,2.13042,2.20917
0.15,1,0.29016,-0.180974,2.13964,2.14447
0.17,1,0.290101,-0.184663,2.20434,2.14436
0.19,1,0.32572,-0.153394,2.30422,2.20736
0.21,1,0.387949,-0.0956871,2.40959,2.30598
0.23,1,0.462749,-0.0242815,2.50039,2.40989
0.25,1,0.535069,0.0460708,2.61599,2.49899
0.27,1,0.591543,0.102749,2.61161,2.56247
0.29,1,0.624474,0.137742,2.60694,2.59741
0.31,1,0.631449,0.148388,2.54344,2.60463
0.33,1,0.611191,0.132608,2.5383,2.58348
0.35,1,0.567368,0.0929178,2.47095,2.53587
0.37,1,0.511087,0.040362,2.39209,2.4705
0.39,1,0.450675,-0.0177917,2.31305,2.39402
0.41,1,0.396683,-0.0710675,2.23142,2.31885
0.43,1,0.358972,-0.109411,2.23597,2.26166
0.45,1,0.343477,-0.127062,2.30053,2.23685
0.47,1,0.354287,-0.119675,2.30603,2.25424
0.49,1,0.38941,-0.0877428,2.37605,2.30815
0.51,1,0.438121,-0.0425354,2.44416,2.37717
0.53,1,0.489568,0.00693754,2.49937,2.44408
0.55,1,0.533755,0.0497959,2.55067,2.49745
0.57,1,0.563494,0.0802314,2.54776,2.53153
0.59,1,0.577581,0.096458,2.54468,2.54721
0.61,1,0.57426,0.0955269,2.521,2.54354
0.63,1,0.554118,0.0789267,2.43497,2.52094
0.65,1,0.519975,0.0476455,2.43204,2.48117
0.67,1,0.480054,0.0100451,2.37672,2.43211
0.69,1,0.440212,-0.0279917,2.29702,2.38
0.71,1,0.408164,-0.0602613,2.31887,2.33545
0.73,1,0.388467,-0.080388,2.32166,2.30675
0.75,1,0.386034,-0.0853864,2.36439,2.30313
0.77,1,0.400969,-0.0727477,2.36771,2.32509
0.79,1,0.430898,-0.0460469,2.45486,2.36731
0.81,1,0.465648,-0.0139211,2.4563,2.41366
0.83,1,0.498975,0.0174872,2.4862,2.45573
0.85,1,0.524211,0.0424813,2.48417,2.48621
0.87,1,0.540375,0.0589302,2.4831,2.50516
0.89,1,0.544747,0.065015,2.48165,2.51021
0.91,1,0.536565,0.0590572,2.47944,2.50073
0.93,1,0.518416,0.0436714,2.41514,2.47931
0.95,1,0.493497,0.0214919,2.3909,2.44897
0.97,1,0.465601,-0.00426073,2.36355,2.4136
0.99,1,0.44072,-0.027975,2.34337,2.38069
