x,rho,E,F,T,Tr
0.01,1,0.625191,0.128921,2.49109,2.59815
0.03,1,0.520575,0.0498321,2.35214,2.48189
0.05,1,0.424564,-0.043853,2.22534,2.35856
0.07,1,0.342807,-0.125008,2.12825,2.23575
0.09,1,0.289342,-0.179943,2.13956,2.14296
0.11,1,0.272236,-0.199877,2.14975,2.11056
0.13,1,0.294441,-0.18121,2.24579,2.15234
0.15,1,0.349643,-0.129934,2.35976,2.24682
0.17,1,0.425265,-0.0576505,2.4671,2.35953
0.19,1,0.505158,0.0202384,2.59231,2.46331
0.21,1,0.574038,0.0886206,2.58563,2.54329
0.23,1,0.621796,0.138009,2.57908,2.59462
0.25,1,0.642387,0.161356,2.57304,2.61584
0.27,1,0.631624,0.154334,2.56767,2.60481
0.29,1,0.594208,0.12055,2.50388,2.56535
0.31,1,0.539094,0.0687772,2.42335,2.50367
0.33,1,0.475078,0.00688835,2.33627,2.42579
0.35,1,0.413055,-0.0540215,2.2469,2.34241
0.37,1,0.364174,-0.103095,2.25471,2.26981
0.39,1,0.336547,-0.132185,2.26163,2.22548
0.41,1,0.335994,-0.13463,2.26767,2.22456
0.43,1,0.363376,-0.109641,2.33787,2.26856
0.45,1,0.409734,-0.0655259,2.41507,2.33769
0.47,1,0.464237,-0.0129141,2.52315,2.41183
0.49,1,0.514986,0.0366486,2.54932,2.4752
0.51,1,0.554376,0.07621,2.54418,2.52123
0.53,1,0.578716,0.101956,2.53982,2.54846
0.55,1,0.583502,0.108112,2.53602,2.55371
0.57,1,0.568263,0.0949458,2.45479,2.53687
0.59,1,0.537949,0.0665734,2.45296,2.50234
0.61,1,0.497407,0.0279829,2.39544,2.4538
0.63,1,0.45471,-0.0142028,2.34268,2.39936
0.65,1,0.416097,-0.0521893,2.29397,2.34671
0.67,1,0.388291,-0.0805826,2.29913,2.30649
0.69,1,0.376465,-0.0927729,2.30327,2.28872
0.71,1,0.384746,-0.0858981,2.38857,2.3012
0.73,1,0.409925,-0.0617676,2.39002,2.33796
0.75,1,0.445337,-0.0275655,2.47614,2.3869
0.77,1,0.48116,0.00753493,2.47341,2.43351
0.79,1,0.51211,0.0381193,2.46974,2.47174
0.81,1,0.534003,0.0604324,2.46583,2.49774
0.83,1,0.54535,0.071787,2.46265,2.5109
0.85,1,0.54285,0.070024,2.46054,2.50802
0.87,1,0.527846,0.0556638,2.45965,2.49051
0.89,1,0.504811,0.0328484,2.3867,2.46288
0.91,1,0.476953,0.00583649,2.33875,2.42818
0.93,1,0.448457,-0.02247,2.37146,2.39107
0.95,1,0.425442,-0.0451961,2.34834,2.35978
0.97,1,0.410453,-0.0600604,2.35175,2.33872
0.99,1,0.408111,-0.062325,2.35353,2.33537
