x,rho,E,F,T,Tr
0.01,1,0.711409,0.201861,2.62499,2.68344
0.03,1,0.637012,0.157329,2.51727,2.61035
0.05,1,0.550667,0.0762812,2.39813,2.517
0.07,1,0.45678,-0.0141827,2.27369,2.40208
0.09,1,0.371625,-0.0980679,2.17153,2.28133
0.11,1,0.309484,-0.160918,2.1322,2.17932
0.13,1,0.280927,-0.191849,2.14171,2.12721
0.15,1,0.290551,-0.18561,2.22117,2.1452
0.17,1,0.335149,-0.14529,2.3284,2.22316
0.19,1,0.403703,-0.0804417,2.43522,2.32904
0.21,1,0.481961,-0.00536562,2.5229,2.43453
0.23,1,0.553312,0.0649433,2.597,2.52002
0.25,1,0.606464,0.118104,2.59105,2.57847
0.27,1,0.635101,0.149326,2.58564,2.60839
0.29,1,0.634303,0.151735,2.58064,2.60757
0.31,1,0.605673,0.127363,2.52622,2.57763
0.33,1,0.557575,0.0827097,2.45278,2.52486
0.35,1,0.497229,0.0256857,2.37052,2.45358
0.37,1,0.435343,-0.0344562,2.29345,2.37339
0.39,1,0.382263,-0.0866952,2.24685,2.29748
0.41,1,0.348404,-0.121609,2.25277,2.24482
0.43,1,0.33915,-0.132468,2.25832,2.22977
0.45,1,0.358144,-0.116624,2.31991,2.26035
0.47,1,0.398112,-0.0792296,2.39348,2.32093
0.49,1,0.450213,-0.0299862,2.46241,2.3934
0.51,1,0.502295,0.0203576,2.55359,2.45981
0.53,1,0.544455,0.0614995,2.54951,2.50987
0.55,1,0.571705,0.0893886,2.5462,2.54071
0.57,1,0.581818,0.100761,2.54326,2.55187
0.59,1,0.573973,0.0953886,2.47497,2.54322
0.61,1,0.550341,0.0741628,2.47241,2.51663
0.63,1,0.512451,0.038634,2.41919,2.47215
0.65,1,0.470544,-0.00117496,2.36345,2.41998
0.67,1,0.43058,-0.039993,2.29712,2.36687
0.69,1,0.399776,-0.0701961,2.32672,2.32335
0.71,1,0.383438,-0.0873499,2.32999,2.29925
0.73,1,0.385529,-0.0863744,2.33291,2.30237
0.75,1,0.405049,-0.0687208,2.42555,2.33098
0.77,1,0.437541,-0.0386209,2.42551,2.37638
0.79,1,0.473956,-0.00385275,2.48565,2.42435
0.81,1,0.506197,0.0264423,2.48176,2.46457
0.83,1,0.530373,0.0502836,2.47857,2.49349
0.85,1,0.544424,0.0640921,2.47641,2.50984
0.87,1,0.546119,0.0665181,2.47526,2.51179
0.89,1,0.535663,0.0572356,2.47419,2.49968
0.91,1,0.515649,0.0385136,2.40462,2.476
0.93,1,0.488819,0.0137923,2.36398,2.44314
0.95,1,0.460016,-0.0132463,2.36849,2.40633
0.97,1,0.435292,-0.0365879,2.34969,2.37332
0.99,1,0.417693,-0.0533739,2.35114,2.34896
