x,rho,E,F,T,Tr
0.01,1,0.572288,0.0817865,2.41723,2.54135
0.03,1,0.463706,-0.00414596,2.27415,2.41114
0.05,1,0.372811,-0.0940058,2.16116,2.28315
0.07,1,0.304956,-0.162733,2.10547,2.1713
0.09,1,0.271392,-0.198728,2.11641,2.10892
0.11,1,0.277318,-0.19623,2.19624,2.12034
0.13,1,0.320247,-0.157306,2.30853,2.19803
0.15,1,0.389827,-0.091329,2.42227,2.30876
0.17,1,0.471283,-0.0124705,2.51764,2.42093
0.19,1,0.547709,0.063176,2.60842,2.51362
0.21,1,0.605909,0.122188,2.6017,2.57788
0.23,1,0.638685,0.158003,2.59522,2.61206
0.25,1,0.640957,0.163617,2.58914,2.61438
0.27,1,0.613558,0.140422,2.53406,2.58598
0.29,1,0.564679,0.0948048,2.45814,2.53286
0.31,1,0.502059,0.0351175,2.37138,2.45952
0.33,1,0.436934,-0.0290242,2.28759,2.37556
0.35,1,0.379966,-0.085702,2.22519,2.29402
0.37,1,0.342255,-0.124766,2.23301,2.23485
0.39,1,0.329813,-0.139056,2.2399,2.21426
0.41,1,0.346697,-0.125078,2.30318,2.24207
0.43,1,0.386291,-0.0874326,2.38026,2.30351
0.45,1,0.439613,-0.0361973,2.45213,2.37919
0.47,1,0.494446,0.0178097,2.55988,2.45014
0.49,1,0.540363,0.0633309,2.55493,2.50514
0.51,1,0.569919,0.0946952,2.55018,2.53872
0.53,1,0.582348,0.108523,2.5459,2.55245
0.55,1,0.5762,0.104838,2.47677,2.54569
0.57,1,0.553128,0.0835858,2.47397,2.51981
0.59,1,0.514464,0.0465981,2.41858,2.47457
0.61,1,0.471168,0.0043217,2.35884,2.42078
0.63,1,0.428989,-0.0377627,2.28001,2.36468
0.65,1,0.395474,-0.0713979,2.28547,2.31708
0.67,1,0.376878,-0.0911382,2.29013,2.28935
0.69,1,0.376878,-0.0921505,2.36156,2.28935
0.71,1,0.39515,-0.0754418,2.41596,2.3166
0.73,1,0.428222,-0.0436465,2.41671,2.36363
0.75,1,0.465674,-0.00663756,2.51093,2.41369
0.77,1,0.499565,0.0269945,2.50737,2.45646
0.79,1,0.525342,0.0535592,2.48107,2.48755
0.81,1,0.540694,0.0696685,2.4771,2.50553
0.83,1,0.543592,0.0735827,2.47386,2.50888
0.85,1,0.534176,0.0646746,2.47175,2.49794
0.87,1,0.514388,0.045644,2.39802,2.47448
0.89,1,0.487261,0.0187177,2.39857,2.44119
0.91,1,0.457859,-0.010913,2.32945,2.4035
0.93,1,0.431949,-0.0367969,2.33422,2.36875
0.95,1,0.413403,-0.0562215,2.36039,2.34291
0.97,1,0.405896,-0.064082,2.34198,2.3322
0.99,1,0.411442,-0.0587367,2.39952,2.34012
