x,rho,E,F,T,Tr
0.01,1,0.355864,-0.145215,2.39543,2.25675
0.03,1,0.443366,-0.0484616,2.50632,2.38425
0.05,1,0.539357,0.0456538,2.59624,2.50398
0.07,1,0.619413,0.125664,2.65318,2.59213
0.09,1,0.6698,0.178568,2.64581,2.64331
0.11,1,0.684095,0.196728,2.63904,2.6573
0.13,1,0.661029,0.178998,2.58298,2.63461
0.15,1,0.60824,0.130843,2.49929,2.58036
0.17,1,0.535677,0.0622736,2.39771,2.4997
0.19,1,0.456504,-0.0145964,2.29047,2.40172
0.21,1,0.384179,-0.0861201,2.17294,2.30035
0.23,1,0.331507,-0.139585,2.18203,2.2171
0.25,1,0.307699,-0.16547,2.19033,2.17617
0.27,1,0.317489,-0.158633,2.25767,2.19328
0.29,1,0.357158,-0.121987,2.34812,2.25879
0.31,1,0.416994,-0.0652127,2.438,2.34798
0.33,1,0.483675,-0.000442684,2.51265,2.43669
0.35,1,0.543734,0.0587051,2.59053,2.50904
0.37,1,0.586478,0.102334,2.58552,2.55696
0.39,1,0.60834,0.126024,2.58099,2.58047
0.41,1,0.607878,0.128252,2.51189,2.57998
0.43,1,0.585232,0.10821,2.50813,2.5556
0.45,1,0.542629,0.0682497,2.44554,2.50777
0.47,1,0.491888,0.0193649,2.37584,2.44697
0.49,1,0.439464,-0.0318086,2.31138,2.37899
0.51,1,0.395116,-0.0765229,2.25886,2.31656
0.53,1,0.366855,-0.105135,2.26404,2.27397
0.55,1,0.360058,-0.113445,2.33651,2.26336
0.57,1,0.376276,-0.0993016,2.34005,2.28843
0.59,1,0.411252,-0.0658322,2.40184,2.33985
0.61,1,0.455783,-0.0230423,2.45949,2.40077
0.63,1,0.49944,0.0198239,2.51408,2.45631
0.65,1,0.533873,0.0543046,2.50971,2.49759
0.67,1,0.556502,0.0773575,2.50549,2.52364
0.69,1,0.564779,0.0865074,2.5019,2.53298
0.71,1,0.557583,0.0809239,2.49938,2.52487
0.73,1,0.537279,0.0613451,2.46063,2.50156
0.75,1,0.505984,0.0313637,2.37094,2.46431
0.77,1,0.470685,-0.00311924,2.3722,2.42016
0.79,1,0.437256,-0.0361733,2.33917,2.37599
0.81,1,0.411903,-0.0614578,2.34416,2.34078
0.83,1,0.398611,-0.075272,2.34791,2.32166
0.85,1,0.400306,-0.0737195,2.35047,2.32413
0.87,1,0.416834,-0.0578538,2.4275,2.34775
0.89,1,0.444154,-0.0313563,2.47916,2.38531
0.91,1,0.474315,-0.00171534,2.47691,2.42481
0.93,1,0.501007,0.0246816,2.47363,2.45823
0.95,1,0.52124,0.044804,2.49762,2.48268
0.97,1,0.532751,0.0560631,2.49565,2.49628
0.99,1,0.534108,0.0574077,2.43657,2.49786
