x,rho,E,F,T,Tr
0.01,1,0.495023,-0.0171824,2.56618,2.45086
0.03,1,0.580906,0.085517,2.64904,2.55087
0.05,1,0.652387,0.158303,2.64108,2.62596
0.07,1,0.689313,0.199449,2.63318,2.66235
0.09,1,0.686953,0.202194,2.62573,2.66007
0.11,1,0.648011,0.168723,2.55409,2.62154
0.13,1,0.582396,0.107793,2.45758,2.5525
0.15,1,0.502119,0.0308626,2.34833,2.45959
0.17,1,0.421413,-0.0485014,2.24612,2.35417
0.19,1,0.354033,-0.116281,2.18694,2.25384
0.21,1,0.311998,-0.160354,2.19677,2.18373
0.23,1,0.302062,-0.173468,2.20612,2.16613
0.25,1,0.326587,-0.152155,2.2907,2.20882
0.27,1,0.378364,-0.103929,2.3872,2.2916
0.29,1,0.445029,-0.039603,2.47529,2.38648
0.31,1,0.512277,0.0263745,2.56313,2.47194
0.33,1,0.567452,0.0819758,2.55759,2.53597
0.35,1,0.604562,0.121061,2.55189,2.57645
0.37,1,0.617989,0.137597,2.54632,2.59064
0.39,1,0.60505,0.128023,2.54117,2.57697
0.41,1,0.570469,0.096459,2.48381,2.53933
0.43,1,0.522552,0.050722,2.41401,2.48424
0.45,1,0.468103,-0.00250706,2.34269,2.41683
0.47,1,0.416787,-0.0539414,2.28459,2.34769
0.49,1,0.377481,-0.0939643,2.29142,2.29026
0.51,1,0.357048,-0.116555,2.29812,2.25862
0.53,1,0.360457,-0.115468,2.30388,2.26399
0.55,1,0.387534,-0.0909294,2.36486,2.30536
0.57,1,0.428894,-0.0510518,2.42825,2.36455
0.59,1,0.475743,-0.005386,2.48125,2.42664
0.61,1,0.517323,0.0366932,2.5307,2.478
0.63,1,0.548218,0.0682311,2.52636,2.5142
0.65,1,0.566043,0.0881359,2.52185,2.53439
0.67,1,0.566781,0.0910796,2.51788,2.53522
0.69,1,0.551619,0.0779689,2.48507,2.51809
0.71,1,0.525258,0.0527568,2.44299,2.48745
0.73,1,0.490024,0.01834,2.39329,2.44465
0.75,1,0.454209,-0.0178551,2.31593,2.3987
0.77,1,0.423071,-0.0495016,2.32077,2.35649
0.79,1,0.40159,-0.0727133,2.32612,2.32599
0.81,1,0.394623,-0.0811803,2.33091,2.31583
0.83,1,0.404498,-0.0727933,2.40452,2.33019
0.85,1,0.427655,-0.0509389,2.40632,2.36284
0.87,1,0.458139,-0.0205504,2.46596,2.40387
0.89,1,0.487531,0.00904113,2.46506,2.44153
0.91,1,0.512427,0.035197,2.46343,2.47212
0.93,1,0.529446,0.0533931,2.48482,2.4924
0.95,1,0.536642,0.0622035,2.48098,2.50082
0.97,1,0.532481,0.0591381,2.478,2.49596
0.99,1,0.518451,0.0458095,2.42133,2.47935
