x,rho,E,F,T,Tr
0.01,1,0.596051,0.081199,2.66309,2.56733
0.03,1,0.65848,0.165907,2.64397,2.63207
0.05,1,0.695154,0.207118,2.63595,2.66797
0.07,1,0.691286,0.208859,2.62805,2.66426
0.09,1,0.64986,0.173503,2.5532,2.62341
0.11,1,0.58119,0.110081,2.4528,2.55118
0.13,1,0.49808,0.0305986,2.33952,2.45463
0.15,1,0.415248,-0.0508208,2.23445,2.34552
0.17,1,0.346747,-0.119809,2.1781,2.24215
0.19,1,0.304649,-0.164217,2.188,2.17076
0.21,1,0.295756,-0.176683,2.19784,2.15474
0.23,1,0.322158,-0.154183,2.28653,2.2013
0.25,1,0.376022,-0.104192,2.38664,2.28805
0.27,1,0.444913,-0.0381005,2.47683,2.38633
0.29,1,0.513858,0.0294728,2.5626,2.47384
0.31,1,0.57004,0.0863755,2.5575,2.53885
0.33,1,0.607596,0.126317,2.55206,2.57968
0.35,1,0.620327,0.142716,2.54627,2.59308
0.37,1,0.605976,0.132235,2.54056,2.57796
0.39,1,0.569523,0.0992645,2.48067,2.53828
0.41,1,0.51944,0.052098,2.40811,2.48053
0.43,1,0.463102,-0.00255205,2.3342,2.41035
0.45,1,0.410546,-0.0552642,2.27837,2.33885
0.47,1,0.37083,-0.0962144,2.28453,2.28011
0.49,1,0.350764,-0.118979,2.2911,2.24862
0.51,1,0.355078,-0.117202,2.29775,2.2555
0.53,1,0.383888,-0.091765,2.36138,2.29992
0.55,1,0.427011,-0.0505779,2.42703,2.36195
0.57,1,0.475332,-0.0041733,2.53297,2.42611
0.59,1,0.517659,0.0384057,2.5296,2.47841
0.61,1,0.549292,0.0712321,2.52601,2.51543
0.63,1,0.566934,0.0917272,2.52179,2.53539
0.65,1,0.567042,0.094329,2.51716,2.53551
0.67,1,0.550409,0.0808183,2.4412,2.51671
0.69,1,0.522294,0.054789,2.43814,2.48393
0.71,1,0.485395,0.0194283,2.38639,2.43885
0.73,1,0.448594,-0.0176869,2.30922,2.39125
0.75,1,0.416742,-0.0501057,2.31301,2.34762
0.77,1,0.395181,-0.0738198,2.31789,2.31665
0.79,1,0.388865,-0.0824778,2.32311,2.30734
0.81,1,0.399898,-0.0738636,2.39998,2.32353
0.83,1,0.424519,-0.0516635,2.40286,2.3585
0.85,1,0.456499,-0.0206344,2.46054,2.40171
0.87,1,0.486921,0.00948612,2.45965,2.44077
0.89,1,0.512324,0.0362367,2.45885,2.472
0.91,1,0.529463,0.0551192,2.48325,2.49242
0.93,1,0.536138,0.0643482,2.47971,2.50023
0.95,1,0.530941,0.0613097,2.47572,2.49415
0.97,1,0.515406,0.0477957,2.41679,2.47571
0.99,1,0.493837,0.0273683,2.41499,2.44939
