x,rho,E,F,T,Tr
0.01,1,0.30948,-0.186161,2.31319,2.17931
0.03,1,0.386175,-0.102356,2.43559,2.30334
0.05,1,0.481941,-0.00982886,2.54465,2.4345
0.07,1,0.571901,0.0788544,2.63824,2.54092
0.09,1,0.639998,0.147673,2.63076,2.6134
0.11,1,0.676452,0.187362,2.62373,2.64985
0.13,1,0.675668,0.190922,2.61721,2.64908
0.15,1,0.640132,0.160301,2.55042,2.61354
0.17,1,0.579108,0.103826,2.45987,2.54889
0.19,1,0.503543,0.0317867,2.3568,2.46133
0.21,1,0.426641,-0.0431786,2.25951,2.36144
0.23,1,0.361669,-0.107832,2.19912,2.26589
0.25,1,0.320253,-0.150336,2.20752,2.19804
0.27,1,0.309275,-0.163794,2.21509,2.17895
0.29,1,0.331421,-0.144319,2.29351,2.21695
0.31,1,0.380168,-0.0992543,2.38456,2.29433
0.33,1,0.443371,-0.0385627,2.46903,2.38426
0.35,1,0.507647,0.0236221,2.5564,2.46633
0.37,1,0.560368,0.0760772,2.5506,2.52802
0.39,1,0.596374,0.112981,2.54553,2.56768
0.41,1,0.610324,0.129055,2.54109,2.58257
0.43,1,0.599182,0.120601,2.53717,2.5707
0.45,1,0.567205,0.0914256,2.48368,2.53569
0.47,1,0.522083,0.0489691,2.41799,2.48368
0.49,1,0.470306,-0.000854145,2.34993,2.41967
0.51,1,0.42088,-0.0491999,2.29197,2.35343
0.53,1,0.382736,-0.0873563,2.29791,2.29819
0.55,1,0.362008,-0.108948,2.30273,2.26642
0.57,1,0.3641,-0.10841,2.30684,2.26969
0.59,1,0.388864,-0.0853597,2.36377,2.30734
0.61,1,0.4282,-0.0482537,2.47549,2.3636
0.63,1,0.472876,-0.00525949,2.47511,2.42297
0.65,1,0.513249,0.0340897,2.52365,2.47311
0.67,1,0.542851,0.0633184,2.51959,2.50802
0.69,1,0.560719,0.0816561,2.48866,2.52841
0.71,1,0.562555,0.0845501,2.48632,2.53048
0.73,1,0.54929,0.0725831,2.4845,2.51543
0.75,1,0.524799,0.0495244,2.39972,2.48691
0.77,1,0.491442,0.0178317,2.39796,2.44641
0.79,1,0.456592,-0.0161998,2.32286,2.40184
0.81,1,0.42596,-0.0457423,2.32763,2.3605
0.83,1,0.40445,-0.0670816,2.33114,2.33012
0.85,1,0.396632,-0.0750146,2.33323,2.31877
0.87,1,0.405034,-0.0671792,2.40191,2.33096
0.89,1,0.42658,-0.0468283,2.4024,2.36136
0.91,1,0.455447,-0.0189489,2.46593,2.40033
0.93,1,0.484381,0.00869868,2.46298,2.43758
0.95,1,0.509195,0.0326705,2.48241,2.46821
0.97,1,0.526397,0.0491923,2.4795,2.4888
0.99,1,0.534299,0.0567458,2.47796,2.49809
