x,rho,E,F,T,Tr
0.01,1,0.718408,0.207432,2.63925,2.69001
0.03,1,0.650471,0.169791,2.53769,2.62403
0.05,1,0.568057,0.0928504,2.42237,2.53664
0.07,1,0.474774,0.00351817,2.29776,2.4254
0.09,1,0.387119,-0.0824564,2.18818,2.30474
0.11,1,0.31969,-0.150064,2.1245,2.19707
0.13,1,0.284333,-0.187572,2.13362,2.13363
0.15,1,0.2865,-0.18866,2.20348,2.13768
0.17,1,0.324688,-0.154474,2.30724,2.20561
0.19,1,0.389582,-0.0939283,2.41509,2.3084
0.21,1,0.46667,-0.02001,2.50906,2.41498
0.23,1,0.54058,0.0521073,2.62032,2.5054
0.25,1,0.597618,0.109164,2.61532,2.56902
0.27,1,0.629661,0.14332,2.61067,2.60278
0.29,1,0.635554,0.152275,2.54269,2.60885
0.31,1,0.613491,0.134698,2.53796,2.58591
0.33,1,0.567463,0.0923368,2.46775,2.53598
0.35,1,0.508963,0.0373877,2.38645,2.46793
0.37,1,0.446933,-0.0228229,2.30614,2.38903
0.39,1,0.39155,-0.077187,2.22535,2.31131
0.41,1,0.353618,-0.115607,2.23029,2.25317
0.43,1,0.339503,-0.131428,2.30185,2.23035
0.45,1,0.35283,-0.12108,2.30682,2.25192
0.47,1,0.389389,-0.0873291,2.3789,2.30811
0.49,1,0.439805,-0.0401609,2.44817,2.37945
0.51,1,0.49242,0.0107988,2.50372,2.44763
0.53,1,0.537351,0.0543756,2.55265,2.50165
0.55,1,0.567176,0.0845561,2.54929,2.53566
0.57,1,0.580755,0.0994368,2.54647,2.5507
0.59,1,0.576694,0.0974749,2.4843,2.54623
0.61,1,0.555638,0.0792012,2.48165,2.52266
0.63,1,0.519836,0.0456744,2.42986,2.48101
0.65,1,0.478673,0.00694912,2.37339,2.43036
0.67,1,0.437863,-0.0321795,2.29511,2.37682
0.69,1,0.405284,-0.0644866,2.31924,2.33132
0.71,1,0.385861,-0.0838054,2.3222,2.30287
0.73,1,0.384075,-0.0872832,2.3665,2.3002
0.75,1,0.399838,-0.0730557,2.36877,2.32345
0.77,1,0.430796,-0.0445906,2.45823,2.36717
0.79,1,0.466602,-0.0109758,2.45866,2.41489
0.81,1,0.500632,0.0211517,2.50728,2.45777
0.83,1,0.526053,0.046009,2.48376,2.48839
0.85,1,0.542372,0.0617922,2.48184,2.50747
0.87,1,0.546356,0.0667312,2.48055,2.51206
0.89,1,0.538063,0.0595392,2.47935,2.50247
0.91,1,0.519637,0.0427332,2.4127,2.48077
0.93,1,0.493751,0.0191196,2.39034,2.44928
0.95,1,0.465178,-0.00731412,2.36273,2.41305
0.97,1,0.439347,-0.0316898,2.3663,2.37883
0.99,1,0.420392,-0.0498243,2.34337,2.35275
