x,rho,E,F,T,Tr
0.01,1,0.693561,0.174203,2.69658,2.66644
0.03,1,0.708586,0.21742,2.62679,2.68077
0.05,1,0.693356,0.208554,2.61896,2.66625
0.07,1,0.641161,0.162682,2.53355,2.61459
0.09,1,0.564072,0.0909037,2.42456,2.53218
0.11,1,0.476257,0.00661495,2.30669,2.42729
0.13,1,0.392953,-0.0752557,2.20287,2.31338
0.15,1,0.32846,-0.140537,2.13964,2.21198
0.17,1,0.294044,-0.177492,2.14899,2.15162
0.19,1,0.295531,-0.180022,2.21385,2.15433
0.21,1,0.33161,-0.14837,2.31187,2.21727
0.23,1,0.393169,-0.0912719,2.41433,2.3137
0.25,1,0.46617,-0.0211586,2.50388,2.41434
0.27,1,0.536085,0.0471654,2.61161,2.50017
0.29,1,0.589872,0.101661,2.60694,2.56065
0.31,1,0.620735,0.135098,2.60206,2.59351
0.33,1,0.626426,0.144669,2.5383,2.59943
0.35,1,0.605776,0.12866,2.53284,2.57774
0.37,1,0.562386,0.0894253,2.46639,2.53029
0.39,1,0.507479,0.0377892,2.38922,2.46613
0.41,1,0.448837,-0.0190083,2.31296,2.39157
0.43,1,0.396835,-0.0708104,2.23597,2.31907
0.45,1,0.361144,-0.107846,2.24105,2.26507
0.47,1,0.347096,-0.124394,2.30603,2.24271
0.49,1,0.358693,-0.116552,2.31212,2.26122
0.51,1,0.393735,-0.0847251,2.3807,2.31453
0.53,1,0.441499,-0.0401265,2.44673,2.38174
0.55,1,0.491454,0.0080072,2.55067,2.44643
0.57,1,0.533413,0.0497545,2.54776,2.49705
0.59,1,0.561783,0.0790309,2.54468,2.52961
0.61,1,0.574509,0.0946777,2.521,2.54382
0.63,1,0.570438,0.0933167,2.51674,2.5393
0.65,1,0.550303,0.0764992,2.43204,2.51659
0.67,1,0.51656,0.0461721,2.4291,2.47709
0.69,1,0.477923,0.0088589,2.37496,2.42941
0.71,1,0.439417,-0.0282667,2.31887,2.37892
0.73,1,0.409032,-0.0597587,2.32166,2.33669
0.75,1,0.390725,-0.0792509,2.30677,2.31009
0.77,1,0.389298,-0.0837324,2.36771,2.30798
0.79,1,0.404769,-0.0712238,2.3719,2.33058
0.81,1,0.434319,-0.0447333,2.4563,2.37199
0.83,1,0.467823,-0.0132029,2.4862,2.41647
0.85,1,0.499812,0.0175099,2.48417,2.45676
0.87,1,0.523795,0.0419848,2.4831,2.48572
0.89,1,0.538621,0.0582368,2.48165,2.50312
0.91,1,0.541998,0.064193,2.47944,2.50704
0.93,1,0.533226,0.0583799,2.47604,2.49683
0.95,1,0.515139,0.0429401,2.44588,2.47538
0.97,1,0.490917,0.0209908,2.36355,2.44576
0.99,1,0.464224,-0.00431901,2.34337,2.41181
