x,rho,E,F,T,Tr
0.01,1,0.723205,0.206414,2.65794,2.69449
0.03,1,0.705632,0.21899,2.63894,2.67797
0.05,1,0.660385,0.180484,2.55918,2.63397
0.07,1,0.586305,0.112363,2.45254,2.55677
0.09,1,0.497641,0.0279525,2.3325,2.45409
0.11,1,0.410124,-0.0574879,2.22204,2.33825
0.13,1,0.338624,-0.129007,2.16871,2.2289
0.15,1,0.295377,-0.174245,2.17817,2.15405
0.17,1,0.287397,-0.185803,2.18767,2.13935
0.19,1,0.316273,-0.161206,2.28261,2.19117
0.21,1,0.373791,-0.108175,2.3886,2.28465
0.23,1,0.446891,-0.0386052,2.48327,2.38898
0.25,1,0.519924,0.0322615,2.56902,2.48111
0.27,1,0.57966,0.0916371,2.56371,2.5495
0.29,1,0.619147,0.13309,2.55865,2.59185
0.31,1,0.631917,0.149245,2.55373,2.60511
0.33,1,0.615673,0.1374,2.54839,2.58821
0.35,1,0.57606,0.102071,2.48474,2.54553
0.37,1,0.522097,0.0521325,2.40775,2.4837
0.39,1,0.462191,-0.0054448,2.3296,2.40917
0.41,1,0.406347,-0.0601353,2.27646,2.33284
0.43,1,0.364794,-0.102386,2.28162,2.27077
0.45,1,0.344225,-0.125158,2.287,2.23806
0.47,1,0.349974,-0.122578,2.293,2.24735
0.49,1,0.381065,-0.0951428,2.3613,2.29568
0.51,1,0.427499,-0.051898,2.43018,2.36263
0.53,1,0.478663,-0.00339354,2.48697,2.43035
0.55,1,0.523712,0.0404496,2.53549,2.48562
0.57,1,0.557629,0.0748175,2.53239,2.52492
0.59,1,0.576486,0.0955121,2.52943,2.546
0.61,1,0.576083,0.0979334,2.52567,2.54556
0.63,1,0.557788,0.0830063,2.44502,2.5251
0.65,1,0.526688,0.0548284,2.44173,2.48914
0.67,1,0.487268,0.0184609,2.34183,2.4412
0.69,1,0.447806,-0.0197187,2.3459,2.3902
0.71,1,0.413895,-0.0532531,2.34874,2.3436
0.73,1,0.390764,-0.0772927,2.31474,2.31015
0.75,1,0.384293,-0.0858111,2.31837,2.30053
0.77,1,0.396287,-0.0760897,2.40056,2.31827
0.79,1,0.423694,-0.0522121,2.40322,2.35735
0.81,1,0.457934,-0.0203785,2.46484,2.4036
0.83,1,0.491571,0.0108372,2.51132,2.44657
0.85,1,0.518465,0.0374093,2.48833,2.47937
0.87,1,0.537273,0.0564052,2.48713,2.50156
0.89,1,0.544281,0.0653507,2.48562,2.50967
0.91,1,0.538401,0.0616289,2.48318,2.50287
0.93,1,0.521341,0.047588,2.42069,2.4828
0.95,1,0.497642,0.0266522,2.41847,2.45409
0.97,1,0.47005,0.00122243,2.35748,2.41934
0.99,1,0.444634,-0.0229249,2.35929,2.38595
