x,rho,E,F,T,Tr
0.01,1,0.727126,0.210831,2.64618,2.69814
0.03,1,0.701236,0.215424,2.62717,2.67379
0.05,1,0.649183,0.16979,2.54105,2.62273
0.07,1,0.570613,0.0969005,2.43015,2.53949
0.09,1,0.480381,0.0106473,2.30892,2.43253
0.11,1,0.394331,-0.0736425,2.20035,2.3154
0.13,1,0.327067,-0.141308,2.12953,2.20964
0.15,1,0.290119,-0.18046,2.13863,2.1444
0.17,1,0.289592,-0.18455,2.20298,2.14342
0.19,1,0.324967,-0.153646,2.30268,2.20608
0.21,1,0.386868,-0.0960515,2.40823,2.30437
0.23,1,0.461558,-0.024682,2.49912,2.40834
0.25,1,0.53407,0.0455986,2.61569,2.49782
0.27,1,0.590734,0.1024,2.61115,2.56159
0.29,1,0.623865,0.137649,2.60663,2.59677
0.31,1,0.631109,0.148561,2.54361,2.60428
0.33,1,0.611099,0.13301,2.53842,2.58339
0.35,1,0.567489,0.0934979,2.47122,2.53601
0.37,1,0.511328,0.0410387,2.39245,2.47079
0.39,1,0.450967,-0.0170911,2.3133,2.39441
0.41,1,0.396891,-0.0704263,2.23082,2.31915
0.43,1,0.358933,-0.109019,2.23538,2.26159
0.45,1,0.343132,-0.126951,2.29938,2.23628
0.47,1,0.353714,-0.119757,2.3049,2.25333
0.49,1,0.388646,-0.0880334,2.37487,2.30701
0.51,1,0.437284,-0.0429399,2.44309,2.37603
0.53,1,0.48875,0.00651338,2.49847,2.44305
0.55,1,0.53301,0.0494038,2.55042,2.49658
0.57,1,0.562862,0.0800081,2.54755,2.53082
0.59,1,0.577221,0.0964782,2.54445,2.54681
0.61,1,0.574029,0.0957083,2.52088,2.54328
0.63,1,0.553951,0.079237,2.43502,2.52075
0.65,1,0.51987,0.0480878,2.43201,2.48105
0.67,1,0.47996,0.0105599,2.37666,2.43199
0.69,1,0.440135,-0.0273917,2.29619,2.3799
0.71,1,0.408072,-0.0597103,2.31785,2.33532
0.73,1,0.388034,-0.0801099,2.32056,2.3061
0.75,1,0.385418,-0.0853483,2.36323,2.30221
0.77,1,0.400266,-0.0728453,2.36656,2.32407
0.79,1,0.430047,-0.0462098,2.45383,2.36614
0.81,1,0.464737,-0.0140898,2.45525,2.41248
0.83,1,0.498059,0.0173509,2.48577,2.4546
0.85,1,0.523322,0.0424174,2.48381,2.48516
0.87,1,0.539724,0.0589448,2.48265,2.5044
0.89,1,0.544214,0.0652824,2.48112,2.5096
0.91,1,0.536162,0.0593336,2.47892,2.50026
0.93,1,0.518088,0.0439327,2.4146,2.47892
0.95,1,0.493157,0.0218614,2.38973,2.44854
0.97,1,0.465245,-0.0038364,2.36242,2.41314
0.99,1,0.440347,-0.0275588,2.36436,2.38018
