x,rho,E,F,T,Tr
0.01,1,0.266915,-0.220459,2.20736,2.10017
0.03,1,0.320856,-0.161288,2.33202,2.19907
0.05,1,0.406132,-0.0804171,2.45849,2.33254
0.07,1,0.50034,0.010622,2.5582,2.45741
0.09,1,0.584965,0.0942378,2.62051,2.55531
0.11,1,0.64561,0.156124,2.61345,2.61911
0.13,1,0.673858,0.187866,2.60691,2.6473
0.15,1,0.66535,0.184003,2.60056,2.63891
0.17,1,0.624195,0.147793,2.52928,2.59712
0.19,1,0.560263,0.0887395,2.43666,2.5279
0.21,1,0.484917,0.0166728,2.33154,2.43825
0.23,1,0.410895,-0.0552746,2.20713,2.33935
0.25,1,0.351235,-0.114646,2.21548,2.24937
0.27,1,0.316192,-0.1511,2.22289,2.19103
0.29,1,0.312265,-0.157867,2.2299,2.1842
0.31,1,0.340643,-0.132928,2.31169,2.23222
0.33,1,0.39257,-0.0846053,2.40123,2.31281
0.35,1,0.455947,-0.0239342,2.47963,2.40099
0.37,1,0.517313,0.0354079,2.54056,2.47799
0.39,1,0.565843,0.0836868,2.53561,2.53417
0.41,1,0.597402,0.11626,2.53105,2.56879
0.43,1,0.605795,0.127398,2.5272,2.57776
0.45,1,0.590145,0.114312,2.52323,2.56095
0.47,1,0.554608,0.0825907,2.46761,2.52149
0.49,1,0.508529,0.0387388,2.39839,2.46741
0.51,1,0.45732,-0.0099262,2.29775,2.40279
0.53,1,0.410757,-0.0555975,2.30359,2.33915
0.55,1,0.376058,-0.0899127,2.30856,2.2881
0.57,1,0.360233,-0.10732,2.31251,2.26364
0.59,1,0.366913,-0.102196,2.31624,2.27406
0.61,1,0.395589,-0.0763511,2.37418,2.31725
0.63,1,0.436136,-0.0377969,2.43404,2.37447
0.65,1,0.479944,0.00347057,2.51716,2.43198
0.67,1,0.517117,0.0394582,2.51303,2.47776
0.69,1,0.544769,0.0670089,2.50977,2.51024
0.71,1,0.559644,0.0821934,2.50752,2.5272
0.73,1,0.557752,0.0820352,2.47498,2.52506
0.75,1,0.541412,0.0673944,2.47308,2.50636
0.77,1,0.514867,0.0430552,2.38725,2.47506
0.79,1,0.480903,0.0112595,2.38684,2.43319
0.81,1,0.446875,-0.0211944,2.32787,2.38896
0.83,1,0.41852,-0.0483484,2.33148,2.35012
0.85,1,0.399613,-0.0671613,2.3337,2.32312
0.87,1,0.395393,-0.0719446,2.33543,2.31696
0.89,1,0.407083,-0.0617066,2.4057,2.3339
0.91,1,0.430258,-0.0404313,2.40795,2.36643
0.93,1,0.46006,-0.0125357,2.47971,2.40638
0.95,1,0.48761,0.0131475,2.47572,2.44163
0.97,1,0.510961,0.0351698,2.4727,2.47035
0.99,1,0.526418,0.0499214,2.47107,2.48882
