x,rho,E,F,T,Tr
0.01,1,0.579038,0.0841701,2.42646,2.54881
0.03,1,0.470676,-0.00142837,2.28394,2.42015
0.05,1,0.379158,-0.0917727,2.16986,2.2928
0.07,1,0.3101,-0.161815,2.10818,2.1804
0.09,1,0.274717,-0.19938,2.11917,2.11535
0.11,1,0.278879,-0.198836,2.19585,2.12332
0.13,1,0.320137,-0.161445,2.30687,2.19784
0.15,1,0.388822,-0.0966086,2.42043,2.30727
0.17,1,0.470008,-0.017967,2.5176,2.41929
0.19,1,0.547185,0.0580599,2.63148,2.51301
0.21,1,0.606396,0.117923,2.62545,2.5784
0.23,1,0.640082,0.154274,2.61985,2.61349
0.25,1,0.644148,0.161845,2.54588,2.61763
0.27,1,0.618924,0.140892,2.54061,2.59162
0.29,1,0.570505,0.0955016,2.46598,2.53937
0.31,1,0.508437,0.0363896,2.38017,2.46729
0.33,1,0.443317,-0.0276835,2.29621,2.38419
0.35,1,0.385752,-0.0847741,2.22895,2.30271
0.37,1,0.347239,-0.124915,2.23674,2.24294
0.39,1,0.333508,-0.140335,2.24377,2.22043
0.41,1,0.349088,-0.127627,2.30526,2.24592
0.43,1,0.387835,-0.0910154,2.38158,2.30581
0.45,1,0.440754,-0.040363,2.45363,2.38073
0.47,1,0.495734,0.0138395,2.51069,2.45174
0.49,1,0.54235,0.0600302,2.55993,2.50744
0.51,1,0.572629,0.091924,2.55523,2.54173
0.53,1,0.585949,0.106663,2.55104,2.55639
0.55,1,0.58089,0.103764,2.48403,2.55085
0.57,1,0.558449,0.0834111,2.48134,2.52585
0.59,1,0.520532,0.0469329,2.42663,2.48184
0.61,1,0.477461,0.00497822,2.36736,2.42882
0.63,1,0.435134,-0.0371628,2.28621,2.37311
0.65,1,0.40115,-0.0712119,2.29176,2.32535
0.67,1,0.382006,-0.0916826,2.29639,2.2971
0.69,1,0.381404,-0.0936954,2.32405,2.29619
0.71,1,0.398496,-0.0772246,2.41958,2.32149
0.73,1,0.431049,-0.0464631,2.46433,2.36752
0.75,1,0.468499,-0.00957218,2.46348,2.41735
0.77,1,0.502707,0.0246987,2.51368,2.46031
0.79,1,0.528889,0.0512509,2.48792,2.49174
0.81,1,0.544816,0.0679714,2.48414,2.51029
0.83,1,0.548446,0.0724095,2.48098,2.51446
0.85,1,0.539578,0.0640859,2.47902,2.50423
0.87,1,0.520222,0.0455782,2.40795,2.48147
0.89,1,0.493585,0.0189624,2.40702,2.44907
0.91,1,0.464224,-0.0102191,2.33615,2.41181
0.93,1,0.438344,-0.0364534,2.34083,2.37747
0.95,1,0.41936,-0.0558352,2.36633,2.3513
0.97,1,0.411277,-0.0644509,2.36998,2.33989
0.99,1,0.416084,-0.059887,2.37204,2.3467
