x,rho,E,F,T,Tr
0.01,1,0.363325,-0.118365,2.14421,2.26848
0.03,1,0.290244,-0.180267,2.09443,2.14463
0.05,1,0.260754,-0.21302,2.10671,2.08795
0.07,1,0.272797,-0.205379,2.19914,2.11165
0.09,1,0.322417,-0.160339,2.32074,2.20174
0.11,1,0.398536,-0.0884977,2.43948,2.32155
0.13,1,0.485063,-0.00471164,2.53635,2.43843
0.15,1,0.564584,0.0739798,2.61529,2.53276
0.17,1,0.623172,0.13425,2.60875,2.59605
0.19,1,0.654316,0.168895,2.60217,2.6279
0.21,1,0.651792,0.17122,2.59546,2.62536
0.23,1,0.618749,0.143071,2.53354,2.59143
0.25,1,0.563671,0.0923883,2.45096,2.53173
0.27,1,0.495977,0.0278565,2.35808,2.45204
0.29,1,0.427364,-0.0395769,2.27208,2.36244
0.31,1,0.369667,-0.0978133,2.22268,2.27832
0.33,1,0.333456,-0.136138,2.23051,2.22035
0.35,1,0.324983,-0.147919,2.23874,2.20611
0.37,1,0.346815,-0.129686,2.31016,2.24226
0.39,1,0.391926,-0.0880768,2.39261,2.31187
0.41,1,0.449585,-0.0329355,2.46887,2.39257
0.43,1,0.506721,0.0231665,2.56811,2.46521
0.45,1,0.55275,0.0694296,2.56397,2.51938
0.47,1,0.58332,0.102397,2.55934,2.55351
0.49,1,0.593814,0.115774,2.55434,2.56492
0.51,1,0.582579,0.108615,2.47729,2.5527
0.53,1,0.55441,0.0830739,2.47282,2.52127
0.55,1,0.512685,0.044288,2.4133,2.47243
0.57,1,0.466757,-0.00104778,2.35227,2.41509
0.59,1,0.422741,-0.0444488,2.27628,2.35603
0.61,1,0.389669,-0.079107,2.28143,2.30853
0.63,1,0.3725,-0.0985813,2.28716,2.28267
0.65,1,0.375977,-0.0978294,2.37048,2.28798
0.67,1,0.399247,-0.0775985,2.37273,2.32259
0.69,1,0.435496,-0.0435218,2.42761,2.3736
0.71,1,0.475311,-0.00496321,2.48897,2.42609
0.73,1,0.510741,0.0305567,2.48714,2.47008
0.75,1,0.536282,0.0575616,2.48497,2.5004
0.77,1,0.550557,0.0740749,2.48208,2.51688
0.79,1,0.550829,0.0772521,2.47828,2.51719
0.81,1,0.537839,0.0666814,2.4742,2.50221
0.83,1,0.514902,0.0459301,2.39604,2.4751
0.85,1,0.485251,0.0175651,2.39468,2.43867
0.87,1,0.454032,-0.0137976,2.33129,2.39846
0.89,1,0.427789,-0.0408486,2.33384,2.36303
0.91,1,0.410105,-0.0607612,2.33775,2.33822
0.93,1,0.404835,-0.0683376,2.34255,2.33067
0.95,1,0.414025,-0.0619114,2.4045,2.34379
0.97,1,0.434001,-0.0440311,2.40869,2.37156
0.99,1,0.460577,-0.0186831,2.47895,2.40706
