x,rho,E,F,T,Tr
0.01,1,0.355074,-0.145994,2.39416,2.25549
0.03,1,0.442424,-0.0493715,2.50534,2.38298
0.05,1,0.538468,0.0447993,2.59555,2.50295
0.07,1,0.618719,0.124988,2.65382,2.5914
0.09,1,0.669292,0.178029,2.64642,2.64281
0.11,1,0.683981,0.19672,2.63965,2.65719
0.13,1,0.661696,0.179463,2.58355,2.63528
0.15,1,0.608894,0.131331,2.50027,2.58105
0.17,1,0.536432,0.0629871,2.39913,2.50058
0.19,1,0.457312,-0.0138229,2.29145,2.40278
0.21,1,0.384885,-0.0854391,2.1726,2.30141
0.23,1,0.331824,-0.139143,2.18166,2.21763
0.25,1,0.307733,-0.165249,2.18985,2.17623
0.27,1,0.317262,-0.158805,2.25678,2.19289
0.29,1,0.356662,-0.12241,2.34722,2.25801
0.31,1,0.416389,-0.0658204,2.43717,2.34713
0.33,1,0.483052,-0.00106778,2.51206,2.4359
0.35,1,0.543163,0.0582103,2.5906,2.50838
0.37,1,0.58618,0.101887,2.58564,2.55664
0.39,1,0.608193,0.125862,2.58118,2.58031
0.41,1,0.607942,0.128342,2.51251,2.58004
0.43,1,0.585527,0.108457,2.50863,2.55593
0.45,1,0.543084,0.0686548,2.44621,2.50829
0.47,1,0.492403,0.0198554,2.37653,2.44761
0.49,1,0.439952,-0.0313301,2.31197,2.37965
0.51,1,0.395516,-0.0761121,2.25905,2.31714
0.53,1,0.367204,-0.104771,2.26419,2.27451
0.55,1,0.360164,-0.113307,2.33589,2.26353
0.57,1,0.375934,-0.0996075,2.33945,2.28791
0.59,1,0.410835,-0.066211,2.40117,2.33926
0.61,1,0.455282,-0.0235225,2.45896,2.40011
0.63,1,0.499007,0.0194046,2.51438,2.45577
0.65,1,0.533644,0.0540672,2.51,2.49732
0.67,1,0.556339,0.0771827,2.50578,2.52346
0.69,1,0.564803,0.0865046,2.50219,2.533
0.71,1,0.557724,0.0810424,2.49967,2.52503
0.73,1,0.537452,0.061623,2.46103,2.50176
0.75,1,0.506234,0.0317313,2.37137,2.46462
0.77,1,0.471002,-0.00275248,2.37252,2.42057
0.79,1,0.437662,-0.0359409,2.33882,2.37655
0.81,1,0.412113,-0.061211,2.34371,2.34108
0.83,1,0.39872,-0.0752489,2.34769,2.32182
0.85,1,0.400242,-0.0738557,2.35021,2.32403
0.87,1,0.416548,-0.058136,2.4272,2.34735
0.89,1,0.443763,-0.0316194,2.42684,2.38478
0.91,1,0.474095,-0.00181566,2.47728,2.42453
0.93,1,0.500852,0.0244541,2.5008,2.45804
0.95,1,0.521097,0.0445884,2.49759,2.48251
0.97,1,0.532628,0.055922,2.4956,2.49613
0.99,1,0.534071,0.0573482,2.43681,2.49782
