x,rho,E,F,T,Tr
0.01,1,0.675761,0.171597,2.56511,2.64917
0.03,1,0.582648,0.106636,2.43887,2.55278
0.05,1,0.487612,0.0156672,2.31114,2.44163
0.07,1,0.396337,-0.0737624,2.19425,2.31834
0.09,1,0.324219,-0.14613,2.11168,2.20481
0.11,1,0.283246,-0.188875,2.12135,2.13158
0.13,1,0.280091,-0.195189,2.18585,2.12562
0.15,1,0.314519,-0.164733,2.2896,2.18813
0.17,1,0.377658,-0.105576,2.40086,2.29053
0.19,1,0.455417,-0.0308634,2.49759,2.40029
0.21,1,0.532194,0.0441437,2.56836,2.49562
0.23,1,0.593622,0.105668,2.62089,2.56471
0.25,1,0.630818,0.144359,2.61599,2.60398
0.27,1,0.640721,0.157153,2.55308,2.61414
0.29,1,0.621408,0.141867,2.5484,2.59421
0.31,1,0.57698,0.101087,2.47923,2.54655
0.33,1,0.518655,0.0459007,2.39708,2.4796
0.35,1,0.455133,-0.0155806,2.31326,2.39992
0.37,1,0.397469,-0.0723371,2.2219,2.32
0.39,1,0.356164,-0.114017,2.22695,2.25722
0.41,1,0.337583,-0.133941,2.29033,2.22719
0.43,1,0.346579,-0.127423,2.29544,2.24188
0.45,1,0.381447,-0.0950408,2.36808,2.29625
0.47,1,0.431339,-0.0477024,2.43992,2.36792
0.49,1,0.485415,0.00467927,2.49881,2.43888
0.51,1,0.532665,0.0508458,2.55792,2.49618
0.53,1,0.565419,0.0840125,2.55394,2.53369
0.55,1,0.582272,0.101767,2.55067,2.55237
0.57,1,0.580537,0.102026,2.49114,2.55046
0.59,1,0.561168,0.0846018,2.4886,2.52892
0.61,1,0.526036,0.0517604,2.43742,2.48837
0.63,1,0.484863,0.012389,2.37886,2.43818
0.65,1,0.443099,-0.0283859,2.2897,2.38389
0.67,1,0.40779,-0.0626236,2.29389,2.33491
0.69,1,0.386255,-0.0849643,2.29702,2.30346
0.71,1,0.381484,-0.0905569,2.31887,2.29631
0.73,1,0.395012,-0.0779386,2.40942,2.3164
0.75,1,0.42516,-0.0500459,2.45428,2.35939
0.77,1,0.461005,-0.0153978,2.45418,2.40762
0.79,1,0.495959,0.0182318,2.51228,2.45201
0.81,1,0.523343,0.0451864,2.50873,2.48518
0.83,1,0.541358,0.0628652,2.4862,2.5063
0.85,1,0.547589,0.0694193,2.48417,2.51348
0.87,1,0.540892,0.0630892,2.4831,2.50576
0.89,1,0.523337,0.046816,2.41573,2.48517
0.91,1,0.498189,0.0226815,2.41579,2.45477
0.93,1,0.469556,-0.00494573,2.35506,2.41871
0.95,1,0.443116,-0.0302605,2.3909,2.38392
0.97,1,0.422601,-0.0499059,2.36355,2.35583
0.99,1,0.41151,-0.0604413,2.39621,2.34022
