x,rho,E,F,T,Tr
0.01,1,0.580846,0.064325,2.67302,2.5508
0.03,1,0.648511,0.153085,2.65396,2.62205
0.05,1,0.691727,0.200571,2.64605,2.66468
0.07,1,0.694987,0.209143,2.63824,2.66781
0.09,1,0.659772,0.18002,2.56924,2.63336
0.11,1,0.595477,0.121068,2.47321,2.56671
0.13,1,0.514262,0.0438063,2.36166,2.47433
0.15,1,0.430742,-0.0380591,2.25267,2.3671
0.17,1,0.359057,-0.10989,2.16988,2.26179
0.19,1,0.312042,-0.158927,2.17982,2.18381
0.21,1,0.297134,-0.177301,2.18971,2.15725
0.23,1,0.317671,-0.160597,2.27285,2.19359
0.25,1,0.367327,-0.114899,2.37201,2.2747
0.27,1,0.434311,-0.0508599,2.46549,2.37198
0.29,1,0.50414,0.017306,2.57277,2.46206
0.31,1,0.563106,0.0764896,2.5676,2.5311
0.33,1,0.603686,0.119151,2.56213,2.57552
0.35,1,0.620879,0.139973,2.5564,2.59366
0.37,1,0.611247,0.133837,2.5506,2.58354
0.39,1,0.578269,0.104826,2.49438,2.54797
0.41,1,0.53066,0.0598862,2.42356,2.49382
0.43,1,0.474959,0.00611714,2.34852,2.42564
0.45,1,0.421286,-0.047468,2.27257,2.354
0.47,1,0.378898,-0.09082,2.27875,2.29241
0.49,1,0.355133,-0.116975,2.28533,2.25559
0.51,1,0.355396,-0.119638,2.29197,2.256
0.53,1,0.380179,-0.0976962,2.35343,2.29434
0.55,1,0.421328,-0.0589611,2.41941,2.35406
0.57,1,0.469371,-0.0123054,2.47644,2.41847
0.59,1,0.513451,0.0315019,2.53613,2.47335
0.61,1,0.546166,0.0654215,2.53239,2.51184
0.63,1,0.566291,0.0878345,2.52819,2.53467
0.65,1,0.56917,0.0933698,2.52365,2.53789
0.67,1,0.555893,0.0827832,2.45282,2.52295
0.69,1,0.530311,0.0594702,2.40068,2.49341
0.71,1,0.494467,0.0252509,2.39956,2.45017
0.73,1,0.457483,-0.0119814,2.33976,2.40301
0.75,1,0.424271,-0.0457436,2.34278,2.35815
0.77,1,0.400965,-0.0710981,2.31756,2.32508
0.79,1,0.391637,-0.082428,2.32286,2.31144
0.81,1,0.399881,-0.0767722,2.39596,2.32351
0.83,1,0.422551,-0.0561081,2.39912,2.35576
0.85,1,0.453282,-0.0266789,2.46979,2.39747
0.87,1,0.484523,0.0043368,2.46871,2.43776
0.89,1,0.510902,0.031891,2.46774,2.47028
0.91,1,0.529163,0.0518161,2.46593,2.49206
0.93,1,0.537384,0.0626089,2.46298,2.50169
0.95,1,0.534498,0.0616844,2.48241,2.49832
0.97,1,0.52097,0.0500268,2.42569,2.48236
0.99,1,0.500531,0.0306789,2.42383,2.45765
