x,rho,E,F,T,Tr
0.01,1,0.44709,-0.0618855,2.51568,2.38924
0.03,1,0.53787,0.04297,2.59827,2.50225
0.05,1,0.620901,0.126403,2.66087,2.59368
0.07,1,0.673958,0.182298,2.65318,2.6474
0.09,1,0.68988,0.202563,2.64581,2.6629
0.11,1,0.667555,0.185561,2.58928,2.64109
0.13,1,0.614155,0.136907,2.50436,2.58661
0.15,1,0.539873,0.0670025,2.40076,2.50458
0.17,1,0.458749,-0.0120902,2.28935,2.40467
0.19,1,0.384273,-0.0860355,2.16333,2.3005
0.21,1,0.329472,-0.141815,2.17294,2.21369
0.23,1,0.304231,-0.169582,2.18203,2.17001
0.25,1,0.31312,-0.163902,2.25039,2.18569
0.27,1,0.352856,-0.127499,2.34312,2.25196
0.29,1,0.41354,-0.0698261,2.43584,2.3431
0.31,1,0.481731,-0.00327887,2.51317,2.43424
0.33,1,0.543673,0.0581592,2.59593,2.50897
0.35,1,0.588351,0.103905,2.59053,2.559
0.37,1,0.611474,0.12927,2.58552,2.58378
0.39,1,0.611632,0.132599,2.51626,2.58395
0.41,1,0.58876,0.112958,2.51189,2.55945
0.43,1,0.545619,0.072387,2.4477,2.51122
0.45,1,0.493923,0.0221699,2.37616,2.44949
0.47,1,0.440264,-0.0307086,2.30949,2.38007
0.49,1,0.394395,-0.0770758,2.25298,2.3155
0.51,1,0.365003,-0.107469,2.25886,2.2711
0.53,1,0.357597,-0.117257,2.33167,2.25949
0.55,1,0.37348,-0.103388,2.33651,2.28417
0.57,1,0.408894,-0.0698226,2.39977,2.33649
0.59,1,0.454229,-0.0259571,2.45957,2.39872
0.61,1,0.49888,0.0186163,2.53979,2.45562
0.63,1,0.534683,0.0545168,2.51408,2.49854
0.65,1,0.557852,0.0791285,2.50971,2.52517
0.67,1,0.566375,0.0895219,2.50549,2.53476
0.69,1,0.559605,0.0842745,2.5019,2.52716
0.71,1,0.539178,0.0649738,2.41631,2.50377
0.73,1,0.507195,0.0343798,2.3698,2.46578
0.75,1,0.471245,-0.00150477,2.37094,2.42088
0.77,1,0.437215,-0.0358839,2.31344,2.37594
0.79,1,0.411245,-0.0626611,2.33917,2.33984
0.81,1,0.397443,-0.0776043,2.34416,2.31996
0.83,1,0.399114,-0.0770915,2.34791,2.32239
0.85,1,0.415636,-0.0615732,2.42694,2.34606
0.87,1,0.443355,-0.0342356,2.4275,2.38424
0.89,1,0.474182,-0.00350746,2.47916,2.42464
0.91,1,0.501245,0.0241494,2.47691,2.45852
0.93,1,0.52169,0.0456246,2.47363,2.48322
0.95,1,0.533357,0.0581991,2.49762,2.49699
0.97,1,0.534753,0.060336,2.43838,2.49862
0.99,1,0.525894,0.0520456,2.43657,2.4882
