x,rho,E,F,T,Tr
0.01,1,0.523743,0.0334203,2.35073,2.48566
0.03,1,0.416674,-0.0537944,2.21225,2.34753
0.05,1,0.334874,-0.135595,2.1271,2.2227
0.07,1,0.283034,-0.189391,2.13911,2.13118
0.09,1,0.269153,-0.206808,2.15028,2.10456
0.11,1,0.295072,-0.18479,2.25246,2.15349
0.13,1,0.353855,-0.129931,2.37006,2.25355
0.15,1,0.432429,-0.0544507,2.47807,2.36941
0.17,1,0.514235,0.0255067,2.5947,2.4743
0.19,1,0.583718,0.0949229,2.5881,2.55395
0.21,1,0.631091,0.144431,2.58129,2.60426
0.23,1,0.649539,0.166343,2.57494,2.62309
0.25,1,0.635889,0.15683,2.56899,2.6092
0.27,1,0.595363,0.120051,2.5017,2.56659
0.29,1,0.537408,0.0653865,2.4181,2.50171
0.31,1,0.47136,0.00115581,2.32969,2.42103
0.33,1,0.408533,-0.0611421,2.24922,2.33597
0.35,1,0.360188,-0.110463,2.25726,2.26357
0.37,1,0.334075,-0.13849,2.26497,2.22138
0.39,1,0.336308,-0.139031,2.2719,2.22508
0.41,1,0.366476,-0.1114,2.3459,2.27338
0.43,1,0.41547,-0.0649866,2.42406,2.34583
0.45,1,0.47111,-0.0103943,2.52462,2.42071
0.47,1,0.522278,0.0399857,2.52043,2.48392
0.49,1,0.561558,0.0808132,2.51579,2.52936
0.51,1,0.585562,0.10583,2.56054,2.55596
0.53,1,0.588561,0.111409,2.50637,2.55923
0.55,1,0.571119,0.096551,2.45392,2.54005
0.57,1,0.538007,0.0653208,2.45128,2.50241
0.59,1,0.49656,0.0250121,2.39276,2.45276
0.61,1,0.45289,-0.0183695,2.32512,2.39695
0.63,1,0.414577,-0.0572009,2.29484,2.34457
0.65,1,0.387147,-0.0855243,2.30084,2.30479
0.67,1,0.3771,-0.0972977,2.34324,2.28968
0.69,1,0.387307,-0.0887043,2.34731,2.30502
0.71,1,0.414712,-0.0624479,2.44533,2.34476
0.73,1,0.451137,-0.0272024,2.47719,2.39463
0.75,1,0.487921,0.00973497,2.4753,2.44202
0.77,1,0.518242,0.0402979,2.47267,2.4791
0.79,1,0.54002,0.0632915,2.46918,2.50475
0.81,1,0.549825,0.0748121,2.46527,2.51604
0.83,1,0.545974,0.0717341,2.46229,2.51162
0.85,1,0.529464,0.0565661,2.42277,2.49242
0.87,1,0.505262,0.032475,2.42238,2.46343
0.89,1,0.476358,0.0035064,2.37326,2.42742
0.91,1,0.44834,-0.0252023,2.34594,2.39091
0.93,1,0.425578,-0.0486907,2.35059,2.35997
0.95,1,0.411663,-0.063689,2.35523,2.34044
0.97,1,0.410978,-0.0654127,2.35865,2.33946
0.99,1,0.423487,-0.0534799,2.38958,2.35706
