x,rho,E,F,T,Tr
0.01,1,0.455579,-0.0282204,2.25856,2.4005
0.03,1,0.356923,-0.110343,2.09164,2.25842
0.05,1,0.292475,-0.176274,2.10388,2.14874
0.07,1,0.264433,-0.207378,2.11576,2.09527
0.09,1,0.277127,-0.198701,2.20655,2.11998
0.11,1,0.326444,-0.15365,2.325,2.20858
0.13,1,0.401177,-0.0828508,2.44029,2.32539
0.15,1,0.485326,-0.000901494,2.53386,2.43877
0.17,1,0.562104,0.0753605,2.60771,2.52997
0.19,1,0.61827,0.133229,2.60108,2.59093
0.21,1,0.64781,0.166081,2.59429,2.62134
0.23,1,0.644663,0.1673,2.58781,2.61815
0.25,1,0.611839,0.139151,2.52682,2.58417
0.27,1,0.558091,0.0891966,2.44576,2.52544
0.29,1,0.492325,0.02596,2.35536,2.44751
0.31,1,0.425812,-0.0398269,2.27249,2.36029
0.33,1,0.369849,-0.0961637,2.22709,2.2786
0.35,1,0.33499,-0.132905,2.23546,2.2229
0.37,1,0.327201,-0.143533,2.24311,2.20986
0.39,1,0.349089,-0.124887,2.31291,2.24593
0.41,1,0.393274,-0.0834987,2.39315,2.31385
0.43,1,0.449402,-0.0293429,2.46684,2.39232
0.45,1,0.504637,0.0253908,2.56194,2.46267
0.47,1,0.549051,0.0700743,2.55736,2.51515
0.49,1,0.57801,0.101784,2.55231,2.54768
0.51,1,0.588024,0.113804,2.54719,2.55865
0.53,1,0.576948,0.106012,2.47086,2.54651
0.55,1,0.549467,0.0806811,2.46746,2.51563
0.57,1,0.508725,0.0423727,2.40936,2.46764
0.59,1,0.46408,-0.00199966,2.3484,2.41162
0.61,1,0.421761,-0.0445876,2.27771,2.35466
0.63,1,0.38972,-0.0778514,2.28353,2.3086
0.65,1,0.373283,-0.0962539,2.28931,2.28387
0.67,1,0.376992,-0.0947836,2.36914,2.28952
0.69,1,0.399573,-0.0743745,2.37303,2.32306
0.71,1,0.434791,-0.0403974,2.42589,2.37264
0.73,1,0.4732,-0.00246494,2.48483,2.42339
0.75,1,0.507198,0.0319552,2.48267,2.46579
0.77,1,0.531709,0.0580967,2.47973,2.49505
0.79,1,0.545493,0.0735751,2.47588,2.51107
0.81,1,0.545685,0.0760045,2.47176,2.51129
0.83,1,0.533188,0.0650748,2.46853,2.49679
0.85,1,0.511189,0.0441428,2.39181,2.47063
0.87,1,0.482504,0.015912,2.39168,2.43521
0.89,1,0.452463,-0.014886,2.32989,2.39639
0.91,1,0.427229,-0.0410886,2.33381,2.36225
0.93,1,0.410037,-0.0602507,2.33863,2.33812
0.95,1,0.40486,-0.0669827,2.34328,2.33071
0.97,1,0.413623,-0.059885,2.40489,2.34322
0.99,1,0.432706,-0.041808,2.40688,2.36979
