x,rho,E,F,T,Tr
0.01,1,0.255376,-0.228687,2.16105,2.07709
0.03,1,0.295121,-0.184005,2.27987,2.15358
0.05,1,0.371463,-0.112478,2.41138,2.28108
0.07,1,0.463655,-0.0240099,2.52339,2.41107
0.09,1,0.553038,0.0634558,2.63814,2.51971
0.11,1,0.623332,0.133946,2.63114,2.59622
0.13,1,0.664177,0.177885,2.62461,2.63774
0.15,1,0.669647,0.187585,2.61814,2.64316
0.17,1,0.640499,0.163756,2.55793,2.61391
0.19,1,0.585155,0.113235,2.47298,2.55552
0.21,1,0.51346,0.0456557,2.37355,2.47336
0.23,1,0.438037,-0.0272922,2.27468,2.37706
0.25,1,0.371692,-0.0925459,2.19176,2.28143
0.27,1,0.326832,-0.13855,2.19928,2.20924
0.29,1,0.310419,-0.157078,2.20658,2.18096
0.31,1,0.326837,-0.143959,2.27776,2.20925
0.33,1,0.370286,-0.103998,2.36608,2.27927
0.35,1,0.430372,-0.0474421,2.45004,2.36659
0.37,1,0.493819,0.0138115,2.51674,2.44936
0.39,1,0.54823,0.0670677,2.57539,2.51421
0.41,1,0.585067,0.104803,2.57126,2.55542
0.43,1,0.601734,0.123306,2.56731,2.57343
0.45,1,0.595158,0.120101,2.49257,2.56637
0.47,1,0.568575,0.0967127,2.48879,2.53722
0.49,1,0.525551,0.0570562,2.42591,2.4878
0.51,1,0.475767,0.00947875,2.35741,2.42667
0.53,1,0.426233,-0.0379265,2.25844,2.36088
0.55,1,0.386762,-0.0773888,2.26282,2.30421
0.57,1,0.363208,-0.101388,2.26671,2.2683
0.59,1,0.361786,-0.105129,2.34621,2.26608
0.61,1,0.381998,-0.0871712,2.34976,2.29708
0.63,1,0.418828,-0.0531202,2.4091,2.35055
0.65,1,0.462327,-0.0119513,2.50013,2.40934
0.67,1,0.503213,0.0269013,2.49588,2.46093
0.69,1,0.533846,0.0572732,2.49238,2.49756
0.71,1,0.552803,0.0764916,2.48979,2.51944
0.73,1,0.557121,0.0822776,2.48774,2.52435
0.75,1,0.546978,0.0741313,2.48551,2.51278
0.77,1,0.524729,0.053992,2.4033,2.48683
0.79,1,0.492752,0.024597,2.40226,2.44804
0.81,1,0.458,-0.00828351,2.3427,2.40369
0.83,1,0.426865,-0.037758,2.32123,2.36175
0.85,1,0.404196,-0.0602788,2.3232,2.32975
0.87,1,0.394218,-0.0704648,2.32501,2.31524
0.89,1,0.400179,-0.0662855,2.38929,2.32394
0.91,1,0.419403,-0.0490845,2.39093,2.35136
0.93,1,0.447566,-0.0232231,2.46413,2.38988
0.95,1,0.476587,0.00349063,2.48164,2.42771
0.97,1,0.501554,0.0269026,2.45707,2.4589
0.99,1,0.519748,0.0443155,2.45525,2.4809
