x,rho,E,F,T,Tr
0.01,1,0.698895,0.179256,2.69755,2.67156
0.03,1,0.709729,0.218788,2.62041,2.68185
0.05,1,0.690576,0.206052,2.6126,2.66357
0.07,1,0.635107,0.156991,2.52425,2.60839
0.09,1,0.556051,0.083166,2.41328,2.52313
0.11,1,0.467677,-0.0017068,2.2953,2.41628
0.13,1,0.385349,-0.0827407,2.19444,2.3021
0.15,1,0.323229,-0.146022,2.14278,2.20312
0.17,1,0.292055,-0.179837,2.15238,2.14797
0.19,1,0.297215,-0.178717,2.22191,2.15739
0.21,1,0.336287,-0.14402,2.32173,2.22505
0.23,1,0.399685,-0.0848703,2.42386,2.32322
0.25,1,0.473444,-0.0141468,2.5112,2.4237
0.27,1,0.542408,0.0537423,2.61067,2.50751
0.29,1,0.59422,0.106265,2.60607,2.56536
0.31,1,0.622375,0.137174,2.60105,2.59522
0.33,1,0.625676,0.144214,2.53278,2.59866
0.35,1,0.603015,0.126199,2.52747,2.5748
0.37,1,0.557819,0.0850559,2.45935,2.52514
0.39,1,0.501889,0.0323672,2.38139,2.45931
0.41,1,0.443172,-0.0247227,2.30565,2.38399
0.43,1,0.391774,-0.0760029,2.23508,2.31164
0.45,1,0.357766,-0.111589,2.24042,2.25975
0.47,1,0.346526,-0.125243,2.31225,2.24179
0.49,1,0.361209,-0.114233,2.31817,2.26517
0.51,1,0.397899,-0.0811213,2.38734,2.32062
0.53,1,0.44645,-0.0354781,2.45489,2.38839
0.55,1,0.496232,0.0125477,2.54929,2.45235
0.57,1,0.5373,0.0532039,2.54647,2.50159
0.59,1,0.564265,0.0812679,2.54339,2.5324
0.61,1,0.575078,0.0949749,2.53981,2.54445
0.63,1,0.569264,0.0923151,2.51426,2.53799
0.65,1,0.548237,0.0742729,2.42725,2.51422
0.67,1,0.513156,0.0427373,2.42434,2.473
0.69,1,0.474165,0.00509694,2.37172,2.42462
0.71,1,0.435857,-0.0319081,2.3222,2.37409
0.73,1,0.406327,-0.0623984,2.30414,2.33282
0.75,1,0.389702,-0.0804758,2.30787,2.30858
0.77,1,0.390014,-0.0831642,2.37193,2.30904
0.79,1,0.406827,-0.0693982,2.37615,2.33353
0.81,1,0.43746,-0.0418669,2.42226,2.37627
0.83,1,0.471281,-0.00990807,2.48376,2.42093
0.85,1,0.502777,0.020337,2.48184,2.4604
0.87,1,0.526017,0.0439149,2.48055,2.48835
0.89,1,0.539685,0.0593127,2.47935,2.50436
0.91,1,0.541881,0.0638873,2.4773,2.5069
0.93,1,0.532202,0.0573386,2.44615,2.49563
0.95,1,0.513361,0.0412075,2.44133,2.47324
0.97,1,0.488439,0.0184569,2.3663,2.44267
0.99,1,0.461887,-0.00673699,2.34337,2.40877
