x,rho,E,F,T,Tr
0.01,1,0.25423,-0.228643,2.09769,2.07476
0.03,1,0.262918,-0.214818,2.1875,2.09226
0.05,1,0.315689,-0.167124,2.31675,2.19016
0.07,1,0.396096,-0.0914221,2.44216,2.31799
0.09,1,0.487587,-0.00337047,2.54389,2.4416
0.11,1,0.571833,0.0795285,2.62372,2.54085
0.13,1,0.634163,0.142838,2.61718,2.60742
0.15,1,0.666439,0.178559,2.61087,2.63999
0.17,1,0.663166,0.180024,2.60444,2.63674
0.19,1,0.627368,0.149504,2.53892,2.60041
0.21,1,0.568225,0.0953403,2.45139,2.53683
0.23,1,0.496078,0.0269141,2.35296,2.45216
0.25,1,0.423196,-0.0436923,2.26214,2.35666
0.27,1,0.362585,-0.104347,2.21354,2.26733
0.29,1,0.324784,-0.143513,2.22055,2.20577
0.31,1,0.31659,-0.154976,2.22807,2.19172
0.33,1,0.339991,-0.13492,2.3044,2.23115
0.35,1,0.388061,-0.0909523,2.39131,2.30614
0.37,1,0.449074,-0.0330851,2.4706,2.39189
0.39,1,0.509752,0.0254122,2.54522,2.46889
0.41,1,0.558667,0.0740621,2.54075,2.5261
0.43,1,0.591488,0.108154,2.53682,2.56241
0.45,1,0.603054,0.122134,2.53286,2.57484
0.47,1,0.590605,0.113443,2.48008,2.56145
0.49,1,0.558739,0.0854012,2.47623,2.52618
0.51,1,0.514923,0.0447941,2.4127,2.47512
0.53,1,0.465527,-0.0023827,2.34836,2.4135
0.55,1,0.418718,-0.04755,2.30118,2.3504
0.57,1,0.383646,-0.0832757,2.30518,2.29956
0.59,1,0.365361,-0.103047,2.30893,2.27165
0.61,1,0.369216,-0.10172,2.31389,2.27762
0.63,1,0.394881,-0.0794588,2.37146,2.31621
0.65,1,0.433413,-0.04388,2.4287,2.37076
0.67,1,0.475983,-0.00368953,2.4913,2.42694
0.69,1,0.51389,0.0327512,2.48795,2.47388
0.71,1,0.541288,0.0602743,2.48557,2.50622
0.73,1,0.557157,0.0772365,2.48374,2.52439
0.75,1,0.557509,0.0797418,2.48165,2.52479
0.77,1,0.543247,0.0681392,2.47874,2.50848
0.79,1,0.518417,0.0462576,2.39644,2.47931
0.81,1,0.486297,0.0167925,2.39463,2.43998
0.83,1,0.452534,-0.0152223,2.32964,2.39648
0.85,1,0.424004,-0.0428799,2.33172,2.35778
0.87,1,0.40462,-0.0628698,2.33344,2.33036
0.89,1,0.398814,-0.0701082,2.336,2.32196
0.91,1,0.408647,-0.0627371,2.40217,2.33614
0.93,1,0.430378,-0.0438072,2.40461,2.3666
0.95,1,0.459096,-0.017827,2.48148,2.40512
0.97,1,0.486696,0.00759541,2.47858,2.44048
0.99,1,0.510082,0.0298944,2.47704,2.46929
