x,rho,E,F,T,Tr
0.01,1,0.669762,0.166599,2.55594,2.64327
0.03,1,0.574763,0.0993153,2.42765,2.5441
0.05,1,0.479172,0.0075499,2.2996,2.431
0.07,1,0.388833,-0.0812752,2.18536,2.30729
0.09,1,0.318683,-0.151638,2.11397,2.19534
0.11,1,0.280872,-0.191486,2.12373,2.1271
0.13,1,0.281197,-0.194251,2.19324,2.12772
0.15,1,0.318619,-0.160826,2.29893,2.19523
0.17,1,0.383653,-0.0995231,2.40989,2.29957
0.19,1,0.462157,-0.0239309,2.50498,2.40912
0.21,1,0.538452,0.0506392,2.62562,2.50293
0.23,1,0.598231,0.110482,2.62012,2.56968
0.25,1,0.632442,0.146736,2.61512,2.60565
0.27,1,0.639821,0.157186,2.54782,2.61322
0.29,1,0.618535,0.139954,2.54299,2.59121
0.31,1,0.572296,0.0972079,2.47203,2.54136
0.33,1,0.512823,0.0409864,2.38898,2.4726
0.35,1,0.449257,-0.0210054,2.30589,2.39213
0.37,1,0.39194,-0.0772647,2.21971,2.31189
0.39,1,0.352248,-0.117707,2.22506,2.25099
0.41,1,0.336387,-0.134938,2.2955,2.22521
0.43,1,0.348542,-0.125379,2.30066,2.24505
0.45,1,0.384823,-0.091466,2.37415,2.30132
0.47,1,0.435708,-0.0431804,2.44538,2.37389
0.49,1,0.489718,0.00928625,2.50286,2.44426
0.51,1,0.536247,0.0546884,2.55631,2.50036
0.53,1,0.567408,0.0866437,2.55233,2.53592
0.55,1,0.582396,0.102595,2.54897,2.5525
0.57,1,0.579171,0.10129,2.48662,2.54896
0.59,1,0.558479,0.0828984,2.48421,2.52588
0.61,1,0.522506,0.0487051,2.43172,2.48419
0.63,1,0.480767,0.00883038,2.37374,2.43302
0.65,1,0.439254,-0.032042,2.28968,2.3787
0.67,1,0.405009,-0.0654987,2.29421,2.33092
0.69,1,0.384553,-0.0862028,2.31819,2.30091
0.71,1,0.381687,-0.0903998,2.32117,2.29662
0.73,1,0.396663,-0.0761928,2.36535,2.31882
0.75,1,0.42754,-0.04717,2.45759,2.36268
0.77,1,0.463717,-0.0120998,2.45726,2.41115
0.79,1,0.498511,0.0213409,2.5106,2.45516
0.81,1,0.524927,0.0473798,2.50688,2.48706
0.83,1,0.542044,0.064123,2.48337,2.50709
0.85,1,0.546829,0.0696522,2.48144,2.51261
0.87,1,0.5393,0.0623937,2.48021,2.50391
0.89,1,0.521078,0.0453449,2.41192,2.48249
0.91,1,0.495323,0.0204505,2.41221,2.45123
0.93,1,0.466573,-0.00721434,2.35689,2.41486
0.95,1,0.440255,-0.0325934,2.36159,2.38006
0.97,1,0.420491,-0.0516606,2.36525,2.35288
0.99,1,0.410795,-0.0609432,2.36725,2.3392
