x,rho,E,F,T,Tr
0.01,1,0.492143,0.00323725,2.30787,2.44728
0.03,1,0.388269,-0.0825848,2.17494,2.30645
0.05,1,0.314007,-0.157692,2.09337,2.18724
0.07,1,0.273275,-0.201149,2.10495,2.11257
0.09,1,0.27208,-0.205891,2.17706,2.11026
0.11,1,0.30967,-0.172605,2.28832,2.17965
0.13,1,0.376723,-0.109383,2.40573,2.28911
0.15,1,0.45882,-0.0302311,2.50673,2.40476
0.17,1,0.539403,0.0493751,2.57994,2.50403
0.19,1,0.603544,0.114299,2.63185,2.57536
0.21,1,0.640806,0.154282,2.62593,2.61423
0.23,1,0.649589,0.166806,2.5577,2.62314
0.25,1,0.62797,0.149773,2.55186,2.60104
0.27,1,0.580045,0.105494,2.47771,2.54992
0.29,1,0.517748,0.046272,2.39029,2.47851
0.31,1,0.45077,-0.0193499,2.30177,2.39414
0.33,1,0.390367,-0.0796215,2.21674,2.30956
0.35,1,0.348072,-0.123691,2.22481,2.24429
0.37,1,0.330541,-0.14315,2.23279,2.21548
0.39,1,0.342876,-0.13418,2.29256,2.23587
0.41,1,0.379903,-0.0996908,2.37038,2.29393
0.43,1,0.432875,-0.0492696,2.44572,2.37002
0.45,1,0.489504,0.00645809,2.50693,2.444
0.47,1,0.538549,0.0556293,2.56601,2.50304
0.49,1,0.572041,0.0905032,2.56129,2.54108
0.51,1,0.588214,0.108543,2.55668,2.55885
0.53,1,0.585175,0.108434,2.49266,2.55554
0.55,1,0.563969,0.0896604,2.48901,2.53207
0.57,1,0.526305,0.0542481,2.43398,2.48869
0.59,1,0.482974,0.0117915,2.37215,2.4358
0.61,1,0.439503,-0.0320187,2.28043,2.37904
0.63,1,0.403466,-0.0684542,2.28576,2.3287
0.65,1,0.382206,-0.0915042,2.29132,2.2974
0.67,1,0.378417,-0.0967036,2.35661,2.29168
0.69,1,0.393917,-0.0836905,2.41292,2.3148
0.71,1,0.426189,-0.0531325,2.41487,2.36082
0.73,1,0.463966,-0.0156127,2.46027,2.41148
0.75,1,0.499839,0.0201065,2.51868,2.4568
0.77,1,0.527551,0.049176,2.51519,2.49016
0.79,1,0.545178,0.0679753,2.51115,2.51071
0.81,1,0.55005,0.0749453,2.4867,2.5163
0.83,1,0.542131,0.0684268,2.48357,2.50719
0.85,1,0.523563,0.0507158,2.41177,2.48544
0.87,1,0.496749,0.0243361,2.41157,2.45299
0.89,1,0.467021,-0.00547593,2.35113,2.41544
0.91,1,0.440142,-0.0337068,2.35439,2.37991
0.93,1,0.419968,-0.0549487,2.33873,2.35215
0.95,1,0.410463,-0.0660081,2.36367,2.33873
0.97,1,0.413968,-0.063674,2.36729,2.34371
0.99,1,0.429715,-0.0486355,2.43348,2.36568
