x,rho,E,F,T,Tr
0.01,1,0.323174,-0.158543,2.1294,2.20303
0.03,1,0.268284,-0.204662,2.13164,2.10286
0.05,1,0.259672,-0.21747,2.14421,2.08578
0.07,1,0.292119,-0.189708,2.25785,2.14809
0.09,1,0.357864,-0.128878,2.38287,2.25991
0.11,1,0.442448,-0.0479788,2.49349,2.38302
0.13,1,0.528728,0.0363819,2.5763,2.49155
0.15,1,0.600276,0.108378,2.64376,2.57187
0.17,1,0.646232,0.156661,2.63801,2.61974
0.19,1,0.661032,0.17572,2.57683,2.63461
0.21,1,0.642781,0.162642,2.57041,2.61624
0.23,1,0.595943,0.12077,2.49616,2.56722
0.25,1,0.532047,0.0610148,2.40561,2.49545
0.27,1,0.461446,-0.00730378,2.31321,2.4082
0.29,1,0.396316,-0.0719936,2.24913,2.31831
0.31,1,0.348117,-0.121392,2.20281,2.24436
0.33,1,0.324544,-0.147545,2.26336,2.20536
0.35,1,0.331452,-0.144825,2.2711,2.217
0.37,1,0.366886,-0.112901,2.35203,2.27402
0.39,1,0.420622,-0.0626811,2.43338,2.35307
0.41,1,0.480657,-0.00472209,2.50171,2.43288
0.43,1,0.53453,0.048567,2.57601,2.49836
0.45,1,0.573239,0.0885587,2.57207,2.54241
0.47,1,0.594081,0.111869,2.5675,2.56521
0.49,1,0.594154,0.11562,2.50692,2.56529
0.51,1,0.573884,0.0992012,2.50216,2.54312
0.53,1,0.536295,0.0646732,2.44567,2.50042
0.55,1,0.491001,0.0218493,2.38318,2.44586
0.57,1,0.444324,-0.0240532,2.32497,2.38554
0.59,1,0.404381,-0.0645185,2.2745,2.33002
0.61,1,0.378775,-0.0917334,2.27947,2.29222
0.63,1,0.371599,-0.101723,2.34067,2.28129
0.65,1,0.38506,-0.0914331,2.34858,2.30167
0.67,1,0.41698,-0.0622853,2.45193,2.34796
0.69,1,0.456896,-0.0250152,2.45362,2.40224
0.71,1,0.495997,0.0135955,2.50535,2.45206
0.73,1,0.527554,0.0452501,2.50312,2.49017
0.75,1,0.547886,0.0675797,2.52014,2.51382
0.77,1,0.555743,0.07766,2.51644,2.52278
0.79,1,0.548999,0.0737843,2.46197,2.51509
0.81,1,0.529876,0.0578345,2.4585,2.4929
0.83,1,0.502256,0.0317915,2.4172,2.45976
0.85,1,0.47066,0.00153644,2.34363,2.42013
0.87,1,0.440878,-0.0282391,2.34556,2.3809
0.89,1,0.418286,-0.0520772,2.34802,2.34979
0.91,1,0.405834,-0.0666833,2.35137,2.33211
0.93,1,0.407875,-0.0676619,2.35586,2.33503
0.95,1,0.423546,-0.054878,2.39168,2.35715
0.97,1,0.448393,-0.0321469,2.42816,2.39098
0.99,1,0.475711,-0.00616742,2.49632,2.42659
