x,rho,E,F,T,Tr
0.01,1,0.728573,0.212363,2.63971,2.69948
0.03,1,0.698643,0.212898,2.62086,2.67132
0.05,1,0.64317,0.16396,2.53176,2.61663
0.07,1,0.562569,0.0888663,2.41874,2.53049
0.09,1,0.471743,0.001916,2.29731,2.42152
0.11,1,0.386679,-0.0816575,2.19166,2.30409
0.13,1,0.321569,-0.147196,2.13289,2.20029
0.15,1,0.287916,-0.183072,2.14205,2.14032
0.17,1,0.291357,-0.183518,2.2112,2.14668
0.19,1,0.329757,-0.149427,2.31306,2.21417
0.21,1,0.39378,-0.0898287,2.41827,2.31459
0.23,1,0.469204,-0.0176242,2.50916,2.41825
0.25,1,0.540818,0.0523148,2.61512,2.50567
0.27,1,0.595387,0.107201,2.61049,2.56662
0.29,1,0.625733,0.139904,2.6058,2.59872
0.31,1,0.630536,0.148164,2.53813,2.60369
0.33,1,0.608322,0.130656,2.53311,2.58045
0.35,1,0.56287,0.0891045,2.46401,2.53083
0.37,1,0.505626,0.0355283,2.38438,2.46388
0.39,1,0.44506,-0.0229097,2.30567,2.38653
0.41,1,0.391546,-0.0757486,2.22991,2.3113
0.43,1,0.355374,-0.112765,2.23462,2.25597
0.45,1,0.342537,-0.1278,2.30561,2.23531
0.47,1,0.356316,-0.117655,2.31105,2.25746
0.49,1,0.392691,-0.0842291,2.38186,2.31299
0.51,1,0.442174,-0.0379782,2.44922,2.38265
0.53,1,0.493604,0.011266,2.55233,2.4491
0.55,1,0.536743,0.0533883,2.54897,2.50094
0.57,1,0.565259,0.0826038,2.54611,2.53351
0.59,1,0.577698,0.0969215,2.54303,2.54734
0.61,1,0.573092,0.0946636,2.48156,2.54225
0.63,1,0.551917,0.0770155,2.42979,2.51843
0.65,1,0.516303,0.0447386,2.42722,2.47678
0.67,1,0.476266,0.00659719,2.37171,2.4273
0.69,1,0.436441,-0.0312258,2.31819,2.37489
0.71,1,0.405308,-0.0627052,2.32117,2.33135
0.73,1,0.386946,-0.0814456,2.30328,2.30449
0.75,1,0.386148,-0.084817,2.36766,2.3033
0.77,1,0.402369,-0.0709788,2.37093,2.32711
0.79,1,0.433228,-0.0432138,2.45778,2.3705
0.81,1,0.468138,-0.0107319,2.50688,2.41688
0.83,1,0.501186,0.0202807,2.48337,2.45845
0.85,1,0.525585,0.0445532,2.48144,2.48784
0.87,1,0.540891,0.0600796,2.48021,2.50576
0.89,1,0.544039,0.0650779,2.47889,2.5094
0.91,1,0.5351,0.0582237,2.47671,2.49902
0.93,1,0.516297,0.0420593,2.41161,2.47677
0.95,1,0.490711,0.019354,2.36159,2.4455
0.97,1,0.462815,-0.00637645,2.36525,2.40998
0.99,1,0.438032,-0.0300559,2.36725,2.37705
