x,rho,E,F,T,Tr
0.01,1,0.298576,-0.196254,2.2899,2.15986
0.03,1,0.371063,-0.117269,2.41419,2.28047
0.05,1,0.465549,-0.0263067,2.52866,2.41353
0.07,1,0.55742,0.0637565,2.64631,2.52468
0.09,1,0.629764,0.136499,2.6389,2.60289
0.11,1,0.672087,0.181576,2.63198,2.64556
0.13,1,0.677721,0.191466,2.62548,2.65109
0.15,1,0.647928,0.166646,2.56391,2.62146
0.17,1,0.590951,0.11442,2.47725,2.56182
0.19,1,0.517393,0.0445821,2.37563,2.47809
0.21,1,0.440133,-0.0305854,2.27485,2.37989
0.23,1,0.372217,-0.0974812,2.19027,2.28224
0.25,1,0.326251,-0.14429,2.19885,2.20826
0.27,1,0.309706,-0.163127,2.20612,2.17971
0.29,1,0.326563,-0.14945,2.27924,2.20878
0.31,1,0.371003,-0.10822,2.36962,2.28037
0.33,1,0.432463,-0.0498687,2.45496,2.36946
0.35,1,0.497341,0.0131639,2.52262,2.45372
0.37,1,0.553033,0.0678707,2.58321,2.5197
0.39,1,0.591318,0.107025,2.57845,2.56222
0.41,1,0.608766,0.126128,2.57431,2.58092
0.43,1,0.602098,0.122228,2.49773,2.57382
0.45,1,0.574397,0.0976577,2.49445,2.54369
0.47,1,0.530739,0.0568156,2.43034,2.49392
0.49,1,0.47987,0.0076762,2.36084,2.43188
0.51,1,0.429437,-0.0413164,2.28457,2.3653
0.53,1,0.388978,-0.0816813,2.26505,2.30751
0.55,1,0.364802,-0.106038,2.26947,2.27078
0.57,1,0.363299,-0.109613,2.35108,2.26844
0.59,1,0.384018,-0.0906471,2.3543,2.30011
0.61,1,0.421442,-0.0554374,2.41452,2.35421
0.63,1,0.465962,-0.0128587,2.46845,2.41407
0.65,1,0.507582,0.0275918,2.50341,2.46625
0.67,1,0.538928,0.0587007,2.49924,2.50348
0.69,1,0.558507,0.0783979,2.52099,2.52591
0.71,1,0.563057,0.083895,2.49338,2.53104
0.73,1,0.552825,0.0751024,2.49146,2.51947
0.75,1,0.530514,0.0541681,2.40765,2.49365
0.77,1,0.498009,0.0232902,2.40748,2.45454
0.79,1,0.46291,-0.010593,2.34587,2.4101
0.81,1,0.431326,-0.0410447,2.32531,2.3679
0.83,1,0.408008,-0.0639048,2.32862,2.33522
0.85,1,0.397657,-0.0741116,2.33068,2.32027
0.87,1,0.403469,-0.0692129,2.39619,2.3287
0.89,1,0.422854,-0.0509274,2.39705,2.35618
0.91,1,0.451211,-0.0239011,2.47207,2.39473
0.93,1,0.480661,0.00400052,2.49035,2.43288
0.95,1,0.505986,0.0283454,2.48661,2.46431
0.97,1,0.524497,0.046172,2.46202,2.48655
0.99,1,0.533931,0.0552281,2.48226,2.49766
