x,rho,E,F,T,Tr
0.01,1,0.371111,-0.131371,2.41855,2.28054
0.03,1,0.460592,-0.0317688,2.52681,2.40708
0.05,1,0.555342,0.061378,2.65435,2.52233
0.07,1,0.631046,0.137614,2.64659,2.60421
0.09,1,0.675984,0.18559,2.63918,2.64939
0.11,1,0.683485,0.197536,2.63224,2.65671
0.13,1,0.654521,0.173468,2.57042,2.6281
0.15,1,0.597044,0.120696,2.4826,2.5684
0.17,1,0.522006,0.0493292,2.3787,2.48359
0.19,1,0.442704,-0.0280157,2.27415,2.38336
0.21,1,0.372621,-0.0975103,2.18036,2.28286
0.23,1,0.324459,-0.146825,2.18966,2.20522
0.25,1,0.306078,-0.167432,2.19796,2.1733
0.27,1,0.321811,-0.15493,2.27169,2.2007
0.29,1,0.366003,-0.113698,2.36411,2.27265
0.31,1,0.428213,-0.0543282,2.45222,2.36361
0.33,1,0.494841,0.0105828,2.52269,2.45063
0.35,1,0.55255,0.067831,2.58833,2.51915
0.37,1,0.592516,0.108943,2.58313,2.56352
0.39,1,0.611417,0.129734,2.57838,2.58372
0.41,1,0.60568,0.126842,2.50169,2.57764
0.43,1,0.578305,0.102288,2.49813,2.54801
0.45,1,0.534306,0.0606226,2.43297,2.4981
0.47,1,0.482235,0.0103909,2.36149,2.43487
0.49,1,0.430569,-0.0403858,2.27712,2.36686
0.51,1,0.388664,-0.0826849,2.28393,2.30704
0.53,1,0.363296,-0.108919,2.26468,2.26844
0.55,1,0.360467,-0.113498,2.34665,2.26401
0.57,1,0.380849,-0.0948044,2.35031,2.29535
0.59,1,0.418566,-0.0593636,2.41211,2.35019
0.61,1,0.463558,-0.0152134,2.46812,2.41095
0.63,1,0.506389,0.0268244,2.53229,2.46481
0.65,1,0.538908,0.0593652,2.50368,2.50346
0.67,1,0.559231,0.0805757,2.49949,2.52673
0.69,1,0.564461,0.0870794,2.52111,2.53262
0.71,1,0.55488,0.0785907,2.49366,2.5218
0.73,1,0.532744,0.0575131,2.40786,2.49627
0.75,1,0.499677,0.0256932,2.40798,2.4566
0.77,1,0.464303,-0.00954015,2.34044,2.41191
0.79,1,0.432027,-0.0415524,2.34542,2.36886
0.81,1,0.408036,-0.0658397,2.32511,2.33526
0.83,1,0.396983,-0.077266,2.3284,2.31929
0.85,1,0.401997,-0.0727551,2.39479,2.32658
0.87,1,0.421145,-0.0542038,2.39579,2.3538
0.89,1,0.449554,-0.0264022,2.47419,2.39253
0.91,1,0.4794,0.00298734,2.47231,2.43129
0.93,1,0.505212,0.0286675,2.49049,2.46337
0.95,1,0.524183,0.0475849,2.48675,2.48618
0.97,1,0.533922,0.057609,2.46225,2.49765
0.99,1,0.533336,0.0571201,2.48241,2.49696
