x,rho,E,F,T,Tr
0.01,1,0.624053,0.106172,2.69624,2.59697
0.03,1,0.676618,0.182443,2.67842,2.65001
0.05,1,0.701364,0.212325,2.61932,2.67391
0.07,1,0.685686,0.202746,2.61151,2.65884
0.09,1,0.634185,0.15718,2.52745,2.60745
0.11,1,0.558966,0.0868905,2.4209,2.52643
0.13,1,0.473614,0.00467985,2.3064,2.42392
0.15,1,0.393011,-0.075085,2.20661,2.31346
0.17,1,0.330802,-0.138342,2.14803,2.21592
0.19,1,0.298007,-0.173736,2.15781,2.15883
0.21,1,0.300486,-0.175486,2.22202,2.1633
0.23,1,0.336447,-0.143565,2.31791,2.22531
0.25,1,0.396916,-0.0871177,2.41738,2.31919
0.27,1,0.468041,-0.0183484,2.50373,2.41675
0.29,1,0.535545,0.0481468,2.60663,2.49954
0.31,1,0.586996,0.100599,2.60173,2.55753
0.33,1,0.616233,0.132615,2.59654,2.5888
0.35,1,0.62104,0.141335,2.53298,2.59383
0.37,1,0.600547,0.125071,2.52745,2.57216
0.39,1,0.558024,0.086258,2.46238,2.52537
0.41,1,0.504619,0.0355849,2.38727,2.46265
0.43,1,0.447898,-0.0200024,2.31372,2.39032
0.45,1,0.397723,-0.0703982,2.24045,2.32037
0.47,1,0.363617,-0.106264,2.24624,2.26894
0.49,1,0.350573,-0.12191,2.311,2.24831
0.51,1,0.362418,-0.113555,2.3173,2.26706
0.53,1,0.397095,-0.0819678,2.38407,2.31945
0.55,1,0.443406,-0.0376891,2.45021,2.38431
0.57,1,0.491845,0.00924684,2.54755,2.44691
0.59,1,0.531752,0.0497882,2.54445,2.4951
0.61,1,0.558819,0.078257,2.52088,2.52627
0.63,1,0.570919,0.0932004,2.51656,2.53983
0.65,1,0.566108,0.091654,2.51218,2.53447
0.67,1,0.54648,0.074383,2.42899,2.5122
0.69,1,0.513718,0.0445843,2.4263,2.47367
0.71,1,0.476355,0.00765428,2.37517,2.42742
0.73,1,0.43944,-0.0287572,2.32056,2.37896
0.75,1,0.410404,-0.0593221,2.30584,2.33865
0.77,1,0.393101,-0.078389,2.31056,2.3136
0.79,1,0.392127,-0.0822896,2.37074,2.31216
0.81,1,0.40741,-0.0695334,2.37519,2.33437
0.83,1,0.436222,-0.0430908,2.41873,2.37459
0.85,1,0.468413,-0.0119062,2.48381,2.41723
0.87,1,0.498838,0.0182127,2.48265,2.45556
0.89,1,0.521605,0.0422664,2.48112,2.48311
0.91,1,0.535407,0.0583453,2.47892,2.49938
0.93,1,0.538472,0.063823,2.47564,2.50295
0.95,1,0.529679,0.0578277,2.44542,2.49267
0.97,1,0.512098,0.0421773,2.44075,2.47172
0.99,1,0.488903,0.0200839,2.36436,2.44325
