x,rho,E,F,T,Tr
0.01,1,0.480341,-0.0278452,2.552,2.43248
0.03,1,0.567895,0.0757673,2.65338,2.53646
0.05,1,0.642634,0.151577,2.64542,2.61609
0.07,1,0.684151,0.197004,2.63754,2.65735
0.09,1,0.686658,0.204578,2.63006,2.65979
0.11,1,0.651976,0.175507,2.56214,2.62554
0.13,1,0.589379,0.117699,2.46814,2.56012
0.15,1,0.510459,0.0422681,2.35943,2.46974
0.17,1,0.429151,-0.0373492,2.25381,2.36491
0.19,1,0.359456,-0.107127,2.17528,2.26242
0.21,1,0.313817,-0.154468,2.18512,2.18691
0.23,1,0.299544,-0.171822,2.19439,2.16161
0.25,1,0.319911,-0.154747,2.2756,2.19745
0.27,1,0.368591,-0.109514,2.3721,2.27666
0.29,1,0.433913,-0.0466306,2.46282,2.37144
0.31,1,0.501727,0.0197017,2.56595,2.45911
0.33,1,0.558472,0.0769828,2.5605,2.52587
0.35,1,0.597827,0.117954,2.55467,2.56924
0.37,1,0.614396,0.13753,2.54885,2.58686
0.39,1,0.604792,0.130945,2.54375,2.57669
0.41,1,0.572532,0.102212,2.48867,2.54162
0.43,1,0.526207,0.0581346,2.41945,2.48857
0.45,1,0.47215,0.00548669,2.34648,2.42204
0.47,1,0.41996,-0.0466209,2.27365,2.35214
0.49,1,0.378757,-0.0885142,2.2802,2.2922
0.51,1,0.355701,-0.113667,2.28694,2.25649
0.53,1,0.355862,-0.115536,2.29299,2.25674
0.55,1,0.380096,-0.093543,2.35256,2.29422
0.57,1,0.420145,-0.0553634,2.41663,2.3524
0.59,1,0.466741,-0.00967886,2.47193,2.41507
0.61,1,0.509372,0.0329974,2.52961,2.46843
0.63,1,0.540995,0.0658277,2.52535,2.50588
0.65,1,0.560705,0.0868045,2.52076,2.5284
0.67,1,0.563386,0.0919324,2.48918,2.53141
0.69,1,0.550536,0.080858,2.48577,2.51685
0.71,1,0.525806,0.0574107,2.39625,2.4881
0.73,1,0.491406,0.0241247,2.3961,2.44637
0.75,1,0.45525,-0.0125097,2.33721,2.40007
0.77,1,0.422864,-0.0453388,2.34129,2.3562
0.79,1,0.400188,-0.0695567,2.31778,2.32395
0.81,1,0.390949,-0.0799684,2.32252,2.31042
0.83,1,0.398766,-0.0738243,2.39411,2.32189
0.85,1,0.420407,-0.0532411,2.39614,2.35277
0.87,1,0.450077,-0.0237968,2.46539,2.39322
0.89,1,0.480282,0.0064507,2.46438,2.4324
0.91,1,0.505707,0.0331325,2.46253,2.46397
0.93,1,0.523642,0.0521668,2.45954,2.48554
0.95,1,0.53195,0.061971,2.47884,2.49534
0.97,1,0.529365,0.0603177,2.47593,2.4923
0.99,1,0.516733,0.0483219,2.42001,2.4773
