x,rho,E,F,T,Tr
0.01,1,0.530999,0.0184724,2.59911,2.49422
0.03,1,0.610661,0.116928,2.67768,2.58292
0.05,1,0.670867,0.179577,2.67112,2.64436
0.07,1,0.694019,0.207541,2.6114,2.66689
0.09,1,0.678011,0.197201,2.6039,2.65137
0.11,1,0.627236,0.151939,2.52126,2.60027
0.13,1,0.553887,0.0830488,2.41707,2.52067
0.15,1,0.470898,0.00283184,2.30589,2.42043
0.17,1,0.392677,-0.074658,2.21006,2.31297
0.19,1,0.332843,-0.135972,2.1558,2.21933
0.21,1,0.301482,-0.169823,2.16572,2.16509
0.23,1,0.304488,-0.170431,2.22917,2.17047
0.25,1,0.340168,-0.13817,2.32246,2.23144
0.27,1,0.399469,-0.0823333,2.41889,2.32291
0.29,1,0.468811,-0.0149956,2.50219,2.41775
0.31,1,0.534004,0.0495267,2.60083,2.49774
0.33,1,0.583231,0.0999621,2.59563,2.55342
0.35,1,0.6113,0.130542,2.5903,2.5836
0.37,1,0.61543,0.138237,2.5268,2.58795
0.39,1,0.595089,0.121608,2.5217,2.5663
0.41,1,0.553558,0.0830846,2.45801,2.5203
0.43,1,0.501591,0.0333621,2.38501,2.45895
0.45,1,0.446599,-0.0209837,2.31397,2.38859
0.47,1,0.397989,-0.0698706,2.24437,2.32076
0.49,1,0.365139,-0.104228,2.25041,2.27131
0.51,1,0.352981,-0.118904,2.31487,2.25216
0.53,1,0.36473,-0.109861,2.32077,2.27067
0.55,1,0.398729,-0.0782597,2.38562,2.32183
0.57,1,0.443893,-0.0346121,2.44935,2.38496
0.59,1,0.490558,0.011359,2.54311,2.44531
0.61,1,0.529031,0.0503179,2.51987,2.49191
0.63,1,0.554846,0.0779805,2.51551,2.52176
0.65,1,0.566636,0.0917719,2.51102,2.53506
0.67,1,0.561595,0.0896307,2.5069,2.5294
0.69,1,0.542405,0.0721213,2.4251,2.50751
0.71,1,0.511019,0.0424129,2.4231,2.47042
0.73,1,0.474545,0.00616815,2.37419,2.42511
0.75,1,0.439121,-0.0295048,2.30343,2.37852
0.77,1,0.411124,-0.0588611,2.30825,2.33967
0.79,1,0.394291,-0.0771178,2.33154,2.31534
0.81,1,0.393441,-0.0801572,2.3728,2.3141
0.83,1,0.408368,-0.0670406,2.41642,2.33574
0.85,1,0.436122,-0.0406717,2.41822,2.37445
0.87,1,0.467208,-0.00980096,2.48108,2.41568
0.89,1,0.496088,0.0197556,2.47955,2.45217
0.91,1,0.518125,0.0430817,2.47733,2.47896
0.93,1,0.531456,0.0584072,2.47404,2.49476
0.95,1,0.5345,0.0631988,2.44387,2.49832
0.97,1,0.526211,0.0565729,2.43918,2.48858
0.99,1,0.509395,0.0405654,2.43735,2.46845
