x,rho,E,F,T,Tr
0.01,1,0.304364,-0.177091,2.08415,2.17025
0.03,1,0.259938,-0.213456,2.08652,2.08631
0.05,1,0.26287,-0.214797,2.16938,2.09217
0.07,1,0.305772,-0.176914,2.29044,2.17275
0.09,1,0.378687,-0.108696,2.41485,2.29209
0.11,1,0.466361,-0.024569,2.52082,2.41458
0.13,1,0.550734,0.058349,2.6297,2.51708
0.15,1,0.616637,0.124947,2.62337,2.58922
0.17,1,0.655014,0.166754,2.61696,2.6286
0.19,1,0.660095,0.176332,2.61026,2.63368
0.21,1,0.632572,0.154191,2.55307,2.60579
0.23,1,0.580482,0.106907,2.4726,2.5504
0.25,1,0.512859,0.0433185,2.3787,2.47264
0.27,1,0.441929,-0.0260699,2.28562,2.38232
0.29,1,0.379108,-0.0882665,2.20723,2.29273
0.31,1,0.336749,-0.132603,2.21487,2.22581
0.33,1,0.321266,-0.15068,2.22282,2.19977
0.35,1,0.337381,-0.138809,2.28979,2.22685
0.37,1,0.378814,-0.100911,2.3736,2.29228
0.39,1,0.436035,-0.0471771,2.45302,2.37433
0.41,1,0.496145,0.0111942,2.51615,2.45224
0.43,1,0.547323,0.0619143,2.57167,2.51317
0.45,1,0.581171,0.0975419,2.56768,2.55116
0.47,1,0.596189,0.11505,2.56311,2.56748
0.49,1,0.590532,0.113316,2.4925,2.56137
0.51,1,0.565938,0.0924103,2.48798,2.53427
0.53,1,0.524388,0.0543408,2.42812,2.48642
0.55,1,0.477461,0.00927562,2.36209,2.42882
0.57,1,0.431059,-0.0361799,2.27106,2.36753
0.59,1,0.394158,-0.0741141,2.27517,2.31515
0.61,1,0.372793,-0.0974604,2.28038,2.28312
0.63,1,0.371683,-0.101139,2.35463,2.28142
0.65,1,0.391243,-0.0853727,2.35938,2.31086
0.67,1,0.42641,-0.0526724,2.41774,2.36112
0.69,1,0.467572,-0.0136853,2.49893,2.41615
0.71,1,0.5054,0.0232449,2.49662,2.4636
0.73,1,0.53435,0.0527634,2.51796,2.49815
0.75,1,0.551584,0.0716787,2.51518,2.51805
0.77,1,0.554982,0.0779115,2.48913,2.52192
0.79,1,0.54485,0.070719,2.48526,2.51033
0.81,1,0.52339,0.052152,2.40814,2.48524
0.83,1,0.493348,0.0243773,2.40589,2.44878
0.85,1,0.461016,-0.00699775,2.32772,2.40763
0.87,1,0.432132,-0.0357935,2.32941,2.369
0.89,1,0.411757,-0.057778,2.3321,2.34057
0.91,1,0.40356,-0.0683108,2.3361,2.32883
0.93,1,0.409617,-0.0649295,2.39641,2.33752
0.95,1,0.428019,-0.0494244,2.43289,2.36335
0.97,1,0.455081,-0.0248777,2.48476,2.39985
0.99,1,0.482028,0.000688689,2.48338,2.43461
