x,rho,E,F,T,Tr
0.01,1,0.691625,0.17391,2.69562,2.66458
0.03,1,0.707394,0.217913,2.62723,2.67964
0.05,1,0.692953,0.209777,2.61922,2.66586
0.07,1,0.641372,0.164569,2.53428,2.6148
0.09,1,0.564606,0.0932522,2.42548,2.53278
0.11,1,0.476845,0.00909964,2.3074,2.42804
0.13,1,0.393436,-0.0729319,2.20291,2.31409
0.15,1,0.328594,-0.138457,2.13679,2.21221
0.17,1,0.293388,-0.176171,2.14616,2.15041
0.19,1,0.293875,-0.179425,2.21025,2.15131
0.21,1,0.329345,-0.148366,2.30791,2.21347
0.23,1,0.390581,-0.0917747,2.41067,2.30988
0.25,1,0.463547,-0.021885,2.50084,2.41093
0.27,1,0.53348,0.0465202,2.61028,2.49713
0.29,1,0.587523,0.101322,2.6058,2.5581
0.31,1,0.619025,0.135376,2.60083,2.59172
0.33,1,0.62523,0.145413,2.53782,2.59819
0.35,1,0.604961,0.129766,2.53235,2.57687
0.37,1,0.561952,0.0908923,2.4661,2.5298
0.39,1,0.507215,0.0394701,2.38891,2.46581
0.41,1,0.448585,-0.0173008,2.31221,2.39124
0.43,1,0.396366,-0.0692657,2.23356,2.31838
0.45,1,0.360206,-0.106705,2.2386,2.2636
0.47,1,0.345594,-0.123802,2.30252,2.24028
0.49,1,0.356733,-0.116429,2.30863,2.25812
0.51,1,0.391336,-0.0849514,2.37726,2.311
0.53,1,0.438925,-0.040535,2.44354,2.37826
0.55,1,0.488887,0.0076121,2.54915,2.44323
0.57,1,0.531165,0.0493073,2.5462,2.49442
0.59,1,0.559536,0.0790736,2.54311,2.52708
0.61,1,0.572867,0.0949616,2.51987,2.542
0.63,1,0.568869,0.0941186,2.51551,2.53755
0.65,1,0.549057,0.0774602,2.431,2.51516
0.67,1,0.515503,0.0472885,2.42784,2.47582
0.69,1,0.476878,0.0100953,2.37362,2.42808
0.71,1,0.438361,-0.0268744,2.29679,2.37749
0.73,1,0.407813,-0.0583685,2.31811,2.33495
0.75,1,0.389116,-0.0786751,2.30343,2.30771
0.77,1,0.387105,-0.0833471,2.36411,2.30472
0.79,1,0.40218,-0.071194,2.41078,2.32684
0.81,1,0.431656,-0.044931,2.45309,2.36835
0.83,1,0.465048,-0.0133766,2.4842,2.41288
0.85,1,0.49714,0.0172811,2.48225,2.45347
0.87,1,0.521231,0.0419909,2.48108,2.48267
0.89,1,0.53643,0.0584922,2.47955,2.50057
0.91,1,0.540187,0.0647382,2.47733,2.50494
0.93,1,0.531471,0.0590911,2.47404,2.49478
0.95,1,0.513395,0.0437352,2.44387,2.47329
0.97,1,0.489337,0.0219962,2.3599,2.44379
0.99,1,0.462573,-0.003377,2.36183,2.40966
