x,rho,E,F,T,Tr
0.01,1,0.58836,0.0925552,2.43923,2.55901
0.03,1,0.480275,0.00785744,2.29699,2.43239
0.05,1,0.387658,-0.08356,2.17932,2.30555
0.07,1,0.315823,-0.155869,2.10495,2.1904
0.09,1,0.277057,-0.196946,2.11568,2.11984
0.11,1,0.277192,-0.200068,2.18718,2.1201
0.13,1,0.315144,-0.166095,2.29584,2.18922
0.15,1,0.381448,-0.103388,2.40974,2.29626
0.17,1,0.461815,-0.0259223,2.5073,2.40868
0.19,1,0.540062,0.051171,2.57759,2.5048
0.21,1,0.601754,0.113348,2.62593,2.57345
0.23,1,0.637036,0.150929,2.62045,2.61037
0.25,1,0.644678,0.161944,2.55186,2.61817
0.27,1,0.62294,0.144306,2.54659,2.59581
0.29,1,0.575576,0.100445,2.4739,2.545
0.31,1,0.514624,0.0424711,2.38861,2.47477
0.33,1,0.449559,-0.0215446,2.30319,2.39253
0.35,1,0.390764,-0.0795628,2.22481,2.31015
0.37,1,0.35012,-0.121634,2.23279,2.24758
0.39,1,0.333816,-0.139593,2.23964,2.22095
0.41,1,0.346577,-0.129542,2.29847,2.24187
0.43,1,0.38339,-0.0950399,2.37402,2.29917
0.45,1,0.435264,-0.0453328,2.447,2.37328
0.47,1,0.490528,0.00877474,2.50579,2.44527
0.49,1,0.538212,0.0558457,2.56129,2.50265
0.51,1,0.570223,0.0890824,2.55668,2.53906
0.53,1,0.585481,0.105759,2.55269,2.55588
0.55,1,0.582046,0.104797,2.48901,2.55212
0.57,1,0.5611,0.0857845,2.48597,2.52884
0.59,1,0.524428,0.0504858,2.43234,2.48647
0.61,1,0.481843,0.00919436,2.37295,2.43438
0.63,1,0.439322,-0.0330363,2.28576,2.3788
0.65,1,0.404383,-0.0677762,2.29132,2.33002
0.67,1,0.384044,-0.0895992,2.2956,2.30015
0.69,1,0.380965,-0.0937948,2.32032,2.29553
0.71,1,0.39598,-0.0795766,2.41487,2.31782
0.73,1,0.427707,-0.049677,2.46027,2.36291
0.75,1,0.464605,-0.0130708,2.45969,2.41231
0.77,1,0.499627,0.0214627,2.51519,2.45653
0.79,1,0.526566,0.0489566,2.51115,2.489
0.81,1,0.543645,0.0666241,2.4867,2.50894
0.83,1,0.548619,0.0723964,2.48357,2.51466
0.85,1,0.540854,0.0651675,2.48169,2.50571
0.87,1,0.522354,0.0475895,2.41157,2.48401
0.89,1,0.49645,0.0215246,2.41182,2.45262
0.91,1,0.467254,-0.00744992,2.35439,2.41574
0.93,1,0.440749,-0.0341016,2.33873,2.38072
0.95,1,0.420966,-0.0541055,2.36367,2.35355
0.97,1,0.411544,-0.0639596,2.36729,2.34027
0.99,1,0.414891,-0.060791,2.36931,2.34501
