x,rho,E,F,T,Tr
0.01,1,0.710696,0.192896,2.67748,2.68276
0.03,1,0.709924,0.22133,2.65837,2.68203
0.05,1,0.679486,0.197562,2.59202,2.65281
0.07,1,0.615979,0.140232,2.49552,2.58853
0.09,1,0.532095,0.0613221,2.37961,2.49551
0.11,1,0.443159,-0.0247329,2.25996,2.38397
0.13,1,0.364455,-0.102659,2.14404,2.27024
0.15,1,0.309602,-0.158733,2.1534,2.17953
0.17,1,0.287691,-0.183921,2.16293,2.1399
0.19,1,0.302692,-0.172893,2.24472,2.16726
0.21,1,0.35002,-0.130258,2.34834,2.24742
0.23,1,0.418004,-0.0660616,2.44837,2.3494
0.25,1,0.492456,0.00557787,2.52785,2.44767
0.27,1,0.557896,0.07062,2.58161,2.52522
0.29,1,0.604711,0.118374,2.57649,2.57661
0.31,1,0.627814,0.144486,2.57115,2.60087
0.33,1,0.622404,0.143103,2.56584,2.59525
0.35,1,0.591388,0.116813,2.51025,2.5623
0.37,1,0.543281,0.0724058,2.43752,2.50852
0.39,1,0.484933,0.0172651,2.35626,2.43827
0.41,1,0.42693,-0.0395385,2.25478,2.36184
0.43,1,0.378881,-0.0872789,2.26036,2.29238
0.45,1,0.350058,-0.118211,2.26591,2.24748
0.47,1,0.345508,-0.125401,2.27208,2.24014
0.49,1,0.367681,-0.107051,2.33404,2.27525
0.51,1,0.408522,-0.0693711,2.4046,2.33596
0.53,1,0.459132,-0.0218328,2.46827,2.40517
0.55,1,0.507521,0.0252937,2.54318,2.46618
0.57,1,0.545365,0.0627336,2.54016,2.51092
0.59,1,0.568875,0.0880812,2.5371,2.53756
0.61,1,0.575309,0.0968653,2.53346,2.5447
0.63,1,0.564369,0.0891717,2.46417,2.53252
0.65,1,0.539107,0.0675041,2.46065,2.50369
0.67,1,0.501945,0.0331157,2.40831,2.45938
0.69,1,0.461888,-0.00497725,2.35612,2.40877
0.71,1,0.425039,-0.0413999,2.33099,2.35922
0.73,1,0.398086,-0.0690191,2.33363,2.3209
0.75,1,0.385366,-0.0837959,2.3369,2.30213
0.77,1,0.390788,-0.0809719,2.34117,2.31019
0.79,1,0.412279,-0.062384,2.42848,2.34131
0.81,1,0.444507,-0.0332835,2.47759,2.38578
0.83,1,0.47907,-0.000670893,2.47432,2.43087
0.85,1,0.508515,0.0279564,2.47228,2.46739
0.87,1,0.529849,0.0498226,2.47113,2.49287
0.89,1,0.54086,0.0622884,2.46993,2.50572
0.91,1,0.539805,0.0639005,2.46796,2.5045
0.93,1,0.52733,0.0541335,2.46483,2.4899
0.95,1,0.50624,0.0358323,2.39788,2.46462
0.97,1,0.480116,0.0121323,2.34841,2.43219
0.99,1,0.452832,-0.0138229,2.35004,2.39688
