x,rho,E,F,T,Tr
0.01,1,0.729087,0.2155,2.67307,2.69995
0.03,1,0.683307,0.200584,2.5918,2.65653
0.05,1,0.616115,0.139425,2.49111,2.58867
0.07,1,0.528629,0.0571889,2.37133,2.49143
0.09,1,0.437306,-0.0314283,2.24914,2.37606
0.11,1,0.357373,-0.110291,2.13999,2.25913
0.13,1,0.30302,-0.165886,2.14957,2.16785
0.15,1,0.282524,-0.189209,2.15892,2.13022
0.17,1,0.299947,-0.175546,2.2452,2.16233
0.19,1,0.349888,-0.129968,2.35221,2.24721
0.21,1,0.420578,-0.063278,2.45396,2.35301
0.23,1,0.496976,0.0103283,2.53418,2.45327
0.25,1,0.56398,0.076161,2.58289,2.53208
0.27,1,0.610966,0.12425,2.57751,2.58325
0.29,1,0.633478,0.149448,2.57254,2.60672
0.31,1,0.626289,0.146171,2.56736,2.59929
0.33,1,0.593259,0.11733,2.50912,2.56432
0.35,1,0.54263,0.0706713,2.43406,2.50777
0.37,1,0.482307,0.0134045,2.35073,2.43496
0.39,1,0.42271,-0.0445417,2.2537,2.35598
0.41,1,0.374133,-0.0924087,2.2598,2.28517
0.43,1,0.345712,-0.122759,2.26524,2.24047
0.45,1,0.342346,-0.128187,2.27093,2.235
0.47,1,0.366427,-0.107741,2.33545,2.27331
0.49,1,0.409105,-0.0678443,2.40791,2.33679
0.51,1,0.461394,-0.0186622,2.47187,2.40813
0.53,1,0.51066,0.0290336,2.545,2.46999
0.55,1,0.54879,0.0664402,2.54144,2.51486
0.57,1,0.573112,0.0920637,2.53849,2.54227
0.59,1,0.579081,0.0998498,2.53532,2.54886
0.61,1,0.566788,0.0901909,2.46241,2.53523
0.63,1,0.539787,0.0665452,2.45972,2.50448
0.65,1,0.501477,0.0309137,2.40606,2.45881
0.67,1,0.460147,-0.00814684,2.35303,2.4065
0.69,1,0.422335,-0.0449012,2.33236,2.35546
0.71,1,0.394815,-0.0723912,2.33535,2.31611
0.73,1,0.382069,-0.0861704,2.33792,2.29719
0.75,1,0.388545,-0.0820989,2.34096,2.30686
0.77,1,0.411566,-0.0613643,2.38738,2.3403
0.79,1,0.444706,-0.0310185,2.47828,2.38605
0.81,1,0.480067,0.00202993,2.4742,2.43213
0.83,1,0.510637,0.031156,2.47098,2.46996
0.85,1,0.532467,0.0526488,2.46898,2.49594
0.87,1,0.543792,0.0645209,2.46789,2.50911
0.89,1,0.542462,0.0647637,2.46691,2.50757
0.91,1,0.529054,0.053392,2.46509,2.49193
0.93,1,0.507168,0.0338776,2.39635,2.46575
0.95,1,0.48022,0.00954456,2.34717,2.43232
0.97,1,0.451899,-0.0167492,2.35054,2.39564
0.99,1,0.429142,-0.038501,2.35219,2.36489
