x,rho,E,F,T,Tr
0.01,1,0.324198,-0.156766,2.12672,2.20477
0.03,1,0.268537,-0.20354,2.12914,2.10335
0.05,1,0.25908,-0.217132,2.14169,2.08459
0.07,1,0.290749,-0.190133,2.25477,2.14556
0.09,1,0.355924,-0.129868,2.37989,2.25684
0.11,1,0.440253,-0.0492384,2.49096,2.38006
0.13,1,0.526599,0.0351723,2.57439,2.48904
0.15,1,0.598491,0.107451,2.64315,2.56996
0.17,1,0.64496,0.156247,2.63743,2.61845
0.19,1,0.660316,0.175997,2.57739,2.6339
0.21,1,0.642591,0.163583,2.57085,2.61604
0.23,1,0.596306,0.122137,2.49687,2.56761
0.25,1,0.532732,0.0626311,2.40651,2.49625
0.27,1,0.462197,-0.00566276,2.31379,2.40917
0.29,1,0.396748,-0.0703442,2.24642,2.31894
0.31,1,0.348318,-0.120285,2.25351,2.24469
0.33,1,0.324113,-0.147052,2.26091,2.20463
0.35,1,0.330375,-0.144769,2.26872,2.2152
0.37,1,0.365322,-0.113355,2.34943,2.27159
0.39,1,0.41881,-0.0634393,2.431,2.35053
0.41,1,0.478812,-0.00553385,2.49972,2.43054
0.43,1,0.532799,0.0478465,2.57543,2.49633
0.45,1,0.571801,0.08807,2.57151,2.54081
0.47,1,0.593186,0.111862,2.56696,2.56424
0.49,1,0.593677,0.115971,2.507,2.56477
0.51,1,0.573715,0.0998251,2.50227,2.54294
0.53,1,0.536379,0.0655711,2.44594,2.50051
0.55,1,0.49119,0.0228482,2.38358,2.4461
0.57,1,0.444604,-0.0229254,2.32532,2.38591
0.59,1,0.404625,-0.0633632,2.27315,2.33037
0.61,1,0.378407,-0.0912032,2.27806,2.29167
0.63,1,0.370745,-0.101699,2.33855,2.27998
0.65,1,0.383935,-0.0917071,2.34657,2.29999
0.67,1,0.415581,-0.0628635,2.45011,2.34599
0.69,1,0.455348,-0.0256549,2.45187,2.4002
0.71,1,0.494515,0.0129675,2.505,2.45023
0.73,1,0.52618,0.0447647,2.5028,2.48854
0.75,1,0.546748,0.0674,2.51963,2.51251
0.77,1,0.554939,0.077875,2.51584,2.52187
0.79,1,0.548385,0.07425,2.46169,2.51439
0.81,1,0.529372,0.0584785,2.45811,2.49231
0.83,1,0.501866,0.0326017,2.41673,2.45928
0.85,1,0.470329,0.00238322,2.34181,2.4197
0.87,1,0.440539,-0.0273999,2.34364,2.38044
0.89,1,0.417793,-0.0513804,2.34603,2.3491
0.91,1,0.40495,-0.0663644,2.34943,2.33084
0.93,1,0.406689,-0.0676415,2.35394,2.33334
0.95,1,0.422173,-0.0550414,2.38973,2.35523
0.97,1,0.446884,-0.0324339,2.42623,2.38897
0.99,1,0.474162,-0.00649233,2.49538,2.42462
