x,rho,E,F,T,Tr
0.01,1,0.523606,0.0103577,2.59152,2.48549
0.03,1,0.604869,0.109731,2.63285,2.57678
0.05,1,0.667946,0.175237,2.62497,2.64148
0.07,1,0.694404,0.206133,2.61712,2.66725
0.09,1,0.68101,0.19815,2.60968,2.6543
0.11,1,0.63274,0.155349,2.52944,2.60596
0.13,1,0.56097,0.0880198,2.42674,2.52869
0.15,1,0.478437,0.00827256,2.31417,2.43006
0.17,1,0.399764,-0.0696587,2.19661,2.32334
0.19,1,0.338347,-0.131816,2.20631,2.22845
0.21,1,0.304461,-0.168434,2.21605,2.17042
0.23,1,0.304169,-0.172024,2.22522,2.1699
0.25,1,0.337763,-0.141914,2.31654,2.22748
0.27,1,0.395537,-0.0875719,2.41301,2.31717
0.29,1,0.46451,-0.0209265,2.49769,2.41218
0.31,1,0.530154,0.0440731,2.60281,2.49323
0.33,1,0.581087,0.0958685,2.59767,2.55107
0.35,1,0.611331,0.1284,2.59241,2.58363
0.37,1,0.617473,0.137874,2.53238,2.5901
0.39,1,0.598448,0.122781,2.5274,2.56991
0.41,1,0.558409,0.0856784,2.46479,2.5258
0.43,1,0.507156,0.0367206,2.39284,2.46574
0.45,1,0.452282,-0.0172935,2.32153,2.39615
0.47,1,0.403484,-0.06685,2.24688,2.32872
0.49,1,0.368809,-0.102715,2.25317,2.27699
0.51,1,0.354595,-0.11911,2.31298,2.25473
0.53,1,0.364906,-0.111825,2.31864,2.27095
0.55,1,0.397361,-0.0813599,2.38513,2.31984
0.57,1,0.441864,-0.0387118,2.49535,2.38223
0.59,1,0.488301,0.00714816,2.52743,2.44249
0.61,1,0.52805,0.0472057,2.52391,2.49075
0.63,1,0.554675,0.075791,2.51969,2.52157
0.65,1,0.568079,0.0908718,2.51508,2.53667
0.67,1,0.564114,0.0898631,2.51097,2.53223
0.69,1,0.545919,0.0730842,2.43126,2.51156
0.71,1,0.51531,0.0445133,2.42928,2.47559
0.73,1,0.479372,0.00837956,2.37912,2.43125
0.75,1,0.443696,-0.0269869,2.30539,2.38469
0.77,1,0.415184,-0.0568406,2.31029,2.34543
0.79,1,0.397028,-0.0766182,2.315,2.31935
0.81,1,0.39468,-0.0808445,2.37212,2.31592
0.83,1,0.408522,-0.0687147,2.41576,2.33596
0.85,1,0.435711,-0.042958,2.41747,2.37389
0.87,1,0.466433,-0.0123095,2.48522,2.41468
0.89,1,0.495832,0.0173544,2.48381,2.45186
0.91,1,0.517978,0.0408658,2.48136,2.47879
0.93,1,0.532685,0.0572981,2.47796,2.4962
0.95,1,0.536753,0.0630358,2.47428,2.50095
0.97,1,0.529385,0.05707,2.44554,2.49232
0.99,1,0.512884,0.0414279,2.41212,2.47267
