x,rho,E,F,T,Tr
0.01,1,0.681243,0.176571,2.5737,2.65453
0.03,1,0.590225,0.113937,2.44957,2.56104
0.05,1,0.496081,0.0236835,2.32276,2.45216
0.07,1,0.404103,-0.0662451,2.20761,2.32962
0.09,1,0.330026,-0.140342,2.15887,2.21462
0.11,1,0.285965,-0.185909,2.16945,2.13668
0.13,1,0.279149,-0.195834,2.17882,2.12383
0.15,1,0.310584,-0.168324,2.2802,2.18125
0.17,1,0.371625,-0.111338,2.39173,2.28133
0.19,1,0.448786,-0.0376373,2.48972,2.3915
0.21,1,0.525724,0.0375176,2.56288,2.488
0.23,1,0.588657,0.100105,2.62173,2.55933
0.25,1,0.628965,0.142,2.61696,2.60206
0.27,1,0.641401,0.157238,2.55833,2.61483
0.29,1,0.623872,0.143782,2.55344,2.59678
0.31,1,0.581484,0.104882,2.48598,2.5515
0.33,1,0.524069,0.0510283,2.40508,2.48604
0.35,1,0.460872,-0.0101892,2.32349,2.40745
0.37,1,0.402239,-0.0673628,2.27229,2.32693
0.39,1,0.359409,-0.111061,2.2791,2.26234
0.41,1,0.338259,-0.133209,2.28481,2.2283
0.43,1,0.345415,-0.129093,2.2901,2.23999
0.45,1,0.378148,-0.0984833,2.36232,2.29127
0.47,1,0.427124,-0.0522445,2.43434,2.36211
0.49,1,0.481055,4.5468e-05,2.49467,2.43338
0.51,1,0.529,0.0468204,2.55931,2.49187
0.53,1,0.563161,0.0811664,2.55538,2.53116
0.55,1,0.581939,0.100887,2.55219,2.552
0.57,1,0.58205,0.102246,2.49545,2.55212
0.59,1,0.563689,0.0863024,2.44409,2.53175
0.61,1,0.529695,0.0546913,2.44272,2.49269
0.63,1,0.489111,0.0156396,2.38762,2.44351
0.65,1,0.447192,-0.0245975,2.30445,2.38938
0.67,1,0.411727,-0.0596795,2.2937,2.34053
0.69,1,0.387613,-0.0833851,2.29689,2.30548
0.71,1,0.381085,-0.0910388,2.35585,2.29571
0.73,1,0.393519,-0.0795704,2.35814,2.31421
0.75,1,0.422613,-0.0526616,2.45113,2.35585
0.77,1,0.457845,-0.0184201,2.45136,2.40348
0.79,1,0.493492,0.0154924,2.51673,2.44896
0.81,1,0.521097,0.0424506,2.51389,2.48251
0.83,1,0.540636,0.0614735,2.48869,2.50546
0.85,1,0.548009,0.0695857,2.48675,2.51396
0.87,1,0.542489,0.0645416,2.48545,2.50761
0.89,1,0.525296,0.0484066,2.41916,2.4875
0.91,1,0.500703,0.0249898,2.41925,2.45786
0.93,1,0.472166,-0.00223442,2.35353,2.42206
0.95,1,0.445554,-0.0277418,2.35803,2.38719
0.97,1,0.424254,-0.0483023,2.39134,2.35813
0.99,1,0.412109,-0.0599948,2.36361,2.34107
