x,rho,E,F,T,Tr
0.01,1,0.339018,-0.142075,2.11097,2.22955
0.03,1,0.276037,-0.19515,2.11334,2.11789
0.05,1,0.258471,-0.216584,2.12572,2.08336
0.07,1,0.282419,-0.197228,2.23163,2.13003
0.09,1,0.3417,-0.142773,2.35611,2.23395
0.11,1,0.423135,-0.0651864,2.47062,2.35657
0.13,1,0.509952,0.0191093,2.60744,2.46913
0.15,1,0.585295,0.0942135,2.60111,2.55567
0.17,1,0.6372,0.148762,2.59476,2.61054
0.19,1,0.659099,0.174679,2.58817,2.63269
0.21,1,0.647036,0.167578,2.58134,2.62056
0.23,1,0.605901,0.131234,2.51207,2.57787
0.25,1,0.545442,0.0749988,2.4244,2.51101
0.27,1,0.475676,0.0078055,2.32936,2.42655
0.29,1,0.408626,-0.0583687,2.23273,2.33611
0.31,1,0.356205,-0.11182,2.24011,2.25729
0.33,1,0.327023,-0.14351,2.24779,2.20956
0.35,1,0.327229,-0.146764,2.25583,2.20991
0.37,1,0.357181,-0.120486,2.33331,2.25883
0.39,1,0.407799,-0.073598,2.41757,2.33493
0.41,1,0.466715,-0.016731,2.5322,2.41504
0.43,1,0.521828,0.0371992,2.52832,2.48338
0.45,1,0.564314,0.0810928,2.52442,2.53246
0.47,1,0.590723,0.109605,2.52032,2.56158
0.49,1,0.595237,0.118024,2.5156,2.56646
0.51,1,0.578012,0.103933,2.51059,2.54769
0.53,1,0.543361,0.072914,2.45694,2.50861
0.55,1,0.500111,0.0313444,2.39371,2.45713
0.57,1,0.45329,-0.0138977,2.31536,2.39748
0.59,1,0.411957,-0.0555452,2.31912,2.34085
0.61,1,0.382454,-0.0869751,2.32365,2.29777
0.63,1,0.370581,-0.101266,2.29358,2.27972
0.65,1,0.380132,-0.0946921,2.38482,2.29427
0.67,1,0.408659,-0.0693176,2.44084,2.33616
0.69,1,0.447479,-0.032926,2.44293,2.38976
0.71,1,0.486961,0.00580604,2.50916,2.44082
0.73,1,0.519566,0.0385784,2.47672,2.48068
0.75,1,0.543022,0.0638644,2.47482,2.50822
0.77,1,0.554211,0.0773739,2.47216,2.52104
0.79,1,0.550165,0.0763845,2.46865,2.51643
0.81,1,0.533041,0.0618452,2.46484,2.49662
0.83,1,0.507389,0.0380542,2.38584,2.46602
0.85,1,0.476336,0.00848501,2.33667,2.42739
0.87,1,0.446004,-0.022003,2.33842,2.38779
0.89,1,0.421665,-0.0473728,2.34091,2.35453
0.91,1,0.406682,-0.0647688,2.34467,2.33333
0.93,1,0.405524,-0.0683926,2.34936,2.33166
0.95,1,0.418717,-0.0580597,2.41585,2.3504
0.97,1,0.441293,-0.0376921,2.41872,2.38146
0.99,1,0.46884,-0.0114216,2.47323,2.41778
