x,rho,E,F,T,Tr
0.01,1,0.639546,0.139171,2.51127,2.61294
0.03,1,0.536945,0.0629816,2.3748,2.50117
0.05,1,0.440607,-0.0308662,2.24483,2.38053
0.07,1,0.35598,-0.114672,2.12154,2.25693
0.09,1,0.297798,-0.174131,2.13279,2.15845
0.11,1,0.274718,-0.199766,2.14317,2.11536
0.13,1,0.291141,-0.187034,2.23258,2.14629
0.15,1,0.341711,-0.140285,2.34509,2.23396
0.17,1,0.414912,-0.070682,2.45244,2.34504
0.19,1,0.4951,0.00724964,2.53788,2.45095
0.21,1,0.566446,0.0778199,2.59512,2.53484
0.23,1,0.617327,0.129823,2.58863,2.58994
0.25,1,0.642541,0.157475,2.58267,2.61599
0.27,1,0.636471,0.155088,2.57739,2.60979
0.29,1,0.602931,0.12535,2.51737,2.57471
0.31,1,0.550391,0.0762413,2.43927,2.51669
0.33,1,0.487361,0.0155304,2.3514,2.44132
0.35,1,0.424604,-0.0461126,2.24218,2.35862
0.37,1,0.373103,-0.0974884,2.24995,2.28359
0.39,1,0.341987,-0.129845,2.25708,2.23442
0.41,1,0.337192,-0.136508,2.2631,2.22654
0.43,1,0.360776,-0.115559,2.33021,2.26449
0.45,1,0.404471,-0.0738805,2.40564,2.33015
0.47,1,0.458818,-0.0219893,2.47314,2.40476
0.49,1,0.510766,0.0289303,2.55517,2.47011
0.51,1,0.551597,0.0694357,2.55013,2.51807
0.53,1,0.578024,0.0974381,2.5461,2.5477
0.55,1,0.585806,0.106315,2.5423,2.55623
0.57,1,0.57371,0.096331,2.46647,2.54293
0.59,1,0.546072,0.0707741,2.4647,2.51174
0.61,1,0.507012,0.0330321,2.40938,2.46556
0.63,1,0.464006,-0.0086406,2.35411,2.41153
0.65,1,0.424254,-0.0477882,2.29555,2.35813
0.67,1,0.394629,-0.0773208,2.33169,2.31584
0.69,1,0.380418,-0.0924661,2.3358,2.2947
0.71,1,0.385615,-0.0881355,2.3388,2.3025
0.73,1,0.408603,-0.0664226,2.43291,2.33608
0.75,1,0.44252,-0.0340043,2.43305,2.38311
0.77,1,0.479292,0.00207974,2.48287,2.43115
0.79,1,0.51119,0.0333198,2.47906,2.47063
0.81,1,0.534293,0.0564408,2.47511,2.49808
0.83,1,0.546967,0.0693003,2.47192,2.51276
0.85,1,0.546555,0.069491,2.46995,2.51229
0.87,1,0.533778,0.0572587,2.46884,2.49748
0.89,1,0.512165,0.0361924,2.39644,2.4718
0.91,1,0.48459,0.00944112,2.39742,2.43784
0.93,1,0.455671,-0.0191559,2.34553,2.40062
0.95,1,0.431754,-0.0424757,2.3501,2.36848
0.97,1,0.415519,-0.0584945,2.35348,2.3459
0.99,1,0.411275,-0.0625748,2.35514,2.33989
