x,rho,E,F,T,Tr
0.01,1,0.706598,0.188601,2.68136,2.67889
0.03,1,0.709926,0.221007,2.66233,2.68204
0.05,1,0.683424,0.200973,2.59936,2.65665
0.07,1,0.622874,0.146565,2.50573,2.59574
0.09,1,0.540462,0.0694781,2.39168,2.50526
0.11,1,0.451642,-0.0163369,2.27004,2.3953
0.13,1,0.371525,-0.0954865,2.13927,2.28117
0.15,1,0.313791,-0.15413,2.14851,2.18686
0.17,1,0.288615,-0.182561,2.15791,2.14161
0.19,1,0.300024,-0.174991,2.23576,2.16247
0.21,1,0.344526,-0.135163,2.3382,2.23855
0.23,1,0.410953,-0.0726355,2.43928,2.33943
0.25,1,0.485353,-0.00124344,2.52132,2.4388
0.27,1,0.552198,0.0646693,2.58538,2.51875
0.29,1,0.600698,0.114412,2.58027,2.57232
0.31,1,0.626013,0.142517,2.59847,2.59901
0.33,1,0.623434,0.143888,2.52136,2.59632
0.35,1,0.594945,0.120342,2.51616,2.56614
0.37,1,0.548172,0.0772732,2.44504,2.51415
0.39,1,0.490695,0.0228623,2.36636,2.44548
0.41,1,0.432272,-0.0340508,2.25005,2.36919
0.43,1,0.382784,-0.0831713,2.25549,2.29826
0.45,1,0.352016,-0.115886,2.26118,2.25062
0.47,1,0.345108,-0.125597,2.26742,2.23949
0.49,1,0.364761,-0.109505,2.32766,2.27072
0.51,1,0.404212,-0.0735707,2.39789,2.32977
0.53,1,0.454073,-0.0264481,2.46324,2.39852
0.55,1,0.503129,0.021137,2.54512,2.46083
0.57,1,0.541935,0.0598014,2.54221,2.50697
0.59,1,0.566559,0.0857376,2.53899,2.53497
0.61,1,0.57438,0.0961838,2.5354,2.54367
0.63,1,0.565817,0.0907004,2.46873,2.53414
0.65,1,0.542247,0.070715,2.41599,2.50733
0.67,1,0.505598,0.036673,2.4132,2.46384
0.69,1,0.465655,-0.00117847,2.32379,2.41367
0.71,1,0.428272,-0.0379336,2.32686,2.3637
0.73,1,0.400041,-0.0667286,2.32978,2.32374
0.75,1,0.386011,-0.0828146,2.33312,2.30309
0.77,1,0.389725,-0.0818103,2.33744,2.30861
0.79,1,0.409698,-0.064768,2.42453,2.33764
0.81,1,0.441194,-0.0363612,2.42704,2.38133
0.83,1,0.476011,-0.00346895,2.47715,2.42698
0.85,1,0.505701,0.0253001,2.47505,2.46397
0.87,1,0.527947,0.0479659,2.47381,2.49063
0.89,1,0.539864,0.0613164,2.47266,2.50457
0.91,1,0.539973,0.0638743,2.47062,2.50469
0.93,1,0.528485,0.0554573,2.46749,2.49126
0.95,1,0.508175,0.0380256,2.43427,2.46698
0.97,1,0.482375,0.0143459,2.39883,2.43505
0.99,1,0.455333,-0.0113998,2.3482,2.40018
