x,rho,E,F,T,Tr
0.01,1,0.252804,-0.231992,2.11416,2.07185
0.03,1,0.271044,-0.208867,2.2148,2.10825
0.05,1,0.331556,-0.153484,2.34628,2.21718
0.07,1,0.416438,-0.0731564,2.46809,2.34719
0.09,1,0.508339,0.0156134,2.56267,2.46717
0.11,1,0.589426,0.0957966,2.613,2.56017
0.13,1,0.64613,0.154246,2.60653,2.61964
0.15,1,0.671024,0.182792,2.60031,2.64451
0.17,1,0.65994,0.176677,2.59387,2.63353
0.19,1,0.617642,0.139461,2.52236,2.59027
0.21,1,0.554006,0.0808816,2.43075,2.52081
0.23,1,0.480171,0.0103494,2.32958,2.43226
0.25,1,0.408793,-0.0594004,2.2214,2.33635
0.27,1,0.352383,-0.115991,2.22875,2.25121
0.29,1,0.320356,-0.149965,2.23594,2.19821
0.31,1,0.31904,-0.15439,2.24331,2.19595
0.33,1,0.349105,-0.127983,2.32418,2.24595
0.35,1,0.401456,-0.0796615,2.41097,2.32579
0.37,1,0.463699,-0.0201728,2.48586,2.41113
0.39,1,0.523083,0.0370431,2.53628,2.48487
0.41,1,0.569035,0.0833889,2.58156,2.53773
0.43,1,0.598274,0.11341,2.57785,2.56972
0.45,1,0.604366,0.122685,2.52402,2.57624
0.47,1,0.587384,0.10902,2.52001,2.55795
0.49,1,0.55144,0.0770081,2.46435,2.51789
0.51,1,0.505628,0.0338948,2.39751,2.46388
0.53,1,0.455665,-0.0133584,2.3097,2.40062
0.55,1,0.411238,-0.0572205,2.31449,2.33983
0.57,1,0.378695,-0.0899238,2.31851,2.2921
0.59,1,0.365204,-0.105812,2.3222,2.27141
0.61,1,0.373687,-0.0994379,2.32668,2.28449
0.63,1,0.403278,-0.0731487,2.38378,2.32843
0.65,1,0.443957,-0.0353554,2.44132,2.38505
0.67,1,0.486228,0.00488219,2.51532,2.4399
0.69,1,0.52197,0.0389824,2.51216,2.48355
0.71,1,0.547999,0.0654762,2.5098,2.51395
0.73,1,0.561087,0.0796163,2.47692,2.52883
0.75,1,0.557801,0.0787716,2.47508,2.52512
0.77,1,0.540474,0.0639166,2.4725,2.50527
0.79,1,0.513437,0.0398748,2.38948,2.47334
0.81,1,0.480262,0.00888257,2.38802,2.43238
0.83,1,0.447257,-0.022398,2.33686,2.38947
0.85,1,0.420347,-0.0484584,2.33908,2.35268
0.87,1,0.403224,-0.0664321,2.37318,2.32835
0.89,1,0.400617,-0.0704705,2.34342,2.32458
0.91,1,0.413586,-0.0598495,2.41335,2.34317
0.93,1,0.437503,-0.0386215,2.41538,2.37633
0.95,1,0.466767,-0.0119217,2.4787,2.41511
0.97,1,0.493627,0.0128948,2.47569,2.44913
0.99,1,0.515716,0.0339597,2.47406,2.47608
