x,rho,E,F,T,Tr
0.01,1,0.56307,0.0728563,2.40451,2.53106
0.03,1,0.454386,-0.013645,2.2617,2.39893
0.05,1,0.364889,-0.102252,2.1528,2.27092
0.07,1,0.299857,-0.168359,2.1103,2.16217
0.09,1,0.269997,-0.200942,2.12128,2.10621
0.11,1,0.279866,-0.194685,2.20619,2.1252
0.13,1,0.326012,-0.152481,2.32019,2.20785
0.15,1,0.397546,-0.0843435,2.43296,2.32011
0.17,1,0.479532,-0.00494908,2.5255,2.43145
0.19,1,0.554784,0.0698051,2.60496,2.52169
0.21,1,0.610859,0.126898,2.59809,2.58313
0.23,1,0.64116,0.160295,2.59162,2.61459
0.25,1,0.640338,0.163019,2.58559,2.61375
0.27,1,0.610286,0.137125,2.52802,2.58253
0.29,1,0.559506,0.0895894,2.45039,2.52704
0.31,1,0.495988,0.0288468,2.36312,2.45205
0.33,1,0.431048,-0.0352209,2.28123,2.36752
0.35,1,0.375314,-0.0906394,2.23021,2.28697
0.37,1,0.339816,-0.127695,2.23803,2.23086
0.39,1,0.330153,-0.139467,2.24481,2.21483
0.41,1,0.349695,-0.122772,2.31063,2.2469
0.43,1,0.391214,-0.0832302,2.38824,2.31081
0.45,1,0.445547,-0.0311825,2.46078,2.38718
0.47,1,0.499741,0.0226429,2.55847,2.45668
0.49,1,0.544332,0.0667353,2.55342,2.50973
0.51,1,0.572877,0.0973379,2.54862,2.54201
0.53,1,0.583731,0.109715,2.54437,2.55396
0.55,1,0.574877,0.10343,2.47215,2.54422
0.57,1,0.54988,0.080173,2.46937,2.5161
0.59,1,0.510682,0.042852,2.41328,2.47001
0.61,1,0.467229,-6.244e-05,2.35404,2.41571
0.63,1,0.425403,-0.0415682,2.28167,2.35973
0.65,1,0.393299,-0.0741237,2.28732,2.31389
0.67,1,0.376196,-0.092802,2.29203,2.28831
0.69,1,0.378267,-0.0919034,2.32384,2.29145
0.71,1,0.39842,-0.0731141,2.42107,2.32138
0.73,1,0.432041,-0.0406105,2.42176,2.36888
0.75,1,0.469631,-0.00336155,2.48551,2.4188
0.77,1,0.502935,0.0300248,2.48254,2.46059
0.79,1,0.527894,0.0556362,2.47867,2.49057
0.81,1,0.542216,0.0708085,2.47465,2.50729
0.83,1,0.543914,0.0735781,2.47136,2.50925
0.85,1,0.533146,0.0635114,2.46931,2.49674
0.87,1,0.51252,0.0433055,2.39482,2.47223
0.89,1,0.485009,0.0161296,2.3956,2.43837
0.91,1,0.455387,-0.0138414,2.33162,2.40025
0.93,1,0.430177,-0.0392384,2.3365,2.36632
0.95,1,0.412317,-0.0579085,2.34104,2.34137
0.97,1,0.406068,-0.0645878,2.34421,2.33244
0.99,1,0.413072,-0.057891,2.40221,2.34244
