x,rho,E,F,T,Tr
0.01,1,0.67686,0.157095,2.66287,2.65025
0.03,1,0.703445,0.211156,2.6438,2.67589
0.05,1,0.699717,0.213418,2.63584,2.67234
0.07,1,0.657343,0.177359,2.55938,2.63093
0.09,1,0.586626,0.11226,2.45669,2.55712
0.11,1,0.500969,0.0307031,2.34048,2.45818
0.13,1,0.415669,-0.0527581,2.23222,2.34611
0.15,1,0.345242,-0.123475,2.17376,2.23971
0.17,1,0.301997,-0.169093,2.18327,2.16602
0.19,1,0.292806,-0.182039,2.19324,2.14935
0.21,1,0.31975,-0.159404,2.28426,2.19717
0.23,1,0.374887,-0.108514,2.38715,2.28632
0.25,1,0.445693,-0.0410366,2.47994,2.38737
0.27,1,0.516832,0.028301,2.5685,2.47742
0.29,1,0.575247,0.0867976,2.56354,2.54463
0.31,1,0.614166,0.127906,2.55841,2.58662
0.33,1,0.627372,0.14504,2.55307,2.60042
0.35,1,0.612638,0.134645,2.54727,2.58501
0.37,1,0.575086,0.101115,2.48598,2.54445
0.39,1,0.523458,0.0528638,2.41155,2.48532
0.41,1,0.465436,-0.00313226,2.33561,2.41338
0.43,1,0.41105,-0.0568939,2.27838,2.33956
0.45,1,0.370167,-0.0988718,2.28405,2.27909
0.47,1,0.349468,-0.122274,2.28995,2.24654
0.49,1,0.354072,-0.120843,2.29661,2.2539
0.51,1,0.383529,-0.0949596,2.36225,2.29938
0.53,1,0.428157,-0.053278,2.42952,2.36354
0.55,1,0.477953,-0.00581667,2.48553,2.42945
0.57,1,0.52192,0.0377629,2.53526,2.48349
0.59,1,0.55479,0.0714812,2.53209,2.5217
0.61,1,0.573323,0.092462,2.52854,2.5425
0.63,1,0.573466,0.0954321,2.52424,2.54266
0.65,1,0.556161,0.0819122,2.44693,2.52326
0.67,1,0.526904,0.0554328,2.44338,2.4894
0.69,1,0.488864,0.019608,2.3901,2.4432
0.71,1,0.450668,-0.0180267,2.34672,2.39401
0.73,1,0.417704,-0.0510808,2.3144,2.34898
0.75,1,0.395298,-0.0753756,2.31814,2.31682
0.77,1,0.38858,-0.0844138,2.32297,2.30691
0.79,1,0.400148,-0.0760384,2.40182,2.3239
0.81,1,0.425949,-0.0532803,2.40522,2.36048
0.83,1,0.458957,-0.0221711,2.46568,2.40494
0.85,1,0.491096,0.00848186,2.46373,2.44598
0.87,1,0.517383,0.0354411,2.46273,2.47808
0.89,1,0.535384,0.0546907,2.46196,2.49935
0.91,1,0.542377,0.0642513,2.48636,2.50748
0.93,1,0.536919,0.0614535,2.48282,2.50114
0.95,1,0.520621,0.0481177,2.42269,2.48194
0.97,1,0.497891,0.0275891,2.42003,2.4544
0.99,1,0.471906,0.00280398,2.35919,2.42173
