x,rho,E,F,T,Tr
0.01,1,0.353126,-0.147199,2.39104,2.25239
0.03,1,0.440149,-0.0508537,2.50286,2.37992
0.05,1,0.536413,0.0433156,2.5941,2.50055
0.07,1,0.616948,0.12397,2.66602,2.58955
0.09,1,0.667847,0.177202,2.65989,2.64138
0.11,1,0.683504,0.196763,2.64034,2.65673
0.13,1,0.662437,0.180685,2.58444,2.63601
0.15,1,0.609745,0.132635,2.50164,2.58195
0.17,1,0.537496,0.0646964,2.40075,2.50182
0.19,1,0.45847,-0.0121066,2.29258,2.4043
0.21,1,0.385755,-0.0838775,2.17119,2.30271
0.23,1,0.332249,-0.138039,2.18019,2.21834
0.25,1,0.307547,-0.164744,2.18833,2.1759
0.27,1,0.316348,-0.158891,2.25456,2.1913
0.29,1,0.355181,-0.123,2.34473,2.25566
0.31,1,0.414599,-0.0667124,2.43486,2.3446
0.33,1,0.481168,-0.00195875,2.5102,2.43352
0.35,1,0.541525,0.0574322,2.59021,2.50649
0.37,1,0.584893,0.101373,2.58517,2.55523
0.39,1,0.607375,0.125762,2.58081,2.57944
0.41,1,0.607574,0.1287,2.51293,2.57965
0.43,1,0.58546,0.109292,2.50904,2.55585
0.45,1,0.543296,0.06982,2.44671,2.50854
0.47,1,0.492823,0.0211151,2.37697,2.44813
0.49,1,0.440344,-0.0301096,2.31216,2.38018
0.51,1,0.395678,-0.0750658,2.25812,2.31738
0.53,1,0.366983,-0.103946,2.26322,2.27417
0.55,1,0.35956,-0.112978,2.33378,2.26258
0.57,1,0.374637,-0.0998387,2.33735,2.28594
0.59,1,0.409371,-0.0667223,2.39902,2.33717
0.61,1,0.453678,-0.0241118,2.45716,2.398
0.63,1,0.497379,0.0189677,2.51407,2.45377
0.65,1,0.532531,0.0534324,2.50969,2.49602
0.67,1,0.555046,0.077181,2.50549,2.52199
0.69,1,0.564097,0.0864621,2.50217,2.53221
0.71,1,0.557356,0.0814637,2.46233,2.52461
0.73,1,0.537298,0.0623244,2.46091,2.50159
0.75,1,0.506141,0.032423,2.37113,2.4645
0.77,1,0.471099,-0.00176214,2.3723,2.42069
0.79,1,0.437354,-0.0350904,2.31696,2.37613
0.81,1,0.411737,-0.0605885,2.34198,2.34054
0.83,1,0.398004,-0.0748228,2.34574,2.32078
0.85,1,0.399194,-0.0737503,2.34829,2.32251
0.87,1,0.415335,-0.0584832,2.4252,2.34564
0.89,1,0.442457,-0.032006,2.42507,2.38303
0.91,1,0.47256,-0.00232579,2.47671,2.42257
0.93,1,0.49958,0.0242428,2.47344,2.45648
0.95,1,0.519872,0.0443994,2.49672,2.48105
0.97,1,0.531699,0.0559487,2.49478,2.49504
0.99,1,0.533357,0.0575809,2.43626,2.49699
