x,rho,E,F,T,Tr
0.01,1,0.254822,-0.23207,2.1494,2.07597
0.03,1,0.289087,-0.193215,2.26387,2.14249
0.05,1,0.361453,-0.125641,2.3959,2.26555
0.07,1,0.452255,-0.0392036,2.50976,2.39611
0.09,1,0.542802,0.0494862,2.59299,2.50797
0.11,1,0.616821,0.123322,2.63904,2.58941
0.13,1,0.66193,0.170929,2.63255,2.63551
0.15,1,0.672633,0.18573,2.62628,2.6461
0.17,1,0.648367,0.166649,2.57063,2.6219
0.19,1,0.596588,0.119777,2.48944,2.56791
0.21,1,0.526788,0.0543747,2.39208,2.48926
0.23,1,0.451543,-0.0183514,2.29141,2.39517
0.25,1,0.383388,-0.0852294,2.19033,2.29917
0.27,1,0.334955,-0.134473,2.19784,2.22284
0.29,1,0.314357,-0.157235,2.20504,2.18785
0.31,1,0.326302,-0.148739,2.27113,2.20834
0.33,1,0.366245,-0.11225,2.35788,2.27303
0.35,1,0.424598,-0.0575715,2.44288,2.35861
0.37,1,0.488242,0.00374146,2.51261,2.44242
0.39,1,0.544645,0.058529,2.58099,2.51009
0.41,1,0.583688,0.0982614,2.57698,2.55392
0.43,1,0.602862,0.119127,2.57327,2.57464
0.45,1,0.600546,0.120022,2.50474,2.57216
0.47,1,0.577561,0.100088,2.5009,2.54719
0.49,1,0.53564,0.061741,2.44039,2.49965
0.51,1,0.486787,0.0153218,2.37359,2.4406
0.53,1,0.436932,-0.032651,2.26404,2.37555
0.55,1,0.395158,-0.0737186,2.26794,2.31662
0.57,1,0.36984,-0.0998771,2.27157,2.27858
0.59,1,0.365183,-0.106421,2.34333,2.27138
0.61,1,0.382122,-0.0919315,2.34715,2.29727
0.63,1,0.417213,-0.0596186,2.4061,2.34829
0.65,1,0.460398,-0.0193123,2.50971,2.40683
0.67,1,0.501749,0.020365,2.50549,2.45914
0.69,1,0.534352,0.051766,2.5019,2.49815
0.71,1,0.55479,0.0730734,2.49938,2.5217
0.73,1,0.561523,0.0807141,2.51989,2.52932
0.75,1,0.553387,0.0747334,2.4593,2.52011
0.77,1,0.532336,0.056412,2.45724,2.49579
0.79,1,0.501526,0.0277224,2.41397,2.45887
0.81,1,0.467294,-0.00400438,2.34416,2.41579
0.83,1,0.435478,-0.0344406,2.34791,2.37358
0.85,1,0.411869,-0.0577983,2.35047,2.34073
0.87,1,0.40001,-0.0698768,2.35209,2.3237
0.89,1,0.403427,-0.0681933,2.39007,2.32864
0.91,1,0.420854,-0.0527906,2.39185,2.35339
0.93,1,0.448183,-0.0279893,2.47363,2.3907
0.95,1,0.477444,-0.00109026,2.49762,2.4288
0.97,1,0.503215,0.0229542,2.49565,2.46093
0.99,1,0.522319,0.0411682,2.49484,2.48397
