x,rho,E,F,T,Tr
0.01,1,0.614764,0.117016,2.47618,2.58725
0.03,1,0.508732,0.0358167,2.33604,2.46765
0.05,1,0.413445,-0.0573693,2.21345,2.34297
0.07,1,0.334757,-0.136002,2.14091,2.22251
0.09,1,0.285792,-0.186761,2.1522,2.13636
0.11,1,0.274044,-0.201527,2.16259,2.11406
0.13,1,0.301392,-0.177764,2.26315,2.16493
0.15,1,0.360516,-0.122675,2.37753,2.26408
0.17,1,0.438075,-0.0483275,2.48154,2.37711
0.19,1,0.517528,0.0292037,2.58734,2.47825
0.21,1,0.583991,0.0955331,2.58054,2.55425
0.23,1,0.62904,0.14239,2.57419,2.60214
0.25,1,0.645596,0.161874,2.56826,2.6191
0.27,1,0.630723,0.150926,2.56297,2.60388
0.29,1,0.590041,0.113803,2.49632,2.56084
0.31,1,0.532855,0.0599465,2.41443,2.4964
0.33,1,0.468628,-0.00297513,2.32912,2.41751
0.35,1,0.407551,-0.0628887,2.25887,2.33457
0.37,1,0.361346,-0.109846,2.26649,2.26539
0.39,1,0.336813,-0.135621,2.27363,2.22592
0.41,1,0.340527,-0.134607,2.27951,2.23203
0.43,1,0.370985,-0.105983,2.35197,2.28034
0.45,1,0.419607,-0.0602015,2.42609,2.35165
0.47,1,0.47429,-0.00661216,2.48991,2.42478
0.49,1,0.524445,0.0421963,2.56468,2.48649
0.51,1,0.561457,0.079924,2.56024,2.52924
0.53,1,0.58319,0.103127,2.55653,2.55337
0.55,1,0.585457,0.106755,2.53587,2.55585
0.57,1,0.568276,0.0918187,2.45069,2.53689
0.59,1,0.535534,0.0609003,2.44899,2.49953
0.61,1,0.49472,0.02117,2.39233,2.45048
0.63,1,0.451765,-0.0204688,2.29604,2.39546
0.65,1,0.414626,-0.0574891,2.302,2.34464
0.67,1,0.388446,-0.0842011,2.3447,2.30672
0.69,1,0.379351,-0.0944188,2.34873,2.29309
0.71,1,0.390213,-0.0848136,2.35173,2.30933
0.73,1,0.417581,-0.0582912,2.4477,2.3488
0.75,1,0.453305,-0.0237847,2.47508,2.3975
0.77,1,0.48947,0.0116341,2.4725,2.44395
0.79,1,0.518498,0.0408562,2.46894,2.47941
0.81,1,0.539862,0.0620994,2.46527,2.50456
0.83,1,0.549122,0.0722912,2.46219,2.51524
0.85,1,0.545015,0.0683195,2.48907,2.51052
0.87,1,0.52851,0.0527357,2.42427,2.49129
0.89,1,0.504558,0.0290692,2.42254,2.46257
0.91,1,0.475977,0.000990428,2.34705,2.42693
0.93,1,0.448422,-0.0262463,2.35172,2.39102
0.95,1,0.426231,-0.0484833,2.35636,2.36087
0.97,1,0.412728,-0.0619056,2.35979,2.34195
0.99,1,0.412255,-0.0623651,2.39082,2.34128
