x,rho,E,F,T,Tr
0.01,1,0.426453,-0.0562997,2.2197,2.36118
0.03,1,0.334017,-0.133932,2.11101,2.22128
0.05,1,0.279206,-0.190902,2.12334,2.12394
0.07,1,0.262893,-0.210893,2.13535,2.09221
0.09,1,0.287233,-0.190727,2.23903,2.13905
0.11,1,0.345906,-0.136558,2.36009,2.24079
0.13,1,0.425691,-0.060239,2.47292,2.36013
0.15,1,0.509803,0.0220758,2.60056,2.46895
0.17,1,0.582245,0.094569,2.59421,2.55234
0.19,1,0.632085,0.146946,2.58754,2.60529
0.21,1,0.652645,0.17126,2.58073,2.62622
0.23,1,0.640213,0.16334,2.57422,2.61362
0.25,1,0.599694,0.127156,2.50612,2.57125
0.27,1,0.540676,0.0719619,2.42041,2.50551
0.29,1,0.47297,0.00618523,2.32822,2.42309
0.31,1,0.407992,-0.0582232,2.23742,2.3352
0.33,1,0.357433,-0.109921,2.24506,2.25923
0.35,1,0.329368,-0.140131,2.25316,2.21351
0.37,1,0.330247,-0.142547,2.26075,2.21499
0.39,1,0.359847,-0.115899,2.33648,2.26303
0.41,1,0.409405,-0.0695299,2.41792,2.33722
0.43,1,0.466592,-0.0137786,2.5272,2.41488
0.45,1,0.519835,0.0386576,2.52323,2.48101
0.47,1,0.560564,0.0811309,2.51894,2.52824
0.49,1,0.585863,0.108345,2.51435,2.55629
0.51,1,0.589904,0.115648,2.50938,2.56069
0.53,1,0.572828,0.1014,2.45568,2.54195
0.55,1,0.539007,0.0706918,2.45233,2.50357
0.57,1,0.496806,0.0296978,2.39097,2.45306
0.59,1,0.451828,-0.0149062,2.31624,2.39555
0.61,1,0.411847,-0.0553066,2.32057,2.3407
0.63,1,0.38332,-0.0855946,2.29077,2.29907
0.65,1,0.372262,-0.0990736,2.29673,2.2823
0.67,1,0.381893,-0.0917388,2.33893,2.29693
0.69,1,0.40959,-0.0662037,2.44033,2.33749
0.71,1,0.446998,-0.0303438,2.44153,2.38912
0.73,1,0.485077,0.00772673,2.47498,2.43845
0.75,1,0.516304,0.0396699,2.47308,2.47678
0.77,1,0.538846,0.0640767,2.47045,2.50339
0.79,1,0.549514,0.0767505,2.46689,2.51568
0.81,1,0.545678,0.0750355,2.46304,2.51128
0.83,1,0.528888,0.0604134,2.45996,2.49174
0.85,1,0.504145,0.0363856,2.42026,2.46207
0.87,1,0.474326,0.00703709,2.33543,2.42483
0.89,1,0.445209,-0.0228994,2.33792,2.38672
0.91,1,0.421785,-0.0476438,2.3417,2.35469
0.93,1,0.407458,-0.0641746,2.3464,2.33444
0.95,1,0.406421,-0.0670293,2.35105,2.33295
0.97,1,0.419116,-0.0562007,2.41589,2.35096
0.99,1,0.440617,-0.0358255,2.41772,2.38055
