x,rho,E,F,T,Tr
0.01,1,0.730097,0.214781,2.67723,2.70089
0.03,1,0.687443,0.203021,2.59882,2.66055
0.05,1,0.622492,0.14436,2.50048,2.59534
0.07,1,0.536349,0.0633477,2.38187,2.50048
0.09,1,0.444887,-0.025038,2.25862,2.38629
0.11,1,0.363794,-0.105058,2.13691,2.26921
0.13,1,0.307031,-0.162825,2.14649,2.17499
0.15,1,0.283888,-0.188861,2.15588,2.13279
0.17,1,0.298444,-0.178019,2.23905,2.15962
0.19,1,0.34626,-0.13477,2.34517,2.24136
0.21,1,0.415682,-0.0692556,2.44794,2.34613
0.23,1,0.49224,0.00420116,2.52998,2.4474
0.25,1,0.560045,0.0710394,2.58716,2.52765
0.27,1,0.608721,0.120412,2.58179,2.58087
0.29,1,0.633141,0.14766,2.57673,2.60637
0.31,1,0.628247,0.146537,2.57155,2.60132
0.33,1,0.597087,0.119591,2.51519,2.56845
0.35,1,0.547834,0.07416,2.44131,2.51376
0.37,1,0.48791,0.0176271,2.35784,2.442
0.39,1,0.428234,-0.0407218,2.25134,2.36364
0.41,1,0.37849,-0.0896697,2.25761,2.29179
0.43,1,0.34832,-0.121449,2.2632,2.24469
0.45,1,0.342963,-0.1289,2.26874,2.23601
0.47,1,0.365022,-0.110242,2.33165,2.27113
0.49,1,0.40659,-0.0718273,2.40368,2.33319
0.51,1,0.458413,-0.02317,2.46925,2.40423
0.53,1,0.508401,0.0252093,2.54771,2.46725
0.55,1,0.547867,0.0637148,2.54428,2.5138
0.57,1,0.57266,0.089652,2.5413,2.54177
0.59,1,0.580119,0.0985674,2.53828,2.55
0.61,1,0.569236,0.0908104,2.46787,2.53796
0.63,1,0.543796,0.0683589,2.46498,2.50911
0.65,1,0.505837,0.0331975,2.41197,2.46413
0.67,1,0.464475,-0.0056891,2.3584,2.41214
0.69,1,0.426249,-0.0428375,2.30259,2.3609
0.71,1,0.397986,-0.0709399,2.33396,2.32075
0.73,1,0.384339,-0.0859991,2.33664,2.30059
0.75,1,0.389356,-0.0831203,2.33991,2.30807
0.77,1,0.410718,-0.0639342,2.42958,2.33909
0.79,1,0.443784,-0.0340437,2.48278,2.38481
0.81,1,0.47935,-0.000695072,2.47878,2.43122
0.83,1,0.509989,0.0285641,2.47561,2.46917
0.85,1,0.532404,0.0506774,2.47353,2.49587
0.87,1,0.544411,0.0632313,2.47241,2.50982
0.89,1,0.544206,0.0644071,2.47125,2.50959
0.91,1,0.531786,0.0543932,2.46942,2.49514
0.93,1,0.510445,0.0355782,2.4358,2.46973
0.95,1,0.483636,0.0111177,2.39956,2.43664
0.97,1,0.455402,-0.0150789,2.35124,2.40027
0.99,1,0.432292,-0.0370603,2.35288,2.36922
