x,rho,E,F,T,Tr
0.01,1,0.322617,-0.159486,2.0773,2.20208
0.03,1,0.267824,-0.205104,2.07927,2.10196
0.05,1,0.259752,-0.217352,2.145,2.08594
0.07,1,0.292572,-0.189291,2.25901,2.14892
0.09,1,0.358506,-0.128089,2.38405,2.26092
0.11,1,0.443299,-0.047115,2.49442,2.38416
0.13,1,0.529635,0.0372132,2.577,2.49262
0.15,1,0.600993,0.109017,2.64364,2.57264
0.17,1,0.646471,0.156892,2.63795,2.61998
0.19,1,0.660994,0.175627,2.57631,2.63458
0.21,1,0.642538,0.162401,2.5699,2.61599
0.23,1,0.595448,0.120288,2.49539,2.56668
0.25,1,0.53154,0.0602533,2.40473,2.49486
0.27,1,0.460868,-0.00812502,2.31261,2.40744
0.29,1,0.395701,-0.0725988,2.19666,2.31741
0.31,1,0.347687,-0.121754,2.20269,2.24367
0.33,1,0.324465,-0.147619,2.26408,2.20523
0.35,1,0.331621,-0.144656,2.27176,2.21729
0.37,1,0.367305,-0.112486,2.35285,2.27467
0.39,1,0.421213,-0.0621158,2.4342,2.35389
0.41,1,0.481302,-0.00409252,2.50231,2.43369
0.43,1,0.535057,0.0490773,2.57585,2.49897
0.45,1,0.573524,0.0887797,2.57192,2.54273
0.47,1,0.59412,0.111968,2.5674,2.56525
0.49,1,0.59404,0.115509,2.50651,2.56517
0.51,1,0.57363,0.0989995,2.50171,2.54284
0.53,1,0.535879,0.0643482,2.44509,2.49993
0.55,1,0.490604,0.0213771,2.38254,2.44537
0.57,1,0.443948,-0.0245223,2.32456,2.38503
0.59,1,0.40406,-0.0648745,2.27461,2.32956
0.61,1,0.378584,-0.0919304,2.27954,2.29193
0.63,1,0.37156,-0.101668,2.34121,2.28123
0.65,1,0.385268,-0.0912484,2.349,2.30198
0.67,1,0.417335,-0.0619593,2.45233,2.34846
0.69,1,0.457249,-0.0245696,2.45409,2.4027
0.71,1,0.496374,0.0140403,2.50502,2.45253
0.73,1,0.527893,0.0455528,2.52285,2.49057
0.75,1,0.548135,0.0675824,2.51993,2.51411
0.77,1,0.555569,0.0776638,2.51638,2.52259
0.79,1,0.548891,0.0735318,2.46159,2.51497
0.81,1,0.529795,0.0576962,2.41923,2.49281
0.83,1,0.501929,0.0315483,2.41688,2.45936
0.85,1,0.470346,0.00123153,2.34401,2.41972
0.87,1,0.44073,-0.0283984,2.34593,2.3807
0.89,1,0.418108,-0.0522543,2.34838,2.34954
0.91,1,0.405735,-0.0667923,2.35172,2.33197
0.93,1,0.407917,-0.0676218,2.35619,2.33509
0.95,1,0.423769,-0.0546673,2.39193,2.35746
0.97,1,0.448602,-0.0319482,2.42856,2.39126
0.99,1,0.47604,-0.00585507,2.49619,2.42701
