x,rho,E,F,T,Tr
0.01,1,0.310677,-0.170648,2.08072,2.18142
0.03,1,0.262499,-0.210666,2.08282,2.09143
0.05,1,0.261285,-0.215999,2.15989,2.08901
0.07,1,0.300522,-0.181708,2.27852,2.16337
0.09,1,0.371028,-0.116075,2.40328,2.28041
0.11,1,0.457576,-0.0328509,2.51223,2.40313
0.13,1,0.542985,0.0507972,2.63396,2.50818
0.15,1,0.611051,0.119486,2.64306,2.58334
0.17,1,0.651443,0.162904,2.63719,2.62501
0.19,1,0.660345,0.176292,2.5658,2.63393
0.21,1,0.636745,0.158298,2.55934,2.61007
0.23,1,0.586009,0.112164,2.48085,2.55645
0.25,1,0.5196,0.0498656,2.38798,2.48073
0.27,1,0.448626,-0.0193027,2.2934,2.39129
0.29,1,0.384788,-0.0827404,2.20297,2.30127
0.31,1,0.340004,-0.129064,2.21051,2.23117
0.33,1,0.321819,-0.149888,2.21855,2.20072
0.35,1,0.334882,-0.14086,2.28259,2.22272
0.37,1,0.3741,-0.105197,2.36547,2.28512
0.39,1,0.43025,-0.0527045,2.44579,2.36642
0.41,1,0.490358,0.00576878,2.51106,2.44506
0.43,1,0.542855,0.0573949,2.57295,2.50803
0.45,1,0.578224,0.094628,2.56892,2.54792
0.47,1,0.595063,0.113934,2.56442,2.56627
0.49,1,0.59166,0.114259,2.49748,2.56259
0.51,1,0.568864,0.0950514,2.49295,2.53754
0.53,1,0.528571,0.058176,2.43445,2.49136
0.55,1,0.482181,0.01386,2.36793,2.4348
0.57,1,0.43557,-0.0320465,2.27062,2.3737
0.59,1,0.396911,-0.0707567,2.27464,2.31918
0.61,1,0.37464,-0.0955637,2.27932,2.28594
0.63,1,0.371348,-0.101226,2.34869,2.2809
0.65,1,0.388531,-0.0877859,2.35407,2.30684
0.67,1,0.422654,-0.0561594,2.41272,2.3559
0.69,1,0.463673,-0.0176257,2.50217,2.4111
0.71,1,0.501936,0.0199357,2.52166,2.45937
0.73,1,0.531903,0.0501467,2.51953,2.49528
0.75,1,0.55016,0.0702766,2.5167,2.51642
0.77,1,0.554769,0.0778253,2.5132,2.52168
0.79,1,0.54621,0.0718273,2.45443,2.51189
0.81,1,0.525641,0.0545725,2.41206,2.48791
0.83,1,0.495957,0.0271085,2.40985,2.45201
0.85,1,0.464415,-0.00361187,2.34829,2.41206
0.87,1,0.434827,-0.0329275,2.34999,2.37269
0.89,1,0.413846,-0.0557324,2.35192,2.34353
0.91,1,0.40413,-0.0676884,2.33449,2.32966
0.93,1,0.408499,-0.0658563,2.3927,2.33593
0.95,1,0.426023,-0.0514555,2.43014,2.36059
0.97,1,0.45217,-0.02759,2.43274,2.396
0.99,1,0.479581,-0.00146027,2.49398,2.43151
