x,rho,E,F,T,Tr
0.01,1,0.310796,-0.169498,2.07941,2.18163
0.03,1,0.262095,-0.209758,2.0814,2.09063
0.05,1,0.260463,-0.215511,2.15769,2.08736
0.07,1,0.299493,-0.181778,2.27624,2.16152
0.09,1,0.369569,-0.116264,2.40134,2.27817
0.11,1,0.455938,-0.033218,2.50863,2.40098
0.13,1,0.54149,0.0504953,2.63367,2.50645
0.15,1,0.609928,0.119493,2.64237,2.58215
0.17,1,0.650315,0.162954,2.6365,2.62387
0.19,1,0.659608,0.176733,2.56564,2.63319
0.21,1,0.636465,0.159147,2.55913,2.60979
0.23,1,0.585813,0.113122,2.48078,2.55624
0.25,1,0.519487,0.0509782,2.38786,2.48059
0.27,1,0.448459,-0.0181404,2.29293,2.39107
0.29,1,0.384513,-0.0817195,2.20115,2.30086
0.31,1,0.339482,-0.128246,2.20856,2.23031
0.33,1,0.321006,-0.149378,2.21663,2.19933
0.35,1,0.33374,-0.140651,2.28048,2.22082
0.37,1,0.372688,-0.105203,2.36337,2.28296
0.39,1,0.428694,-0.052849,2.44383,2.36428
0.41,1,0.488825,0.00554855,2.50942,2.44315
0.43,1,0.541408,0.0573614,2.572,2.50636
0.45,1,0.577023,0.0947681,2.56802,2.54659
0.47,1,0.593946,0.114234,2.56349,2.56506
0.49,1,0.590766,0.114739,2.4968,2.56162
0.51,1,0.568146,0.0956771,2.49224,2.53674
0.53,1,0.527952,0.0589469,2.43375,2.49064
0.55,1,0.481584,0.0146911,2.36703,2.43405
0.57,1,0.434872,-0.0311815,2.26884,2.37275
0.59,1,0.396304,-0.070167,2.2728,2.3183
0.61,1,0.373544,-0.0948479,2.27769,2.28427
0.63,1,0.370151,-0.100931,2.34664,2.27906
0.65,1,0.387191,-0.0876991,2.35425,2.30485
0.67,1,0.421068,-0.0561604,2.41058,2.35369
0.69,1,0.461939,-0.0178104,2.50097,2.40884
0.71,1,0.500569,0.0198973,2.52053,2.45769
0.73,1,0.530332,0.0502358,2.51828,2.49344
0.75,1,0.548894,0.0703562,2.5156,2.51497
0.77,1,0.553558,0.0782619,2.51204,2.5203
0.79,1,0.545055,0.0722395,2.48672,2.51057
0.81,1,0.524612,0.0549883,2.41072,2.48669
0.83,1,0.495095,0.0277497,2.40845,2.45095
0.85,1,0.463382,-0.00312025,2.34617,2.41072
0.87,1,0.433906,-0.0323318,2.34787,2.37143
0.89,1,0.412721,-0.0553225,2.34981,2.34194
0.91,1,0.402826,-0.0674608,2.33239,2.32777
0.93,1,0.407037,-0.0657735,2.39051,2.33383
0.95,1,0.424506,-0.0514323,2.42816,2.35848
0.97,1,0.450516,-0.0276927,2.43077,2.39381
0.99,1,0.478003,-0.00148967,2.49249,2.42951
