x,rho,E,F,T,Tr
0.01,1,0.315724,-0.166368,2.07967,2.19022
0.03,1,0.264677,-0.208602,2.08158,2.09576
0.05,1,0.260684,-0.216818,2.15383,2.08781
0.07,1,0.29737,-0.18513,2.2707,2.15767
0.09,1,0.36603,-0.121279,2.39563,2.27269
0.11,1,0.452012,-0.0392181,2.50424,2.39579
0.13,1,0.537877,0.045059,2.58413,2.50226
0.15,1,0.607629,0.115291,2.64366,2.57971
0.17,1,0.649507,0.160068,2.63784,2.62306
0.19,1,0.660837,0.175794,2.57066,2.63442
0.21,1,0.639587,0.160134,2.56409,2.61298
0.23,1,0.590247,0.115418,2.48715,2.56106
0.25,1,0.524747,0.0540921,2.39511,2.48685
0.27,1,0.453891,-0.0149058,2.2997,2.39828
0.29,1,0.389243,-0.0789604,2.20119,2.3079
0.31,1,0.342972,-0.126725,2.20875,2.23602
0.33,1,0.322985,-0.149488,2.21674,2.20271
0.35,1,0.33377,-0.142307,2.27864,2.22087
0.37,1,0.371497,-0.108344,2.36048,2.28113
0.39,1,0.426833,-0.0567601,2.44136,2.36171
0.41,1,0.486791,0.00171518,2.50796,2.4406
0.43,1,0.540003,0.0539619,2.5745,2.50473
0.45,1,0.576724,0.0922529,2.57037,2.54626
0.47,1,0.595053,0.113034,2.56601,2.56626
0.49,1,0.593039,0.114652,2.5016,2.56408
0.51,1,0.571139,0.0966779,2.49704,2.54008
0.53,1,0.532031,0.0605542,2.43924,2.49543
0.55,1,0.486217,0.0166701,2.37638,2.43988
0.57,1,0.439467,-0.0290816,2.27132,2.37899
0.59,1,0.400487,-0.0684881,2.27557,2.32439
0.61,1,0.376828,-0.0937994,2.28043,2.28927
0.63,1,0.371936,-0.101424,2.34635,2.28181
0.65,1,0.387601,-0.089666,2.35394,2.30546
0.67,1,0.420917,-0.0586413,2.41016,2.35348
0.69,1,0.46145,-0.0206348,2.50493,2.4082
0.71,1,0.500108,0.017278,2.50235,2.45713
0.73,1,0.530738,0.0480945,2.52147,2.49391
0.75,1,0.549918,0.0690226,2.51868,2.51615
0.77,1,0.555717,0.0776867,2.51519,2.52275
0.79,1,0.547889,0.0723948,2.45815,2.51382
0.81,1,0.527829,0.0557054,2.4156,2.49049
0.83,1,0.498987,0.0288728,2.41331,2.45575
0.85,1,0.467173,-0.00172362,2.34731,2.41563
0.87,1,0.437584,-0.0312614,2.34908,2.37644
0.89,1,0.415974,-0.0545426,2.35113,2.34654
0.91,1,0.405318,-0.0674208,2.35439,2.33137
0.93,1,0.408726,-0.06662,2.39151,2.33625
0.95,1,0.42556,-0.0528693,2.42899,2.35994
0.97,1,0.451184,-0.0295095,2.43164,2.39469
0.99,1,0.478639,-0.00333746,2.49545,2.43032
