x,rho,E,F,T,Tr
0.01,1,0.51445,0.0253953,2.33813,2.47456
0.03,1,0.408107,-0.0615775,2.20225,2.33537
0.05,1,0.328393,-0.141651,2.13317,2.21187
0.07,1,0.279573,-0.192666,2.14521,2.12464
0.09,1,0.269146,-0.206669,2.15655,2.10455
0.11,1,0.29835,-0.18133,2.26174,2.15945
0.13,1,0.359623,-0.124031,2.3796,2.26268
0.15,1,0.439354,-0.0472662,2.48563,2.37884
0.17,1,0.520708,0.0324661,2.58949,2.48205
0.19,1,0.588567,0.100637,2.5829,2.55924
0.21,1,0.634001,0.148197,2.62626,2.60726
0.23,1,0.649795,0.167217,2.56978,2.62335
0.25,1,0.633446,0.155381,2.56397,2.60669
0.27,1,0.59085,0.116343,2.49455,2.56171
0.29,1,0.53147,0.0603867,2.40993,2.49477
0.31,1,0.465247,-0.00444194,2.32233,2.41314
0.33,1,0.403036,-0.0660108,2.25418,2.32808
0.35,1,0.356495,-0.113862,2.2621,2.25774
0.37,1,0.332408,-0.139769,2.2698,2.2186
0.39,1,0.337252,-0.137938,2.27663,2.22664
0.41,1,0.369379,-0.108013,2.35186,2.27787
0.43,1,0.419704,-0.0606709,2.42836,2.35178
0.45,1,0.475825,-0.00518027,2.49358,2.42674
0.47,1,0.527019,0.0451957,2.56777,2.48953
0.49,1,0.56399,0.0836054,2.56299,2.53209
0.51,1,0.585576,0.106673,2.55859,2.55598
0.53,1,0.586764,0.110651,2.50197,2.55727
0.55,1,0.56863,0.094977,2.49829,2.53728
0.57,1,0.534101,0.0624482,2.4458,2.49786
0.59,1,0.492048,0.0217458,2.38743,2.44717
0.61,1,0.448739,-0.0217726,2.32868,2.39144
0.63,1,0.411054,-0.0599043,2.33342,2.33957
0.65,1,0.384879,-0.0872816,2.3024,2.3014
0.67,1,0.376334,-0.0974619,2.34649,2.28852
0.69,1,0.388213,-0.0872721,2.35058,2.30637
0.71,1,0.417262,-0.0598775,2.44829,2.34835
0.73,1,0.454041,-0.0238529,2.44945,2.39847
0.75,1,0.490801,0.0128219,2.52104,2.44561
0.77,1,0.520012,0.042844,2.51944,2.48122
0.79,1,0.541089,0.0647813,2.51589,2.50599
0.81,1,0.549473,0.0751729,2.46164,2.51564
0.83,1,0.544506,0.0712146,2.48816,2.50993
0.85,1,0.527166,0.0551212,2.41902,2.48971
0.87,1,0.502238,0.0303822,2.41852,2.45974
0.89,1,0.473133,0.00122874,2.34347,2.4233
0.91,1,0.445469,-0.0270199,2.3471,2.38707
0.93,1,0.423349,-0.050404,2.35174,2.35687
0.95,1,0.410268,-0.0644348,2.35632,2.33845
0.97,1,0.410772,-0.0651305,2.38957,2.33917
0.99,1,0.424384,-0.0522202,2.39161,2.35831
