x,rho,E,F,T,Tr
0.01,1,0.553706,0.0620081,2.39182,2.52047
0.03,1,0.445247,-0.0251076,2.24562,2.38678
0.05,1,0.357402,-0.112071,2.10671,2.25918
0.07,1,0.295805,-0.175034,2.11858,2.15483
0.09,1,0.269978,-0.203754,2.12962,2.10617
0.11,1,0.284217,-0.193383,2.21936,2.13341
0.13,1,0.333818,-0.147643,2.33467,2.22095
0.15,1,0.407611,-0.0775325,2.4459,2.33466
0.17,1,0.489725,0.00246042,2.53552,2.44427
0.19,1,0.563834,0.0760065,2.60217,2.53192
0.21,1,0.617507,0.131061,2.59546,2.59013
0.23,1,0.644946,0.161705,2.58896,2.61844
0.25,1,0.640709,0.16126,2.58289,2.61413
0.27,1,0.607899,0.132398,2.52273,2.58
0.29,1,0.555043,0.0829231,2.44364,2.52199
0.31,1,0.490913,0.020881,2.35612,2.44575
0.33,1,0.426224,-0.0427529,2.23051,2.36086
0.35,1,0.372378,-0.0968292,2.23874,2.28248
0.37,1,0.339272,-0.131595,2.24668,2.22997
0.39,1,0.332742,-0.140438,2.2537,2.21916
0.41,1,0.355123,-0.120721,2.32189,2.25557
0.43,1,0.398896,-0.0792824,2.39951,2.32208
0.45,1,0.453947,-0.0260675,2.47012,2.39835
0.47,1,0.507298,0.0270914,2.55934,2.46591
0.49,1,0.550099,0.0694588,2.55434,2.51635
0.51,1,0.577929,0.0994133,2.54923,2.54759
0.53,1,0.587043,0.109825,2.545,2.55758
0.55,1,0.575551,0.101299,2.4694,2.54497
0.57,1,0.548432,0.0759437,2.46671,2.51444
0.59,1,0.50874,0.0377633,2.41024,2.46766
0.61,1,0.465023,-0.00531209,2.35236,2.41285
0.63,1,0.423922,-0.0463103,2.28716,2.35767
0.65,1,0.393067,-0.0778191,2.2929,2.31355
0.67,1,0.377745,-0.0947688,2.29771,2.29066
0.69,1,0.381902,-0.0917274,2.33236,2.29694
0.71,1,0.404296,-0.0708,2.42917,2.3299
0.73,1,0.438665,-0.0375463,2.4297,2.37791
0.75,1,0.476036,-0.000347452,2.48497,2.42701
0.77,1,0.509042,0.0326404,2.48208,2.46803
0.79,1,0.532842,0.0574707,2.47828,2.49638
0.81,1,0.546151,0.071701,2.4742,2.51183
0.83,1,0.546307,0.0730306,2.47098,2.51201
0.85,1,0.533862,0.0613349,2.46898,2.49758
0.87,1,0.512271,0.0401715,2.39457,2.47193
0.89,1,0.484522,0.0126613,2.39542,2.43775
0.91,1,0.455143,-0.0172998,2.33775,2.39993
0.93,1,0.430568,-0.042193,2.34255,2.36686
0.95,1,0.413893,-0.0598461,2.34717,2.3436
0.97,1,0.409047,-0.0652294,2.35054,2.33671
0.99,1,0.417556,-0.0570969,2.41066,2.34877
