x,rho,E,F,T,Tr
0.01,1,0.254157,-0.232028,2.14584,2.07461
0.03,1,0.287167,-0.19426,2.25964,2.13892
0.05,1,0.358722,-0.127552,2.39173,2.26126
0.07,1,0.449175,-0.0414978,2.50646,2.39202
0.09,1,0.540115,0.0472562,2.59112,2.50486
0.11,1,0.614699,0.121582,2.64034,2.58718
0.13,1,0.660131,0.169519,2.63396,2.63372
0.15,1,0.672268,0.185875,2.57839,2.64574
0.17,1,0.649687,0.168573,2.57216,2.62324
0.19,1,0.59788,0.121653,2.49158,2.5693
0.21,1,0.528466,0.056717,2.39447,2.49124
0.23,1,0.453278,-0.0159189,2.29328,2.39747
0.25,1,0.384734,-0.0830684,2.18833,2.30118
0.27,1,0.335563,-0.133032,2.1958,2.22385
0.29,1,0.314055,-0.156557,2.20297,2.18732
0.31,1,0.32505,-0.148993,2.268,2.20622
0.33,1,0.36437,-0.113355,2.35453,2.27011
0.35,1,0.422291,-0.0590451,2.44,2.3554
0.37,1,0.485894,0.00226053,2.51031,2.43948
0.39,1,0.542546,0.0573516,2.58081,2.50767
0.41,1,0.582045,0.0975287,2.57672,2.55212
0.43,1,0.601916,0.118964,2.57295,2.57363
0.45,1,0.600274,0.120479,2.50553,2.57187
0.47,1,0.577813,0.101105,2.50176,2.54747
0.49,1,0.536251,0.0632506,2.44151,2.50037
0.51,1,0.487573,0.0171358,2.3746,2.44158
0.53,1,0.437631,-0.0309769,2.31381,2.3765
0.55,1,0.395592,-0.0724639,2.26705,2.31725
0.57,1,0.369904,-0.0988167,2.27062,2.27868
0.59,1,0.364473,-0.105941,2.34065,2.27027
0.61,1,0.380732,-0.0927084,2.34435,2.29518
0.63,1,0.415192,-0.0603322,2.40371,2.34544
0.65,1,0.458493,-0.020443,2.50969,2.40433
0.67,1,0.499875,0.0194616,2.50549,2.45684
0.69,1,0.532824,0.051243,2.50217,2.49636
0.71,1,0.553628,0.0727369,2.52166,2.52038
0.73,1,0.560721,0.0807478,2.51953,2.52841
0.75,1,0.552911,0.0753329,2.45949,2.51956
0.77,1,0.532401,0.0571871,2.45733,2.49587
0.79,1,0.501699,0.0287862,2.3726,2.45908
0.81,1,0.467676,-0.00256543,2.34198,2.41628
0.83,1,0.435516,-0.0335781,2.34574,2.37363
0.85,1,0.411534,-0.0568987,2.34829,2.34025
0.87,1,0.399374,-0.0695624,2.34999,2.32277
0.89,1,0.402378,-0.0683073,2.35192,2.32713
0.91,1,0.41936,-0.053199,2.38962,2.3513
0.93,1,0.446439,-0.028735,2.47344,2.38837
0.95,1,0.47582,-0.00174094,2.49672,2.42673
0.97,1,0.501831,0.0225199,2.49478,2.45924
0.99,1,0.520999,0.0407949,2.49398,2.48239
