x,rho,E,F,T,Tr
0.01,1,0.268956,-0.213047,2.1294,2.10417
0.03,1,0.253835,-0.222632,2.13164,2.07395
0.05,1,0.28555,-0.195865,2.24777,2.13591
0.07,1,0.351728,-0.13479,2.37671,2.25016
0.09,1,0.438088,-0.052526,2.4911,2.37712
0.11,1,0.52713,0.0339859,2.57744,2.48966
0.13,1,0.601657,0.108618,2.64921,2.57335
0.15,1,0.650291,0.159485,2.64376,2.62385
0.17,1,0.666735,0.18023,2.58336,2.64028
0.19,1,0.649072,0.167764,2.57683,2.62262
0.21,1,0.601911,0.125575,2.50157,2.57362
0.23,1,0.536625,0.0646561,2.40911,2.5008
0.25,1,0.463865,-0.00522291,2.31351,2.41134
0.27,1,0.396299,-0.0716009,2.24197,2.31829
0.29,1,0.345952,-0.122812,2.24913,2.24086
0.31,1,0.320677,-0.150508,2.25599,2.19876
0.33,1,0.326428,-0.148469,2.26336,2.20856
0.35,1,0.36184,-0.116816,2.34589,2.26616
0.37,1,0.416699,-0.0661875,2.42989,2.34756
0.39,1,0.478339,-0.00690487,2.50119,2.42994
0.41,1,0.534389,0.0479027,2.57962,2.49819
0.43,1,0.575249,0.0893397,2.57601,2.54463
0.45,1,0.597573,0.113925,2.57207,2.56897
0.47,1,0.598618,0.118362,2.51147,2.57009
0.49,1,0.578477,0.102055,2.50692,2.5482
0.51,1,0.540105,0.0673703,2.44952,2.50485
0.53,1,0.493598,0.0237979,2.38512,2.44909
0.55,1,0.445293,-0.0230835,2.32457,2.38684
0.57,1,0.403469,-0.064507,2.2706,2.3287
0.59,1,0.37638,-0.0928842,2.2745,2.28859
0.61,1,0.367993,-0.103636,2.33577,2.27573
0.63,1,0.38103,-0.0937987,2.34067,2.29563
0.65,1,0.413366,-0.0646132,2.44999,2.34285
0.67,1,0.454449,-0.0265851,2.45193,2.39901
0.69,1,0.495078,0.012707,2.50772,2.45092
0.71,1,0.52834,0.0450885,2.50535,2.49109
0.73,1,0.549923,0.0681123,2.50312,2.51615
0.75,1,0.558881,0.0787937,2.52014,2.52634
0.77,1,0.552414,0.0753643,2.46526,2.519
0.79,1,0.533251,0.059151,2.46197,2.49686
0.81,1,0.504855,0.0332237,2.37969,2.46294
0.83,1,0.471939,0.00265568,2.3412,2.42177
0.85,1,0.44082,-0.0278961,2.34363,2.38082
0.87,1,0.416836,-0.0520645,2.34556,2.34775
0.89,1,0.403282,-0.067178,2.34802,2.32843
0.91,1,0.404472,-0.0683478,2.35137,2.33015
0.93,1,0.419905,-0.0556319,2.42158,2.35206
0.95,1,0.445597,-0.0330731,2.47453,2.38725
0.97,1,0.474174,-0.00689989,2.49706,2.42463
0.99,1,0.499682,0.0173532,2.49632,2.4566
