x,rho,E,F,T,Tr
0.01,1,0.482117,-0.00615397,2.29468,2.43472
0.03,1,0.379518,-0.0910894,2.165,2.29335
0.05,1,0.307969,-0.16382,2.09645,2.17665
0.07,1,0.27075,-0.203758,2.10818,2.10767
0.09,1,0.27368,-0.204791,2.18584,2.11335
0.11,1,0.314592,-0.167893,2.29965,2.18826
0.13,1,0.384127,-0.102437,2.41658,2.30028
0.15,1,0.467122,-0.0220933,2.51672,2.41557
0.17,1,0.546743,0.056497,2.63753,2.51251
0.19,1,0.608505,0.119208,2.63148,2.58064
0.21,1,0.644136,0.157781,2.62545,2.61762
0.23,1,0.649248,0.166776,2.55164,2.62279
0.25,1,0.623968,0.146251,2.54588,2.59688
0.27,1,0.574742,0.100609,2.46971,2.54407
0.29,1,0.511255,0.0401971,2.38141,2.4707
0.31,1,0.444457,-0.0257965,2.29429,2.38572
0.33,1,0.385137,-0.0850126,2.22059,2.30179
0.35,1,0.344932,-0.127027,2.22895,2.23921
0.37,1,0.330133,-0.14402,2.23674,2.2148
0.39,1,0.345322,-0.132283,2.2995,2.23984
0.41,1,0.384422,-0.0956527,2.3781,2.30072
0.43,1,0.438487,-0.0441948,2.45261,2.37766
0.45,1,0.494924,0.0116366,2.51203,2.45073
0.47,1,0.54303,0.0598131,2.56473,2.50823
0.49,1,0.574734,0.0933341,2.55993,2.54407
0.51,1,0.588853,0.109454,2.55523,2.55955
0.53,1,0.583819,0.107657,2.48781,2.55406
0.55,1,0.561198,0.0873685,2.48403,2.52895
0.57,1,0.522486,0.0504839,2.428,2.48416
0.59,1,0.478483,0.00746105,2.36659,2.43012
0.61,1,0.43512,-0.0362145,2.28062,2.37309
0.63,1,0.400039,-0.07193,2.28621,2.32374
0.65,1,0.380089,-0.0937603,2.29176,2.29421
0.67,1,0.378782,-0.0966949,2.36154,2.29223
0.69,1,0.396439,-0.0813087,2.41788,2.31849
0.71,1,0.429703,-0.0499756,2.41958,2.36567
0.73,1,0.467793,-0.0118372,2.46433,2.41643
0.75,1,0.503138,0.0234203,2.5172,2.46084
0.77,1,0.530062,0.051463,2.51368,2.49312
0.79,1,0.546285,0.0694737,2.48792,2.51198
0.81,1,0.549976,0.074933,2.48414,2.51621
0.83,1,0.540862,0.0673468,2.48098,2.50572
0.85,1,0.521376,0.0487101,2.4082,2.48284
0.87,1,0.493926,0.0216534,2.40795,2.4495
0.89,1,0.46405,-0.00845343,2.33215,2.41159
0.91,1,0.437559,-0.0360698,2.33615,2.37641
0.93,1,0.418157,-0.0566416,2.34083,2.34961
0.95,1,0.410075,-0.0665027,2.36633,2.33818
0.97,1,0.415114,-0.062739,2.36998,2.34533
0.99,1,0.431704,-0.0468971,2.4365,2.36842
