x,rho,E,F,T,Tr
0.01,1,0.597354,0.100907,2.45179,2.56874
0.03,1,0.489719,0.017274,2.30986,2.44426
0.05,1,0.395975,-0.0748742,2.18892,2.31781
0.07,1,0.321731,-0.149556,2.10209,2.20057
0.09,1,0.279436,-0.193862,2.11262,2.12438
0.11,1,0.275787,-0.200892,2.17833,2.11741
0.13,1,0.310324,-0.170379,2.28483,2.1808
0.15,1,0.374456,-0.110155,2.39918,2.28566
0.17,1,0.453915,-0.03351,2.4987,2.39831
0.19,1,0.532866,0.0438063,2.57159,2.49641
0.21,1,0.596234,0.107649,2.62644,2.56753
0.23,1,0.634676,0.148211,2.62111,2.60795
0.25,1,0.645133,0.162052,2.55766,2.61863
0.27,1,0.625799,0.146746,2.55227,2.59878
0.29,1,0.580727,0.104923,2.48158,2.55067
0.31,1,0.520989,0.0482241,2.39754,2.48238
0.33,1,0.455929,-0.015244,2.31112,2.40097
0.35,1,0.396807,-0.0740149,2.21616,2.31903
0.37,1,0.354332,-0.117137,2.22229,2.25431
0.39,1,0.335153,-0.138061,2.28631,2.22317
0.41,1,0.343933,-0.131861,2.2921,2.23759
0.43,1,0.379111,-0.0988812,2.36662,2.29273
0.45,1,0.429929,-0.0503176,2.44025,2.36598
0.47,1,0.485209,0.0037528,2.50071,2.43862
0.49,1,0.533619,0.0516745,2.56255,2.49729
0.51,1,0.567376,0.0861753,2.55796,2.53588
0.53,1,0.584779,0.10499,2.55405,2.55511
0.55,1,0.583255,0.105634,2.4936,2.55344
0.57,1,0.563681,0.0879318,2.49061,2.53174
0.59,1,0.527959,0.0542099,2.43825,2.49064
0.61,1,0.486168,0.0133997,2.37814,2.43982
0.63,1,0.44335,-0.0287102,2.28492,2.38423
0.65,1,0.407398,-0.0645399,2.29037,2.33435
0.67,1,0.385249,-0.0877819,2.29453,2.30196
0.69,1,0.380095,-0.0939339,2.35786,2.29422
0.71,1,0.393678,-0.081421,2.40968,2.31444
0.73,1,0.424318,-0.0525755,2.45608,2.35822
0.75,1,0.460593,-0.0167388,2.4557,2.40708
0.77,1,0.496486,0.0182871,2.51638,2.45266
0.79,1,0.524245,0.0464717,2.51242,2.48625
0.81,1,0.542482,0.0650885,2.4891,2.5076
0.83,1,0.548711,0.0723711,2.48613,2.51476
0.85,1,0.542005,0.0662008,2.48414,2.50705
0.87,1,0.524545,0.0492564,2.41503,2.48661
0.89,1,0.499084,0.0241354,2.41548,2.45587
0.91,1,0.470025,-0.00454075,2.35172,2.41931
0.93,1,0.443517,-0.0313161,2.35619,2.38445
0.95,1,0.422851,-0.0521846,2.39193,2.35618
0.97,1,0.411756,-0.0635729,2.36464,2.34057
0.99,1,0.413805,-0.0615838,2.36659,2.34348
