x,rho,E,F,T,Tr
0.01,1,0.729428,0.213565,2.685,2.70027
0.03,1,0.695299,0.209976,2.61404,2.66811
0.05,1,0.636707,0.157993,2.52189,2.61004
0.07,1,0.554156,0.0808654,2.40698,2.52098
0.09,1,0.462972,-0.00666848,2.2856,2.41018
0.11,1,0.378942,-0.089153,2.18345,2.29248
0.13,1,0.316482,-0.152517,2.13645,2.19154
0.15,1,0.286173,-0.185254,2.14576,2.13707
0.17,1,0.293264,-0.182091,2.21974,2.15019
0.19,1,0.334708,-0.144885,2.32336,2.22243
0.21,1,0.40061,-0.083219,2.428,2.32457
0.23,1,0.476639,-0.0103508,2.5164,2.42778
0.25,1,0.547157,0.0587073,2.61447,2.51298
0.27,1,0.599678,0.111564,2.60972,2.57123
0.29,1,0.627936,0.142359,2.60501,2.601
0.31,1,0.629967,0.147762,2.53245,2.6031
0.33,1,0.605212,0.127778,2.52755,2.57714
0.35,1,0.558107,0.0844796,2.45679,2.52546
0.37,1,0.499898,0.0298982,2.37667,2.45687
0.39,1,0.439587,-0.0287337,2.30027,2.37916
0.41,1,0.386964,-0.0804159,2.24752,2.30451
0.43,1,0.352544,-0.115901,2.25312,2.25146
0.45,1,0.342118,-0.128712,2.25861,2.23463
0.47,1,0.358759,-0.115032,2.31749,2.26132
0.49,1,0.397033,-0.0803966,2.38868,2.31936
0.51,1,0.44734,-0.0331201,2.45745,2.38958
0.53,1,0.498469,0.0159821,2.55094,2.45511
0.55,1,0.540355,0.0568638,2.54762,2.50514
0.57,1,0.567512,0.0849547,2.54464,2.53603
0.59,1,0.578259,0.0973078,2.54153,2.54796
0.61,1,0.571736,0.093761,2.47709,2.54074
0.63,1,0.549606,0.0745617,2.42463,2.51579
0.65,1,0.512742,0.0413438,2.42217,2.4725
0.67,1,0.47234,0.00254323,2.36668,2.42228
0.69,1,0.432629,-0.0351382,2.2989,2.36968
0.71,1,0.402215,-0.065623,2.30177,2.32689
0.73,1,0.385801,-0.0831788,2.30441,2.30278
0.75,1,0.386723,-0.0839865,2.37238,2.30415
0.77,1,0.404642,-0.0691919,2.42083,2.33039
0.79,1,0.436685,-0.0401907,2.42298,2.37522
0.81,1,0.471805,-0.0071317,2.48405,2.4216
0.83,1,0.503922,0.0229555,2.48098,2.4618
0.85,1,0.527728,0.0467393,2.47903,2.49037
0.87,1,0.54189,0.0611531,2.47775,2.50691
0.89,1,0.543778,0.0649121,2.47641,2.50909
0.91,1,0.53393,0.0570841,2.47422,2.49766
0.93,1,0.514425,0.0401353,2.40723,2.47453
0.95,1,0.488274,0.0168012,2.36433,2.44246
0.97,1,0.460317,-0.00903934,2.36798,2.40672
0.99,1,0.435914,-0.0323553,2.37004,2.37417
