x,rho,E,F,T,Tr
0.01,1,0.252987,-0.232844,2.13039,2.07222
0.03,1,0.279341,-0.201761,2.23901,2.1242
0.05,1,0.346077,-0.140073,2.37147,2.24107
0.07,1,0.434218,-0.0561722,2.48952,2.37186
0.09,1,0.525914,0.0327161,2.57905,2.48823
0.11,1,0.60332,0.109874,2.65444,2.57513
0.13,1,0.654372,0.162861,2.64911,2.62795
0.15,1,0.672413,0.184853,2.58906,2.64588
0.17,1,0.655242,0.172836,2.58276,2.62883
0.19,1,0.607471,0.130138,2.5063,2.57954
0.21,1,0.54068,0.0678094,2.41172,2.50551
0.23,1,0.46605,-0.00405056,2.31302,2.41418
0.25,1,0.396321,-0.0723788,2.23521,2.31832
0.27,1,0.343862,-0.12515,2.24272,2.23747
0.29,1,0.317077,-0.153981,2.24988,2.19257
0.31,1,0.321924,-0.152442,2.25676,2.2009
0.33,1,0.357258,-0.120564,2.34101,2.25895
0.35,1,0.41284,-0.0688285,2.42729,2.34211
0.37,1,0.476154,-0.00811851,2.50075,2.42716
0.39,1,0.534334,0.048106,2.58332,2.49813
0.41,1,0.576866,0.0910102,2.57945,2.54642
0.43,1,0.600738,0.116533,2.57585,2.57237
0.45,1,0.60277,0.121336,2.51488,2.57454
0.47,1,0.582723,0.104985,2.511,2.55286
0.49,1,0.543911,0.0695191,2.45262,2.50925
0.51,1,0.496275,0.0249458,2.38689,2.4524
0.53,1,0.44638,-0.0229795,2.32431,2.38829
0.55,1,0.40296,-0.0655286,2.2673,2.32797
0.57,1,0.374333,-0.0947948,2.2706,2.28547
0.59,1,0.364787,-0.106,2.33232,2.27076
0.61,1,0.37743,-0.0963162,2.33637,2.29019
0.63,1,0.409949,-0.0665257,2.39493,2.338
0.65,1,0.452007,-0.027476,2.45051,2.39579
0.67,1,0.49387,0.0127829,2.51078,2.44943
0.69,1,0.528576,0.0461017,2.50752,2.49137
0.71,1,0.551391,0.0695376,2.50502,2.51783
0.73,1,0.561371,0.0804421,2.52285,2.52915
0.75,1,0.555539,0.0770399,2.46716,2.52255
0.77,1,0.536521,0.0604397,2.46471,2.50068
0.79,1,0.50749,0.0338849,2.38037,2.46614
0.81,1,0.473774,0.00268526,2.33789,2.42412
0.83,1,0.441343,-0.0283814,2.34154,2.38153
0.85,1,0.416043,-0.0530316,2.34401,2.34664
0.87,1,0.401445,-0.0686038,2.34593,2.32578
0.89,1,0.401673,-0.0696572,2.34838,2.32611
0.91,1,0.416816,-0.0566777,2.4205,2.34773
0.93,1,0.442753,-0.0334528,2.42201,2.38343
0.95,1,0.472161,-0.00633416,2.47428,2.42206
0.97,1,0.498762,0.0182877,2.49693,2.45547
0.99,1,0.519037,0.0375579,2.49619,2.48005
