x,rho,E,F,T,Tr
0.01,1,0.716478,0.200928,2.66796,2.6882
0.03,1,0.707733,0.22182,2.6489,2.67996
0.05,1,0.67009,0.190936,2.57599,2.64359
0.07,1,0.601362,0.128201,2.47429,2.57303
0.09,1,0.514721,0.0465344,2.35585,2.47488
0.11,1,0.426165,-0.0396297,2.23941,2.36078
0.13,1,0.350467,-0.114795,2.15273,2.24814
0.15,1,0.301126,-0.165902,2.16199,2.16445
0.17,1,0.285581,-0.184687,2.17161,2.13596
0.19,1,0.307261,-0.167176,2.26025,2.1754
0.21,1,0.35956,-0.119392,2.36582,2.26258
0.23,1,0.430373,-0.052419,2.46501,2.36659
0.25,1,0.504316,0.0191593,2.5777,2.46228
0.27,1,0.567248,0.0813708,2.57215,2.53574
0.29,1,0.610573,0.126386,2.56708,2.58283
0.31,1,0.628787,0.148053,2.56196,2.60188
0.33,1,0.618184,0.141647,2.55636,2.59084
0.35,1,0.582982,0.110956,2.49666,2.55314
0.37,1,0.531881,0.0637577,2.42145,2.49526
0.39,1,0.472484,0.00724205,2.34105,2.42247
0.41,1,0.415326,-0.04889,2.26182,2.34563
0.43,1,0.370253,-0.0940764,2.26721,2.27922
0.45,1,0.345068,-0.121235,2.27279,2.23943
0.47,1,0.345399,-0.123909,2.27872,2.23997
0.49,1,0.371823,-0.101106,2.34423,2.28163
0.51,1,0.415551,-0.0607643,2.41457,2.34594
0.53,1,0.466623,-0.0123383,2.4755,2.41492
0.55,1,0.513693,0.0333847,2.53791,2.47365
0.57,1,0.549232,0.0690323,2.53484,2.51536
0.59,1,0.571041,0.0926085,2.53171,2.53997
0.61,1,0.574344,0.0985256,2.52797,2.54363
0.63,1,0.559612,0.087171,2.45294,2.52716
0.65,1,0.531407,0.0621634,2.44944,2.4947
0.67,1,0.493025,0.0268585,2.39575,2.44838
0.69,1,0.453315,-0.0115442,2.33355,2.39752
0.71,1,0.417634,-0.0463421,2.33644,2.34888
0.73,1,0.392341,-0.0728028,2.30627,2.31248
0.75,1,0.382158,-0.084553,2.31008,2.29732
0.77,1,0.390951,-0.0787402,2.38872,2.31043
0.79,1,0.415564,-0.0572061,2.39193,2.34596
0.81,1,0.448853,-0.0267278,2.4688,2.39159
0.83,1,0.482548,0.00498225,2.46562,2.43527
0.85,1,0.511366,0.0330064,2.46361,2.47084
0.87,1,0.531288,0.0534845,2.46259,2.49456
0.89,1,0.540788,0.064454,2.46165,2.50564
0.91,1,0.537528,0.0636724,2.45992,2.50185
0.93,1,0.522454,0.0516709,2.45704,2.48413
0.95,1,0.499875,0.0317477,2.42232,2.45684
0.97,1,0.473497,0.00759936,2.34916,2.42377
0.99,1,0.4465,-0.0180364,2.35088,2.38845
