x,rho,E,F,T,Tr
0.01,1,0.416647,-0.089414,2.47977,2.34749
0.03,1,0.508306,0.0145637,2.57182,2.46713
0.05,1,0.59699,0.102828,2.63033,2.56834
0.07,1,0.65981,0.167563,2.62249,2.6334
0.09,1,0.687656,0.19926,2.61505,2.66075
0.11,1,0.676624,0.193297,2.60813,2.65001
0.13,1,0.631527,0.15311,2.53155,2.60471
0.15,1,0.562875,0.0889036,2.43288,2.53084
0.17,1,0.483014,0.0118246,2.32302,2.43585
0.19,1,0.40579,-0.0641796,2.20002,2.33204
0.21,1,0.344646,-0.125778,2.20976,2.23875
0.23,1,0.30999,-0.162948,2.21887,2.18021
0.25,1,0.307769,-0.168023,2.2276,2.17629
0.27,1,0.339023,-0.140076,2.31496,2.22956
0.29,1,0.394175,-0.0877758,2.40881,2.31518
0.31,1,0.46085,-0.0229893,2.48962,2.40742
0.33,1,0.524996,0.0401137,2.59869,2.48714
0.35,1,0.575495,0.0908766,2.59334,2.54491
0.37,1,0.606876,0.123912,2.5886,2.57891
0.39,1,0.614192,0.134248,2.532,2.58665
0.41,1,0.597032,0.119781,2.52751,2.56839
0.43,1,0.559027,0.0846708,2.46804,2.5265
0.45,1,0.509978,0.0373503,2.39615,2.46916
0.47,1,0.456565,-0.0147775,2.29545,2.4018
0.49,1,0.40844,-0.0628681,2.30204,2.33584
0.51,1,0.373334,-0.0987205,2.30855,2.28395
0.53,1,0.35795,-0.115834,2.31436,2.26004
0.55,1,0.366303,-0.109034,2.31908,2.27312
0.57,1,0.397268,-0.0806262,2.38035,2.3197
0.59,1,0.439827,-0.03889,2.44236,2.37948
0.61,1,0.485375,0.00519492,2.52634,2.43883
0.63,1,0.523557,0.0437569,2.52186,2.48544
0.65,1,0.551675,0.0728156,2.51732,2.51815
0.67,1,0.566148,0.0885462,2.51322,2.53451
0.69,1,0.563483,0.0873935,2.51,2.53152
0.71,1,0.545923,0.0709239,2.43381,2.51156
0.73,1,0.517489,0.0437714,2.38489,2.4782
0.75,1,0.482464,0.00894126,2.38578,2.43516
0.77,1,0.447776,-0.0254198,2.32511,2.39016
0.79,1,0.41908,-0.054657,2.33059,2.35091
0.81,1,0.400159,-0.0742428,2.33542,2.32391
0.83,1,0.396545,-0.0786486,2.37242,2.31865
0.85,1,0.409293,-0.0667388,2.41498,2.33706
0.87,1,0.434141,-0.0424707,2.41552,2.37175
0.89,1,0.46429,-0.0122038,2.48666,2.4119
0.91,1,0.492675,0.0161536,2.48412,2.44794
0.93,1,0.515444,0.0395285,2.48049,2.47575
0.95,1,0.530744,0.055481,2.47654,2.49392
0.97,1,0.535866,0.0610905,2.47352,2.49992
0.99,1,0.529614,0.0551687,2.44662,2.49259
