x,rho,E,F,T,Tr
0.01,1,0.66317,0.161663,2.54628,2.63674
0.03,1,0.566182,0.0923743,2.41587,2.53455
0.05,1,0.470254,-0.000139007,2.28731,2.41961
0.07,1,0.380918,-0.0881206,2.17615,2.29546
0.09,1,0.313038,-0.156366,2.11573,2.18555
0.11,1,0.278289,-0.193254,2.12559,2.1222
0.13,1,0.282053,-0.192693,2.1999,2.12934
0.15,1,0.322296,-0.156206,2.30762,2.20153
0.17,1,0.389397,-0.0930662,2.41818,2.30813
0.19,1,0.468545,-0.016667,2.51343,2.4174
0.21,1,0.543976,0.0572206,2.62448,2.50932
0.23,1,0.601683,0.115315,2.61882,2.57338
0.25,1,0.633816,0.149743,2.61373,2.60707
0.27,1,0.638567,0.157569,2.54163,2.61194
0.29,1,0.614835,0.138034,2.53683,2.58733
0.31,1,0.566987,0.0934063,2.46406,2.53545
0.33,1,0.506539,0.0361424,2.38032,2.46499
0.35,1,0.443009,-0.0260595,2.29832,2.38377
0.37,1,0.386594,-0.0814802,2.23266,2.30396
0.39,1,0.348597,-0.120405,2.2397,2.24513
0.41,1,0.335001,-0.135501,2.24556,2.22292
0.43,1,0.350027,-0.123156,2.30525,2.24743
0.45,1,0.387793,-0.0875658,2.37959,2.30575
0.47,1,0.439503,-0.0384036,2.45003,2.37904
0.49,1,0.493274,0.0141095,2.50601,2.44869
0.51,1,0.538819,0.0588426,2.554,2.50335
0.53,1,0.568641,0.0894519,2.5499,2.53729
0.55,1,0.581767,0.103655,2.54647,2.55181
0.57,1,0.577089,0.100761,2.48114,2.54667
0.59,1,0.555212,0.081131,2.47889,2.52218
0.61,1,0.518106,0.0459108,2.42541,2.47894
0.63,1,0.476026,0.00527334,2.36735,2.427
0.65,1,0.434342,-0.0353037,2.28882,2.37203
0.67,1,0.401271,-0.0683787,2.29349,2.32552
0.69,1,0.381795,-0.0874015,2.31965,2.29678
0.71,1,0.381088,-0.089865,2.36614,2.29571
0.73,1,0.39765,-0.0741362,2.36816,2.32026
0.75,1,0.429439,-0.0439753,2.45989,2.3653
0.77,1,0.465868,-0.00885354,2.45921,2.41394
0.79,1,0.500029,0.0245128,2.48672,2.45703
0.81,1,0.525799,0.0497159,2.48281,2.48809
0.83,1,0.541856,0.0655357,2.4797,2.50687
0.85,1,0.545523,0.0699102,2.47775,2.5111
0.87,1,0.537064,0.0616813,2.47647,2.50131
0.89,1,0.517992,0.0438864,2.4072,2.4788
0.91,1,0.49174,0.018417,2.40628,2.44678
0.93,1,0.462816,-0.00950849,2.33706,2.40998
0.95,1,0.436976,-0.0345293,2.36225,2.37561
0.97,1,0.417887,-0.053045,2.36589,2.34923
0.99,1,0.409387,-0.0611853,2.36794,2.3372
