x,rho,E,F,T,Tr
0.01,1,0.255581,-0.231169,2.15584,2.07751
0.03,1,0.292476,-0.189594,2.27226,2.14874
0.05,1,0.366767,-0.120148,2.40403,2.27384
0.07,1,0.45827,-0.0325872,2.51813,2.40404
0.09,1,0.548345,0.0554966,2.64306,2.51435
0.11,1,0.6206,0.127658,2.6362,2.59337
0.13,1,0.663834,0.173708,2.6297,2.6374
0.15,1,0.672148,0.186113,2.62337,2.64562
0.17,1,0.645642,0.164772,2.5657,2.61914
0.19,1,0.592151,0.116229,2.48291,2.56312
0.21,1,0.521415,0.0498209,2.38466,2.48289
0.23,1,0.446107,-0.0230497,2.28492,2.38793
0.25,1,0.378859,-0.0892674,2.19249,2.29235
0.27,1,0.331986,-0.13693,2.2,2.2179
0.29,1,0.313323,-0.157665,2.20723,2.18605
0.31,1,0.327515,-0.147107,2.27558,2.21039
0.33,1,0.369025,-0.108847,2.3632,2.27733
0.35,1,0.428392,-0.0533438,2.44756,2.36386
0.37,1,0.491908,0.00817983,2.51592,2.44699
0.39,1,0.547479,0.062146,2.57947,2.51335
0.41,1,0.585221,0.100762,2.57541,2.55559
0.43,1,0.603136,0.120437,2.57167,2.57493
0.45,1,0.599302,0.119559,2.50033,2.57083
0.47,1,0.574783,0.0984602,2.49673,2.54412
0.49,1,0.532082,0.0591139,2.43506,2.49549
0.51,1,0.482714,0.0121785,2.36833,2.43548
0.53,1,0.433123,-0.0356203,2.26318,2.37036
0.55,1,0.392359,-0.0757824,2.26731,2.3125
0.57,1,0.367821,-0.100937,2.27106,2.27547
0.59,1,0.36461,-0.106042,2.34633,2.27048
0.61,1,0.383266,-0.0900706,2.34993,2.29899
0.63,1,0.419375,-0.0569882,2.41138,2.35132
0.65,1,0.462703,-0.0162419,2.50684,2.40983
0.67,1,0.50356,0.0230592,2.50242,2.46136
0.69,1,0.535517,0.0539415,2.49893,2.49951
0.71,1,0.555131,0.0743716,2.49662,2.52209
0.73,1,0.560658,0.0811259,2.51796,2.52834
0.75,1,0.551694,0.0740896,2.45564,2.51818
0.77,1,0.530201,0.0550272,2.41144,2.49328
0.79,1,0.498618,0.0261151,2.4103,2.45529
0.81,1,0.464307,-0.00635938,2.34524,2.41192
0.83,1,0.432602,-0.0365313,2.349,2.36965
0.85,1,0.409437,-0.0593309,2.32772,2.33727
0.87,1,0.398749,-0.0704738,2.32941,2.32186
0.89,1,0.40333,-0.0674185,2.39172,2.3285
0.91,1,0.42153,-0.0514043,2.39349,2.35434
0.93,1,0.44947,-0.0257822,2.47106,2.39242
0.95,1,0.478446,0.000820657,2.48748,2.43008
0.97,1,0.503983,0.0246819,2.48476,2.46187
0.99,1,0.522595,0.0424335,2.48338,2.48429
