x,rho,E,F,T,Tr
0.01,1,0.339712,-0.159548,2.369,2.23069
0.03,1,0.424409,-0.0661094,2.48615,2.35835
0.05,1,0.521095,0.0278572,2.62392,2.48251
0.07,1,0.604606,0.110985,2.66578,2.5765
0.09,1,0.661579,0.169697,2.65992,2.63516
0.11,1,0.683343,0.195408,2.60172,2.65657
0.13,1,0.667802,0.184687,2.59527,2.64133
0.15,1,0.619614,0.14136,2.51693,2.59234
0.17,1,0.550221,0.0763271,2.41846,2.51649
0.19,1,0.471748,0.000473282,2.3132,2.42153
0.21,1,0.397672,-0.0723941,2.21791,2.32029
0.23,1,0.341015,-0.12944,2.22685,2.23283
0.25,1,0.310888,-0.161577,2.23521,2.18179
0.27,1,0.313498,-0.162062,2.24272,2.18635
0.29,1,0.348138,-0.130462,2.33047,2.24439
0.31,1,0.404748,-0.0768674,2.42147,2.33055
0.33,1,0.470803,-0.0129381,2.49977,2.42031
0.35,1,0.532471,0.0475853,2.59271,2.49595
0.37,1,0.578893,0.0944316,2.58773,2.54865
0.39,1,0.605819,0.122917,2.58332,2.57779
0.41,1,0.609839,0.129448,2.52224,2.58205
0.43,1,0.590715,0.11287,2.5184,2.56157
0.45,1,0.551283,0.0762054,2.45863,2.51771
0.47,1,0.502033,0.0291723,2.39003,2.45949
0.49,1,0.449841,-0.021912,2.32365,2.39291
0.51,1,0.403572,-0.0675809,2.25902,2.32885
0.53,1,0.37204,-0.099616,2.26359,2.28196
0.55,1,0.360072,-0.112657,2.3252,2.26339
0.57,1,0.371274,-0.103355,2.32904,2.28079
0.59,1,0.403574,-0.0725902,2.38955,2.32885
0.61,1,0.446745,-0.031408,2.44816,2.38878
0.63,1,0.490708,0.0116944,2.51961,2.4455
0.65,1,0.527897,0.0479649,2.51497,2.49057
0.67,1,0.552691,0.0734334,2.51078,2.51931
0.69,1,0.564629,0.085857,2.50752,2.53281
0.71,1,0.559975,0.0829252,2.50502,2.52757
0.73,1,0.541585,0.0654889,2.46869,2.50656
0.75,1,0.512375,0.0375706,2.37961,2.47206
0.77,1,0.477481,0.00376599,2.38049,2.42885
0.79,1,0.443512,-0.0295272,2.31575,2.38445
0.81,1,0.416498,-0.0562453,2.33789,2.34728
0.83,1,0.399821,-0.0731393,2.34154,2.32342
0.85,1,0.398415,-0.0749371,2.34401,2.32138
0.87,1,0.41251,-0.0616231,2.41953,2.34164
0.89,1,0.438464,-0.0365189,2.41977,2.37763
0.91,1,0.468486,-0.00742359,2.48134,2.41733
0.93,1,0.496206,0.0197003,2.47796,2.45232
0.95,1,0.51755,0.0408803,2.47428,2.47828
0.97,1,0.531356,0.0542665,2.49693,2.49464
0.99,1,0.535062,0.0577883,2.44214,2.49898
