x,rho,E,F,T,Tr
0.01,1,0.297422,-0.18461,2.09002,2.15777
0.03,1,0.257698,-0.216579,2.09236,2.0818
0.05,1,0.265663,-0.213164,2.18189,2.0977
0.07,1,0.312791,-0.170988,2.30544,2.18512
0.09,1,0.388555,-0.0999354,2.42878,2.30688
0.11,1,0.477049,-0.0147412,2.53139,2.4283
0.13,1,0.56025,0.0671304,2.62548,2.52788
0.15,1,0.623461,0.131231,2.61911,2.59635
0.17,1,0.658498,0.170013,2.61269,2.63209
0.19,1,0.65955,0.175817,2.60596,2.63314
0.21,1,0.628528,0.150101,2.54548,2.60161
0.23,1,0.573972,0.100127,2.46271,2.54322
0.25,1,0.505123,0.0350549,2.36804,2.46326
0.27,1,0.43419,-0.0342239,2.27726,2.37182
0.29,1,0.373106,-0.0950732,2.21362,2.2836
0.31,1,0.33352,-0.136699,2.2211,2.22045
0.33,1,0.321556,-0.151564,2.2291,2.20027
0.35,1,0.341061,-0.136119,2.29951,2.2329
0.37,1,0.38513,-0.0957228,2.38376,2.30178
0.39,1,0.443407,-0.040527,2.46175,2.38431
0.41,1,0.503001,0.0174363,2.57431,2.46067
0.43,1,0.552734,0.0664414,2.57042,2.51936
0.45,1,0.58535,0.101135,2.56617,2.55573
0.47,1,0.59847,0.116724,2.56168,2.56993
0.49,1,0.589247,0.111838,2.48682,2.55998
0.51,1,0.562124,0.0878594,2.48227,2.52999
0.53,1,0.519915,0.0492591,2.4217,2.4811
0.55,1,0.472518,0.00351697,2.35625,2.42251
0.57,1,0.426593,-0.0414287,2.27353,2.36137
0.59,1,0.391147,-0.0778215,2.27761,2.31072
0.61,1,0.371593,-0.0993216,2.28261,2.28128
0.63,1,0.373136,-0.100767,2.36416,2.28364
0.65,1,0.394967,-0.0823823,2.36654,2.31634
0.67,1,0.431551,-0.0486049,2.424,2.36821
0.69,1,0.472912,-0.00942704,2.52099,2.42302
0.71,1,0.510402,0.0269657,2.49338,2.46967
0.73,1,0.537871,0.0553431,2.49146,2.50225
0.75,1,0.553889,0.0730584,2.48927,2.52068
0.77,1,0.555625,0.0778328,2.48633,2.52265
0.79,1,0.543756,0.0690013,2.48246,2.50907
0.81,1,0.521149,0.0491058,2.40291,2.48257
0.83,1,0.490414,0.0206915,2.4008,2.44513
0.85,1,0.457986,-0.0109503,2.33068,2.40367
0.87,1,0.430194,-0.0389233,2.33253,2.36634
0.89,1,0.410431,-0.0599311,2.33518,2.33868
0.91,1,0.403627,-0.0691099,2.33903,2.32893
0.93,1,0.411738,-0.0640401,2.36738,2.34054
0.95,1,0.431554,-0.0469017,2.40561,2.36821
0.97,1,0.458782,-0.0219475,2.46202,2.40471
0.99,1,0.485664,0.00356044,2.48226,2.43919
