x,rho,E,F,T,Tr
0.01,1,0.718993,0.200486,2.66806,2.69056
0.03,1,0.70902,0.220223,2.64904,2.68118
0.05,1,0.67032,0.188241,2.57533,2.64382
0.07,1,0.600823,0.124728,2.47317,2.57246
0.09,1,0.513884,0.0426515,2.35481,2.47388
0.11,1,0.425586,-0.0435364,2.23959,2.35998
0.13,1,0.350424,-0.118121,2.15806,2.24807
0.15,1,0.301961,-0.168359,2.16756,2.16595
0.17,1,0.287605,-0.186141,2.17699,2.13974
0.19,1,0.310377,-0.167577,2.2664,2.18089
0.21,1,0.363477,-0.118985,2.37174,2.26872
0.23,1,0.434655,-0.0515943,2.47006,2.37245
0.25,1,0.508591,0.0199121,2.5787,2.46748
0.27,1,0.571143,0.0818445,2.57327,2.54008
0.29,1,0.613928,0.126316,2.5682,2.58637
0.31,1,0.631371,0.147228,2.56313,2.60455
0.33,1,0.620025,0.140013,2.55759,2.59277
0.35,1,0.584187,0.10867,2.49756,2.55446
0.37,1,0.532714,0.0610411,2.42234,2.49623
0.39,1,0.473303,0.00429651,2.34266,2.42352
0.41,1,0.416307,-0.0515528,2.26767,2.34701
0.43,1,0.371829,-0.0962756,2.27305,2.28164
0.45,1,0.347349,-0.122809,2.2786,2.24312
0.47,1,0.348552,-0.124716,2.28459,2.24506
0.49,1,0.375732,-0.101253,2.35025,2.2876
0.51,1,0.419882,-0.0605138,2.42022,2.35203
0.53,1,0.471096,-0.0120805,2.48049,2.42069
0.55,1,0.517782,0.0337045,2.54058,2.47855
0.57,1,0.553163,0.0690215,2.53758,2.51985
0.59,1,0.574523,0.0921666,2.5343,2.54383
0.61,1,0.57744,0.0974171,2.5307,2.54705
0.63,1,0.562057,0.0857148,2.45529,2.52992
0.65,1,0.53355,0.0603202,2.45179,2.49721
0.67,1,0.495051,0.0247406,2.3965,2.45089
0.69,1,0.455325,-0.0136567,2.33943,2.40017
0.71,1,0.419869,-0.048168,2.30919,2.35201
0.73,1,0.395016,-0.0742109,2.31211,2.31641
0.75,1,0.385527,-0.0853415,2.31593,2.30237
0.77,1,0.394921,-0.0789544,2.39483,2.31627
0.79,1,0.419709,-0.0572416,2.39797,2.35179
0.81,1,0.453492,-0.0262851,2.47212,2.39775
0.83,1,0.486914,0.00516755,2.46895,2.44076
0.85,1,0.51556,0.0330222,2.46696,2.47589
0.87,1,0.535313,0.0531631,2.46596,2.49927
0.89,1,0.544352,0.0640325,2.46506,2.50976
0.91,1,0.540843,0.0626993,2.46343,2.5057
0.93,1,0.525549,0.0505067,2.42833,2.4878
0.95,1,0.502741,0.0304678,2.42589,2.46035
0.97,1,0.476155,0.00604332,2.35519,2.42716
0.99,1,0.449547,-0.0192212,2.35691,2.39252
