x,rho,E,F,T,Tr
0.01,1,0.386882,-0.0971803,2.17031,2.30439
0.03,1,0.305667,-0.165564,2.08451,2.17257
0.05,1,0.266354,-0.207752,2.09645,2.09907
0.07,1,0.267978,-0.210415,2.17472,2.10226
0.09,1,0.308732,-0.174324,2.29142,2.178
0.11,1,0.379169,-0.108386,2.41226,2.29282
0.13,1,0.464008,-0.0263921,2.51622,2.41153
0.15,1,0.54632,0.0546347,2.62628,2.51202
0.17,1,0.610897,0.120132,2.63753,2.58317
0.19,1,0.648569,0.161013,2.63148,2.62211
0.21,1,0.654751,0.171555,2.55795,2.62833
0.23,1,0.629502,0.151446,2.55164,2.60262
0.25,1,0.579544,0.105518,2.47403,2.54937
0.27,1,0.514423,0.0439737,2.38333,2.47452
0.29,1,0.445518,-0.023596,2.29275,2.38714
0.31,1,0.384193,-0.0847909,2.21269,2.30038
0.33,1,0.342307,-0.12881,2.22059,2.23494
0.35,1,0.326369,-0.147408,2.22895,2.20846
0.37,1,0.340955,-0.136539,2.29296,2.23273
0.39,1,0.380497,-0.100051,2.37373,2.29482
0.41,1,0.435845,-0.0479474,2.45095,2.37408
0.43,1,0.494018,0.00928005,2.51301,2.44961
0.45,1,0.544075,0.0590961,2.56917,2.50944
0.47,1,0.577243,0.0943395,2.56473,2.54684
0.49,1,0.5922,0.11191,2.55993,2.56318
0.51,1,0.587636,0.110867,2.4922,2.55822
0.53,1,0.564644,0.0908724,2.48781,2.53283
0.55,1,0.524763,0.0539607,2.43026,2.48686
0.57,1,0.479639,0.0100277,2.36621,2.43159
0.59,1,0.434776,-0.0347839,2.27583,2.37262
0.61,1,0.398357,-0.0720301,2.28062,2.32129
0.63,1,0.377539,-0.0953105,2.28621,2.29035
0.65,1,0.37572,-0.099412,2.35665,2.28759
0.67,1,0.393691,-0.0846145,2.36154,2.31446
0.69,1,0.427456,-0.0527803,2.41788,2.36257
0.71,1,0.467054,-0.0145036,2.49938,2.41548
0.73,1,0.50377,0.021729,2.51989,2.46161
0.75,1,0.531613,0.0512573,2.5172,2.49494
0.77,1,0.548741,0.0701027,2.51368,2.5148
0.79,1,0.552511,0.0765632,2.48792,2.51911
0.81,1,0.543119,0.0698098,2.48414,2.50833
0.83,1,0.523039,0.0515274,2.40963,2.48482
0.85,1,0.494445,0.0243483,2.4082,2.45014
0.87,1,0.463822,-0.00651577,2.35209,2.41129
0.89,1,0.436167,-0.0349659,2.33215,2.37451
0.91,1,0.416154,-0.0566281,2.33615,2.34679
0.93,1,0.407793,-0.0675693,2.34083,2.33492
0.95,1,0.412895,-0.0646126,2.36633,2.34219
0.97,1,0.430177,-0.0494549,2.43471,2.36632
0.99,1,0.455463,-0.0254833,2.4365,2.40035
