x,rho,E,F,T,Tr
0.01,1,0.492444,-0.0185319,2.56369,2.44766
0.03,1,0.578586,0.0843275,2.6494,2.54832
0.05,1,0.65052,0.157638,2.64144,2.62408
0.07,1,0.688178,0.199419,2.63352,2.66126
0.09,1,0.686607,0.202856,2.62604,2.65974
0.11,1,0.648278,0.17008,2.55497,2.62181
0.13,1,0.583099,0.109625,2.45874,2.55327
0.15,1,0.503002,0.0329132,2.34945,2.46067
0.17,1,0.422202,-0.0465372,2.24658,2.35527
0.19,1,0.354393,-0.114608,2.18433,2.25441
0.21,1,0.31178,-0.159187,2.1942,2.18335
0.23,1,0.301197,-0.173008,2.20345,2.16458
0.25,1,0.325068,-0.152338,2.28768,2.20625
0.27,1,0.376334,-0.104524,2.38428,2.28852
0.29,1,0.442818,-0.0403949,2.47278,2.38351
0.31,1,0.510187,0.0255945,2.56301,2.46941
0.33,1,0.56552,0.0814598,2.55751,2.53381
0.35,1,0.603013,0.120875,2.55175,2.5748
0.37,1,0.616956,0.137848,2.54613,2.58955
0.39,1,0.604463,0.128788,2.54101,2.57634
0.41,1,0.570253,0.0976292,2.48389,2.53909
0.43,1,0.522563,0.0521442,2.41412,2.48425
0.45,1,0.468144,-0.000988868,2.34242,2.41689
0.47,1,0.416588,-0.0524907,2.28189,2.34741
0.49,1,0.377082,-0.0929699,2.28872,2.28966
0.51,1,0.356169,-0.115882,2.29529,2.25723
0.53,1,0.359019,-0.115217,2.30119,2.26173
0.55,1,0.385707,-0.0911201,2.36198,2.30264
0.57,1,0.426866,-0.0514825,2.42562,2.36175
0.59,1,0.473756,-0.00589245,2.479,2.4241
0.61,1,0.515449,0.0363005,2.52974,2.47576
0.63,1,0.546482,0.0680189,2.52545,2.51221
0.65,1,0.564591,0.0881971,2.52098,2.53277
0.67,1,0.565663,0.0914685,2.51698,2.53397
0.69,1,0.550807,0.0786561,2.48436,2.51716
0.71,1,0.524652,0.0536607,2.44239,2.48673
0.73,1,0.489534,0.01937,2.39252,2.44403
0.75,1,0.453692,-0.0168273,2.3135,2.39801
0.77,1,0.42238,-0.0486201,2.31835,2.35552
0.79,1,0.400635,-0.0720656,2.32372,2.3246
0.81,1,0.393285,-0.0808946,2.32851,2.31387
0.83,1,0.402826,-0.0728192,2.4019,2.32777
0.85,1,0.425842,-0.0510993,2.40372,2.36033
0.87,1,0.456108,-0.0209268,2.46492,2.4012
0.89,1,0.485587,0.00873285,2.464,2.43909
0.91,1,0.510644,0.0350314,2.46234,2.46997
0.93,1,0.527823,0.0533678,2.4836,2.49048
0.95,1,0.535216,0.0623583,2.47975,2.49916
0.97,1,0.53129,0.0595125,2.47678,2.49456
0.99,1,0.517432,0.0463472,2.42017,2.47813
