x,rho,E,F,T,Tr
0.01,1,0.38884,-0.115172,2.44378,2.3073
0.03,1,0.479776,-0.0133459,2.54575,2.43176
0.05,1,0.572517,0.0784156,2.6458,2.54161
0.07,1,0.643393,0.150233,2.63801,2.61686
0.09,1,0.681708,0.19205,2.63052,2.65498
0.11,1,0.681849,0.196808,2.62358,2.65512
0.13,1,0.646133,0.16622,2.55577,2.61964
0.15,1,0.58393,0.108553,2.46329,2.55418
0.17,1,0.50662,0.0345002,2.35757,2.46509
0.19,1,0.42778,-0.042853,2.25705,2.36302
0.21,1,0.360859,-0.109741,2.19075,2.26462
0.23,1,0.317915,-0.154112,2.20029,2.19401
0.25,1,0.305934,-0.168753,2.20871,2.17304
0.27,1,0.327835,-0.149743,2.28876,2.21093
0.29,1,0.376904,-0.103959,2.38227,2.28939
0.31,1,0.441243,-0.0418027,2.46912,2.38139
0.33,1,0.507251,0.0223718,2.56214,2.46585
0.35,1,0.561763,0.076978,2.55637,2.52959
0.37,1,0.59912,0.115515,2.5506,2.57063
0.39,1,0.613877,0.13286,2.54558,2.58632
0.41,1,0.603075,0.124783,2.54113,2.57486
0.43,1,0.570727,0.0952751,2.4867,2.53962
0.45,1,0.52486,0.0516896,2.41947,2.48698
0.47,1,0.472062,0.000258659,2.34952,2.42193
0.49,1,0.421451,-0.0498659,2.2865,2.35423
0.51,1,0.38204,-0.089528,2.2931,2.29715
0.53,1,0.360521,-0.112363,2.29912,2.26409
0.55,1,0.362196,-0.112521,2.30391,2.26672
0.57,1,0.386975,-0.0894403,2.36225,2.30453
0.59,1,0.426764,-0.0513419,2.42382,2.36161
0.61,1,0.472401,-0.00682848,2.47643,2.42236
0.63,1,0.513596,0.0340332,2.52853,2.47353
0.65,1,0.543993,0.0648681,2.524,2.50934
0.67,1,0.562586,0.0843328,2.51995,2.53051
0.69,1,0.56473,0.0877208,2.48882,2.53292
0.71,1,0.551429,0.0757804,2.48652,2.51787
0.73,1,0.52682,0.0521114,2.39964,2.4893
0.75,1,0.492968,0.0192962,2.39997,2.44831
0.77,1,0.457621,-0.0159555,2.31857,2.40319
0.79,1,0.42635,-0.0469354,2.32383,2.36104
0.81,1,0.404527,-0.0695524,2.32861,2.33023
0.83,1,0.396213,-0.0782758,2.33212,2.31816
0.85,1,0.40448,-0.07069,2.40223,2.33016
0.87,1,0.426168,-0.0497707,2.40298,2.36079
0.89,1,0.455204,-0.0208434,2.46812,2.40001
0.91,1,0.484572,0.00813773,2.46633,2.43782
0.93,1,0.509578,0.0334875,2.46339,2.46868
0.95,1,0.527045,0.0510816,2.48289,2.48956
0.97,1,0.53506,0.0594179,2.47998,2.49898
0.99,1,0.532267,0.056785,2.47843,2.49571
