x,rho,E,F,T,Tr
0.01,1,0.372078,-0.130672,2.41992,2.28202
0.03,1,0.461663,-0.0309529,2.5279,2.40848
0.05,1,0.556326,0.0621473,2.65407,2.52345
0.07,1,0.631825,0.138171,2.64631,2.60502
0.09,1,0.676435,0.185841,2.6389,2.64983
0.11,1,0.683564,0.197439,2.63198,2.65678
0.13,1,0.654247,0.173051,2.56985,2.62783
0.15,1,0.596504,0.12005,2.48179,2.56782
0.17,1,0.521336,0.0485328,2.37775,2.48279
0.19,1,0.441986,-0.0288053,2.2734,2.38239
0.21,1,0.372187,-0.0983137,2.18103,2.28219
0.23,1,0.324353,-0.147347,2.19027,2.20504
0.25,1,0.306178,-0.167595,2.19885,2.17348
0.27,1,0.322075,-0.154617,2.27275,2.20116
0.29,1,0.366687,-0.113295,2.36507,2.27371
0.31,1,0.429127,-0.0537986,2.45524,2.36487
0.33,1,0.495625,0.0111217,2.52332,2.4516
0.35,1,0.553041,0.0681084,2.58844,2.51971
0.37,1,0.593055,0.10927,2.58321,2.5641
0.39,1,0.611791,0.129932,2.57845,2.58412
0.41,1,0.605736,0.126745,2.50131,2.5777
0.43,1,0.577994,0.101855,2.49773,2.54767
0.45,1,0.533957,0.0601639,2.43246,2.49769
0.47,1,0.481848,0.00985549,2.36104,2.43438
0.49,1,0.430208,-0.0408931,2.2778,2.36636
0.51,1,0.38845,-0.0830881,2.28457,2.30672
0.53,1,0.363295,-0.109111,2.26505,2.26843
0.55,1,0.360669,-0.113462,2.34746,2.26432
0.57,1,0.38124,-0.0945387,2.35108,2.29594
0.59,1,0.419065,-0.0589479,2.41283,2.35089
0.61,1,0.464101,-0.0147853,2.46868,2.41165
0.63,1,0.50686,0.0272312,2.53222,2.46538
0.65,1,0.539318,0.0596875,2.50341,2.50393
0.67,1,0.559515,0.0808165,2.49924,2.52705
0.69,1,0.564552,0.0871717,2.52099,2.53272
0.71,1,0.554748,0.0784897,2.49338,2.52165
0.73,1,0.532482,0.0573057,2.40755,2.49596
0.75,1,0.499386,0.0254778,2.40765,2.45624
0.77,1,0.463989,-0.00975329,2.34093,2.41151
0.79,1,0.431762,-0.0417374,2.34587,2.3685
0.81,1,0.407875,-0.0659372,2.32531,2.33503
0.83,1,0.396973,-0.0772223,2.32862,2.31927
0.85,1,0.402147,-0.0725557,2.3952,2.32679
0.87,1,0.421412,-0.0538881,2.39619,2.35417
0.89,1,0.449866,-0.0260304,2.47395,2.39294
0.91,1,0.479705,0.00336542,2.47207,2.43167
0.93,1,0.505471,0.0290105,2.49035,2.46369
0.95,1,0.524363,0.0478606,2.48661,2.48639
0.97,1,0.533999,0.0577911,2.46202,2.49774
0.99,1,0.533304,0.0571991,2.48226,2.49692
