x,rho,E,F,T,Tr
0.01,1,0.581621,0.0869165,2.43,2.55165
0.03,1,0.473319,0.00156583,2.28747,2.42354
0.05,1,0.381293,-0.0889762,2.1722,2.29602
0.07,1,0.311418,-0.159756,2.10663,2.18272
0.09,1,0.275097,-0.198486,2.11731,2.11608
0.11,1,0.277951,-0.198959,2.19269,2.12155
0.13,1,0.318253,-0.162628,2.30297,2.1946
0.15,1,0.386144,-0.0983372,2.41668,2.30329
0.17,1,0.467036,-0.020009,2.5127,2.41546
0.19,1,0.544631,0.0563319,2.63117,2.51008
0.21,1,0.6046,0.116886,2.62517,2.57649
0.23,1,0.638543,0.153289,2.61957,2.61191
0.25,1,0.643915,0.162171,2.54715,2.61739
0.27,1,0.62002,0.142578,2.54193,2.59276
0.29,1,0.571567,0.0972793,2.46776,2.54055
0.31,1,0.509784,0.0385316,2.38205,2.46893
0.33,1,0.444683,-0.0255523,2.29748,2.38602
0.35,1,0.386764,-0.0829883,2.22678,2.30422
0.37,1,0.347564,-0.123745,2.2346,2.24347
0.39,1,0.332996,-0.13988,2.24165,2.21958
0.41,1,0.347693,-0.127947,2.30233,2.24368
0.43,1,0.385895,-0.0919991,2.37847,2.30292
0.45,1,0.438593,-0.0416916,2.45095,2.37781
0.47,1,0.49359,0.0125926,2.50865,2.44908
0.49,1,0.540431,0.059126,2.55966,2.50522
0.51,1,0.571356,0.0912036,2.55497,2.54032
0.53,1,0.585024,0.106718,2.55094,2.55538
0.55,1,0.580685,0.104229,2.48491,2.55063
0.57,1,0.558628,0.084379,2.48209,2.52605
0.59,1,0.521025,0.0483061,2.42753,2.48242
0.61,1,0.47813,0.0064832,2.36799,2.42967
0.63,1,0.435693,-0.0357415,2.28505,2.37387
0.65,1,0.401508,-0.0702449,2.29059,2.32587
0.67,1,0.381769,-0.0906899,2.29534,2.29674
0.69,1,0.380493,-0.0935546,2.3631,2.29482
0.71,1,0.396954,-0.0780341,2.36821,2.31924
0.73,1,0.429417,-0.0470689,2.46226,2.36527
0.75,1,0.466435,-0.0104139,2.46159,2.41468
0.77,1,0.501155,0.0240662,2.5132,2.45841
0.79,1,0.527513,0.0507725,2.50913,2.49012
0.81,1,0.543628,0.0677421,2.48405,2.50892
0.83,1,0.547598,0.0724639,2.48098,2.51349
0.85,1,0.539181,0.0645701,2.47903,2.50377
0.87,1,0.520255,0.0464002,2.40821,2.48151
0.89,1,0.493603,0.0198319,2.4086,2.4491
0.91,1,0.464483,-0.00904988,2.33449,2.41215
0.93,1,0.43819,-0.0356473,2.33914,2.37726
0.95,1,0.418998,-0.0551993,2.36433,2.35079
0.97,1,0.410482,-0.0642153,2.36798,2.33876
0.99,1,0.414871,-0.0600508,2.37004,2.34498
