x,rho,E,F,T,Tr
0.01,1,0.272914,-0.206713,2.11644,2.11187
0.03,1,0.252163,-0.221337,2.11878,2.07053
0.05,1,0.278608,-0.19953,2.23023,2.1228
0.07,1,0.340948,-0.142431,2.3589,2.23272
0.09,1,0.425353,-0.0621256,2.47783,2.35966
0.11,1,0.514473,0.0243575,2.60822,2.47458
0.13,1,0.591209,0.100687,2.60177,2.5621
0.15,1,0.643892,0.155525,2.59537,2.61737
0.17,1,0.66476,0.180455,2.58894,2.63832
0.19,1,0.650624,0.171487,2.5824,2.62418
0.21,1,0.606688,0.132845,2.50996,2.57871
0.23,1,0.543302,0.0741922,2.41878,2.50854
0.25,1,0.471094,0.00486786,2.32109,2.42069
0.27,1,0.402308,-0.0624959,2.22988,2.32703
0.29,1,0.349382,-0.116235,2.23673,2.2464
0.31,1,0.320593,-0.147223,2.24385,2.19862
0.33,1,0.32263,-0.149241,2.25148,2.2021
0.35,1,0.354535,-0.120857,2.33268,2.25463
0.37,1,0.407357,-0.0722325,2.4172,2.33429
0.39,1,0.46843,-0.0135055,2.49067,2.41726
0.41,1,0.525377,0.0417941,2.57885,2.48759
0.43,1,0.568143,0.0853784,2.57517,2.53674
0.45,1,0.594015,0.113094,2.57113,2.56514
0.47,1,0.597506,0.120338,2.51484,2.5689
0.49,1,0.579415,0.105603,2.5101,2.54923
0.51,1,0.542655,0.0731477,2.45427,2.5078
0.53,1,0.497418,0.0302056,2.38889,2.45381
0.55,1,0.449047,-0.0160872,2.31397,2.39185
0.57,1,0.406843,-0.0583181,2.31806,2.33356
0.59,1,0.376714,-0.0893824,2.32172,2.2891
0.61,1,0.365325,-0.103106,2.32595,2.2716
0.63,1,0.376093,-0.0954773,2.3307,2.28815
0.65,1,0.406456,-0.0682535,2.38771,2.333
0.67,1,0.44705,-0.0309849,2.44277,2.38919
0.69,1,0.487518,0.00825079,2.50779,2.44151
0.71,1,0.521287,0.0409725,2.50533,2.48274
0.73,1,0.545554,0.066558,2.52229,2.51114
0.75,1,0.55655,0.0793752,2.5194,2.5237
0.77,1,0.551592,0.0773786,2.46701,2.51806
0.79,1,0.533262,0.0621212,2.46362,2.49687
0.81,1,0.505977,0.0374788,2.38261,2.4643
0.83,1,0.473611,0.00736157,2.36741,2.42391
0.85,1,0.442148,-0.0232024,2.33659,2.38261
0.87,1,0.41682,-0.0486869,2.33829,2.34773
0.89,1,0.401498,-0.0656959,2.34068,2.32585
0.91,1,0.400717,-0.0687038,2.34433,2.32472
0.93,1,0.415024,-0.05749,2.41374,2.3452
0.95,1,0.439263,-0.0361731,2.41655,2.37872
0.97,1,0.467953,-0.00975168,2.47081,2.41664
0.99,1,0.493454,0.0144408,2.46916,2.44891
