x,rho,E,F,T,Tr
0.01,1,0.416663,-0.0670393,2.20904,2.34751
0.03,1,0.326914,-0.142658,2.12113,2.20938
0.05,1,0.275848,-0.196107,2.13317,2.11753
0.07,1,0.264002,-0.211949,2.14521,2.09442
0.09,1,0.292587,-0.187676,2.25279,2.14895
0.11,1,0.354426,-0.13032,2.37426,2.25446
0.13,1,0.43579,-0.052267,2.48431,2.374
0.15,1,0.519558,0.0298339,2.59578,2.48068
0.17,1,0.590025,0.10067,2.58949,2.56082
0.19,1,0.637558,0.150788,2.5829,2.61091
0.21,1,0.654782,0.171845,2.57614,2.62837
0.23,1,0.638879,0.160708,2.56978,2.61226
0.25,1,0.595749,0.121661,2.49918,2.56701
0.27,1,0.535021,0.0647297,2.41236,2.49893
0.29,1,0.466968,-0.00173025,2.32157,2.41537
0.31,1,0.402761,-0.0652645,2.2465,2.32768
0.33,1,0.35446,-0.11514,2.25418,2.25452
0.35,1,0.329111,-0.142779,2.2621,2.21308
0.37,1,0.333302,-0.142191,2.2698,2.22009
0.39,1,0.365584,-0.112729,2.34713,2.272
0.41,1,0.416706,-0.0647567,2.42627,2.34757
0.43,1,0.474455,-0.00810884,2.49388,2.42499
0.45,1,0.527397,0.0439734,2.57236,2.48998
0.47,1,0.565809,0.0843078,2.56777,2.53413
0.49,1,0.588579,0.108885,2.56299,2.55925
0.51,1,0.590224,0.114016,2.50632,2.56104
0.53,1,0.572041,0.0986097,2.50197,2.54108
0.55,1,0.536672,0.066067,2.4483,2.50086
0.57,1,0.493583,0.0245519,2.38766,2.44907
0.59,1,0.448669,-0.0199019,2.32446,2.39135
0.61,1,0.409687,-0.0593725,2.32868,2.33762
0.63,1,0.382893,-0.0885646,2.33342,2.29843
0.65,1,0.373688,-0.0999776,2.3024,2.28449
0.67,1,0.385546,-0.0906463,2.34649,2.3024
0.69,1,0.414966,-0.0632366,2.44711,2.34512
0.71,1,0.45305,-0.0267182,2.44829,2.39717
0.73,1,0.490935,0.0108925,2.52391,2.44578
0.75,1,0.521284,0.0421233,2.52104,2.48273
0.77,1,0.542971,0.0655122,2.51944,2.50816
0.79,1,0.551903,0.0768125,2.46527,2.51841
0.81,1,0.546673,0.0736955,2.46164,2.51243
0.83,1,0.528792,0.0581059,2.42259,2.49163
0.85,1,0.502986,0.0332072,2.41902,2.46065
0.87,1,0.473032,0.00359371,2.34109,2.42317
0.89,1,0.444531,-0.0257815,2.34347,2.38582
0.91,1,0.421656,-0.0500797,2.3471,2.35451
0.93,1,0.408333,-0.0654689,2.35174,2.33569
0.95,1,0.408924,-0.0672195,2.35632,2.33653
0.97,1,0.423032,-0.0547551,2.38957,2.35643
0.99,1,0.445665,-0.0332085,2.47111,2.38734
