x,rho,E,F,T,Tr
0.01,1,0.475357,-0.0110997,2.28522,2.42614
0.03,1,0.373659,-0.0955283,2.15785,2.28444
0.05,1,0.303663,-0.166655,2.09707,2.169
0.07,1,0.268655,-0.204555,2.10879,2.10359
0.09,1,0.273874,-0.203219,2.18993,2.11373
0.11,1,0.316955,-0.164435,2.30503,2.19236
0.13,1,0.387674,-0.097509,2.42193,2.30557
0.15,1,0.471122,-0.0167914,2.52041,2.42072
0.17,1,0.550018,0.0613436,2.61665,2.51626
0.19,1,0.61055,0.122906,2.60994,2.58281
0.21,1,0.644918,0.160596,2.60326,2.61841
0.23,1,0.647834,0.167504,2.59677,2.62136
0.25,1,0.620173,0.144638,2.5408,2.59292
0.27,1,0.570354,0.0982321,2.46327,2.5392
0.29,1,0.50617,0.0371529,2.37449,2.46454
0.31,1,0.439335,-0.02883,2.28803,2.37881
0.33,1,0.380733,-0.0874348,2.22101,2.29518
0.35,1,0.341813,-0.128287,2.22918,2.23413
0.37,1,0.328683,-0.143831,2.23704,2.21236
0.39,1,0.345375,-0.130309,2.3017,2.23993
0.41,1,0.385843,-0.0926152,2.38066,2.30284
0.43,1,0.440316,-0.0404023,2.45497,2.38014
0.45,1,0.496614,0.0153749,2.5131,2.45282
0.47,1,0.544125,0.062773,2.5624,2.50949
0.49,1,0.574754,0.0955387,2.55738,2.54409
0.51,1,0.587741,0.110697,2.55265,2.55834
0.53,1,0.581537,0.10766,2.483,2.55156
0.55,1,0.557942,0.0864019,2.47925,2.52528
0.57,1,0.518551,0.0488242,2.42252,2.47947
0.59,1,0.474297,0.00543977,2.36117,2.42479
0.61,1,0.431099,-0.0380401,2.27856,2.36759
0.63,1,0.396604,-0.0731279,2.28426,2.31873
0.65,1,0.377531,-0.0941452,2.28972,2.29034
0.67,1,0.377323,-0.0959063,2.36201,2.29002
0.69,1,0.396229,-0.0795917,2.41836,2.31818
0.71,1,0.429855,-0.0473318,2.42012,2.36588
0.73,1,0.468345,-0.00936692,2.51675,2.41715
0.75,1,0.503325,0.0255934,2.514,2.46107
0.77,1,0.529719,0.0533782,2.51046,2.49272
0.79,1,0.545243,0.0705633,2.48432,2.51078
0.81,1,0.547947,0.0753232,2.48037,2.51389
0.83,1,0.53824,0.0670784,2.47715,2.50268
0.85,1,0.518182,0.0480295,2.40196,2.47903
0.87,1,0.490212,0.0204027,2.40171,2.44488
0.89,1,0.460291,-0.009892,2.33023,2.40669
0.91,1,0.433858,-0.0372867,2.33424,2.37137
0.93,1,0.415131,-0.0576502,2.33899,2.34535
0.95,1,0.407696,-0.0664462,2.36509,2.33478
0.97,1,0.413782,-0.0619957,2.40209,2.34344
0.99,1,0.430938,-0.0457137,2.40408,2.36736
