x,rho,E,F,T,Tr
0.01,1,0.353133,-0.129456,2.10067,2.2524
0.03,1,0.284314,-0.187584,2.10309,2.13359
0.05,1,0.259952,-0.215511,2.11547,2.08634
0.07,1,0.27721,-0.202758,2.214,2.12014
0.09,1,0.331212,-0.153579,2.33704,2.2166
0.11,1,0.409848,-0.0791741,2.45411,2.33785
0.13,1,0.496704,0.00504961,2.54721,2.45293
0.15,1,0.574543,0.0824747,2.61025,2.54385
0.17,1,0.6304,0.14022,2.60388,2.60355
0.19,1,0.657569,0.171167,2.59726,2.63116
0.21,1,0.650856,0.169475,2.59056,2.62442
0.23,1,0.614353,0.137616,2.52543,2.58682
0.25,1,0.556804,0.0844987,2.44083,2.52399
0.27,1,0.488226,0.0185184,2.34433,2.4424
0.29,1,0.420016,-0.0483216,2.22386,2.35222
0.31,1,0.364527,-0.104557,2.2315,2.27036
0.33,1,0.331367,-0.140052,2.23921,2.21686
0.35,1,0.326653,-0.148186,2.24741,2.20894
0.37,1,0.35211,-0.126413,2.32156,2.25077
0.39,1,0.399666,-0.0824121,2.40389,2.3232
0.41,1,0.458054,-0.0264321,2.47673,2.40376
0.43,1,0.514218,0.0290991,2.53677,2.47428
0.45,1,0.558859,0.0741718,2.53295,2.52631
0.47,1,0.587812,0.105385,2.55828,2.55842
0.49,1,0.595898,0.116655,2.55338,2.56717
0.51,1,0.581953,0.1064,2.47171,2.55202
0.53,1,0.550582,0.0785333,2.46725,2.51691
0.55,1,0.508361,0.0382552,2.40408,2.4672
0.57,1,0.461863,-0.0069208,2.30845,2.40874
0.59,1,0.419236,-0.0496334,2.31232,2.35113
0.61,1,0.387665,-0.0830498,2.31718,2.30556
0.63,1,0.372693,-0.10038,2.29137,2.28297
0.65,1,0.378802,-0.0971926,2.37727,2.29226
0.67,1,0.404534,-0.0743926,2.38168,2.33024
0.69,1,0.441941,-0.0391663,2.43549,2.38233
0.71,1,0.481797,-0.000474026,2.48611,2.43432
0.73,1,0.515945,0.0337353,2.48429,2.47635
0.75,1,0.540424,0.0599017,2.48223,2.50522
0.77,1,0.553661,0.0753282,2.47935,2.52042
0.79,1,0.552073,0.0767849,2.47566,2.51861
0.81,1,0.537165,0.0643907,2.47176,2.50143
0.83,1,0.512944,0.0422929,2.39342,2.47274
0.85,1,0.482811,0.0134194,2.39218,2.4356
0.87,1,0.451865,-0.0176974,2.33621,2.3956
0.89,1,0.426454,-0.0439881,2.33875,2.36118
0.91,1,0.409934,-0.0628832,2.34257,2.33798
0.93,1,0.406403,-0.0687853,2.34738,2.33293
0.95,1,0.417409,-0.0605674,2.41182,2.34856
0.97,1,0.438675,-0.041459,2.41485,2.37792
0.99,1,0.465553,-0.015824,2.47825,2.41354
