x,rho,E,F,T,Tr
0.01,1,0.474945,-0.035854,2.547,2.42562
0.03,1,0.563371,0.0681674,2.65815,2.5314
0.05,1,0.639837,0.145555,2.65026,2.61324
0.07,1,0.683883,0.193239,2.64244,2.65709
0.09,1,0.689119,0.203385,2.63503,2.66217
0.11,1,0.656965,0.176634,2.5695,2.63055
0.13,1,0.596074,0.120639,2.47757,2.56736
0.15,1,0.518051,0.0461647,2.36993,2.47888
0.17,1,0.43668,-0.0334769,2.26344,2.37521
0.19,1,0.365963,-0.104209,2.17543,2.27259
0.21,1,0.318349,-0.153195,2.18535,2.19476
0.23,1,0.301943,-0.172691,2.19446,2.16592
0.25,1,0.320081,-0.157836,2.27317,2.19774
0.27,1,0.367248,-0.114381,2.36889,2.27458
0.29,1,0.43171,-0.0522737,2.46068,2.36842
0.31,1,0.499903,0.0141084,2.57155,2.45687
0.33,1,0.557699,0.0721402,2.5661,2.525
0.35,1,0.598201,0.114219,2.56033,2.56965
0.37,1,0.616379,0.135368,2.55475,2.58895
0.39,1,0.60848,0.130567,2.54959,2.58061
0.41,1,0.57783,0.103128,2.49598,2.54748
0.43,1,0.532432,0.060058,2.42803,2.4959
0.45,1,0.478696,0.00785664,2.35498,2.43039
0.47,1,0.426262,-0.0444894,2.27491,2.36092
0.49,1,0.384176,-0.0872101,2.28171,2.30035
0.51,1,0.35989,-0.113662,2.28846,2.2631
0.53,1,0.358455,-0.117043,2.29464,2.26084
0.55,1,0.381308,-0.0965557,2.3528,2.29604
0.57,1,0.420404,-0.0592591,2.41671,2.35276
0.59,1,0.466809,-0.0138003,2.47289,2.41516
0.61,1,0.510166,0.0294067,2.53467,2.46939
0.63,1,0.542672,0.0630236,2.53047,2.50782
0.65,1,0.562875,0.0843063,2.52598,2.53084
0.67,1,0.566742,0.0903874,2.49587,2.53517
0.69,1,0.555154,0.080692,2.49264,2.52211
0.71,1,0.531487,0.0582318,2.40404,2.49479
0.73,1,0.497319,0.0252785,2.40376,2.45369
0.75,1,0.461153,-0.011226,2.33991,2.40781
0.77,1,0.428416,-0.0442579,2.34404,2.36389
0.79,1,0.405171,-0.0689744,2.32223,2.33115
0.81,1,0.395112,-0.0803068,2.32683,2.31655
0.83,1,0.401725,-0.0750863,2.39659,2.32618
0.85,1,0.422372,-0.055506,2.3986,2.35551
0.87,1,0.451921,-0.0263688,2.47241,2.39567
0.89,1,0.482084,0.00401061,2.47125,2.43468
0.91,1,0.507908,0.0307796,2.46942,2.46665
0.93,1,0.526389,0.0502086,2.48875,2.48879
0.95,1,0.535205,0.0606196,2.4626,2.49914
0.97,1,0.533502,0.0598464,2.48192,2.49716
0.99,1,0.521736,0.0486228,2.42712,2.48327
