x,rho,E,F,T,Tr
0.01,1,0.292126,-0.201599,2.27508,2.1481
0.03,1,0.36169,-0.125703,2.40014,2.26593
0.05,1,0.455088,-0.0362249,2.51589,2.39986
0.07,1,0.547864,0.0546035,2.6502,2.51379
0.09,1,0.623085,0.129723,2.64291,2.59596
0.11,1,0.668458,0.177854,2.63605,2.64198
0.13,1,0.678135,0.191468,2.62957,2.65149
0.15,1,0.65188,0.170286,2.57137,2.62545
0.17,1,0.597623,0.120714,2.48714,2.56902
0.19,1,0.525382,0.0524944,2.38678,2.4876
0.21,1,0.448063,-0.0224315,2.28405,2.39054
0.23,1,0.378751,-0.0907107,2.18511,2.29219
0.25,1,0.330061,-0.140184,2.1934,2.21467
0.27,1,0.310184,-0.162152,2.20092,2.18055
0.29,1,0.323465,-0.1518,2.27038,2.20353
0.31,1,0.365258,-0.113206,2.35964,2.27149
0.33,1,0.425474,-0.0563553,2.44644,2.35983
0.35,1,0.490588,0.00693394,2.5168,2.44535
0.37,1,0.547833,0.0628885,2.58432,2.51376
0.39,1,0.587232,0.103181,2.57966,2.55778
0.41,1,0.606693,0.123822,2.57559,2.57872
0.43,1,0.603271,0.123272,2.5035,2.57507
0.45,1,0.578661,0.101679,2.50024,2.5484
0.47,1,0.535587,0.0614733,2.4374,2.49959
0.49,1,0.485274,0.0131857,2.36942,2.4387
0.51,1,0.434406,-0.0362019,2.30862,2.37211
0.53,1,0.392279,-0.0778601,2.26394,2.31239
0.55,1,0.366507,-0.103999,2.26803,2.27343
0.57,1,0.362408,-0.109627,2.34426,2.26705
0.59,1,0.380725,-0.0932904,2.34752,2.29517
0.61,1,0.416997,-0.0596243,2.4079,2.34798
0.63,1,0.460935,-0.017318,2.46348,2.40753
0.65,1,0.503335,0.0235325,2.50703,2.46108
0.67,1,0.53602,0.0554829,2.50267,2.5001
0.69,1,0.556555,0.0765963,2.49916,2.5237
0.71,1,0.563027,0.0834896,2.49682,2.53101
0.73,1,0.554555,0.0766026,2.45693,2.52143
0.75,1,0.533014,0.0569147,2.45572,2.49658
0.77,1,0.501248,0.0265559,2.4117,2.45853
0.79,1,0.466444,-0.00672449,2.34173,2.41469
0.81,1,0.434012,-0.0378921,2.34658,2.37157
0.83,1,0.40984,-0.0617213,2.35048,2.33784
0.85,1,0.398189,-0.0733558,2.32861,2.32105
0.87,1,0.4021,-0.0701257,2.39181,2.32672
0.89,1,0.420129,-0.0532984,2.39282,2.35238
0.91,1,0.447912,-0.0269056,2.47476,2.39034
0.93,1,0.477506,0.00111203,2.49181,2.42888
0.95,1,0.503507,0.0258408,2.48813,2.46129
0.97,1,0.522834,0.0442602,2.48536,2.48458
0.99,1,0.53324,0.0542083,2.46289,2.49685
