x,rho,E,F,T,Tr
0.01,1,0.39367,-0.107897,2.45051,2.31443
0.03,1,0.484885,-0.00546654,2.55035,2.43821
0.05,1,0.576755,0.0855863,2.64089,2.5463
0.07,1,0.645812,0.155813,2.63296,2.61932
0.09,1,0.681634,0.195363,2.62542,2.65491
0.11,1,0.679169,0.19756,2.6184,2.6525
0.13,1,0.641159,0.164679,2.54835,2.61459
0.15,1,0.577382,0.105349,2.4541,2.54699
0.17,1,0.499279,0.0305578,2.34758,2.45611
0.19,1,0.420648,-0.0466183,2.2481,2.3531
0.21,1,0.354854,-0.112476,2.19136,2.25514
0.23,1,0.313624,-0.155063,2.2007,2.18657
0.25,1,0.303841,-0.167563,2.20894,2.16932
0.27,1,0.327878,-0.146423,2.29126,2.211
0.29,1,0.378456,-0.0990891,2.38536,2.29174
0.31,1,0.443494,-0.036272,2.47115,2.38442
0.33,1,0.508988,0.0277135,2.55636,2.46796
0.35,1,0.562452,0.0814052,2.55059,2.53036
0.37,1,0.598582,0.119093,2.54488,2.57005
0.39,1,0.611763,0.134729,2.53973,2.58409
0.41,1,0.599261,0.124987,2.53524,2.57078
0.43,1,0.565572,0.0940757,2.47936,2.53386
0.45,1,0.518844,0.0495943,2.41121,2.47982
0.47,1,0.465758,-0.00215299,2.3415,2.4138
0.49,1,0.415517,-0.0519602,2.28548,2.3459
0.51,1,0.377112,-0.0907808,2.2921,2.2897
0.53,1,0.356899,-0.1124,2.29805,2.25838
0.55,1,0.360004,-0.110947,2.30291,2.26328
0.57,1,0.3863,-0.0866946,2.36214,2.30352
0.59,1,0.426567,-0.0476453,2.42388,2.36134
0.61,1,0.47234,-0.00328466,2.47551,2.42228
0.63,1,0.513003,0.0372699,2.52361,2.47281
0.65,1,0.542938,0.0676799,2.51897,2.50812
0.67,1,0.560679,0.086371,2.51502,2.52837
0.69,1,0.561654,0.0888819,2.4825,2.52946
0.71,1,0.54712,0.0756763,2.48005,2.51294
0.73,1,0.521466,0.0510118,2.39036,2.48295
0.75,1,0.487279,0.0177995,2.39082,2.44121
0.77,1,0.452047,-0.0174582,2.31495,2.39584
0.79,1,0.421393,-0.0479063,2.32033,2.35415
0.81,1,0.400035,-0.0701216,2.32513,2.32373
0.83,1,0.39272,-0.077884,2.32869,2.31303
0.85,1,0.402043,-0.0692745,2.40052,2.32664
0.87,1,0.424452,-0.0476055,2.4012,2.35841
0.89,1,0.453928,-0.0181946,2.46165,2.39833
0.91,1,0.48285,0.010448,2.45992,2.43565
0.93,1,0.507478,0.0354949,2.45704,2.46613
0.95,1,0.524495,0.0527131,2.47738,2.48655
0.97,1,0.532015,0.0606135,2.47443,2.49541
0.99,1,0.528429,0.0572245,2.47284,2.4912
