x,rho,E,F,T,Tr
0.01,1,0.259052,-0.228101,2.1753,2.08453
0.03,1,0.302886,-0.17928,2.29596,2.16761
0.05,1,0.381992,-0.104964,2.42626,2.29707
0.07,1,0.475088,-0.0154602,2.5349,2.4258
0.09,1,0.563438,0.0711518,2.63516,2.53147
0.11,1,0.630994,0.139287,2.6282,2.60416
0.13,1,0.668779,0.180112,2.62169,2.6423
0.15,1,0.670306,0.186223,2.61529,2.64381
0.17,1,0.637861,0.158861,2.55196,2.61122
0.19,1,0.579992,0.105889,2.46504,2.54986
0.21,1,0.507226,0.0368338,2.36491,2.46582
0.23,1,0.431905,-0.0359862,2.26867,2.36869
0.25,1,0.367446,-0.10005,2.2003,2.27489
0.27,1,0.325076,-0.143239,2.20786,2.20626
0.29,1,0.312248,-0.158727,2.21516,2.18417
0.31,1,0.331944,-0.142153,2.2897,2.21783
0.33,1,0.377942,-0.0996995,2.37846,2.29096
0.35,1,0.439256,-0.0416215,2.46196,2.37871
0.37,1,0.502253,0.0190846,2.55437,2.45976
0.39,1,0.554722,0.0706025,2.57624,2.52162
0.41,1,0.590728,0.10749,2.57209,2.56158
0.43,1,0.605385,0.124162,2.56811,2.57733
0.45,1,0.596215,0.117978,2.48911,2.56751
0.47,1,0.566739,0.0920344,2.48567,2.53517
0.49,1,0.52307,0.0513316,2.42182,2.48486
0.51,1,0.472703,0.00338138,2.35472,2.42275
0.53,1,0.423993,-0.0437957,2.29161,2.35777
0.55,1,0.385743,-0.081736,2.2965,2.30269
0.57,1,0.364046,-0.103918,2.30056,2.26961
0.59,1,0.364991,-0.105548,2.35616,2.27108
0.61,1,0.387851,-0.0848146,2.35956,2.30583
0.63,1,0.425902,-0.0499012,2.4698,2.36042
0.65,1,0.46949,-0.00841001,2.47028,2.41862
0.67,1,0.509702,0.0301767,2.49488,2.46883
0.69,1,0.539349,0.0593441,2.49155,2.50397
0.71,1,0.557156,0.0777217,2.48897,2.52439
0.73,1,0.559927,0.081811,2.48714,2.52752
0.75,1,0.547808,0.0716551,2.48497,2.51373
0.77,1,0.524353,0.0503211,2.40269,2.48638
0.79,1,0.491891,0.0205337,2.40176,2.44697
0.81,1,0.457332,-0.0124239,2.32412,2.40281
0.83,1,0.426805,-0.0413556,2.32748,2.36167
0.85,1,0.405291,-0.0626859,2.32961,2.33133
0.87,1,0.396939,-0.0715982,2.33129,2.31922
0.89,1,0.404395,-0.0654936,2.39719,2.33004
0.91,1,0.424894,-0.0470993,2.39858,2.35902
0.93,1,0.453484,-0.0206627,2.46483,2.39774
0.95,1,0.482231,0.00593008,2.46113,2.43487
0.97,1,0.506899,0.0290371,2.48043,2.46542
0.99,1,0.524281,0.0455669,2.47895,2.48629
