x,rho,E,F,T,Tr
0.01,1,0.293474,-0.200848,2.27796,2.15057
0.03,1,0.363489,-0.12429,2.40294,2.26874
0.05,1,0.457032,-0.0344988,2.51807,2.40242
0.07,1,0.549678,0.0562111,2.64967,2.51587
0.09,1,0.624485,0.130936,2.64234,2.59742
0.11,1,0.669265,0.178471,2.63542,2.64278
0.13,1,0.678239,0.191389,2.62898,2.65159
0.15,1,0.651308,0.169565,2.5702,2.62487
0.17,1,0.596545,0.119513,2.4855,2.56787
0.19,1,0.52404,0.0509932,2.3849,2.48601
0.21,1,0.44674,-0.0240227,2.28252,2.38878
0.23,1,0.377726,-0.0921154,2.18624,2.29063
0.25,1,0.329546,-0.141052,2.19461,2.21381
0.27,1,0.310195,-0.162414,2.20215,2.18057
0.29,1,0.32414,-0.151455,2.27218,2.20468
0.31,1,0.366444,-0.112392,2.36163,2.27333
0.33,1,0.426886,-0.0552379,2.44826,2.36178
0.35,1,0.492057,0.00802509,2.5181,2.44718
0.37,1,0.549008,0.0637776,2.58421,2.51511
0.39,1,0.58808,0.103786,2.57956,2.55871
0.41,1,0.607218,0.12414,2.57543,2.57928
0.43,1,0.603118,0.122954,2.50265,2.57491
0.45,1,0.578021,0.100851,2.49938,2.5477
0.47,1,0.534889,0.0605673,2.43635,2.49878
0.49,1,0.484488,0.0120386,2.36836,2.43771
0.51,1,0.433702,-0.0372393,2.25921,2.37115
0.53,1,0.39177,-0.0785039,2.2644,2.31163
0.55,1,0.366387,-0.104413,2.2685,2.27325
0.57,1,0.362809,-0.109702,2.34566,2.26768
0.59,1,0.381492,-0.0929045,2.34905,2.29632
0.61,1,0.417991,-0.0589358,2.40935,2.34938
0.63,1,0.461972,-0.0165258,2.46463,2.40888
0.65,1,0.504326,0.024205,2.50667,2.46229
0.67,1,0.536778,0.056065,2.50234,2.50098
0.69,1,0.557045,0.0769548,2.49878,2.52426
0.71,1,0.563221,0.0835352,2.49642,2.53123
0.73,1,0.554346,0.0764766,2.45631,2.5212
0.75,1,0.53281,0.0563517,2.45499,2.49634
0.77,1,0.500631,0.0260769,2.41127,2.45777
0.79,1,0.466043,-0.00749527,2.34272,2.41417
0.81,1,0.43361,-0.0385526,2.3475,2.37103
0.83,1,0.409594,-0.0621477,2.32732,2.33749
0.85,1,0.398171,-0.0734983,2.3292,2.32102
0.87,1,0.402423,-0.069858,2.39293,2.32719
0.89,1,0.420733,-0.0528308,2.39378,2.35322
0.91,1,0.448619,-0.0262025,2.47428,2.39128
0.93,1,0.478063,0.0016043,2.47115,2.42959
0.95,1,0.504036,0.0264418,2.48795,2.46194
0.97,1,0.52323,0.0447345,2.48521,2.48505
0.99,1,0.533518,0.0545588,2.48381,2.49717
