x,rho,E,F,T,Tr
0.01,1,0.687853,0.183044,2.58447,2.66094
0.03,1,0.599748,0.123716,2.4632,2.57131
0.05,1,0.506643,0.0349108,2.33714,2.46511
0.07,1,0.413788,-0.0556165,2.21812,2.34345
0.09,1,0.336885,-0.131982,2.14887,2.22603
0.11,1,0.289086,-0.181299,2.15933,2.14249
0.13,1,0.277852,-0.195672,2.16871,2.12136
0.15,1,0.304997,-0.172267,2.26683,2.17138
0.17,1,0.363057,-0.118342,2.37836,2.26806
0.19,1,0.438868,-0.0458533,2.47971,2.37818
0.21,1,0.516315,0.0294108,2.58134,2.4768
0.23,1,0.580972,0.0934862,2.57498,2.55094
0.25,1,0.624625,0.138674,2.56902,2.59756
0.27,1,0.640512,0.157459,2.56371,2.61393
0.29,1,0.62589,0.146556,2.55865,2.59888
0.31,1,0.586131,0.110354,2.4936,2.55658
0.33,1,0.530343,0.058089,2.41373,2.49345
0.35,1,0.467331,-0.00261699,2.33064,2.41584
0.37,1,0.407792,-0.060805,2.26352,2.33492
0.39,1,0.362528,-0.106213,2.27056,2.26724
0.41,1,0.338669,-0.131184,2.27646,2.22898
0.43,1,0.342332,-0.129966,2.28162,2.23498
0.45,1,0.372561,-0.102161,2.35241,2.28276
0.47,1,0.420241,-0.0573146,2.42604,2.35254
0.49,1,0.473691,-0.00595215,2.5156,2.42402
0.51,1,0.521771,0.0408481,2.55996,2.48331
0.53,1,0.559115,0.0777885,2.53938,2.5266
0.55,1,0.580658,0.100515,2.53549,2.55059
0.57,1,0.582549,0.103872,2.53239,2.55267
0.59,1,0.5652,0.0885399,2.4494,2.53345
0.61,1,0.533159,0.0592508,2.44774,2.49675
0.63,1,0.49282,0.0206756,2.3897,2.44813
0.65,1,0.450803,-0.0196297,2.29958,2.39419
0.67,1,0.414313,-0.0551991,2.34183,2.34419
0.69,1,0.388748,-0.0810861,2.3459,2.30716
0.71,1,0.379628,-0.0905515,2.34874,2.29351
0.73,1,0.390469,-0.0813995,2.39742,2.30971
0.75,1,0.417702,-0.0559722,2.39867,2.34897
0.77,1,0.452731,-0.022361,2.47216,2.39674
0.79,1,0.488233,0.0112356,2.46865,2.44241
0.81,1,0.516967,0.0398128,2.46484,2.47758
0.83,1,0.538097,0.0599305,2.51132,2.50251
0.85,1,0.547166,0.069419,2.48833,2.51299
0.87,1,0.542955,0.0655127,2.48713,2.50814
0.89,1,0.52657,0.050556,2.42191,2.489
0.91,1,0.502839,0.0279106,2.42179,2.46047
0.93,1,0.47441,0.000922929,2.34936,2.42493
0.95,1,0.447266,-0.0249087,2.354,2.38948
0.97,1,0.425141,-0.046067,2.35748,2.35936
0.99,1,0.411749,-0.0588807,2.35929,2.34056
