x,rho,E,F,T,Tr
0.01,1,0.398468,-0.0838149,2.18318,2.32145
0.03,1,0.313501,-0.155619,2.07845,2.18636
0.05,1,0.269119,-0.202779,2.09012,2.10449
0.07,1,0.26504,-0.210956,2.16024,2.09647
0.09,1,0.300717,-0.17989,2.27365,2.16372
0.11,1,0.367539,-0.117349,2.39506,2.27503
0.13,1,0.451118,-0.0371543,2.50074,2.39461
0.15,1,0.534509,0.0449862,2.57845,2.49833
0.17,1,0.602069,0.11328,2.63664,2.57379
0.19,1,0.642574,0.15672,2.63067,2.61603
0.21,1,0.653769,0.172056,2.56507,2.62735
0.23,1,0.633369,0.156844,2.55867,2.60661
0.25,1,0.585629,0.113258,2.48372,2.55604
0.27,1,0.522242,0.0535232,2.39419,2.48387
0.29,1,0.453495,-0.0137313,2.30157,2.39775
0.31,1,0.390736,-0.0762549,2.20467,2.31011
0.33,1,0.345683,-0.122882,2.21266,2.24043
0.35,1,0.325819,-0.145285,2.22083,2.20753
0.37,1,0.336179,-0.138596,2.28084,2.22487
0.39,1,0.372674,-0.105201,2.36062,2.28294
0.41,1,0.426288,-0.0546278,2.4391,2.36095
0.43,1,0.484474,0.00250111,2.50367,2.43769
0.45,1,0.535829,0.0535312,2.56924,2.49987
0.47,1,0.571336,0.0908421,2.56466,2.5403
0.49,1,0.589313,0.111317,2.55988,2.56005
0.51,1,0.587474,0.112809,2.49682,2.55805
0.53,1,0.566383,0.0950791,2.49242,2.53477
0.55,1,0.528541,0.0598116,2.43626,2.49133
0.57,1,0.484408,0.0167677,2.37516,2.43761
0.59,1,0.439084,-0.0278939,2.27194,2.37847
0.61,1,0.401365,-0.0665703,2.27698,2.32566
0.63,1,0.378376,-0.0916211,2.28239,2.29162
0.65,1,0.373112,-0.0988877,2.34905,2.28361
0.67,1,0.388161,-0.0872154,2.35377,2.30629
0.69,1,0.420453,-0.0569229,2.40811,2.35283
0.71,1,0.459229,-0.0194074,2.50101,2.4053
0.73,1,0.496814,0.0177711,2.51953,2.45307
0.75,1,0.525932,0.0481235,2.51699,2.48825
0.77,1,0.54466,0.0685968,2.51324,2.51011
0.79,1,0.550454,0.0770796,2.48908,2.51676
0.81,1,0.542939,0.0717906,2.45334,2.50813
0.83,1,0.523791,0.0550211,2.41182,2.48571
0.85,1,0.496317,0.0285441,2.4103,2.45246
0.87,1,0.465837,-0.0017563,2.3445,2.4139
0.89,1,0.437741,-0.0308117,2.34659,2.37665
0.91,1,0.416536,-0.0535622,2.34997,2.34733
0.93,1,0.405975,-0.0665736,2.35455,2.33231
0.95,1,0.409042,-0.0655909,2.35927,2.3367
0.97,1,0.425055,-0.0516234,2.42741,2.35924
0.99,1,0.449233,-0.0287047,2.42927,2.3921
