x,rho,E,F,T,Tr
0.01,1,0.485248,-0.00158491,2.29853,2.43867
0.03,1,0.38227,-0.0870777,2.16729,2.29749
0.05,1,0.30947,-0.160668,2.09327,2.1793
0.07,1,0.270627,-0.201865,2.10503,2.10744
0.09,1,0.27197,-0.204489,2.18031,2.11005
0.11,1,0.311637,-0.169149,2.2935,2.1831
0.13,1,0.38006,-0.104481,2.41098,2.29416
0.15,1,0.462652,-0.0247137,2.51067,2.40977
0.17,1,0.542737,0.0544403,2.58204,2.50789
0.19,1,0.605525,0.118186,2.63045,2.57748
0.21,1,0.641335,0.156885,2.62448,2.61477
0.23,1,0.64813,0.167622,2.55278,2.62166
0.25,1,0.624801,0.148786,2.54685,2.59775
0.27,1,0.575627,0.103313,2.47143,2.54505
0.29,1,0.512544,0.0433976,2.38321,2.47226
0.31,1,0.445674,-0.0225137,2.29517,2.38735
0.33,1,0.385805,-0.0821274,2.21663,2.30278
0.35,1,0.344713,-0.125023,2.22488,2.23885
0.37,1,0.328872,-0.143129,2.23266,2.21268
0.39,1,0.342837,-0.132473,2.29454,2.2358
0.41,1,0.381054,-0.0966682,2.37296,2.29566
0.43,1,0.434616,-0.0455724,2.44794,2.3724
0.45,1,0.491182,0.010187,2.50817,2.44609
0.47,1,0.539802,0.0586951,2.56349,2.5045
0.49,1,0.572074,0.0928673,2.55871,2.54112
0.51,1,0.586815,0.109771,2.554,2.55733
0.53,1,0.582728,0.108562,2.48781,2.55287
0.55,1,0.560637,0.0889711,2.48408,2.52832
0.57,1,0.522301,0.05267,2.42817,2.48394
0.59,1,0.478548,0.00980875,2.36626,2.4302
0.61,1,0.435035,-0.0339795,2.27769,2.37297
0.63,1,0.399467,-0.0700755,2.28321,2.32291
0.65,1,0.379026,-0.0923841,2.28882,2.2926
0.67,1,0.376925,-0.0963465,2.35683,2.28942
0.69,1,0.393414,-0.081645,2.41335,2.31406
0.71,1,0.426267,-0.0508043,2.46063,2.36092
0.73,1,0.464155,-0.0130426,2.46059,2.41172
0.75,1,0.500124,0.0227377,2.5156,2.45715
0.77,1,0.52706,0.051056,2.51204,2.48958
0.79,1,0.543808,0.0693618,2.48672,2.50913
0.81,1,0.547995,0.0753822,2.48281,2.51394
0.83,1,0.539363,0.0683244,2.4797,2.50399
0.85,1,0.52031,0.0500388,2.40705,2.48157
0.87,1,0.493043,0.0231516,2.40681,2.4484
0.89,1,0.46332,-0.00682166,2.34981,2.41064
0.91,1,0.436508,-0.0347203,2.33239,2.37498
0.93,1,0.416687,-0.0556146,2.33706,2.34755
0.95,1,0.40799,-0.0660561,2.36225,2.3352
0.97,1,0.412443,-0.0628336,2.36589,2.34154
0.99,1,0.428697,-0.0473105,2.43258,2.36428
