x,rho,E,F,T,Tr
0.01,1,0.262894,-0.219959,2.08121,2.09222
0.03,1,0.255572,-0.221564,2.14917,2.07749
0.05,1,0.294594,-0.187602,2.27062,2.15262
0.07,1,0.365912,-0.121133,2.39903,2.27251
0.09,1,0.454613,-0.0364381,2.50962,2.39923
0.11,1,0.542718,0.0495851,2.64012,2.50787
0.13,1,0.613875,0.120823,2.63366,2.58631
0.15,1,0.656639,0.166468,2.62733,2.63023
0.17,1,0.666601,0.180896,2.57174,2.64015
0.19,1,0.642842,0.162578,2.56539,2.6163
0.21,1,0.59156,0.116119,2.48568,2.56248
0.23,1,0.523425,0.0524835,2.39058,2.48528
0.25,1,0.450303,-0.0183599,2.29277,2.39352
0.27,1,0.384198,-0.0834711,2.19668,2.30038
0.29,1,0.337506,-0.131409,2.20388,2.22706
0.31,1,0.318091,-0.153389,2.21144,2.19432
0.33,1,0.330418,-0.144727,2.27649,2.21527
0.35,1,0.369996,-0.108866,2.36119,2.27882
0.37,1,0.42735,-0.0555092,2.44402,2.36242
0.39,1,0.489302,0.00428547,2.51177,2.44374
0.41,1,0.543769,0.0575232,2.57699,2.50908
0.43,1,0.581096,0.0959842,2.57325,2.55108
0.45,1,0.599287,0.116059,2.56922,2.57081
0.47,1,0.596324,0.116959,2.50171,2.56763
0.49,1,0.573367,0.0976285,2.49741,2.54255
0.51,1,0.532327,0.0601089,2.43781,2.49578
0.53,1,0.484658,0.0149159,2.37267,2.43792
0.55,1,0.436244,-0.0318475,2.26767,2.37462
0.57,1,0.396088,-0.0719631,2.27131,2.31798
0.59,1,0.372027,-0.0971714,2.27544,2.28194
0.61,1,0.368038,-0.103405,2.34562,2.2758
0.63,1,0.385236,-0.0899768,2.34991,2.30194
0.65,1,0.419856,-0.058068,2.41045,2.352
0.67,1,0.462174,-0.0189656,2.50571,2.40914
0.69,1,0.502066,0.0195656,2.50224,2.45953
0.71,1,0.533448,0.0504948,2.49969,2.49709
0.73,1,0.552948,0.071169,2.51997,2.51961
0.75,1,0.558692,0.078852,2.51725,2.52612
0.77,1,0.550201,0.073093,2.45776,2.51647
0.79,1,0.529129,0.0554884,2.45476,2.49202
0.81,1,0.498835,0.0276196,2.41227,2.45556
0.83,1,0.465767,-0.00333395,2.34697,2.41381
0.85,1,0.434928,-0.033126,2.34937,2.37283
0.87,1,0.412598,-0.0562431,2.35097,2.34176
0.89,1,0.401833,-0.0683889,2.35296,2.32634
0.91,1,0.405736,-0.0667713,2.3908,2.33197
0.93,1,0.423438,-0.0522857,2.42887,2.357
0.95,1,0.450324,-0.0282386,2.43132,2.39355
0.97,1,0.479051,-0.00174062,2.49525,2.43084
0.99,1,0.503709,0.0216263,2.46517,2.46154
