x,rho,E,F,T,Tr
0.01,1,0.316172,-0.180276,2.32636,2.191
0.03,1,0.394969,-0.0939558,2.44747,2.31634
0.05,1,0.491234,-0.000819583,2.55331,2.44615
0.07,1,0.579978,0.0868122,2.63343,2.54985
0.09,1,0.645596,0.153437,2.62596,2.6191
0.11,1,0.67868,0.189918,2.61898,2.65203
0.13,1,0.674286,0.189992,2.61245,2.64772
0.15,1,0.635605,0.156268,2.54282,2.60891
0.17,1,0.572434,0.0975952,2.45023,2.54152
0.19,1,0.495985,0.0244775,2.34662,2.45205
0.21,1,0.419443,-0.0501173,2.2517,2.35142
0.23,1,0.356186,-0.11325,2.20496,2.25725
0.25,1,0.317365,-0.153325,2.21322,2.19306
0.27,1,0.309572,-0.163713,2.22078,2.17947
0.29,1,0.334889,-0.141364,2.30181,2.22273
0.31,1,0.385587,-0.0940209,2.39324,2.30246
0.33,1,0.449664,-0.0324652,2.47566,2.39267
0.35,1,0.513252,0.0294392,2.55196,2.47311
0.37,1,0.564771,0.0806272,2.54637,2.53297
0.39,1,0.599216,0.116015,2.5412,2.57073
0.41,1,0.610871,0.129834,2.53678,2.58315
0.43,1,0.597469,0.119034,2.53297,2.56886
0.45,1,0.563483,0.0881423,2.4779,2.53152
0.47,1,0.517332,0.0444121,2.41122,2.47801
0.49,1,0.465295,-0.00580045,2.34428,2.4132
0.51,1,0.41668,-0.0537503,2.29699,2.34754
0.53,1,0.379763,-0.0903924,2.30275,2.29372
0.55,1,0.361004,-0.110207,2.30777,2.26485
0.57,1,0.365222,-0.10738,2.31164,2.27144
0.59,1,0.392345,-0.082868,2.37191,2.31248
0.61,1,0.432478,-0.0443192,2.43155,2.36948
0.63,1,0.476933,-0.00134136,2.52608,2.42815
0.65,1,0.516413,0.0371372,2.52156,2.47691
0.67,1,0.545586,0.0659131,2.5176,2.51118
0.69,1,0.562156,0.0833413,2.48489,2.53003
0.71,1,0.562421,0.0847258,2.51212,2.53033
0.73,1,0.547544,0.0710068,2.48072,2.51343
0.75,1,0.521912,0.0467484,2.39361,2.48348
0.77,1,0.488,0.0142947,2.39389,2.44212
0.79,1,0.453296,-0.0194668,2.32519,2.39749
0.81,1,0.423658,-0.0483103,2.32998,2.3573
0.83,1,0.402995,-0.0687885,2.33343,2.32802
0.85,1,0.39671,-0.0751975,2.3356,2.31889
0.87,1,0.406647,-0.0659265,2.40602,2.33327
0.89,1,0.429057,-0.0446625,2.4064,2.36478
0.91,1,0.45865,-0.0159811,2.46314,2.40454
0.93,1,0.486966,0.0111458,2.48441,2.44082
0.95,1,0.511191,0.0346364,2.48058,2.47063
0.97,1,0.527656,0.0505638,2.4776,2.49029
0.99,1,0.53477,0.0573683,2.47602,2.49864
