x,rho,E,F,T,Tr
0.01,1,0.502145,0.0126273,2.32127,2.45962
0.03,1,0.39702,-0.0737744,2.18522,2.31934
0.05,1,0.320177,-0.151134,2.09097,2.19791
0.07,1,0.275813,-0.197839,2.10209,2.11746
0.09,1,0.270746,-0.206545,2.16805,2.10767
0.11,1,0.304701,-0.176709,2.27697,2.17085
0.13,1,0.369448,-0.116071,2.39465,2.27798
0.15,1,0.450698,-0.0379734,2.49761,2.39405
0.17,1,0.531913,0.0418009,2.57362,2.49529
0.19,1,0.597686,0.108394,2.63224,2.56909
0.21,1,0.638377,0.151275,2.62644,2.61175
0.23,1,0.650016,0.166764,2.56348,2.62357
0.25,1,0.630862,0.152163,2.55766,2.60402
0.27,1,0.585096,0.110216,2.48559,2.55545
0.29,1,0.524083,0.0523242,2.39922,2.48606
0.31,1,0.457516,-0.0130627,2.30985,2.40305
0.33,1,0.396547,-0.0738108,2.20933,2.31865
0.35,1,0.352451,-0.119043,2.21616,2.25131
0.37,1,0.332111,-0.141692,2.27945,2.21811
0.39,1,0.340336,-0.136457,2.28631,2.23171
0.41,1,0.37571,-0.103688,2.36285,2.28757
0.43,1,0.42744,-0.0543717,2.43892,2.36255
0.45,1,0.48404,0.00127006,2.50167,2.43715
0.47,1,0.533936,0.0511387,2.5674,2.49766
0.49,1,0.568999,0.0874949,2.56255,2.53769
0.51,1,0.58729,0.107827,2.55796,2.55785
0.53,1,0.586272,0.109322,2.49725,2.55674
0.55,1,0.566396,0.091984,2.4936,2.53479
0.57,1,0.53017,0.0577776,2.43981,2.49325
0.59,1,0.487506,0.0160049,2.38113,2.4415
0.61,1,0.443633,-0.0275056,2.27954,2.38461
0.63,1,0.406679,-0.0651638,2.28492,2.33332
0.65,1,0.383531,-0.0896592,2.29037,2.29938
0.67,1,0.377769,-0.0969928,2.35398,2.2907
0.69,1,0.39174,-0.0854406,2.35786,2.31159
0.71,1,0.422653,-0.0559622,2.40968,2.3559
0.73,1,0.459786,-0.0193425,2.45608,2.40603
0.75,1,0.496387,0.0170152,2.51993,2.45254
0.77,1,0.524974,0.0467499,2.51638,2.48712
0.79,1,0.543849,0.0664331,2.51242,2.50918
0.81,1,0.550191,0.0747991,2.4891,2.51646
0.83,1,0.543446,0.06929,2.48613,2.50871
0.85,1,0.525557,0.052609,2.41544,2.48781
0.87,1,0.499466,0.0269877,2.41503,2.45634
0.89,1,0.47016,-0.00280929,2.34838,2.41949
0.91,1,0.442913,-0.0308032,2.35172,2.38364
0.93,1,0.421856,-0.0528163,2.35619,2.35479
0.95,1,0.410807,-0.0656057,2.39193,2.33922
0.97,1,0.412966,-0.064522,2.36464,2.34229
0.99,1,0.42774,-0.0503514,2.43038,2.36296
