x,rho,E,F,T,Tr
0.01,1,0.53263,0.0188162,2.60063,2.49613
0.03,1,0.612104,0.117145,2.67842,2.58445
0.05,1,0.672016,0.179506,2.67185,2.64549
0.07,1,0.69481,0.207108,2.61151,2.66765
0.09,1,0.678459,0.196418,2.60403,2.65181
0.11,1,0.627402,0.15085,2.52122,2.60045
0.13,1,0.553938,0.0817323,2.41703,2.52073
0.15,1,0.47096,0.00145867,2.30606,2.42051
0.17,1,0.392787,-0.0759336,2.21061,2.31313
0.19,1,0.333111,-0.137149,2.15781,2.21977
0.21,1,0.302109,-0.170561,2.1677,2.16622
0.23,1,0.305547,-0.170769,2.23136,2.17236
0.25,1,0.341551,-0.138261,2.32468,2.2337
0.27,1,0.401051,-0.0822469,2.42098,2.32521
0.29,1,0.470449,-0.0148547,2.50406,2.41986
0.31,1,0.535639,0.0496657,2.60173,2.49965
0.33,1,0.584729,0.0999682,2.59654,2.55505
0.35,1,0.612422,0.130173,2.59123,2.58478
0.37,1,0.616339,0.137654,2.52745,2.58891
0.39,1,0.595871,0.120882,2.52238,2.56714
0.41,1,0.554179,0.0821858,2.45866,2.52101
0.43,1,0.502146,0.0323746,2.38578,2.45963
0.45,1,0.447183,-0.0219609,2.31504,2.38937
0.47,1,0.398751,-0.0707917,2.24624,2.32186
0.49,1,0.366114,-0.104983,2.25237,2.27282
0.51,1,0.354209,-0.119385,2.3173,2.25412
0.53,1,0.366054,-0.109959,2.32318,2.27273
0.55,1,0.400446,-0.0783689,2.38774,2.32433
0.57,1,0.445513,-0.0344827,2.45153,2.38713
0.59,1,0.492326,0.0113234,2.54445,2.44751
0.61,1,0.530625,0.0502919,2.52088,2.49378
0.63,1,0.556281,0.0779088,2.51656,2.52339
0.65,1,0.567957,0.0914795,2.51218,2.53653
0.67,1,0.56283,0.0891263,2.5081,2.53079
0.69,1,0.543586,0.0714063,2.4263,2.50887
0.71,1,0.511956,0.0417923,2.42456,2.47155
0.73,1,0.47559,0.00540632,2.37549,2.42644
0.75,1,0.440049,-0.0301713,2.30584,2.37978
0.77,1,0.412161,-0.0595764,2.31056,2.34114
0.79,1,0.395686,-0.0775389,2.3156,2.31739
0.81,1,0.395011,-0.0803079,2.37519,2.3164
0.83,1,0.410047,-0.0671268,2.41873,2.33814
0.85,1,0.437932,-0.0406297,2.42053,2.37691
0.87,1,0.469027,-0.00975231,2.48265,2.41803
0.89,1,0.49789,0.0197932,2.48112,2.4544
0.91,1,0.519807,0.0430039,2.47892,2.48097
0.93,1,0.532984,0.0581876,2.47564,2.49655
0.95,1,0.535881,0.0628405,2.44542,2.49993
0.97,1,0.527547,0.0561745,2.44075,2.49016
0.99,1,0.510707,0.0401448,2.43893,2.47004
