x,rho,E,F,T,Tr
0.01,1,0.725774,0.208842,2.65178,2.69688
0.03,1,0.703616,0.217029,2.63285,2.67606
0.05,1,0.654638,0.174521,2.5496,2.62822
0.07,1,0.577918,0.103829,2.44068,2.54758
0.09,1,0.488384,0.0182288,2.32005,2.4426
0.11,1,0.401713,-0.0665461,2.16821,2.32616
0.13,1,0.332586,-0.135758,2.17759,2.2189
0.15,1,0.292846,-0.178002,2.18703,2.14942
0.17,1,0.288715,-0.18562,2.19661,2.1418
0.19,1,0.321345,-0.157482,2.29414,2.19991
0.21,1,0.381307,-0.101844,2.39999,2.29604
0.23,1,0.455447,-0.0314115,2.4921,2.40033
0.25,1,0.528082,0.0393883,2.56015,2.49079
0.27,1,0.586322,0.0975829,2.61225,2.55679
0.29,1,0.622281,0.135599,2.6077,2.59512
0.31,1,0.631972,0.148717,2.54874,2.60517
0.33,1,0.613536,0.135009,2.54345,2.58596
0.35,1,0.571869,0.0972101,2.47772,2.54089
0.37,1,0.516534,0.0458792,2.40016,2.47706
0.39,1,0.4566,-0.0120138,2.27801,2.40185
0.41,1,0.401718,-0.0658214,2.28377,2.32617
0.43,1,0.362092,-0.106446,2.23615,2.26656
0.45,1,0.343811,-0.126487,2.29433,2.23739
0.47,1,0.352395,-0.121297,2.30007,2.25122
0.49,1,0.385514,-0.0914113,2.36927,2.30235
0.51,1,0.433181,-0.0471648,2.43797,2.37044
0.53,1,0.484962,0.00192244,2.49466,2.43831
0.55,1,0.529705,0.045785,2.55192,2.4927
0.57,1,0.561011,0.0773871,2.54927,2.52874
0.59,1,0.577284,0.0954895,2.52743,2.54688
0.61,1,0.575231,0.0964278,2.52391,2.54461
0.63,1,0.556575,0.0806295,2.4406,2.52373
0.65,1,0.52323,0.0511533,2.43751,2.48505
0.67,1,0.483955,0.0138615,2.38166,2.43704
0.69,1,0.444123,-0.0238289,2.29615,2.38527
0.71,1,0.411531,-0.0567301,2.29859,2.34025
0.73,1,0.38948,-0.0788378,2.3016,2.30825
0.75,1,0.385228,-0.0858243,2.35996,2.30192
0.77,1,0.398864,-0.074612,2.36343,2.32203
0.79,1,0.427942,-0.0489392,2.45122,2.36324
0.81,1,0.462048,-0.0170775,2.45296,2.40898
0.83,1,0.495762,0.0147544,2.48846,2.45177
0.85,1,0.521347,0.0398226,2.48652,2.48281
0.87,1,0.539137,0.0579044,2.48522,2.50372
0.89,1,0.544826,0.0655276,2.48381,2.5103
0.91,1,0.537898,0.0606765,2.48136,2.50228
0.93,1,0.519971,0.0456597,2.41806,2.48117
0.95,1,0.49568,0.0240439,2.41609,2.45167
0.97,1,0.468093,-0.0015335,2.39049,2.41682
0.99,1,0.443084,-0.0253658,2.36278,2.38387
