x,rho,E,F,T,Tr
0.01,1,0.416926,-0.0654947,2.20887,2.34788
0.03,1,0.32694,-0.141347,2.11878,2.20942
0.05,1,0.275449,-0.195079,2.13099,2.11676
0.07,1,0.263127,-0.211263,2.14298,2.09268
0.09,1,0.291265,-0.187338,2.25029,2.14651
0.11,1,0.352839,-0.130311,2.37185,2.25193
0.13,1,0.43407,-0.0524195,2.48231,2.37165
0.15,1,0.517931,0.0296218,2.59537,2.47873
0.17,1,0.588516,0.10059,2.58894,2.55918
0.19,1,0.636229,0.150987,2.5824,2.60955
0.21,1,0.653688,0.172386,2.57568,2.62727
0.23,1,0.638039,0.161584,2.56919,2.6114
0.25,1,0.595072,0.122835,2.49866,2.56628
0.27,1,0.534513,0.0660347,2.41172,2.49834
0.29,1,0.466555,-0.000442178,2.32062,2.41483
0.31,1,0.402247,-0.0640896,2.24385,2.32694
0.33,1,0.353657,-0.11419,2.25148,2.25324
0.35,1,0.328048,-0.14206,2.25957,2.21129
0.37,1,0.331915,-0.141775,2.26724,2.21778
0.39,1,0.363942,-0.112578,2.34457,2.26944
0.41,1,0.414897,-0.0647712,2.42387,2.34502
0.43,1,0.472565,-0.00819004,2.49176,2.42257
0.45,1,0.525553,0.0439527,2.57113,2.4878
0.47,1,0.564183,0.0845094,2.56652,2.53231
0.49,1,0.587189,0.109326,2.5617,2.55774
0.51,1,0.589019,0.114648,2.50521,2.55973
0.53,1,0.570915,0.0993305,2.50083,2.53983
0.55,1,0.53568,0.0669345,2.44716,2.4997
0.57,1,0.492653,0.0254957,2.38628,2.44792
0.59,1,0.447679,-0.0190029,2.32172,2.39003
0.61,1,0.408529,-0.058615,2.32595,2.33597
0.63,1,0.381601,-0.0879232,2.3307,2.29649
0.65,1,0.372159,-0.0995503,2.2998,2.28215
0.67,1,0.383791,-0.0904286,2.34381,2.29977
0.69,1,0.413047,-0.0631711,2.44468,2.3424
0.71,1,0.451065,-0.0267122,2.44586,2.39454
0.73,1,0.488951,0.0109026,2.52229,2.44331
0.75,1,0.519368,0.0421958,2.5194,2.48045
0.77,1,0.541228,0.0657525,2.51765,2.50615
0.79,1,0.550328,0.0772213,2.46362,2.51662
0.81,1,0.545211,0.0742142,2.45997,2.51074
0.83,1,0.527373,0.0586731,2.4208,2.48995
0.85,1,0.501622,0.0338289,2.4172,2.45898
0.87,1,0.471668,0.00422165,2.33829,2.42142
0.89,1,0.443118,-0.0251931,2.34068,2.38392
0.91,1,0.420144,-0.0495791,2.34433,2.3524
0.93,1,0.406662,-0.0651129,2.34899,2.3333
0.95,1,0.407085,-0.0670224,2.35358,2.3339
0.97,1,0.421056,-0.0546858,2.38688,2.35367
0.99,1,0.443624,-0.0331999,2.46916,2.3846
