x,rho,E,F,T,Tr
0.01,1,0.580824,0.0859444,2.42889,2.55078
0.03,1,0.472487,0.000524569,2.28639,2.42247
0.05,1,0.380698,-0.0900178,2.17151,2.29513
0.07,1,0.311054,-0.160507,2.10724,2.18208
0.09,1,0.274945,-0.19875,2.11808,2.11579
0.11,1,0.278335,-0.198982,2.19371,2.12228
0.13,1,0.319036,-0.16237,2.3044,2.19595
0.15,1,0.387124,-0.0978201,2.4182,2.30475
0.17,1,0.468127,-0.0193699,2.51379,2.41686
0.19,1,0.54558,0.0568304,2.63141,2.51117
0.21,1,0.605266,0.117127,2.62541,2.5772
0.23,1,0.639229,0.153575,2.6198,2.61262
0.25,1,0.64415,0.162007,2.54685,2.61763
0.27,1,0.619764,0.141907,2.54164,2.5925
0.29,1,0.57135,0.0966026,2.46734,2.54031
0.31,1,0.509487,0.0377289,2.38163,2.46857
0.33,1,0.444392,-0.0263484,2.29729,2.38563
0.35,1,0.386603,-0.0836816,2.22775,2.30398
0.37,1,0.347608,-0.124242,2.23558,2.24354
0.39,1,0.333303,-0.140093,2.24263,2.22009
0.41,1,0.348283,-0.127886,2.30352,2.24463
0.43,1,0.386704,-0.0917465,2.37968,2.30413
0.45,1,0.439512,-0.0413558,2.45205,2.37905
0.47,1,0.494477,0.0129315,2.50956,2.45018
0.49,1,0.54128,0.0593185,2.55994,2.50621
0.51,1,0.571902,0.0914206,2.55525,2.54093
0.53,1,0.585509,0.106628,2.55111,2.55591
0.55,1,0.580905,0.104023,2.48477,2.55087
0.57,1,0.558759,0.0839761,2.48203,2.5262
0.59,1,0.52109,0.0477362,2.42749,2.4825
0.61,1,0.478156,0.00587937,2.36811,2.42971
0.63,1,0.435715,-0.0362927,2.28578,2.3739
0.65,1,0.401481,-0.0705834,2.29138,2.32583
0.67,1,0.382207,-0.0912723,2.29595,2.2974
0.69,1,0.381049,-0.0935847,2.32292,2.29566
0.71,1,0.39774,-0.0777708,2.41837,2.32039
0.73,1,0.430076,-0.0470753,2.46314,2.36618
0.75,1,0.467352,-0.0101252,2.46239,2.41586
0.77,1,0.501839,0.0241382,2.51366,2.45925
0.79,1,0.528285,0.0508454,2.50952,2.49103
0.81,1,0.544387,0.0676645,2.48429,2.5098
0.83,1,0.548072,0.0724769,2.48129,2.51403
0.85,1,0.539627,0.0642787,2.4792,2.50429
0.87,1,0.520523,0.0459976,2.40831,2.48183
0.89,1,0.493897,0.0194515,2.40887,2.44946
0.91,1,0.464756,-0.00958797,2.33532,2.4125
0.93,1,0.438581,-0.0359972,2.36088,2.37779
0.95,1,0.419512,-0.0556086,2.36552,2.35151
0.97,1,0.411038,-0.0643816,2.36916,2.33955
0.99,1,0.415537,-0.0600928,2.4025,2.34592
