x,rho,E,F,T,Tr
0.01,1,0.286842,-0.195032,2.1,2.13832
0.03,1,0.254866,-0.219985,2.10248,2.07606
0.05,1,0.270519,-0.208876,2.20191,2.10723
0.07,1,0.324186,-0.16027,2.32816,2.20475
0.09,1,0.40394,-0.0851543,2.44929,2.32938
0.11,1,0.493238,0.00093445,2.54654,2.44864
0.13,1,0.574217,0.0810033,2.61701,2.54349
0.15,1,0.633138,0.141382,2.61071,2.60637
0.17,1,0.662599,0.174578,2.60437,2.63617
0.19,1,0.65734,0.174317,2.59775,2.63093
0.21,1,0.620855,0.14311,2.53225,2.59364
0.23,1,0.562282,0.0894875,2.44597,2.53017
0.25,1,0.492005,0.0221284,2.35002,2.44711
0.27,1,0.421523,-0.0465128,2.21621,2.35433
0.29,1,0.363556,-0.104842,2.22325,2.26884
0.31,1,0.328255,-0.142085,2.23082,2.21164
0.33,1,0.322045,-0.151727,2.23872,2.2011
0.35,1,0.346766,-0.130739,2.3141,2.24218
0.37,1,0.394772,-0.0867018,2.39878,2.31605
0.39,1,0.454619,-0.0298462,2.47476,2.39924
0.41,1,0.513169,0.0270288,2.54113,2.47301
0.43,1,0.559873,0.0738377,2.53718,2.52746
0.45,1,0.590393,0.106631,2.53332,2.56122
0.47,1,0.600135,0.119109,2.55848,2.57172
0.49,1,0.586702,0.109546,2.47642,2.55721
0.51,1,0.554909,0.0816022,2.47221,2.52184
0.53,1,0.511671,0.0412971,2.41002,2.47121
0.55,1,0.463709,-0.00481365,2.30391,2.41114
0.57,1,0.418963,-0.0487726,2.30796,2.35074
0.59,1,0.385677,-0.0831635,2.31184,2.30259
0.61,1,0.369423,-0.101822,2.31658,2.27794
0.63,1,0.374689,-0.0996392,2.37431,2.28602
0.65,1,0.400718,-0.0770872,2.37673,2.32472
0.67,1,0.438873,-0.0417393,2.43396,2.37819
0.69,1,0.480091,-0.00235579,2.48882,2.43216
0.71,1,0.516146,0.0329358,2.48652,2.47659
0.73,1,0.542,0.0596231,2.48469,2.50704
0.75,1,0.556375,0.0758528,2.48261,2.5235
0.77,1,0.55546,0.0779172,2.47973,2.52246
0.79,1,0.540659,0.0660422,2.47602,2.50549
0.81,1,0.515909,0.0442499,2.39575,2.47631
0.83,1,0.48458,0.0151056,2.39375,2.43783
0.85,1,0.452232,-0.0163579,2.33422,2.39608
0.87,1,0.425349,-0.0433025,2.33595,2.35965
0.89,1,0.407535,-0.0627649,2.33849,2.33455
0.91,1,0.403099,-0.0694154,2.34232,2.32817
0.93,1,0.413893,-0.0617809,2.40712,2.3436
0.95,1,0.435686,-0.0428867,2.41143,2.37386
0.97,1,0.46362,-0.0172698,2.47998,2.41103
0.99,1,0.489986,0.00771225,2.47843,2.4446
