x,rho,E,F,T,Tr
0.01,1,0.719278,0.200832,2.66752,2.69083
0.03,1,0.708878,0.220176,2.64852,2.68105
0.05,1,0.669807,0.187827,2.57447,2.64332
0.07,1,0.600074,0.124025,2.47206,2.57165
0.09,1,0.513028,0.0418068,2.35364,2.47284
0.11,1,0.424742,-0.0443302,2.23866,2.35881
0.13,1,0.349817,-0.1188,2.15869,2.2471
0.15,1,0.301616,-0.168748,2.16815,2.16533
0.17,1,0.287571,-0.186143,2.17763,2.13967
0.19,1,0.310693,-0.167246,2.26729,2.18145
0.21,1,0.364064,-0.118417,2.37269,2.26963
0.23,1,0.435363,-0.0509109,2.47085,2.37342
0.25,1,0.509284,0.0205626,2.57824,2.46832
0.27,1,0.571711,0.0823829,2.57278,2.54071
0.29,1,0.614295,0.126681,2.56774,2.58676
0.31,1,0.631465,0.147347,2.5627,2.60465
0.33,1,0.619852,0.13987,2.55714,2.59259
0.35,1,0.583853,0.10825,2.49692,2.5541
0.37,1,0.532174,0.0605462,2.42167,2.4956
0.39,1,0.472697,0.00377937,2.34198,2.42274
0.41,1,0.41572,-0.0519944,2.26823,2.34618
0.43,1,0.371524,-0.0967188,2.27358,2.28117
0.45,1,0.347265,-0.123,2.27903,2.24299
0.47,1,0.348654,-0.124606,2.28519,2.24523
0.49,1,0.376067,-0.100925,2.35092,2.28811
0.51,1,0.420365,-0.0600491,2.42087,2.35271
0.53,1,0.471606,-0.011586,2.48097,2.42134
0.55,1,0.518195,0.0341077,2.54034,2.47905
0.57,1,0.553439,0.0693039,2.53736,2.52016
0.59,1,0.574708,0.0923546,2.53409,2.54404
0.61,1,0.577436,0.0974271,2.53049,2.54705
0.63,1,0.561887,0.0855538,2.45476,2.52973
0.65,1,0.533242,0.0600218,2.45128,2.49685
0.67,1,0.494652,0.0243414,2.39602,2.4504
0.69,1,0.45494,-0.0140428,2.33983,2.39966
0.71,1,0.419624,-0.0484285,2.30942,2.35167
0.73,1,0.394858,-0.0743816,2.31234,2.31618
0.75,1,0.385522,-0.0853664,2.31616,2.30236
0.77,1,0.395067,-0.078823,2.39527,2.31648
0.79,1,0.419963,-0.0570061,2.39839,2.35215
0.81,1,0.45383,-0.0259585,2.47176,2.3982
0.83,1,0.487275,0.00551886,2.4686,2.44121
0.85,1,0.515755,0.033217,2.46661,2.47612
0.87,1,0.535529,0.0533785,2.46562,2.49952
0.89,1,0.54448,0.0641561,2.46473,2.5099
0.91,1,0.540848,0.0627012,2.46311,2.50571
0.93,1,0.525407,0.0503575,2.42803,2.48763
0.95,1,0.502499,0.0302191,2.42561,2.46006
0.97,1,0.475915,0.00579387,2.35545,2.42685
0.99,1,0.449344,-0.0194366,2.35718,2.39225
