x,rho,E,F,T,Tr
0.01,1,0.504874,-0.00764722,2.5752,2.46296
0.03,1,0.589388,0.0939939,2.6438,2.56013
0.05,1,0.658029,0.164435,2.63584,2.63162
0.07,1,0.691417,0.202088,2.62801,2.66438
0.09,1,0.68522,0.201152,2.62051,2.65839
0.11,1,0.643009,0.164388,2.54584,2.61647
0.13,1,0.575192,0.101135,2.44721,2.54457
0.15,1,0.494077,0.0231099,2.33744,2.44968
0.17,1,0.413949,-0.0559038,2.2379,2.34368
0.19,1,0.348395,-0.121922,2.19324,2.24481
0.21,1,0.309091,-0.163414,2.20316,2.17863
0.23,1,0.302486,-0.173264,2.21234,2.1669
0.25,1,0.330311,-0.148974,2.29951,2.21509
0.27,1,0.384251,-0.0985169,2.39633,2.30046
0.29,1,0.451679,-0.0331757,2.48241,2.39535
0.31,1,0.518302,0.0324027,2.55841,2.47917
0.33,1,0.572123,0.086708,2.55307,2.54117
0.35,1,0.607514,0.124158,2.54727,2.57959
0.37,1,0.618528,0.13827,2.54177,2.5912
0.39,1,0.603089,0.12635,2.53674,2.57488
0.41,1,0.566535,0.0928657,2.47761,2.53494
0.43,1,0.517462,0.0459346,2.40696,2.47817
0.45,1,0.462739,-0.00756946,2.33671,2.40988
0.47,1,0.412124,-0.0583871,2.28995,2.34109
0.49,1,0.374405,-0.0971669,2.29661,2.28558
0.51,1,0.35614,-0.11788,2.30314,2.25718
0.53,1,0.361789,-0.114358,2.30912,2.26608
0.55,1,0.390906,-0.08784,2.37115,2.31036
0.57,1,0.433543,-0.0467396,2.43602,2.37093
0.59,1,0.480201,-0.00120014,2.53209,2.4323
0.61,1,0.520539,0.0397716,2.52854,2.48185
0.63,1,0.550871,0.0710481,2.52424,2.51724
0.65,1,0.567304,0.089768,2.51958,2.5358
0.67,1,0.566699,0.0906955,2.51554,2.53513
0.69,1,0.549862,0.0763286,2.44037,2.51608
0.71,1,0.522181,0.0500636,2.43601,2.4838
0.73,1,0.486373,0.0148714,2.38916,2.44008
0.75,1,0.450924,-0.0210221,2.31814,2.39435
0.77,1,0.420538,-0.0521883,2.32297,2.35295
0.79,1,0.399979,-0.0742776,2.32831,2.32365
0.81,1,0.394649,-0.0814231,2.33303,2.31587
0.83,1,0.406009,-0.0714602,2.40802,2.33236
0.85,1,0.430306,-0.0484988,2.40982,2.3665
0.87,1,0.461085,-0.0178835,2.46273,2.40772
0.89,1,0.490427,0.0117205,2.46196,2.44515
0.91,1,0.514649,0.0372517,2.48636,2.47479
0.93,1,0.531021,0.054904,2.48282,2.49425
0.95,1,0.537137,0.0627958,2.47895,2.5014
0.97,1,0.531763,0.0585961,2.47593,2.49512
0.99,1,0.516742,0.0443209,2.41825,2.47731
