x,rho,E,F,T,Tr
0.01,1,0.269339,-0.220787,2.21322,2.10492
0.03,1,0.324313,-0.160554,2.33783,2.20497
0.05,1,0.410229,-0.0790793,2.46359,2.3384
0.07,1,0.504538,0.0120366,2.56221,2.46255
0.09,1,0.588779,0.0952699,2.62051,2.55947
0.11,1,0.648727,0.156447,2.61352,2.62227
0.13,1,0.676042,0.187191,2.60706,2.64945
0.15,1,0.666408,0.182434,2.60084,2.63996
0.17,1,0.6244,0.145368,2.52882,2.59733
0.19,1,0.560003,0.0856547,2.43569,2.5276
0.21,1,0.484478,0.0133231,2.33156,2.4377
0.23,1,0.410665,-0.0584142,2.21234,2.33902
0.25,1,0.351709,-0.117163,2.22075,2.25013
0.27,1,0.317592,-0.152988,2.2281,2.19346
0.29,1,0.314665,-0.158796,2.23529,2.18838
0.31,1,0.343874,-0.132904,2.31739,2.23749
0.33,1,0.39634,-0.0839691,2.40645,2.31835
0.35,1,0.459967,-0.0231941,2.48403,2.40626
0.37,1,0.521162,0.0360192,2.54177,2.48259
0.39,1,0.56935,0.0840352,2.53674,2.53809
0.41,1,0.600417,0.116028,2.53228,2.57202
0.43,1,0.608152,0.126493,2.52842,2.58027
0.45,1,0.59182,0.112795,2.52456,2.56277
0.47,1,0.5559,0.0804603,2.46848,2.52296
0.49,1,0.509396,0.0364149,2.39996,2.46846
0.51,1,0.458283,-0.0123191,2.30314,2.40406
0.53,1,0.412112,-0.0576664,2.30912,2.34107
0.55,1,0.377845,-0.0915561,2.31393,2.29081
0.57,1,0.362686,-0.108369,2.31798,2.26748
0.59,1,0.370111,-0.102575,2.32168,2.279
0.61,1,0.399455,-0.0762988,2.37963,2.32289
0.63,1,0.440246,-0.0374485,2.43908,2.38005
0.65,1,0.483855,0.00388851,2.51958,2.43691
0.67,1,0.520851,0.0396373,2.51554,2.48222
0.69,1,0.548319,0.0669461,2.51239,2.51432
0.71,1,0.562783,0.0817372,2.50996,2.53073
0.73,1,0.560408,0.0811219,2.47734,2.52806
0.75,1,0.543685,0.0660748,2.47546,2.50899
0.77,1,0.516816,0.0414646,2.39024,2.4774
0.79,1,0.48285,0.0096072,2.38985,2.43565
0.81,1,0.448985,-0.0225493,2.33303,2.39177
0.83,1,0.421057,-0.0497417,2.3366,2.35368
0.85,1,0.402243,-0.0679822,2.3388,2.32693
0.87,1,0.398595,-0.0726298,2.37278,2.32164
0.89,1,0.410818,-0.0618879,2.37432,2.33924
0.91,1,0.434525,-0.0398432,2.41286,2.37228
0.93,1,0.463829,-0.0124573,2.48282,2.4113
0.95,1,0.491627,0.013486,2.47895,2.44664
0.97,1,0.514682,0.0352403,2.47593,2.47483
0.99,1,0.52994,0.0498014,2.4743,2.49298
