x,rho,E,F,T,Tr
0.01,1,0.252923,-0.232825,2.1294,2.07209
0.03,1,0.278689,-0.201964,2.23773,2.12296
0.05,1,0.34527,-0.140732,2.36993,2.23976
0.07,1,0.433354,-0.0570976,2.48973,2.37068
0.09,1,0.524983,0.0317886,2.5783,2.48713
0.11,1,0.602579,0.109115,2.65453,2.57433
0.13,1,0.654225,0.162467,2.64921,2.62781
0.15,1,0.67251,0.184869,2.58965,2.64598
0.17,1,0.655467,0.173087,2.58336,2.62905
0.19,1,0.607948,0.130667,2.50708,2.58005
0.21,1,0.541346,0.0684805,2.4126,2.50628
0.23,1,0.466705,-0.00330296,2.31383,2.41503
0.25,1,0.396918,-0.0717448,2.23441,2.31919
0.27,1,0.344265,-0.124702,2.24197,2.23813
0.29,1,0.317177,-0.153778,2.24913,2.19274
0.31,1,0.321709,-0.15254,2.25599,2.20053
0.33,1,0.356808,-0.120956,2.34006,2.25824
0.35,1,0.412224,-0.0694087,2.42638,2.34123
0.37,1,0.475486,-0.00880551,2.50008,2.42631
0.39,1,0.533782,0.0475227,2.58345,2.49748
0.41,1,0.576612,0.0907082,2.57962,2.54614
0.43,1,0.600664,0.116432,2.57601,2.57229
0.45,1,0.602895,0.12143,2.51538,2.57467
0.47,1,0.582958,0.105207,2.51147,2.55312
0.49,1,0.544261,0.0699358,2.4532,2.50965
0.51,1,0.496765,0.0253708,2.38745,2.45301
0.53,1,0.446816,-0.0225161,2.32485,2.38888
0.55,1,0.40334,-0.0651759,2.26733,2.32852
0.57,1,0.374581,-0.0946058,2.2706,2.28585
0.59,1,0.36473,-0.10593,2.33181,2.27067
0.61,1,0.377172,-0.0964453,2.33577,2.28979
0.63,1,0.409573,-0.0668525,2.39428,2.33746
0.65,1,0.451583,-0.0278939,2.44999,2.39522
0.67,1,0.493518,0.0123102,2.51109,2.44899
0.69,1,0.528252,0.0457806,2.50772,2.49099
0.71,1,0.55121,0.0693503,2.50535,2.51762
0.73,1,0.56147,0.080439,2.50312,2.52926
0.75,1,0.555715,0.0771516,2.46755,2.52275
0.77,1,0.536696,0.0605828,2.46526,2.50088
0.79,1,0.507807,0.0344259,2.38077,2.46653
0.81,1,0.473959,0.00291462,2.37969,2.42436
0.83,1,0.441533,-0.0282526,2.3412,2.38178
0.85,1,0.416225,-0.052833,2.34363,2.34689
0.87,1,0.401551,-0.0684712,2.34556,2.32593
0.89,1,0.401636,-0.0696793,2.34802,2.32605
0.91,1,0.416576,-0.0568933,2.42005,2.34739
0.93,1,0.442545,-0.033656,2.42158,2.38315
0.95,1,0.471816,-0.00667431,2.47453,2.42161
0.97,1,0.498505,0.0180198,2.49706,2.45515
0.99,1,0.518787,0.0372968,2.49632,2.47975
