x,rho,E,F,T,Tr
0.01,1,0.553523,0.0379133,2.6174,2.52026
0.03,1,0.628485,0.132773,2.66577,2.60157
0.05,1,0.6817,0.189368,2.65803,2.65497
0.07,1,0.696293,0.208841,2.6502,2.66907
0.09,1,0.671577,0.189968,2.59065,2.64506
0.11,1,0.615156,0.138701,2.5021,2.58766
0.13,1,0.537876,0.0659752,2.39472,2.50226
0.15,1,0.454307,-0.0154766,2.28041,2.39883
0.17,1,0.378421,-0.090956,2.15629,2.29169
0.19,1,0.32355,-0.147331,2.16607,2.20367
0.21,1,0.299218,-0.174588,2.17592,2.16102
0.23,1,0.309981,-0.167525,2.24846,2.18019
0.25,1,0.352076,-0.129331,2.34484,2.25071
0.27,1,0.415023,-0.0695443,2.44018,2.3452
0.29,1,0.485281,-0.00114975,2.51849,2.43871
0.31,1,0.548299,0.0615875,2.60031,2.51429
0.33,1,0.59339,0.108043,2.59492,2.56446
0.35,1,0.616306,0.134035,2.58956,2.58887
0.37,1,0.61491,0.136263,2.51669,2.58741
0.39,1,0.589962,0.115066,2.51161,2.56075
0.41,1,0.544924,0.0732051,2.44476,2.51041
0.43,1,0.491204,0.0212591,2.3676,2.44612
0.45,1,0.436237,-0.0329436,2.25967,2.37461
0.47,1,0.39003,-0.080167,2.26591,2.30906
0.49,1,0.360705,-0.111315,2.25269,2.26438
0.51,1,0.354048,-0.120539,2.33056,2.25386
0.53,1,0.372156,-0.105358,2.33607,2.28214
0.55,1,0.409317,-0.0707361,2.40183,2.3371
0.57,1,0.456193,-0.0255309,2.46317,2.40131
0.59,1,0.502009,0.0201584,2.54183,2.45946
0.61,1,0.538221,0.0570136,2.53823,2.50266
0.63,1,0.561115,0.0819292,2.53381,2.52886
0.65,1,0.568627,0.0920361,2.50703,2.53728
0.67,1,0.560925,0.0864592,2.50267,2.52864
0.69,1,0.539103,0.0669763,2.41389,2.50368
0.71,1,0.505308,0.0346918,2.41244,2.46349
0.73,1,0.468251,-0.00222073,2.36591,2.41703
0.75,1,0.433542,-0.0374206,2.30901,2.37093
0.77,1,0.407293,-0.0651844,2.33662,2.3342
0.79,1,0.394157,-0.0803721,2.34173,2.31515
0.81,1,0.397381,-0.079315,2.34658,2.31987
0.83,1,0.415592,-0.0629356,2.42828,2.346
0.85,1,0.444671,-0.0350891,2.4792,2.386
0.87,1,0.476696,-0.00364848,2.47806,2.42785
0.89,1,0.504054,0.0248266,2.47681,2.46196
0.91,1,0.524619,0.046788,2.47476,2.4867
0.93,1,0.535642,0.0599363,2.49181,2.49966
0.95,1,0.535875,0.062062,2.48813,2.49993
0.97,1,0.525677,0.0534306,2.43589,2.48795
0.99,1,0.507539,0.0362774,2.40241,2.4662
