x,rho,E,F,T,Tr
0.01,1,0.668095,0.164518,2.5533,2.64162
0.03,1,0.572549,0.0964498,2.42442,2.54164
0.05,1,0.47676,0.00451081,2.2965,2.42793
0.07,1,0.386739,-0.0840201,2.18329,2.30418
0.09,1,0.317358,-0.153685,2.11568,2.19305
0.11,1,0.280583,-0.19254,2.12545,2.12656
0.13,1,0.282054,-0.194165,2.1965,2.12934
0.15,1,0.320469,-0.159728,2.30275,2.19841
0.17,1,0.386185,-0.0977728,2.41348,2.30335
0.19,1,0.464921,-0.0219513,2.50794,2.41272
0.21,1,0.540988,0.052432,2.62593,2.50587
0.23,1,0.600193,0.111789,2.62045,2.57178
0.25,1,0.633639,0.14731,2.61542,2.60689
0.27,1,0.64007,0.157018,2.54659,2.61347
0.29,1,0.618051,0.139015,2.5417,2.5907
0.31,1,0.571358,0.0954966,2.47025,2.54032
0.33,1,0.511413,0.0390543,2.38718,2.4709
0.35,1,0.447921,-0.023095,2.30434,2.39035
0.37,1,0.390914,-0.0791355,2.23279,2.31037
0.39,1,0.351757,-0.119176,2.23964,2.25021
0.41,1,0.336679,-0.135728,2.2456,2.22569
0.43,1,0.34998,-0.124807,2.30359,2.24736
0.45,1,0.386781,-0.0905545,2.37716,2.30424
0.47,1,0.438085,-0.0420879,2.44816,2.37712
0.49,1,0.491936,0.0104883,2.50522,2.44703
0.51,1,0.538109,0.0557104,2.55668,2.50253
0.53,1,0.568811,0.0872761,2.55269,2.53748
0.55,1,0.583197,0.102647,2.54924,2.55338
0.57,1,0.579594,0.100694,2.48597,2.54943
0.59,1,0.55849,0.0818842,2.48377,2.5259
0.61,1,0.522078,0.0474167,2.43103,2.48368
0.63,1,0.480152,0.00734436,2.37308,2.43224
0.65,1,0.438743,-0.0335249,2.29132,2.37801
0.67,1,0.404974,-0.0667136,2.2956,2.33087
0.69,1,0.38494,-0.0868049,2.32032,2.30149
0.71,1,0.382792,-0.0905094,2.32327,2.29828
0.73,1,0.398098,-0.0757784,2.36801,2.32091
0.75,1,0.429442,-0.0464161,2.45969,2.36531
0.77,1,0.465765,-0.011216,2.45929,2.41381
0.79,1,0.500049,0.0220095,2.51115,2.45705
0.81,1,0.526471,0.0478552,2.4867,2.48889
0.83,1,0.543168,0.0643633,2.48357,2.50839
0.85,1,0.547581,0.0695787,2.48169,2.51347
0.87,1,0.539838,0.0618228,2.48031,2.50454
0.89,1,0.521321,0.0444828,2.41182,2.48278
0.91,1,0.49544,0.0195306,2.4123,2.45137
0.93,1,0.466508,-0.00828589,2.33873,2.41477
0.95,1,0.44041,-0.0334882,2.36367,2.38027
0.97,1,0.42095,-0.0523187,2.36729,2.35353
0.99,1,0.41174,-0.0611365,2.36931,2.34055
