x,rho,E,F,T,Tr
0.01,1,0.309715,-0.172261,2.08191,2.17973
0.03,1,0.262255,-0.211513,2.08417,2.09094
0.05,1,0.26186,-0.216026,2.16231,2.09016
0.07,1,0.30184,-0.180998,2.28136,2.16574
0.09,1,0.372841,-0.114835,2.40595,2.28319
0.11,1,0.459711,-0.0315407,2.51425,2.40593
0.13,1,0.544908,0.051924,2.63321,2.5104
0.15,1,0.612532,0.120449,2.62688,2.5849
0.17,1,0.652761,0.163742,2.63754,2.62633
0.19,1,0.660766,0.176107,2.56495,2.63435
0.21,1,0.636052,0.156966,2.55856,2.60936
0.23,1,0.585373,0.110835,2.47975,2.55576
0.25,1,0.51878,0.0482267,2.38678,2.47975
0.27,1,0.447772,-0.0209337,2.29266,2.39015
0.29,1,0.384152,-0.0841338,2.20466,2.30032
0.31,1,0.339791,-0.130038,2.21223,2.23082
0.33,1,0.322195,-0.150311,2.22019,2.20136
0.35,1,0.335935,-0.140759,2.28481,2.22446
0.37,1,0.375641,-0.104662,2.36789,2.28747
0.39,1,0.431972,-0.0518782,2.448,2.36878
0.41,1,0.492047,0.00662383,2.51278,2.44716
0.43,1,0.544353,0.0580644,2.5734,2.50976
0.45,1,0.579478,0.0949713,2.5693,2.5493
0.47,1,0.595861,0.113921,2.56486,2.56713
0.49,1,0.592091,0.113808,2.49725,2.56306
0.51,1,0.568919,0.0943,2.49274,2.53761
0.53,1,0.528403,0.0571353,2.43404,2.49117
0.55,1,0.481988,0.0126188,2.3677,2.43456
0.57,1,0.435174,-0.0329897,2.27167,2.37316
0.59,1,0.397023,-0.0718069,2.2759,2.31935
0.61,1,0.374847,-0.0961333,2.28068,2.28626
0.63,1,0.372087,-0.101449,2.35093,2.28204
0.65,1,0.389774,-0.087489,2.3561,2.30869
0.67,1,0.424029,-0.0556132,2.41459,2.35782
0.69,1,0.465105,-0.017076,2.50219,2.41296
0.71,1,0.503455,0.0202828,2.49967,2.46123
0.73,1,0.53307,0.0505995,2.52,2.49665
0.75,1,0.551371,0.0703025,2.51745,2.51781
0.77,1,0.555635,0.0777952,2.5139,2.52266
0.79,1,0.546589,0.0714617,2.48824,2.51233
0.81,1,0.525809,0.0538502,2.41216,2.4881
0.83,1,0.496253,0.0264622,2.40981,2.45238
0.85,1,0.464376,-0.00458661,2.35021,2.41201
0.87,1,0.435327,-0.0336544,2.3517,2.37337
0.89,1,0.414225,-0.0561849,2.35373,2.34407
0.91,1,0.404858,-0.0680337,2.33588,2.3307
0.93,1,0.409563,-0.0658501,2.36155,2.33745
0.95,1,0.42731,-0.0511012,2.43204,2.36237
0.97,1,0.453421,-0.0273189,2.43465,2.39766
0.99,1,0.481116,-0.000918773,2.49481,2.43346
