x,rho,E,F,T,Tr
0.01,1,0.40506,-0.0794159,2.19146,2.33099
0.03,1,0.318543,-0.152519,2.07927,2.1951
0.05,1,0.271925,-0.201575,2.09097,2.10996
0.07,1,0.265354,-0.211991,2.15693,2.09709
0.09,1,0.298834,-0.183066,2.2683,2.16032
0.11,1,0.364214,-0.122131,2.38968,2.26987
0.13,1,0.447149,-0.0424973,2.49629,2.38932
0.15,1,0.530875,0.0395707,2.57542,2.49407
0.17,1,0.599453,0.108681,2.63795,2.57099
0.19,1,0.642371,0.154113,2.63224,2.61582
0.21,1,0.655246,0.171347,2.5699,2.62883
0.23,1,0.636493,0.157334,2.56348,2.60982
0.25,1,0.590062,0.115281,2.49026,2.56086
0.27,1,0.527519,0.0564136,2.40186,2.49012
0.29,1,0.45892,-0.0104524,2.30898,2.40489
0.31,1,0.395997,-0.0731652,2.20269,2.31784
0.33,1,0.350224,-0.120577,2.20933,2.24775
0.35,1,0.328492,-0.14483,2.27176,2.21204
0.37,1,0.336204,-0.140701,2.27945,2.22491
0.39,1,0.371848,-0.108302,2.35822,2.28167
0.41,1,0.424625,-0.0583956,2.437,2.35865
0.43,1,0.482904,-0.001506,2.50231,2.43572
0.45,1,0.53463,0.0500687,2.57192,2.49847
0.47,1,0.571182,0.0882411,2.5674,2.54013
0.49,1,0.590447,0.110119,2.56255,2.56128
0.51,1,0.58982,0.112666,2.50171,2.5606
0.53,1,0.569651,0.0957385,2.49725,2.53842
0.55,1,0.532744,0.0612212,2.442,2.49627
0.57,1,0.488809,0.0188686,2.38147,2.44313
0.59,1,0.443601,-0.0259172,2.32604,2.38457
0.61,1,0.405334,-0.0651123,2.27954,2.33139
0.63,1,0.381233,-0.0909757,2.28492,2.29593
0.65,1,0.375049,-0.0996738,2.349,2.28656
0.67,1,0.388857,-0.0885725,2.35398,2.30733
0.69,1,0.420201,-0.0589874,2.45409,2.35248
0.71,1,0.458834,-0.0222754,2.50502,2.40478
0.73,1,0.496598,0.0152744,2.52285,2.4528
0.75,1,0.526445,0.0461865,2.51993,2.48886
0.77,1,0.54583,0.0672006,2.51638,2.51146
0.79,1,0.552454,0.0766142,2.51242,2.51904
0.81,1,0.545753,0.0716768,2.4891,2.51137
0.83,1,0.527262,0.0554735,2.41688,2.48982
0.85,1,0.500265,0.0296117,2.41544,2.45732
0.87,1,0.46991,-0.000536675,2.34593,2.41916
0.89,1,0.441633,-0.0294721,2.34838,2.38192
0.91,1,0.420204,-0.0528155,2.35172,2.35248
0.93,1,0.408651,-0.066556,2.35619,2.33614
0.95,1,0.410844,-0.0664013,2.39193,2.33927
0.97,1,0.426322,-0.0530784,2.42856,2.361
0.99,1,0.450235,-0.0303548,2.43038,2.39343
