x,rho,E,F,T,Tr
0.01,1,0.252723,-0.232675,2.12823,2.07168
0.03,1,0.278086,-0.202213,2.23625,2.12181
0.05,1,0.344359,-0.141287,2.36847,2.23828
0.07,1,0.432293,-0.0578084,2.48854,2.36922
0.09,1,0.523943,0.0310898,2.57737,2.48589
0.11,1,0.601702,0.108563,2.65428,2.5734
0.13,1,0.653623,0.162175,2.64897,2.6272
0.15,1,0.672242,0.184902,2.59002,2.64571
0.17,1,0.655522,0.173442,2.58372,2.62911
0.19,1,0.608279,0.131275,2.50765,2.5804
0.21,1,0.541814,0.0692715,2.41329,2.50682
0.23,1,0.467091,-0.00236918,2.31432,2.41553
0.25,1,0.397151,-0.0708411,2.2333,2.31953
0.27,1,0.344457,-0.12414,2.24086,2.23844
0.29,1,0.317118,-0.15353,2.24777,2.19264
0.31,1,0.321283,-0.152542,2.25497,2.1998
0.33,1,0.356143,-0.121247,2.33885,2.25719
0.35,1,0.411398,-0.0698513,2.4253,2.34006
0.37,1,0.474619,-0.00926375,2.49919,2.4252
0.39,1,0.532988,0.0471329,2.58324,2.49655
0.41,1,0.57596,0.0904374,2.57938,2.54542
0.43,1,0.600209,0.116357,2.57578,2.5718
0.45,1,0.602664,0.121571,2.51553,2.57442
0.47,1,0.582913,0.105543,2.51161,2.55307
0.49,1,0.544361,0.0704209,2.45341,2.50977
0.51,1,0.496918,0.0259224,2.38772,2.4532
0.53,1,0.447004,-0.0219223,2.32506,2.38913
0.55,1,0.403502,-0.0645936,2.26676,2.32875
0.57,1,0.374472,-0.0942858,2.27002,2.28568
0.59,1,0.364368,-0.10585,2.3308,2.27011
0.61,1,0.376641,-0.0965369,2.33477,2.28899
0.63,1,0.40888,-0.0671034,2.39328,2.33647
0.65,1,0.450834,-0.0282114,2.44912,2.39423
0.67,1,0.492796,0.012019,2.51097,2.4481
0.69,1,0.527628,0.0455756,2.5076,2.49025
0.71,1,0.550694,0.0692517,2.50523,2.51703
0.73,1,0.561076,0.0804572,2.50299,2.52881
0.75,1,0.555461,0.077316,2.46751,2.52246
0.77,1,0.536563,0.0608689,2.4652,2.50073
0.79,1,0.507747,0.0347981,2.38077,2.46646
0.81,1,0.473938,0.00332965,2.37967,2.42433
0.83,1,0.441537,-0.0278042,2.34039,2.38179
0.85,1,0.416163,-0.0524442,2.34281,2.34681
0.87,1,0.401143,-0.068281,2.34475,2.32534
0.89,1,0.401139,-0.0697222,2.34712,2.32533
0.91,1,0.415952,-0.0569531,2.4191,2.34651
0.93,1,0.441828,-0.0337615,2.42067,2.38218
0.95,1,0.471147,-0.00689641,2.47428,2.42075
0.97,1,0.497808,0.0177085,2.49669,2.4543
0.99,1,0.518139,0.0370426,2.46956,2.47898
