x,rho,E,F,T,Tr
0.01,1,0.689225,0.169803,2.65081,2.66227
0.03,1,0.70759,0.21619,2.6319,2.67983
0.05,1,0.69552,0.210116,2.62392,2.66833
0.07,1,0.646037,0.166825,2.54102,2.61955
0.09,1,0.570473,0.0968985,2.43379,2.53934
0.11,1,0.483169,0.0131605,2.31323,2.43605
0.13,1,0.399391,-0.0691434,2.17982,2.3228
0.15,1,0.33335,-0.135515,2.1891,2.22017
0.17,1,0.296389,-0.175393,2.19855,2.15589
0.19,1,0.294477,-0.181096,2.2082,2.15241
0.21,1,0.328304,-0.151782,2.30435,2.21172
0.23,1,0.388076,-0.0961679,2.40711,2.30617
0.25,1,0.460566,-0.0266908,2.49574,2.40705
0.27,1,0.530788,0.0419436,2.61237,2.49397
0.29,1,0.586107,0.0976185,2.60778,2.55656
0.31,1,0.619331,0.133432,2.6029,2.59204
0.33,1,0.627192,0.144845,2.54269,2.60023
0.35,1,0.608186,0.130232,2.53726,2.5803
0.37,1,0.566436,0.0924671,2.47233,2.53483
0.39,1,0.512138,0.0418817,2.39354,2.47177
0.41,1,0.453798,-0.0147518,2.31904,2.39815
0.43,1,0.401154,-0.0669586,2.23667,2.32536
0.45,1,0.363657,-0.105594,2.24168,2.269
0.47,1,0.347596,-0.124141,2.30178,2.24352
0.49,1,0.357385,-0.117936,2.30793,2.25915
0.51,1,0.391187,-0.0879396,2.37579,2.31077
0.53,1,0.438032,-0.0440142,2.44267,2.37705
0.55,1,0.488151,0.00414038,2.49659,2.44231
0.57,1,0.53092,0.0464603,2.54938,2.49413
0.59,1,0.560027,0.076884,2.52724,2.52763
0.61,1,0.57482,0.0938177,2.52375,2.54416
0.63,1,0.571392,0.0941328,2.51961,2.54036
0.65,1,0.552388,0.0779501,2.43702,2.51897
0.67,1,0.519478,0.0488259,2.43354,2.48058
0.69,1,0.481233,0.0117887,2.37932,2.43361
0.71,1,0.442835,-0.0251744,2.29945,2.38354
0.73,1,0.411979,-0.0571252,2.30232,2.34089
0.75,1,0.391967,-0.0782812,2.30627,2.31193
0.77,1,0.388994,-0.0841912,2.36484,2.30753
0.79,1,0.403341,-0.0728034,2.36908,2.32852
0.81,1,0.432163,-0.0468564,2.4143,2.36904
0.83,1,0.465451,-0.0156056,2.48843,2.4134
0.85,1,0.497789,0.0153658,2.48645,2.45427
0.87,1,0.521924,0.0401831,2.48516,2.4835
0.89,1,0.537895,0.0573892,2.48376,2.50228
0.91,1,0.54233,0.064468,2.48134,2.50742
0.93,1,0.534529,0.0593551,2.47796,2.49836
0.95,1,0.516836,0.0443871,2.4159,2.47742
0.97,1,0.493198,0.0230379,2.39173,2.44859
0.99,1,0.466523,-0.00237172,2.36386,2.41479
