x,rho,E,F,T,Tr
0.01,1,0.563263,0.0709195,2.40479,2.53128
0.03,1,0.454688,-0.0156877,2.26232,2.39933
0.05,1,0.365404,-0.104175,2.15436,2.27172
0.07,1,0.300674,-0.169964,2.1134,2.16364
0.09,1,0.271222,-0.20217,2.1244,2.10859
0.11,1,0.281483,-0.195472,2.20956,2.12826
0.13,1,0.328015,-0.152954,2.32337,2.21124
0.15,1,0.399833,-0.0846531,2.43584,2.32344
0.17,1,0.481881,-0.00519959,2.52803,2.43443
0.19,1,0.557045,0.0694932,2.60618,2.52426
0.21,1,0.612961,0.126414,2.59943,2.58535
0.23,1,0.643009,0.159559,2.59297,2.61647
0.25,1,0.641955,0.161949,2.58697,2.6154
0.27,1,0.611649,0.135814,2.52937,2.58397
0.29,1,0.560731,0.0880798,2.45179,2.52843
0.31,1,0.497142,0.0272724,2.36482,2.45347
0.33,1,0.432247,-0.0367328,2.28346,2.36916
0.35,1,0.376675,-0.0919681,2.23395,2.28904
0.37,1,0.341542,-0.128874,2.2417,2.23369
0.39,1,0.332207,-0.14033,2.24858,2.21827
0.41,1,0.352047,-0.123328,2.3144,2.25067
0.43,1,0.393792,-0.0836062,2.39175,2.31461
0.45,1,0.448281,-0.0315539,2.46393,2.39083
0.47,1,0.502392,0.0222653,2.56068,2.45993
0.49,1,0.546821,0.0663639,2.55566,2.5126
0.51,1,0.575331,0.0968514,2.5509,2.54473
0.53,1,0.586061,0.109044,2.54663,2.55651
0.55,1,0.576959,0.102497,2.47433,2.54652
0.57,1,0.551769,0.0790117,2.47163,2.51826
0.59,1,0.512572,0.0416667,2.41574,2.47229
0.61,1,0.469136,-0.00125105,2.35688,2.41817
0.63,1,0.427445,-0.042721,2.28581,2.36255
0.65,1,0.395614,-0.0752335,2.29132,2.31729
0.67,1,0.378531,-0.0934096,2.29619,2.29185
0.69,1,0.380859,-0.0923753,2.37146,2.29537
0.71,1,0.401249,-0.0735716,2.42481,2.32549
0.73,1,0.435168,-0.0407175,2.42549,2.37315
0.75,1,0.472586,-0.00362953,2.48838,2.4226
0.77,1,0.505918,0.0296803,2.48543,2.46423
0.79,1,0.530719,0.0552292,2.48159,2.49389
0.81,1,0.544952,0.0702392,2.47759,2.51045
0.83,1,0.546453,0.0728853,2.47432,2.51217
0.85,1,0.535593,0.0627706,2.47228,2.4996
0.87,1,0.514929,0.0425501,2.39814,2.47513
0.89,1,0.48729,0.0152689,2.39888,2.44123
0.91,1,0.457796,-0.0145475,2.33596,2.40342
0.93,1,0.432703,-0.0398057,2.34077,2.36979
0.95,1,0.414944,-0.058414,2.34525,2.34509
0.97,1,0.408875,-0.0649286,2.34841,2.33646
0.99,1,0.416069,-0.0580505,2.40733,2.34667
