x,rho,E,F,T,Tr
0.01,1,0.38773,-0.115812,2.44229,2.30565
0.03,1,0.478604,-0.0140836,2.5446,2.43028
0.05,1,0.571472,0.0777449,2.64605,2.54045
0.07,1,0.642523,0.149843,2.63824,2.61598
0.09,1,0.681151,0.192006,2.63076,2.65444
0.11,1,0.681707,0.197071,2.62373,2.65498
0.13,1,0.646317,0.166803,2.55624,2.61983
0.15,1,0.584361,0.109347,2.46393,2.55465
0.17,1,0.507131,0.0354282,2.35827,2.46571
0.19,1,0.428188,-0.0418899,2.25744,2.36358
0.21,1,0.361083,-0.108922,2.18971,2.26497
0.23,1,0.317873,-0.153541,2.19912,2.19394
0.25,1,0.305577,-0.168521,2.20752,2.17241
0.27,1,0.327171,-0.149843,2.28737,2.20981
0.29,1,0.376007,-0.104281,2.38093,2.28802
0.31,1,0.44024,-0.0422148,2.46799,2.38004
0.33,1,0.506275,0.0219913,2.56213,2.46467
0.35,1,0.560871,0.0767157,2.5564,2.52858
0.37,1,0.598416,0.115399,2.5506,2.56988
0.39,1,0.613403,0.132973,2.54553,2.58582
0.41,1,0.602846,0.125122,2.54109,2.57462
0.43,1,0.570707,0.0957879,2.48681,2.5396
0.45,1,0.524952,0.0523276,2.41964,2.48709
0.47,1,0.472167,0.000941507,2.34954,2.42206
0.49,1,0.42145,-0.049192,2.28533,2.35422
0.51,1,0.381929,-0.0890043,2.29197,2.29698
0.53,1,0.360181,-0.112021,2.29791,2.26356
0.55,1,0.361632,-0.11243,2.30273,2.26583
0.57,1,0.386217,-0.0895705,2.36101,2.3034
0.59,1,0.425879,-0.0515774,2.4227,2.36039
0.61,1,0.471505,-0.00705713,2.47549,2.42121
0.63,1,0.512786,0.0338855,2.52819,2.47255
0.65,1,0.543258,0.0647795,2.52365,2.50849
0.67,1,0.561896,0.0843199,2.51959,2.52974
0.69,1,0.564181,0.0878426,2.48866,2.53231
0.71,1,0.551104,0.0760979,2.48632,2.5175
0.73,1,0.526667,0.0525935,2.39938,2.48912
0.75,1,0.492816,0.0197876,2.39972,2.44812
0.77,1,0.457458,-0.0154638,2.31756,2.40297
0.79,1,0.426105,-0.0465083,2.32286,2.3607
0.81,1,0.404146,-0.0692482,2.32763,2.32968
0.83,1,0.395689,-0.0781039,2.33114,2.3174
0.85,1,0.403791,-0.0706759,2.40114,2.32917
0.87,1,0.42537,-0.0498657,2.40191,2.35968
0.89,1,0.454368,-0.0209835,2.46774,2.39891
0.91,1,0.483749,0.00799801,2.46593,2.43678
0.93,1,0.508804,0.0333871,2.46298,2.46774
0.95,1,0.526348,0.0510485,2.48241,2.48874
0.97,1,0.534466,0.0594779,2.4795,2.49828
0.99,1,0.531782,0.0569489,2.47796,2.49514
