x,rho,E,F,T,Tr
0.01,1,0.62476,0.126298,2.49021,2.5977
0.03,1,0.519912,0.0469369,2.35135,2.4811
0.05,1,0.42402,-0.0466883,2.22541,2.35781
0.07,1,0.342703,-0.127473,2.13216,2.23558
0.09,1,0.289993,-0.181889,2.14344,2.14417
0.11,1,0.273625,-0.201008,2.1538,2.11325
0.13,1,0.296599,-0.181575,2.2502,2.15627
0.15,1,0.352464,-0.129789,2.36398,2.25134
0.17,1,0.428372,-0.0571842,2.47079,2.36383
0.19,1,0.50826,0.020696,2.59314,2.46708
0.21,1,0.5769,0.0888498,2.58638,2.54646
0.23,1,0.624278,0.137829,2.57992,2.5972
0.25,1,0.644346,0.160605,2.57393,2.61783
0.27,1,0.633048,0.152999,2.56865,2.60628
0.29,1,0.595222,0.118702,2.50463,2.56644
0.31,1,0.539739,0.0667012,2.42415,2.50442
0.33,1,0.475656,0.00468783,2.3375,2.42652
0.35,1,0.413829,-0.0560923,2.25138,2.34351
0.37,1,0.365431,-0.104817,2.25908,2.27176
0.39,1,0.338287,-0.133457,2.26603,2.22835
0.41,1,0.338272,-0.135259,2.27213,2.22832
0.43,1,0.366197,-0.109779,2.34246,2.27295
0.45,1,0.413113,-0.0655011,2.41915,2.3425
0.47,1,0.467589,-0.0127767,2.52481,2.41617
0.49,1,0.517974,0.0366754,2.55118,2.47878
0.51,1,0.557236,0.0761933,2.5464,2.52448
0.53,1,0.581413,0.101489,2.54184,2.55142
0.55,1,0.585736,0.107326,2.53818,2.55615
0.57,1,0.570128,0.0938261,2.45665,2.53895
0.59,1,0.539494,0.0652202,2.45474,2.50414
0.61,1,0.499056,0.0262478,2.3975,2.45583
0.63,1,0.4563,-0.015798,2.34555,2.40145
0.65,1,0.418004,-0.0535263,2.29824,2.3494
0.67,1,0.390396,-0.0815949,2.33865,2.30961
0.69,1,0.379052,-0.0936894,2.30756,2.29264
0.71,1,0.387712,-0.0862885,2.34566,2.30563
0.73,1,0.413376,-0.0615581,2.39428,2.34287
0.75,1,0.448603,-0.0276163,2.47881,2.39126
0.77,1,0.484673,0.00772291,2.47605,2.43794
0.79,1,0.51527,0.037999,2.47243,2.47554
0.81,1,0.537182,0.0601029,2.46858,2.50145
0.83,1,0.548087,0.0713614,2.46543,2.51405
0.85,1,0.545364,0.0692351,2.46348,2.51092
0.87,1,0.530246,0.054678,2.46248,2.49334
0.89,1,0.507115,0.0318258,2.38981,2.46569
0.91,1,0.479046,0.0046097,2.34366,2.43084
0.93,1,0.450683,-0.0235386,2.34845,2.39403
0.95,1,0.427893,-0.0460576,2.35307,2.36317
0.97,1,0.413226,-0.06068,2.3565,2.34265
0.99,1,0.411286,-0.0625598,2.35827,2.3399
