x,rho,E,F,T,Tr
0.01,1,0.522945,0.0323171,2.34967,2.48471
0.03,1,0.415918,-0.0548377,2.21153,2.34646
0.05,1,0.334397,-0.136494,2.12823,2.22191
0.07,1,0.282903,-0.189989,2.14018,2.13094
0.09,1,0.269389,-0.206997,2.15147,2.10502
0.11,1,0.295688,-0.18461,2.25392,2.15462
0.13,1,0.354767,-0.129465,2.37157,2.255
0.15,1,0.43353,-0.0537889,2.47929,2.37092
0.17,1,0.515279,0.0261184,2.5944,2.47555
0.19,1,0.584468,0.0952688,2.58786,2.55477
0.21,1,0.631732,0.144676,2.58105,2.60492
0.23,1,0.649886,0.166304,2.57471,2.62344
0.25,1,0.635941,0.156498,2.56877,2.60925
0.27,1,0.595177,0.119474,2.50128,2.56639
0.29,1,0.537073,0.0646471,2.41758,2.50132
0.31,1,0.470975,0.00034761,2.32935,2.42053
0.33,1,0.40817,-0.0618044,2.25034,2.33546
0.35,1,0.360107,-0.110948,2.25837,2.26344
0.37,1,0.334183,-0.138747,2.26595,2.22156
0.39,1,0.336929,-0.139221,2.2729,2.22611
0.41,1,0.367243,-0.111259,2.34727,2.27457
0.43,1,0.416396,-0.064871,2.42368,2.34713
0.45,1,0.472129,-0.00999791,2.48957,2.42201
0.47,1,0.523424,0.0407194,2.52039,2.48528
0.49,1,0.562179,0.0809728,2.51576,2.53006
0.51,1,0.585857,0.105674,2.56062,2.55629
0.53,1,0.588653,0.11105,2.50636,2.55933
0.55,1,0.571262,0.0962367,2.45384,2.54021
0.57,1,0.538018,0.0648662,2.45121,2.50242
0.59,1,0.496513,0.0244923,2.39276,2.4527
0.61,1,0.452858,-0.0188889,2.32617,2.39691
0.63,1,0.414619,-0.0576622,2.2957,2.34463
0.65,1,0.387337,-0.0858521,2.3017,2.30507
0.67,1,0.377487,-0.0974403,2.34426,2.29027
0.69,1,0.387892,-0.0886586,2.34833,2.30589
0.71,1,0.415362,-0.0621931,2.44626,2.34568
0.73,1,0.451977,-0.0270303,2.47734,2.39575
0.75,1,0.488656,0.0099696,2.47546,2.44294
0.77,1,0.518875,0.0405451,2.47284,2.47986
0.79,1,0.540596,0.0634173,2.46925,2.50542
0.81,1,0.550295,0.074804,2.46542,2.51658
0.83,1,0.546308,0.0715902,2.46245,2.51201
0.85,1,0.529762,0.0562488,2.42301,2.49277
0.87,1,0.505494,0.0321442,2.4246,2.46372
0.89,1,0.476569,0.00320172,2.37432,2.42769
0.91,1,0.448513,-0.0255405,2.34676,2.39114
0.93,1,0.425833,-0.048964,2.35141,2.36032
0.95,1,0.412033,-0.0638544,2.35606,2.34096
0.97,1,0.411453,-0.0654846,2.35948,2.34014
0.99,1,0.424098,-0.0534213,2.39058,2.35791
