x,rho,E,F,T,Tr
0.01,1,0.277517,-0.20334,2.11097,2.12072
0.03,1,0.253034,-0.221472,2.11334,2.07232
0.05,1,0.275962,-0.203237,2.22108,2.11775
0.07,1,0.335455,-0.148836,2.3491,2.22367
0.09,1,0.418397,-0.070255,2.46758,2.34995
0.11,1,0.507744,0.0162923,2.55938,2.46645
0.13,1,0.586206,0.0941697,2.60744,2.55667
0.15,1,0.640893,0.150763,2.60111,2.61431
0.17,1,0.664672,0.178487,2.59476,2.63823
0.19,1,0.653336,0.172566,2.58817,2.62691
0.21,1,0.611904,0.136296,2.51786,2.58424
0.23,1,0.550151,0.0791508,2.42827,2.51641
0.25,1,0.478469,0.01041,2.33004,2.4301
0.27,1,0.409124,-0.0575772,2.22547,2.33682
0.29,1,0.354334,-0.112782,2.23273,2.25432
0.31,1,0.323421,-0.146001,2.24011,2.20345
0.33,1,0.322583,-0.15044,2.24779,2.20202
0.35,1,0.352249,-0.124556,2.32695,2.25099
0.37,1,0.403448,-0.0771738,2.41153,2.32867
0.39,1,0.464097,-0.0192536,2.53668,2.41165
0.41,1,0.521572,0.03621,2.5322,2.48308
0.43,1,0.565939,0.0814608,2.52832,2.53428
0.45,1,0.593958,0.111223,2.52442,2.56508
0.47,1,0.599603,0.120477,2.52032,2.57115
0.49,1,0.582527,0.106883,2.5156,2.55265
0.51,1,0.547242,0.0758322,2.46094,2.51308
0.53,1,0.502733,0.0337581,2.39555,2.46034
0.55,1,0.454349,-0.0124787,2.31142,2.39888
0.57,1,0.411491,-0.0555272,2.31536,2.34019
0.59,1,0.380103,-0.0875689,2.31912,2.29423
0.61,1,0.367146,-0.102946,2.32365,2.27442
0.63,1,0.376067,-0.0971458,2.38059,2.28811
0.65,1,0.405032,-0.0716117,2.38482,2.33096
0.67,1,0.444865,-0.0347404,2.44084,2.38626
0.69,1,0.485911,0.00461911,2.51161,2.4395
0.71,1,0.520258,0.0381086,2.50916,2.48151
0.73,1,0.544985,0.0640742,2.47672,2.51049
0.75,1,0.557216,0.0782237,2.47482,2.52445
0.77,1,0.553638,0.0776452,2.47216,2.52039
0.79,1,0.536374,0.0633467,2.46865,2.50051
0.81,1,0.509959,0.0397805,2.38761,2.46914
0.83,1,0.477691,0.00966919,2.38584,2.42912
0.85,1,0.44597,-0.0212955,2.33667,2.38774
0.87,1,0.420306,-0.0470572,2.33842,2.35263
0.89,1,0.404113,-0.0649539,2.34091,2.32963
0.91,1,0.402196,-0.0690738,2.34467,2.32686
0.93,1,0.415335,-0.0590593,2.41291,2.34564
0.95,1,0.43858,-0.0387161,2.41585,2.37779
0.97,1,0.467282,-0.0123192,2.47485,2.41577
0.99,1,0.492914,0.0119865,2.47323,2.44824
