x,rho,E,F,T,Tr
0.01,1,0.274847,-0.213853,2.23207,2.1156
0.03,1,0.335435,-0.148145,2.3578,2.22364
0.05,1,0.424341,-0.0633062,2.48268,2.35825
0.07,1,0.518488,0.0278699,2.61724,2.4794
0.09,1,0.599631,0.108535,2.60959,2.57118
0.11,1,0.65523,0.165684,2.65311,2.62881
0.13,1,0.676563,0.190731,2.59618,2.64995
0.15,1,0.661254,0.180299,2.58991,2.63484
0.17,1,0.614321,0.138399,2.51342,2.58678
0.19,1,0.546826,0.0754794,2.41721,2.5126
0.21,1,0.470288,0.00194317,2.31441,2.41965
0.23,1,0.397988,-0.0689334,2.22148,2.32075
0.25,1,0.34255,-0.124495,2.22958,2.23533
0.27,1,0.312793,-0.155956,2.23713,2.18512
0.29,1,0.315126,-0.156559,2.24403,2.18918
0.31,1,0.349002,-0.125898,2.32947,2.24579
0.33,1,0.404479,-0.0739778,2.41849,2.33016
0.35,1,0.468953,-0.0118779,2.49532,2.41793
0.37,1,0.529148,0.0466721,2.58607,2.49204
0.39,1,0.574364,0.0920934,2.58169,2.54365
0.41,1,0.601027,0.11969,2.57779,2.57268
0.43,1,0.604835,0.126231,2.51807,2.57674
0.45,1,0.586012,0.110266,2.51448,2.55645
0.47,1,0.547544,0.0747577,2.45574,2.51343
0.49,1,0.499178,0.0293559,2.3877,2.45598
0.51,1,0.44825,-0.0198292,2.32424,2.39079
0.53,1,0.403458,-0.0638649,2.25986,2.32869
0.55,1,0.371844,-0.0955154,2.26366,2.28166
0.57,1,0.359914,-0.108563,2.32378,2.26314
0.59,1,0.371161,-0.0996666,2.32714,2.28062
0.61,1,0.402817,-0.0699629,2.38669,2.32776
0.63,1,0.445181,-0.0301918,2.44421,2.38669
0.65,1,0.488268,0.0113421,2.51347,2.44245
0.67,1,0.524661,0.0462455,2.50936,2.48674
0.69,1,0.549218,0.0711205,2.50597,2.51535
0.71,1,0.560992,0.083541,2.50359,2.52872
0.73,1,0.556337,0.0806278,2.50126,2.52346
0.75,1,0.538036,0.0637757,2.46593,2.50244
0.77,1,0.509459,0.0370048,2.37897,2.46853
0.79,1,0.474942,0.0046018,2.3642,2.42561
0.81,1,0.441467,-0.0272879,2.31597,2.38169
0.83,1,0.414709,-0.0530888,2.33691,2.34475
0.85,1,0.398186,-0.0697211,2.33921,2.32104
0.87,1,0.396681,-0.0716264,2.34105,2.31885
0.89,1,0.410843,-0.0590058,2.41484,2.33927
0.91,1,0.436534,-0.0350289,2.41557,2.37501
0.93,1,0.465979,-0.00712038,2.4758,2.41409
0.95,1,0.493471,0.0186029,2.472,2.44893
0.97,1,0.514751,0.038802,2.49418,2.47492
0.99,1,0.5287,0.0520552,2.49354,2.49152
