x,rho,E,F,T,Tr
0.01,1,0.252407,-0.231254,2.11097,2.07103
0.03,1,0.269406,-0.209351,2.21037,2.10506
0.05,1,0.32893,-0.154953,2.34175,2.21278
0.07,1,0.413252,-0.0751857,2.46417,2.34269
0.09,1,0.505106,0.0135586,2.55975,2.46324
0.11,1,0.586582,0.0941788,2.61394,2.55708
0.13,1,0.644124,0.153205,2.60744,2.6176
0.15,1,0.669987,0.182695,2.60111,2.64349
0.17,1,0.659917,0.177558,2.59476,2.6335
0.19,1,0.618394,0.141231,2.52397,2.59106
0.21,1,0.555267,0.0832414,2.43269,2.52224
0.23,1,0.481646,0.0129171,2.33107,2.43413
0.25,1,0.410045,-0.0570093,2.21824,2.33813
0.27,1,0.352974,-0.11418,2.22547,2.25215
0.29,1,0.320187,-0.148872,2.23273,2.19792
0.31,1,0.317917,-0.154206,2.24011,2.19402
0.33,1,0.347136,-0.128638,2.3205,2.24278
0.35,1,0.398938,-0.0808588,2.40748,2.32214
0.37,1,0.461127,-0.0216234,2.48305,2.40778
0.39,1,0.520576,0.0357988,2.53668,2.48189
0.41,1,0.566931,0.0823811,2.5322,2.53539
0.43,1,0.596792,0.113255,2.52832,2.56813
0.45,1,0.603688,0.123314,2.52442,2.57552
0.47,1,0.587121,0.109935,2.52032,2.55766
0.49,1,0.551649,0.0784445,2.46501,2.51812
0.51,1,0.506063,0.0356875,2.39797,2.46441
0.53,1,0.456084,-0.0115492,2.30658,2.40117
0.55,1,0.411338,-0.0557343,2.31142,2.33997
0.57,1,0.378402,-0.0888172,2.31536,2.29166
0.59,1,0.364313,-0.105287,2.31912,2.27002
0.61,1,0.372135,-0.0995529,2.32365,2.28211
0.63,1,0.401199,-0.0737922,2.38059,2.32542
0.65,1,0.441561,-0.0362303,2.43857,2.38182
0.67,1,0.484043,0.00400581,2.51476,2.43715
0.69,1,0.520041,0.0384599,2.51161,2.48125
0.71,1,0.546248,0.0650356,2.50916,2.51194
0.73,1,0.559749,0.0795547,2.47672,2.52732
0.75,1,0.556873,0.0792008,2.47482,2.52406
0.77,1,0.539908,0.0647509,2.47216,2.50462
0.79,1,0.51321,0.0408761,2.38902,2.47306
0.81,1,0.4799,0.0101399,2.38761,2.43192
0.83,1,0.446918,-0.0212746,2.3344,2.38901
0.85,1,0.419863,-0.0475809,2.33667,2.35201
0.87,1,0.4023,-0.0658524,2.33842,2.32701
0.89,1,0.399325,-0.070223,2.34091,2.3227
0.91,1,0.411904,-0.060078,2.41084,2.34078
0.93,1,0.43535,-0.0393193,2.41291,2.3734
0.95,1,0.464827,-0.0124361,2.47787,2.41259
0.97,1,0.491661,0.0123418,2.47485,2.44668
0.99,1,0.513925,0.0335737,2.47323,2.47392
