x,rho,E,F,T,Tr
0.01,1,0.591204,0.0737773,2.66806,2.5621
0.03,1,0.655737,0.160139,2.64904,2.62932
0.05,1,0.694955,0.203885,2.64108,2.66778
0.07,1,0.693991,0.208196,2.63318,2.66686
0.09,1,0.654916,0.175311,2.56082,2.6285
0.11,1,0.587967,0.11356,2.46221,2.55858
0.13,1,0.505587,0.0348749,2.34983,2.46383
0.15,1,0.422453,-0.0467526,2.24347,2.35562
0.17,1,0.352669,-0.116872,2.17699,2.25166
0.19,1,0.308684,-0.163065,2.18694,2.17791
0.21,1,0.297463,-0.177815,2.19677,2.15784
0.23,1,0.321655,-0.157548,2.28317,2.20044
0.25,1,0.37397,-0.109204,2.3828,2.28492
0.27,1,0.442081,-0.043754,2.4742,2.38252
0.29,1,0.51148,0.0240913,2.5682,2.47098
0.31,1,0.568826,0.0819188,2.56313,2.5375
0.33,1,0.60761,0.122888,2.55759,2.57969
0.35,1,0.622205,0.140921,2.55189,2.59504
0.37,1,0.609601,0.132225,2.54632,2.5818
0.39,1,0.574428,0.100851,2.48787,2.54373
0.41,1,0.525244,0.054568,2.41604,2.48743
0.43,1,0.469278,7.37977e-05,2.34183,2.41835
0.45,1,0.416299,-0.0529871,2.2786,2.347
0.47,1,0.37564,-0.0948399,2.28459,2.28746
0.49,1,0.354152,-0.118949,2.29142,2.25403
0.51,1,0.356892,-0.118835,2.29812,2.25837
0.53,1,0.38412,-0.0946906,2.36066,2.30027
0.55,1,0.426573,-0.0546444,2.42626,2.36135
0.57,1,0.474835,-0.00802297,2.48175,2.42548
0.59,1,0.517918,0.0354267,2.5343,2.47872
0.61,1,0.550009,0.0684232,2.5307,2.51625
0.63,1,0.56859,0.0897355,2.52636,2.53724
0.65,1,0.569954,0.0933952,2.52185,2.53876
0.67,1,0.554547,0.0809135,2.44802,2.52142
0.69,1,0.527311,0.0560054,2.39668,2.48988
0.71,1,0.490922,0.0211259,2.39343,2.44576
0.73,1,0.453976,-0.0160048,2.31211,2.39839
0.75,1,0.421713,-0.0488679,2.31593,2.35459
0.77,1,0.399462,-0.0733183,2.32077,2.3229
0.79,1,0.391973,-0.0829141,2.32612,2.31193
0.81,1,0.402071,-0.0754857,2.40152,2.32668
0.83,1,0.425935,-0.0538002,2.40452,2.36046
0.85,1,0.457534,-0.0232098,2.46696,2.40307
0.87,1,0.488175,0.00704918,2.46596,2.44234
0.89,1,0.513878,0.0341285,2.46506,2.47387
0.91,1,0.531377,0.0533824,2.46343,2.49466
0.93,1,0.53879,0.0632785,2.48482,2.50332
0.95,1,0.534499,0.0610331,2.48098,2.49832
0.97,1,0.519766,0.0482842,2.42315,2.48092
0.99,1,0.498655,0.0282956,2.42133,2.45534
