x,rho,E,F,T,Tr
0.01,1,0.502383,-0.00907651,2.57282,2.45992
0.03,1,0.587164,0.0927815,2.64432,2.55771
0.05,1,0.656329,0.16373,2.63632,2.62992
0.07,1,0.690437,0.202061,2.62848,2.66344
0.09,1,0.684979,0.201866,2.62096,2.65816
0.11,1,0.64339,0.165764,2.54681,2.61686
0.13,1,0.575989,0.102963,2.44846,2.54545
0.15,1,0.495014,0.0251449,2.33863,2.45084
0.17,1,0.414712,-0.053931,2.23837,2.34476
0.19,1,0.348795,-0.120355,2.19066,2.24545
0.21,1,0.308907,-0.162381,2.20051,2.1783
0.23,1,0.301576,-0.172863,2.20977,2.16526
0.25,1,0.328822,-0.149269,2.29652,2.21259
0.27,1,0.382257,-0.0991823,2.39356,2.29747
0.29,1,0.449516,-0.0339915,2.48002,2.39248
0.31,1,0.51627,0.0316272,2.55845,2.47674
0.33,1,0.570329,0.0861351,2.55314,2.53918
0.35,1,0.606094,0.12396,2.54722,2.57808
0.37,1,0.617599,0.138545,2.54175,2.59023
0.39,1,0.60263,0.127107,2.53668,2.57439
0.41,1,0.566455,0.094004,2.4778,2.53485
0.43,1,0.517589,0.047314,2.4072,2.47832
0.45,1,0.462897,-0.00613665,2.33655,2.41009
0.47,1,0.412159,-0.0571705,2.28735,2.34114
0.49,1,0.373951,-0.0961362,2.29402,2.28489
0.51,1,0.355335,-0.11732,2.30067,2.25591
0.53,1,0.36054,-0.114333,2.30658,2.26412
0.55,1,0.389204,-0.0881786,2.36856,2.30784
0.57,1,0.431588,-0.0472867,2.43368,2.36826
0.59,1,0.47822,-0.00165914,2.53127,2.42979
0.61,1,0.518768,0.0394827,2.5279,2.47973
0.63,1,0.549247,0.0708279,2.52351,2.51538
0.65,1,0.565975,0.0898209,2.51877,2.53432
0.67,1,0.565717,0.0910721,2.51476,2.53403
0.69,1,0.549168,0.077006,2.43984,2.51529
0.71,1,0.521686,0.0509392,2.43534,2.48321
0.73,1,0.485924,0.0158091,2.38843,2.43952
0.75,1,0.450429,-0.0201169,2.31597,2.39369
0.77,1,0.419922,-0.0513731,2.32081,2.35209
0.79,1,0.399083,-0.0737198,2.32614,2.32235
0.81,1,0.393454,-0.0811348,2.33085,2.31412
0.83,1,0.404477,-0.0714978,2.40577,2.33016
0.85,1,0.42847,-0.0488244,2.40758,2.36397
0.87,1,0.459316,-0.0181494,2.46186,2.40541
0.89,1,0.488633,0.0114172,2.46106,2.44291
0.91,1,0.512962,0.0370395,2.4853,2.47276
0.93,1,0.529497,0.0548337,2.48175,2.49246
0.95,1,0.535834,0.0629279,2.47787,2.49988
0.97,1,0.530687,0.0589396,2.47485,2.49385
0.99,1,0.515849,0.0448383,2.41719,2.47624
