x,rho,E,F,T,Tr
0.01,1,0.446132,-0.0628228,2.51454,2.38796
0.03,1,0.536993,0.0420428,2.59794,2.50123
0.05,1,0.620194,0.125687,2.66145,2.59295
0.07,1,0.67341,0.181738,2.65382,2.64686
0.09,1,0.689806,0.202471,2.64642,2.66283
0.11,1,0.668162,0.186111,2.58993,2.64169
0.13,1,0.614676,0.137542,2.50528,2.58716
0.15,1,0.540719,0.0676604,2.40176,2.50556
0.17,1,0.459624,-0.0113467,2.29436,2.40581
0.19,1,0.384997,-0.0853179,2.16298,2.30158
0.21,1,0.329867,-0.141415,2.1726,2.21435
0.23,1,0.304371,-0.169435,2.18166,2.17026
0.25,1,0.312854,-0.164019,2.24963,2.18523
0.27,1,0.352294,-0.127861,2.34213,2.25106
0.29,1,0.412898,-0.0704221,2.4349,2.34219
0.31,1,0.48106,-0.00389386,2.51254,2.43339
0.33,1,0.543136,0.0575906,2.59594,2.50835
0.35,1,0.587976,0.103496,2.5906,2.55859
0.37,1,0.61128,0.129129,2.58564,2.58358
0.39,1,0.611793,0.132582,2.51681,2.58412
0.41,1,0.589042,0.113221,2.51251,2.55975
0.43,1,0.546041,0.0728407,2.44837,2.5117
0.45,1,0.494458,0.0226669,2.37681,2.45016
0.47,1,0.440777,-0.0302261,2.31011,2.38076
0.49,1,0.394812,-0.07666,2.25322,2.31611
0.51,1,0.365369,-0.107091,2.25905,2.27167
0.53,1,0.357725,-0.1171,2.33106,2.25969
0.55,1,0.373136,-0.103698,2.33589,2.28364
0.57,1,0.408471,-0.0702044,2.39907,2.33589
0.59,1,0.453713,-0.0264501,2.45901,2.39804
0.61,1,0.498424,0.0181826,2.53995,2.45506
0.63,1,0.534444,0.0542726,2.51438,2.49826
0.65,1,0.557677,0.0789449,2.51,2.52497
0.67,1,0.566391,0.0895192,2.50578,2.53478
0.69,1,0.559745,0.0843945,2.50219,2.52731
0.71,1,0.539421,0.0651897,2.41674,2.50405
0.73,1,0.50752,0.0346878,2.37025,2.46618
0.75,1,0.471535,-0.00109128,2.37137,2.42125
0.77,1,0.437476,-0.0354882,2.31328,2.37629
0.79,1,0.411452,-0.0623886,2.33882,2.34014
0.81,1,0.3976,-0.077616,2.34371,2.32019
0.83,1,0.398987,-0.0771626,2.34769,2.32221
0.85,1,0.415451,-0.0618481,2.42668,2.3458
0.87,1,0.443073,-0.0345955,2.4272,2.38386
0.89,1,0.473761,-0.00369919,2.47931,2.4241
0.91,1,0.500983,0.024017,2.47728,2.4582
0.93,1,0.521579,0.045444,2.5008,2.48308
0.95,1,0.533257,0.0580223,2.49759,2.49687
0.97,1,0.534701,0.0602705,2.4386,2.49856
0.99,1,0.526108,0.0522344,2.43681,2.48846
