x,rho,E,F,T,Tr
0.01,1,0.725587,0.213207,2.65768,2.69671
0.03,1,0.668219,0.186388,2.56577,2.64175
0.05,1,0.592612,0.11672,2.45725,2.56362
0.07,1,0.501494,0.0301939,2.3343,2.45883
0.09,1,0.4113,-0.0575952,2.21974,2.33992
0.11,1,0.337355,-0.131314,2.16072,2.22681
0.13,1,0.292191,-0.178267,2.17011,2.14822
0.15,1,0.282959,-0.190821,2.17956,2.13104
0.17,1,0.311293,-0.16639,2.27629,2.1825
0.19,1,0.369379,-0.112664,2.3849,2.27787
0.21,1,0.444073,-0.041643,2.48266,2.3852
0.23,1,0.519325,0.0313072,2.57494,2.4804
0.25,1,0.581353,0.0928653,2.56899,2.55136
0.27,1,0.622768,0.135859,2.56369,2.59563
0.29,1,0.636904,0.152928,2.55867,2.61024
0.31,1,0.621173,0.141275,2.55372,2.59397
0.33,1,0.581218,0.105332,2.48923,2.55121
0.35,1,0.526213,0.0541243,2.41076,2.48858
0.37,1,0.464674,-0.00495113,2.33036,2.4124
0.39,1,0.406933,-0.0611372,2.2719,2.33368
0.41,1,0.36367,-0.10473,2.27786,2.26902
0.43,1,0.34156,-0.128185,2.28309,2.23372
0.45,1,0.346682,-0.12612,2.28832,2.24204
0.47,1,0.377514,-0.098201,2.35812,2.29031
0.49,1,0.424775,-0.0541102,2.42968,2.35885
0.51,1,0.477309,-0.00433599,2.48786,2.42863
0.53,1,0.523811,0.0409134,2.55687,2.48574
0.55,1,0.559477,0.0761849,2.53597,2.52701
0.57,1,0.579628,0.0974927,2.5329,2.54946
0.59,1,0.580167,0.100328,2.52994,2.55006
0.61,1,0.562238,0.0850917,2.44795,2.53012
0.63,1,0.530188,0.0562798,2.44525,2.49327
0.65,1,0.490294,0.0188185,2.38887,2.44498
0.67,1,0.449482,-0.020359,2.34324,2.39243
0.69,1,0.414123,-0.0542912,2.34731,2.34393
0.71,1,0.390084,-0.0793258,2.35015,2.30914
0.73,1,0.382326,-0.0880301,2.3161,2.29758
0.75,1,0.393848,-0.0782714,2.40012,2.31469
0.77,1,0.421435,-0.0536267,2.40183,2.3542
0.79,1,0.456014,-0.0208152,2.46918,2.40108
0.81,1,0.490753,0.0113629,2.46527,2.44555
0.83,1,0.518938,0.0384434,2.51216,2.47994
0.85,1,0.538936,0.0577541,2.48892,2.50349
0.87,1,0.546875,0.0668641,2.48782,2.51266
0.89,1,0.541697,0.0629206,2.48636,2.50669
0.91,1,0.524933,0.0482818,2.4225,2.48707
0.93,1,0.500989,0.0266672,2.4214,2.45821
0.95,1,0.472763,0.000721015,2.35523,2.42283
0.97,1,0.44617,-0.023921,2.35865,2.38801
0.99,1,0.424892,-0.0442437,2.38958,2.35902
