x,rho,E,F,T,Tr
0.01,1,0.330966,-0.150499,2.12004,2.21619
0.03,1,0.271871,-0.20005,2.12248,2.10985
0.05,1,0.25883,-0.217256,2.13452,2.08408
0.07,1,0.287059,-0.193665,2.24462,2.13872
0.09,1,0.349628,-0.135943,2.36968,2.24679
0.11,1,0.432832,-0.0565768,2.48358,2.36996
0.13,1,0.519339,0.027602,2.60193,2.48041
0.15,1,0.592658,0.100954,2.59563,2.56367
0.17,1,0.642305,0.153104,2.58926,2.61575
0.19,1,0.660676,0.175771,2.58278,2.63426
0.21,1,0.645032,0.165348,2.57611,2.61853
0.23,1,0.601037,0.126176,2.50417,2.57269
0.25,1,0.538858,0.0680517,2.41499,2.5034
0.27,1,0.468721,7.27675e-05,2.32128,2.41763
0.29,1,0.402399,-0.0652338,2.24066,2.32716
0.31,1,0.352284,-0.116843,2.24797,2.25105
0.33,1,0.325729,-0.145831,2.25552,2.20737
0.35,1,0.329406,-0.146133,2.26352,2.21357
0.37,1,0.362017,-0.11688,2.34295,2.26644
0.39,1,0.414303,-0.0683852,2.42469,2.34418
0.41,1,0.473822,-0.0106263,2.495,2.42418
0.43,1,0.52863,0.0432,2.57669,2.49143
0.45,1,0.568893,0.0849429,2.57266,2.53758
0.47,1,0.592527,0.110467,2.56808,2.56353
0.49,1,0.594514,0.116622,2.51134,2.56568
0.51,1,0.576318,0.101485,2.50646,2.54582
0.53,1,0.540008,0.0687803,2.45162,2.50473
0.55,1,0.495735,0.0264578,2.38882,2.45174
0.57,1,0.449138,-0.0188721,2.32217,2.39197
0.59,1,0.408774,-0.0595906,2.32586,2.33632
0.61,1,0.380616,-0.0895329,2.32998,2.295
0.63,1,0.370796,-0.101866,2.33474,2.28006
0.65,1,0.382734,-0.0934442,2.39167,2.29819
0.67,1,0.412927,-0.0659822,2.44646,2.34223
0.69,1,0.452454,-0.028989,2.44833,2.39638
0.71,1,0.491562,0.00950799,2.50742,2.44656
0.73,1,0.523422,0.0415144,2.52455,2.48528
0.75,1,0.546073,0.0658233,2.52165,2.51174
0.77,1,0.555556,0.0778959,2.46894,2.52257
0.79,1,0.55,0.0754602,2.46551,2.51624
0.81,1,0.531596,0.0599876,2.46181,2.49492
0.83,1,0.504795,0.0349641,2.42282,2.46286
0.85,1,0.473658,0.00526882,2.34052,2.42397
0.87,1,0.443854,-0.0247316,2.34211,2.38491
0.89,1,0.420078,-0.0496406,2.34451,2.35231
0.91,1,0.406172,-0.0658547,2.34813,2.33259
0.93,1,0.406432,-0.0680845,2.3527,2.33297
0.95,1,0.420982,-0.0561577,2.42012,2.35357
0.97,1,0.444704,-0.0348404,2.4732,2.38605
0.99,1,0.47225,-0.00870005,2.49639,2.42217
