x,rho,E,F,T,Tr
0.01,1,0.670463,0.150583,2.66806,2.64396
0.03,1,0.700979,0.208086,2.64904,2.67355
0.05,1,0.701347,0.214206,2.64108,2.6739
0.07,1,0.662355,0.181814,2.56791,2.63593
0.09,1,0.59421,0.119107,2.46741,2.56535
0.11,1,0.509485,0.0388276,2.35214,2.46856
0.13,1,0.423726,-0.0449819,2.24124,2.3574
0.15,1,0.351392,-0.117413,2.16756,2.24962
0.17,1,0.305268,-0.165666,2.17699,2.17186
0.19,1,0.292549,-0.18195,2.18694,2.14887
0.21,1,0.316124,-0.162569,2.27493,2.19092
0.23,1,0.368936,-0.114159,2.37748,2.27719
0.25,1,0.438709,-0.0478372,2.47238,2.37797
0.27,1,0.510357,0.0218338,2.57327,2.46962
0.29,1,0.570138,0.0817962,2.5682,2.53896
0.31,1,0.610859,0.124518,2.56313,2.58313
0.33,1,0.626753,0.144049,2.55759,2.59977
0.35,1,0.61465,0.136168,2.55189,2.58713
0.37,1,0.579102,0.104827,2.49253,2.54888
0.39,1,0.528715,0.0579299,2.41895,2.49153
0.41,1,0.470939,0.00241565,2.34195,2.42049
0.43,1,0.415936,-0.0519908,2.27305,2.34649
0.45,1,0.373537,-0.0953971,2.2786,2.28426
0.47,1,0.350738,-0.120861,2.28459,2.24857
0.49,1,0.352903,-0.121903,2.29142,2.25204
0.51,1,0.380233,-0.0981842,2.35576,2.29443
0.53,1,0.423467,-0.0577055,2.42365,2.35704
0.55,1,0.47321,-0.0101852,2.48136,2.4234
0.57,1,0.518234,0.0342673,2.53758,2.47909
0.59,1,0.551909,0.06844,2.5343,2.51842
0.61,1,0.571646,0.0908599,2.5307,2.54064
0.63,1,0.573593,0.0954602,2.52636,2.5428
0.65,1,0.558029,0.0835599,2.45179,2.52537
0.67,1,0.530134,0.0583547,2.44802,2.4932
0.69,1,0.492579,0.0231391,2.39668,2.44783
0.71,1,0.454245,-0.0144772,2.30919,2.39874
0.73,1,0.420432,-0.0482105,2.31211,2.3528
0.75,1,0.397021,-0.0735742,2.31593,2.31934
0.77,1,0.388747,-0.0841169,2.32077,2.30716
0.79,1,0.398698,-0.0773718,2.39797,2.32179
0.81,1,0.423144,-0.0557732,2.40152,2.35659
0.83,1,0.456013,-0.0251575,2.46895,2.40107
0.85,1,0.488078,0.00563952,2.46696,2.44221
0.87,1,0.515156,0.0331889,2.46596,2.4754
0.89,1,0.533682,0.0529378,2.46506,2.49737
0.91,1,0.541634,0.0636077,2.46343,2.50662
0.93,1,0.537476,0.0620726,2.48482,2.50179
0.95,1,0.522265,0.0497338,2.42589,2.4839
0.97,1,0.500152,0.029803,2.42315,2.45718
0.99,1,0.474563,0.00539993,2.35691,2.42513
