x,rho,E,F,T,Tr
0.01,1,0.473764,-0.0366194,2.54585,2.42411
0.03,1,0.562288,0.0674549,2.65838,2.53018
0.05,1,0.638948,0.14509,2.65053,2.61233
0.07,1,0.683323,0.193104,2.64267,2.65655
0.09,1,0.688978,0.203573,2.6352,2.66203
0.11,1,0.657179,0.177148,2.57001,2.63077
0.13,1,0.596524,0.121415,2.47829,2.56784
0.15,1,0.518612,0.0470836,2.3707,2.47955
0.17,1,0.437206,-0.0325518,2.26395,2.37593
0.19,1,0.366326,-0.103419,2.17448,2.27315
0.21,1,0.318453,-0.152651,2.18437,2.19494
0.23,1,0.301669,-0.172425,2.19347,2.16543
0.25,1,0.319463,-0.157889,2.27182,2.19668
0.27,1,0.366398,-0.114712,2.36735,2.27326
0.29,1,0.430675,-0.0527811,2.4595,2.367
0.31,1,0.498895,0.0136557,2.5715,2.45563
0.33,1,0.556952,0.0719337,2.5662,2.52415
0.35,1,0.597494,0.114064,2.56037,2.56889
0.37,1,0.615899,0.135309,2.55475,2.58844
0.39,1,0.608257,0.13095,2.50034,2.58038
0.41,1,0.577859,0.103862,2.49612,2.54752
0.43,1,0.532562,0.0607022,2.42824,2.49605
0.45,1,0.478834,0.00863028,2.3551,2.43057
0.47,1,0.426345,-0.0437807,2.2738,2.36103
0.49,1,0.384013,-0.0866536,2.28064,2.30011
0.51,1,0.359495,-0.113175,2.28732,2.26248
0.53,1,0.357858,-0.116842,2.29334,2.2599
0.55,1,0.380489,-0.0965691,2.35147,2.29481
0.57,1,0.4195,-0.0594506,2.41544,2.3515
0.59,1,0.465898,-0.0140425,2.47184,2.41398
0.61,1,0.50928,0.0292345,2.53426,2.46832
0.63,1,0.541858,0.0629456,2.5301,2.50688
0.65,1,0.562186,0.0843553,2.52559,2.53006
0.67,1,0.566163,0.0906528,2.49559,2.53453
0.69,1,0.5548,0.0810354,2.49228,2.52171
0.71,1,0.531202,0.0587258,2.40366,2.49446
0.73,1,0.497133,0.0258004,2.40342,2.45346
0.75,1,0.460994,-0.0107316,2.3387,2.4076
0.77,1,0.428174,-0.0437838,2.34288,2.36356
0.79,1,0.404803,-0.0685867,2.32126,2.33063
0.81,1,0.394485,-0.0799858,2.32581,2.31563
0.83,1,0.401053,-0.0750564,2.39542,2.32521
0.85,1,0.421471,-0.0555088,2.3975,2.35426
0.87,1,0.451044,-0.0265135,2.47205,2.39451
0.89,1,0.481219,0.00384881,2.47087,2.43359
0.91,1,0.507048,0.0307105,2.46891,2.46561
0.93,1,0.525596,0.0502585,2.46579,2.48785
0.95,1,0.534525,0.0607597,2.46211,2.49835
0.97,1,0.533015,0.0601149,2.48145,2.49658
0.99,1,0.521337,0.0489757,2.4267,2.4828
