x,rho,E,F,T,Tr
0.01,1,0.534353,0.0455975,2.36502,2.49815
0.03,1,0.426543,-0.0418092,2.22299,2.3613
0.05,1,0.342237,-0.125874,2.11624,2.23482
0.07,1,0.286526,-0.183354,2.12825,2.13773
0.09,1,0.267818,-0.205123,2.13956,2.10194
0.11,1,0.28919,-0.187565,2.23733,2.14268
0.13,1,0.344521,-0.136167,2.35439,2.23854
0.15,1,0.421315,-0.062624,2.46315,2.35404
0.17,1,0.503358,0.0175238,2.59905,2.46111
0.19,1,0.574892,0.0886864,2.59231,2.54424
0.21,1,0.624595,0.140477,2.58563,2.59753
0.23,1,0.646606,0.165755,2.57908,2.62012
0.25,1,0.636518,0.159774,2.57304,2.60984
0.27,1,0.598926,0.12595,2.50822,2.57042
0.29,1,0.542786,0.0732149,2.42592,2.50795
0.31,1,0.477289,0.00965519,2.33598,2.4286
0.33,1,0.413569,-0.0533383,2.23874,2.34314
0.35,1,0.36299,-0.104525,2.2469,2.26796
0.37,1,0.334026,-0.135303,2.25471,2.2213
0.39,1,0.332775,-0.139109,2.26163,2.21921
0.41,1,0.359984,-0.114527,2.33364,2.26325
0.43,1,0.406836,-0.0698435,2.41098,2.33355
0.45,1,0.462394,-0.0157619,2.52745,2.40943
0.47,1,0.514652,0.035891,2.52315,2.4748
0.49,1,0.555295,0.0772417,2.54932,2.52228
0.51,1,0.580895,0.104361,2.54418,2.55086
0.53,1,0.586215,0.111891,2.53982,2.55668
0.55,1,0.570995,0.0991832,2.45748,2.53992
0.57,1,0.540207,0.070322,2.45479,2.50496
0.59,1,0.499307,0.0306423,2.39564,2.45614
0.61,1,0.455531,-0.0127249,2.31555,2.40044
0.63,1,0.41582,-0.0521684,2.28805,2.34632
0.65,1,0.387165,-0.0822162,2.29397,2.30481
0.67,1,0.374748,-0.0958102,2.29913,2.28611
0.69,1,0.382693,-0.0896957,2.38625,2.29813
0.71,1,0.408199,-0.0654453,2.38857,2.3355
0.73,1,0.444152,-0.0304936,2.47812,2.38531
0.75,1,0.480841,0.00607419,2.47614,2.43311
0.77,1,0.512447,0.0380637,2.47341,2.47214
0.79,1,0.534864,0.061654,2.46974,2.49875
0.81,1,0.546402,0.0742844,2.46583,2.51212
0.83,1,0.543914,0.0732884,2.46265,2.50925
0.85,1,0.529007,0.05889,2.46054,2.49188
0.87,1,0.505556,0.0359359,2.38552,2.46379
0.89,1,0.477199,0.00781016,2.3867,2.42849
0.91,1,0.448347,-0.0218538,2.33875,2.39092
0.93,1,0.425044,-0.0457935,2.37146,2.35923
0.95,1,0.409924,-0.062088,2.34834,2.33796
0.97,1,0.407457,-0.0652182,2.35175,2.33444
0.99,1,0.418437,-0.0547251,2.41399,2.35001
