x,rho,E,F,T,Tr
0.01,1,0.640314,0.13989,2.51236,2.61372
0.03,1,0.537827,0.0639133,2.37607,2.5022
0.05,1,0.441446,-0.0298852,2.2459,2.38167
0.07,1,0.35669,-0.113809,2.12094,2.25805
0.09,1,0.298146,-0.173637,2.13206,2.15908
0.11,1,0.274737,-0.19961,2.14247,2.11539
0.13,1,0.290796,-0.18726,2.23149,2.14565
0.15,1,0.341066,-0.140809,2.34394,2.23291
0.17,1,0.414111,-0.0713809,2.45143,2.34391
0.19,1,0.494294,0.00653866,2.53714,2.44995
0.21,1,0.565767,0.0772119,2.5955,2.53408
0.23,1,0.616905,0.129331,2.58902,2.5895
0.25,1,0.642199,0.15744,2.58305,2.61565
0.27,1,0.636544,0.155228,2.57762,2.60987
0.29,1,0.603345,0.125648,2.51795,2.57515
0.31,1,0.550961,0.0767365,2.44036,2.51734
0.33,1,0.488122,0.0160621,2.35222,2.44227
0.35,1,0.42524,-0.045525,2.24148,2.3595
0.37,1,0.373473,-0.0971172,2.24942,2.28416
0.39,1,0.342197,-0.129694,2.25656,2.23476
0.41,1,0.337138,-0.136596,2.26262,2.22645
0.43,1,0.360401,-0.115831,2.32954,2.2639
0.45,1,0.403966,-0.0743296,2.40493,2.32942
0.47,1,0.458379,-0.0225321,2.4726,2.40418
0.49,1,0.5102,0.0286214,2.55531,2.46943
0.51,1,0.551236,0.0689782,2.55023,2.51765
0.53,1,0.577835,0.0970423,2.54606,2.54749
0.55,1,0.58568,0.106127,2.54253,2.55609
0.57,1,0.573821,0.0964094,2.46729,2.54305
0.59,1,0.54646,0.0711228,2.46523,2.51218
0.61,1,0.507394,0.033467,2.40993,2.46603
0.63,1,0.464393,-0.00821648,2.3544,2.41203
0.65,1,0.424515,-0.0475244,2.29532,2.35849
0.67,1,0.394842,-0.0770998,2.33115,2.31615
0.69,1,0.380445,-0.0924259,2.33526,2.29475
0.71,1,0.385454,-0.0882782,2.33833,2.30226
0.73,1,0.40828,-0.066731,2.43235,2.33561
0.75,1,0.442088,-0.0344276,2.43251,2.38253
0.77,1,0.478858,0.00164126,2.48311,2.4306
0.79,1,0.510927,0.0330376,2.4793,2.47031
0.81,1,0.534153,0.0562673,2.47535,2.49792
0.83,1,0.546859,0.0691543,2.47216,2.51264
0.85,1,0.546619,0.0695121,2.4702,2.51236
0.87,1,0.533934,0.0573737,2.46909,2.49766
0.89,1,0.512366,0.036361,2.39673,2.47205
0.91,1,0.484907,0.00973418,2.39769,2.43824
0.93,1,0.455885,-0.018955,2.34532,2.40091
0.95,1,0.43189,-0.0423388,2.34988,2.36867
0.97,1,0.415605,-0.0583982,2.35325,2.34602
0.99,1,0.411244,-0.0625905,2.3549,2.33984
