x,rho,E,F,T,Tr
0.01,1,0.41522,-0.0692758,2.20767,2.34548
0.03,1,0.325983,-0.144501,2.12361,2.2078
0.05,1,0.275596,-0.197267,2.13566,2.11704
0.07,1,0.264493,-0.212265,2.14767,2.09539
0.09,1,0.293844,-0.187238,2.25571,2.15125
0.11,1,0.356411,-0.129472,2.3771,2.25761
0.13,1,0.438059,-0.0511731,2.48683,2.37708
0.15,1,0.521889,0.0307766,2.59526,2.48345
0.17,1,0.591997,0.101572,2.5889,2.56296
0.19,1,0.638956,0.151113,2.63254,2.61234
0.21,1,0.655413,0.17147,2.57588,2.629
0.23,1,0.639083,0.159894,2.56936,2.61247
0.25,1,0.595438,0.120383,2.49848,2.56667
0.27,1,0.53441,0.0631774,2.4115,2.49822
0.29,1,0.466323,-0.00337088,2.32105,2.41453
0.31,1,0.402341,-0.0667852,2.24909,2.32707
0.33,1,0.354411,-0.116325,2.25663,2.25444
0.35,1,0.329608,-0.143445,2.26462,2.21391
0.37,1,0.33438,-0.142279,2.27229,2.22189
0.39,1,0.367181,-0.112324,2.34979,2.27448
0.41,1,0.418593,-0.0640543,2.42877,2.35023
0.43,1,0.476383,-0.00730654,2.49604,2.42745
0.45,1,0.529276,0.0446673,2.57295,2.49219
0.47,1,0.567416,0.0847089,2.56833,2.53593
0.49,1,0.589679,0.108578,2.56362,2.56044
0.51,1,0.590908,0.11339,2.50646,2.56178
0.53,1,0.572317,0.0980008,2.50221,2.54139
0.55,1,0.536774,0.0650913,2.44814,2.50097
0.57,1,0.493538,0.0234791,2.38816,2.44902
0.59,1,0.448603,-0.0210958,2.33215,2.39126
0.61,1,0.409742,-0.0605978,2.33079,2.3377
0.63,1,0.38351,-0.0892464,2.33578,2.29935
0.65,1,0.374767,-0.100188,2.30445,2.28613
0.67,1,0.38686,-0.0905297,2.34879,2.30436
0.69,1,0.416569,-0.0628723,2.44932,2.34738
0.71,1,0.454745,-0.0262291,2.45045,2.39941
0.73,1,0.492662,0.0114953,2.52474,2.44793
0.75,1,0.522903,0.0427006,2.52186,2.48466
0.77,1,0.544089,0.0656819,2.52036,2.50945
0.79,1,0.552661,0.0766852,2.46566,2.51928
0.81,1,0.547288,0.0733639,2.46196,2.51313
0.83,1,0.529249,0.0576946,2.42294,2.49216
0.85,1,0.503275,0.0325456,2.41937,2.46101
0.87,1,0.47331,0.0028552,2.34297,2.42353
0.89,1,0.444772,-0.0264484,2.34536,2.38614
0.91,1,0.422146,-0.0504669,2.34897,2.3552
0.93,1,0.409062,-0.0655938,2.35353,2.33673
0.95,1,0.409923,-0.0670374,2.35803,2.33796
0.97,1,0.42432,-0.0545342,2.39134,2.35822
0.99,1,0.447103,-0.0328586,2.42663,2.38926
