x,rho,E,F,T,Tr
0.01,1,0.632342,0.132754,2.50089,2.60555
0.03,1,0.528628,0.0548443,2.36324,2.49143
0.05,1,0.432433,-0.0389412,2.23529,2.36941
0.07,1,0.349431,-0.121323,2.12679,2.24648
0.09,1,0.293886,-0.178246,2.13818,2.15133
0.11,1,0.274208,-0.200688,2.1485,2.11437
0.13,1,0.29392,-0.18459,2.2416,2.15139
0.15,1,0.347079,-0.13518,2.35476,2.24269
0.17,1,0.421791,-0.0642323,2.46083,2.3547
0.19,1,0.501849,0.013842,2.54399,2.45926
0.21,1,0.572092,0.0833338,2.59101,2.54114
0.23,1,0.621082,0.133794,2.58465,2.59387
0.25,1,0.643697,0.159067,2.5787,2.61717
0.27,1,0.634981,0.154094,2.57327,2.60826
0.29,1,0.599305,0.122029,2.51121,2.57083
0.31,1,0.5453,0.0714042,2.43193,2.51085
0.33,1,0.481708,0.00997418,2.34468,2.43421
0.35,1,0.419353,-0.0512631,2.24685,2.35129
0.37,1,0.369223,-0.101152,2.25471,2.27763
0.39,1,0.340149,-0.131777,2.26175,2.23141
0.41,1,0.337783,-0.13606,2.26767,2.22752
0.43,1,0.363552,-0.112819,2.33637,2.26884
0.45,1,0.408862,-0.0699408,2.41147,2.33645
0.47,1,0.463243,-0.0174829,2.47793,2.41054
0.49,1,0.514555,0.0330308,2.55349,2.47468
0.51,1,0.554543,0.0729091,2.54855,2.52142
0.53,1,0.580011,0.0993968,2.54412,2.54988
0.55,1,0.586098,0.106833,2.54058,2.55655
0.57,1,0.572259,0.0950017,2.4619,2.54132
0.59,1,0.543104,0.0678112,2.46,2.50832
0.61,1,0.503115,0.0296822,2.40268,2.46081
0.63,1,0.460271,-0.0121855,2.35003,2.40666
0.65,1,0.421379,-0.0507241,2.29707,2.35413
0.67,1,0.3927,-0.0797013,2.30202,2.31301
0.69,1,0.379685,-0.0930191,2.33943,2.2936
0.71,1,0.386782,-0.087497,2.38949,2.30424
0.73,1,0.411156,-0.0641409,2.39099,2.33972
0.75,1,0.445976,-0.0305995,2.48261,2.38775
0.77,1,0.482073,0.00467286,2.47973,2.43467
0.79,1,0.513476,0.0356089,2.47602,2.47338
0.81,1,0.53585,0.0581614,2.47212,2.4999
0.83,1,0.547782,0.0703403,2.46895,2.5137
0.85,1,0.546267,0.0693623,2.46696,2.51196
0.87,1,0.532285,0.0559258,2.46596,2.49573
0.89,1,0.509859,0.0340275,2.39349,2.46902
0.91,1,0.482153,0.00706204,2.39456,2.43477
0.93,1,0.453418,-0.0214443,2.34713,2.39765
0.95,1,0.430003,-0.0443741,2.3518,2.36608
0.97,1,0.414547,-0.059701,2.35519,2.34452
0.99,1,0.411396,-0.0627373,2.35691,2.34006
