x,rho,E,F,T,Tr
0.01,1,0.72439,0.209311,2.65202,2.69559
0.03,1,0.703044,0.218277,2.63301,2.67551
0.05,1,0.654721,0.17647,2.55025,2.6283
0.07,1,0.578494,0.106178,2.44155,2.54822
0.09,1,0.489051,0.0207842,2.32082,2.44343
0.11,1,0.402013,-0.0639551,2.16451,2.3266
0.13,1,0.332404,-0.13359,2.174,2.21859
0.15,1,0.292032,-0.176492,2.18306,2.14793
0.17,1,0.287165,-0.18485,2.19273,2.13892
0.19,1,0.319144,-0.157426,2.29005,2.19613
0.21,1,0.378633,-0.102242,2.39625,2.29201
0.23,1,0.452598,-0.0319667,2.48878,2.39657
0.25,1,0.525253,0.0388428,2.55732,2.48745
0.27,1,0.583719,0.0972342,2.61084,2.55395
0.29,1,0.620359,0.135903,2.60629,2.59312
0.31,1,0.630575,0.14953,2.5481,2.60373
0.33,1,0.612496,0.136216,2.54278,2.58486
0.35,1,0.571208,0.0988257,2.47723,2.54015
0.37,1,0.516095,0.0477126,2.39959,2.47653
0.39,1,0.456125,-0.010108,2.27409,2.40122
0.41,1,0.400931,-0.0639523,2.27986,2.32503
0.43,1,0.360984,-0.105085,2.28505,2.26482
0.45,1,0.342193,-0.125734,2.2904,2.23475
0.47,1,0.350237,-0.120961,2.2962,2.24777
0.49,1,0.382911,-0.0914905,2.36539,2.29846
0.51,1,0.430316,-0.0474538,2.43432,2.36651
0.53,1,0.482031,0.00158395,2.49138,2.43462
0.55,1,0.526872,0.0455195,2.55025,2.48936
0.57,1,0.558572,0.0774286,2.54754,2.52599
0.59,1,0.575421,0.0961221,2.52576,2.54482
0.61,1,0.573655,0.0973375,2.52225,2.54287
0.63,1,0.555121,0.0816291,2.43914,2.52208
0.65,1,0.522016,0.0523507,2.43604,2.4836
0.67,1,0.482837,0.0151144,2.37991,2.43563
0.69,1,0.442931,-0.022673,2.29291,2.38367
0.71,1,0.4101,-0.0557413,2.29543,2.33821
0.73,1,0.387787,-0.0781461,2.29842,2.30574
0.75,1,0.383114,-0.0854906,2.3562,2.29876
0.77,1,0.396365,-0.0745971,2.3597,2.31838
0.79,1,0.425254,-0.0492032,2.44784,2.35952
0.81,1,0.459315,-0.0174372,2.44963,2.40541
0.83,1,0.493094,0.0144096,2.48647,2.44847
0.85,1,0.518833,0.039584,2.48444,2.47981
0.87,1,0.53681,0.0580211,2.48322,2.50102
0.89,1,0.542829,0.0658453,2.48184,2.508
0.91,1,0.536006,0.0612253,2.47935,2.50008
0.93,1,0.518169,0.0464077,2.41596,2.47902
0.95,1,0.493969,0.0249716,2.41381,2.44955
0.97,1,0.46633,-0.000569977,2.38688,2.41454
0.99,1,0.441247,-0.0244607,2.38893,2.3814
