x,rho,E,F,T,Tr
0.01,1,0.570127,0.0548741,2.67748,2.53895
0.03,1,0.640634,0.145971,2.65837,2.61405
0.05,1,0.687829,0.197033,2.65043,2.66092
0.07,1,0.695315,0.209827,2.64266,2.66813
0.09,1,0.664015,0.184551,2.57707,2.63758
0.11,1,0.602526,0.128472,2.48369,2.57428
0.13,1,0.522771,0.0526958,2.37323,2.4845
0.15,1,0.438988,-0.0291297,2.26205,2.37834
0.17,1,0.365628,-0.102567,2.16293,2.27207
0.19,1,0.315479,-0.154341,2.17291,2.1898
0.21,1,0.29691,-0.176183,2.18277,2.15684
0.23,1,0.313585,-0.162967,2.26227,2.1865
0.25,1,0.360522,-0.120096,2.36033,2.26409
0.27,1,0.426026,-0.0575706,2.45386,2.36059
0.29,1,0.496223,0.0106496,2.57649,2.45234
0.31,1,0.556741,0.0713661,2.57115,2.52391
0.33,1,0.599267,0.115533,2.56584,2.57079
0.35,1,0.619052,0.138759,2.55999,2.59175
0.37,1,0.612132,0.135485,2.55437,2.58448
0.39,1,0.581471,0.108789,2.5001,2.55149
0.41,1,0.535314,0.065484,2.43043,2.49927
0.43,1,0.480209,0.0123116,2.35441,2.43231
0.45,1,0.426062,-0.041746,2.26591,2.36064
0.47,1,0.381955,-0.0864421,2.27208,2.29702
0.49,1,0.356122,-0.114746,2.27891,2.25715
0.51,1,0.353577,-0.119895,2.2856,2.25311
0.53,1,0.37607,-0.100492,2.34521,2.28812
0.55,1,0.415614,-0.063247,2.41153,2.34603
0.57,1,0.463384,-0.0171341,2.47036,2.41072
0.59,1,0.508298,0.0275765,2.5371,2.46712
0.61,1,0.542449,0.0627595,2.53346,2.50756
0.63,1,0.563489,0.0859553,2.52929,2.53153
0.65,1,0.567972,0.093398,2.52478,2.53655
0.67,1,0.55683,0.0843934,2.49488,2.52402
0.69,1,0.532649,0.0626525,2.40581,2.49616
0.71,1,0.497745,0.0290593,2.40289,2.45422
0.73,1,0.460308,-0.00798479,2.33363,2.40671
0.75,1,0.426457,-0.0424794,2.3369,2.36119
0.77,1,0.402223,-0.0686534,2.34117,2.3269
0.79,1,0.391177,-0.0814905,2.34607,2.31076
0.81,1,0.397526,-0.0777024,2.39044,2.32008
0.83,1,0.418566,-0.0585412,2.39355,2.35019
0.85,1,0.448814,-0.0295883,2.47228,2.39154
0.87,1,0.480346,0.00181847,2.47113,2.43248
0.89,1,0.507154,0.0294165,2.46993,2.46574
0.91,1,0.526163,0.050254,2.46796,2.48852
0.93,1,0.535402,0.061823,2.46483,2.49937
0.95,1,0.53389,0.0622217,2.46113,2.49761
0.97,1,0.521698,0.0519473,2.42751,2.48323
0.99,1,0.501961,0.0332187,2.42566,2.4594
