x,rho,E,F,T,Tr
0.01,1,0.25267,-0.231628,2.1123,2.07157
0.03,1,0.270094,-0.20932,2.21208,2.1064
0.05,1,0.329961,-0.154597,2.34348,2.21451
0.07,1,0.414484,-0.0746486,2.46567,2.34444
0.09,1,0.50638,0.014087,2.56092,2.46479
0.11,1,0.587686,0.0946112,2.6138,2.55828
0.13,1,0.644985,0.153421,2.60734,2.61848
0.15,1,0.670548,0.182574,2.60102,2.64405
0.17,1,0.660101,0.177157,2.5947,2.63369
0.19,1,0.618348,0.140509,2.52364,2.59101
0.21,1,0.555068,0.0823148,2.43232,2.52202
0.23,1,0.481367,0.0119505,2.33091,2.43378
0.25,1,0.409842,-0.0579138,2.21961,2.33784
0.27,1,0.352973,-0.114918,2.22697,2.25215
0.29,1,0.320465,-0.149355,2.23416,2.1984
0.31,1,0.318519,-0.154382,2.24155,2.19505
0.33,1,0.348027,-0.128533,2.32206,2.24422
0.35,1,0.400013,-0.0805758,2.40894,2.3237
0.37,1,0.462247,-0.0212901,2.48428,2.40924
0.39,1,0.521667,0.0360559,2.53683,2.48319
0.41,1,0.567904,0.0825539,2.53236,2.53647
0.43,1,0.597524,0.113315,2.5285,2.56892
0.45,1,0.604186,0.123169,2.52462,2.57605
0.47,1,0.587441,0.109548,2.52043,2.55801
0.49,1,0.551825,0.077862,2.46503,2.51833
0.51,1,0.506171,0.0349221,2.39812,2.46454
0.53,1,0.45621,-0.012311,2.30804,2.40133
0.55,1,0.411634,-0.0562942,2.31285,2.3404
0.57,1,0.378807,-0.0892661,2.3169,2.29227
0.59,1,0.364905,-0.105552,2.32061,2.27094
0.61,1,0.372959,-0.0995989,2.32512,2.28337
0.63,1,0.402206,-0.0736539,2.38208,2.32688
0.65,1,0.442663,-0.0359962,2.43987,2.38331
0.67,1,0.485093,0.00419732,2.51531,2.43847
0.69,1,0.520981,0.0385464,2.51216,2.48237
0.71,1,0.547154,0.0650898,2.50972,2.51298
0.73,1,0.560525,0.0794756,2.47719,2.52819
0.75,1,0.557499,0.078971,2.4753,2.52477
0.77,1,0.540412,0.0643911,2.47267,2.5052
0.79,1,0.513638,0.0404339,2.38964,2.47358
0.81,1,0.480328,0.00968783,2.38826,2.43246
0.83,1,0.447277,-0.0216028,2.3357,2.38949
0.85,1,0.420478,-0.0480593,2.33798,2.35287
0.87,1,0.402932,-0.0660431,2.33964,2.32793
0.89,1,0.400026,-0.0703363,2.37326,2.32372
0.91,1,0.412807,-0.0601171,2.41205,2.34206
0.93,1,0.436522,-0.0390446,2.41405,2.375
0.95,1,0.465721,-0.0124208,2.47859,2.41375
0.97,1,0.492672,0.012472,2.47558,2.44794
0.99,1,0.514884,0.0336549,2.47395,2.47508
