x,rho,E,F,T,Tr
0.01,1,0.282253,-0.198586,2.10399,2.12971
0.03,1,0.253587,-0.220539,2.10645,2.07345
0.05,1,0.272466,-0.206249,2.20978,2.11101
0.07,1,0.328769,-0.155048,2.33699,2.21251
0.09,1,0.409941,-0.0782947,2.45709,2.33799
0.11,1,0.499285,0.00809066,2.55193,2.45611
0.13,1,0.579203,0.0872172,2.6125,2.549
0.15,1,0.636215,0.146001,2.60614,2.60953
0.17,1,0.663129,0.176814,2.59977,2.6367
0.19,1,0.655216,0.173977,2.59305,2.6288
0.21,1,0.616604,0.140392,2.52542,2.58918
0.23,1,0.556474,0.0852625,2.43775,2.52361
0.25,1,0.485444,0.0173158,2.33828,2.43891
0.27,1,0.415429,-0.0511289,2.21927,2.34577
0.29,1,0.35875,-0.108085,2.22646,2.26131
0.31,1,0.325432,-0.143613,2.23386,2.20687
0.33,1,0.321614,-0.151001,2.24166,2.20037
0.35,1,0.348573,-0.127844,2.31894,2.2451
0.37,1,0.398019,-0.0823184,2.40378,2.3208
0.39,1,0.458286,-0.024898,2.47839,2.40406
0.41,1,0.516292,0.0315609,2.53654,2.47677
0.43,1,0.561898,0.0775994,2.53269,2.52974
0.45,1,0.591592,0.108819,2.52879,2.56252
0.47,1,0.599382,0.120076,2.52446,2.57091
0.49,1,0.584339,0.108793,2.47081,2.55463
0.51,1,0.55084,0.0794061,2.46632,2.5172
0.53,1,0.507228,0.0380126,2.40093,2.46583
0.55,1,0.458918,-0.00808249,2.30618,2.40489
0.57,1,0.414987,-0.0515101,2.31015,2.34515
0.59,1,0.38248,-0.0849566,2.31445,2.29781
0.61,1,0.367699,-0.102233,2.31851,2.27528
0.63,1,0.374497,-0.0983937,2.37486,2.28572
0.65,1,0.401808,-0.0744898,2.37927,2.3263
0.67,1,0.440715,-0.0384842,2.43607,2.38068
0.69,1,0.481984,0.000925616,2.48436,2.43456
0.71,1,0.517329,0.0354272,2.51149,2.47801
0.73,1,0.542684,0.0618436,2.48017,2.50783
0.75,1,0.556152,0.0771668,2.47825,2.52325
0.77,1,0.55404,0.0781188,2.47547,2.52085
0.79,1,0.53805,0.0651108,2.47184,2.50246
0.81,1,0.512522,0.0424474,2.39104,2.47223
0.83,1,0.480737,0.0128294,2.38915,2.43298
0.85,1,0.448625,-0.0184236,2.33413,2.39129
0.87,1,0.422351,-0.0447785,2.33589,2.35548
0.89,1,0.405197,-0.0636746,2.33839,2.33119
0.91,1,0.401868,-0.0691911,2.34223,2.32639
0.93,1,0.413722,-0.0604683,2.40941,2.34336
0.95,1,0.436189,-0.0408928,2.41249,2.37454
0.97,1,0.464535,-0.0148629,2.47678,2.41222
0.99,1,0.4904,0.0096528,2.47519,2.44511
