x,rho,E,F,T,Tr
0.01,1,0.389252,-0.0942626,2.17277,2.30791
0.03,1,0.307287,-0.163482,2.08282,2.17544
0.05,1,0.266865,-0.206744,2.09494,2.10007
0.07,1,0.267248,-0.210572,2.17151,2.10083
0.09,1,0.306781,-0.175413,2.28755,2.17455
0.11,1,0.376499,-0.110204,2.40844,2.28877
0.13,1,0.461206,-0.0286935,2.51333,2.40788
0.15,1,0.543761,0.0527699,2.58566,2.50907
0.17,1,0.608873,0.118879,2.63719,2.58103
0.19,1,0.646821,0.159936,2.63117,2.62034
0.21,1,0.654397,0.171818,2.55934,2.62798
0.23,1,0.630642,0.153259,2.55299,2.6038
0.25,1,0.580665,0.107367,2.47587,2.5506
0.27,1,0.515986,0.0461086,2.38537,2.4764
0.29,1,0.447064,-0.0213857,2.29438,2.38921
0.31,1,0.38534,-0.0828679,2.21051,2.30209
0.33,1,0.342704,-0.127498,2.21855,2.23558
0.35,1,0.32593,-0.146861,2.22678,2.20771
0.37,1,0.339674,-0.136897,2.28994,2.23063
0.39,1,0.378578,-0.101083,2.37062,2.29192
0.41,1,0.433595,-0.0493036,2.4482,2.37101
0.43,1,0.491756,0.00798049,2.51084,2.4468
0.45,1,0.542066,0.0581086,2.56892,2.50712
0.47,1,0.575753,0.093687,2.56442,2.54519
0.49,1,0.59137,0.111787,2.55966,2.56228
0.51,1,0.587346,0.111386,2.49295,2.55791
0.53,1,0.564756,0.0919586,2.48854,2.53295
0.55,1,0.525498,0.0551984,2.43114,2.48774
0.57,1,0.480272,0.0117317,2.36725,2.43239
0.59,1,0.435499,-0.0333348,2.27464,2.3736
0.61,1,0.398625,-0.0708394,2.27932,2.32168
0.63,1,0.37746,-0.0943695,2.28505,2.29023
0.65,1,0.375001,-0.099177,2.35407,2.28649
0.67,1,0.392125,-0.0852045,2.35903,2.31216
0.69,1,0.425652,-0.0536991,2.41555,2.36007
0.71,1,0.465271,-0.0155218,2.46227,2.41317
0.73,1,0.502002,0.0211544,2.51953,2.45945
0.75,1,0.530203,0.0506814,2.5167,2.49329
0.77,1,0.547605,0.0698359,2.5132,2.5135
0.79,1,0.551553,0.0767418,2.50913,2.51802
0.81,1,0.542751,0.0702565,2.48405,2.50791
0.83,1,0.523031,0.052467,2.40985,2.48481
0.85,1,0.494375,0.0253115,2.40845,2.45005
0.87,1,0.464138,-0.00526481,2.34999,2.4117
0.89,1,0.43611,-0.0341204,2.35192,2.37444
0.91,1,0.415892,-0.0559733,2.33449,2.34643
0.93,1,0.407064,-0.0673158,2.33914,2.33387
0.95,1,0.411717,-0.0647844,2.36433,2.34051
0.97,1,0.428718,-0.0498991,2.43274,2.36431
0.99,1,0.453766,-0.0261532,2.43455,2.39811
