x,rho,E,F,T,Tr
0.01,1,0.259692,-0.228282,2.17707,2.08582
0.03,1,0.303937,-0.179121,2.29785,2.16949
0.05,1,0.383307,-0.104567,2.42802,2.29905
0.07,1,0.476468,-0.0149659,2.53633,2.42756
0.09,1,0.564716,0.0715779,2.6352,2.53291
0.11,1,0.632079,0.139499,2.62831,2.60528
0.13,1,0.669547,0.180032,2.62178,2.64306
0.15,1,0.670751,0.185794,2.6154,2.64425
0.17,1,0.637998,0.158133,2.55186,2.61136
0.19,1,0.57993,0.104932,2.46481,2.5498
0.21,1,0.507088,0.0357491,2.36473,2.46566
0.23,1,0.431808,-0.0370505,2.26885,2.36856
0.25,1,0.367509,-0.100962,2.20191,2.27498
0.27,1,0.325399,-0.143913,2.2095,2.20681
0.29,1,0.312889,-0.159079,2.21678,2.18529
0.31,1,0.332905,-0.142194,2.29151,2.21943
0.33,1,0.379142,-0.0995186,2.38022,2.29278
0.35,1,0.440573,-0.0413363,2.4635,2.38049
0.37,1,0.503549,0.0193518,2.55475,2.46134
0.39,1,0.555881,0.0707358,2.57682,2.52294
0.41,1,0.591696,0.107436,2.57269,2.56263
0.43,1,0.606191,0.123944,2.56872,2.57818
0.45,1,0.596805,0.117535,2.48944,2.56814
0.47,1,0.567157,0.0914102,2.48602,2.53564
0.49,1,0.523386,0.0505868,2.42219,2.48523
0.51,1,0.473003,0.00260297,2.35528,2.42313
0.53,1,0.424362,-0.0445245,2.29334,2.35828
0.55,1,0.386252,-0.0823433,2.29824,2.30345
0.57,1,0.364763,-0.104329,2.30229,2.27072
0.59,1,0.365949,-0.105725,2.35795,2.27257
0.61,1,0.389018,-0.0847923,2.36133,2.30757
0.63,1,0.42711,-0.0496852,2.47129,2.36209
0.65,1,0.470867,-0.00831559,2.47167,2.42039
0.67,1,0.510911,0.0303113,2.49559,2.47029
0.69,1,0.540515,0.0593237,2.49228,2.50532
0.71,1,0.558228,0.0775364,2.48982,2.5256
0.73,1,0.560835,0.0815396,2.48794,2.52854
0.75,1,0.548562,0.0712576,2.48577,2.51459
0.77,1,0.52496,0.0498687,2.40351,2.4871
0.79,1,0.492439,0.0199827,2.40092,2.44765
0.81,1,0.457909,-0.013013,2.32581,2.40357
0.83,1,0.427504,-0.0418334,2.3292,2.36263
0.85,1,0.406133,-0.0630368,2.33133,2.33254
0.87,1,0.39796,-0.0717659,2.333,2.32071
0.89,1,0.405584,-0.0655,2.399,2.33175
0.91,1,0.426116,-0.0470601,2.40037,2.36071
0.93,1,0.454853,-0.0204771,2.46579,2.39955
0.95,1,0.483441,0.00597345,2.46211,2.43639
0.97,1,0.508125,0.0290995,2.48145,2.46691
0.99,1,0.525426,0.0455514,2.47997,2.48765
