x,rho,E,F,T,Tr
0.01,1,0.598299,0.101681,2.45312,2.56975
0.03,1,0.490774,0.0181226,2.31168,2.44558
0.05,1,0.396916,-0.0740029,2.19033,2.31919
0.07,1,0.322495,-0.148738,2.10195,2.20187
0.09,1,0.279774,-0.19342,2.11226,2.12502
0.11,1,0.275616,-0.20098,2.17742,2.11708
0.13,1,0.309813,-0.170758,2.28369,2.1799
0.15,1,0.373721,-0.110803,2.39803,2.28454
0.17,1,0.453083,-0.0342879,2.49773,2.39721
0.19,1,0.531951,0.0431433,2.57096,2.49534
0.21,1,0.595535,0.107179,2.62654,2.56678
0.23,1,0.634536,0.147974,2.62111,2.60781
0.25,1,0.645276,0.162068,2.55808,2.61877
0.27,1,0.626087,0.146951,2.55286,2.59908
0.29,1,0.58123,0.105354,2.48238,2.55122
0.31,1,0.521616,0.0487973,2.39846,2.48313
0.33,1,0.45659,-0.0146042,2.31199,2.40183
0.35,1,0.3974,-0.0734223,2.21622,2.3199
0.37,1,0.35466,-0.116782,2.22231,2.25483
0.39,1,0.335149,-0.137969,2.28565,2.22316
0.41,1,0.343743,-0.132042,2.29139,2.23728
0.43,1,0.378675,-0.0992666,2.36585,2.29207
0.45,1,0.429379,-0.0508612,2.43949,2.36522
0.47,1,0.484652,0.00315001,2.5002,2.43792
0.49,1,0.533131,0.0512567,2.56269,2.49672
0.51,1,0.567122,0.0859939,2.55815,2.5356
0.53,1,0.584727,0.10495,2.55416,2.55505
0.55,1,0.583387,0.105736,2.49399,2.55359
0.57,1,0.563967,0.0880955,2.49105,2.53207
0.59,1,0.528324,0.0545449,2.43884,2.49107
0.61,1,0.486576,0.013799,2.37864,2.44033
0.63,1,0.443784,-0.0283722,2.28495,2.38481
0.65,1,0.407734,-0.0642672,2.29031,2.33483
0.67,1,0.385411,-0.0876189,2.29451,2.3022
0.69,1,0.37983,-0.0937345,2.35743,2.29382
0.71,1,0.39359,-0.0818126,2.40918,2.31432
0.73,1,0.424013,-0.0528602,2.41033,2.3578
0.75,1,0.460329,-0.016996,2.45509,2.40674
0.77,1,0.495958,0.0178438,2.51644,2.45201
0.79,1,0.523974,0.0462882,2.51256,2.48593
0.81,1,0.542429,0.0649757,2.50908,2.50754
0.83,1,0.548762,0.0723474,2.48637,2.51482
0.85,1,0.542123,0.0663012,2.48442,2.50718
0.87,1,0.524778,0.0494618,2.41537,2.48688
0.89,1,0.499356,0.0243936,2.41581,2.4562
0.91,1,0.470301,-0.00427391,2.35137,2.41967
0.93,1,0.443656,-0.0311643,2.35586,2.38464
0.95,1,0.423,-0.0520171,2.39168,2.35639
0.97,1,0.411824,-0.0634764,2.36433,2.34067
0.99,1,0.413732,-0.0616221,2.36627,2.34337
