x,rho,E,F,T,Tr
0.01,1,0.405971,-0.0784379,2.19711,2.3323
0.03,1,0.319343,-0.151721,2.13164,2.19647
0.05,1,0.272395,-0.20116,2.09076,2.11087
0.07,1,0.265314,-0.212168,2.15609,2.09702
0.09,1,0.298397,-0.183505,2.26729,2.15953
0.11,1,0.363456,-0.122789,2.38855,2.26869
0.13,1,0.446252,-0.0432805,2.49524,2.38812
0.15,1,0.530007,0.0387565,2.57468,2.49306
0.17,1,0.598765,0.108079,2.63801,2.57025
0.19,1,0.642146,0.153901,2.6323,2.61559
0.21,1,0.655326,0.17141,2.57041,2.62891
0.23,1,0.636621,0.157688,2.56403,2.60995
0.25,1,0.590433,0.115867,2.49087,2.56126
0.27,1,0.528206,0.0569782,2.40262,2.49093
0.29,1,0.45965,-0.00981948,2.31374,2.40585
0.31,1,0.396655,-0.0725473,2.20281,2.31881
0.33,1,0.35061,-0.120208,2.20941,2.24837
0.35,1,0.328559,-0.144765,2.2711,2.21215
0.37,1,0.336014,-0.140861,2.2788,2.22459
0.39,1,0.371418,-0.1087,2.3574,2.28101
0.41,1,0.424037,-0.0589433,2.4362,2.35783
0.43,1,0.482239,-0.00207849,2.50172,2.43488
0.45,1,0.53415,0.0495584,2.57207,2.49791
0.47,1,0.570938,0.0880037,2.5675,2.53985
0.49,1,0.59041,0.110036,2.56269,2.56124
0.51,1,0.589982,0.112734,2.50216,2.56077
0.53,1,0.569849,0.0959929,2.49774,2.53864
0.55,1,0.53307,0.0616205,2.4425,2.49665
0.57,1,0.489224,0.0193015,2.38198,2.44365
0.59,1,0.444017,-0.0255133,2.32647,2.38513
0.61,1,0.405712,-0.0648371,2.27947,2.33193
0.63,1,0.38141,-0.0907875,2.28495,2.2962
0.65,1,0.37502,-0.099676,2.34858,2.28652
0.67,1,0.3887,-0.0888088,2.35349,2.30709
0.69,1,0.419893,-0.0593462,2.45362,2.35205
0.71,1,0.458417,-0.0226862,2.50535,2.40423
0.73,1,0.496067,0.0149998,2.50312,2.45215
0.75,1,0.526217,0.04586,2.52014,2.48859
0.77,1,0.545645,0.06715,2.51644,2.51124
0.79,1,0.552571,0.076596,2.51256,2.51918
0.81,1,0.545978,0.0718316,2.4585,2.51163
0.83,1,0.52746,0.0557269,2.4172,2.49005
0.85,1,0.500545,0.029888,2.4158,2.45766
0.87,1,0.470213,-0.000248385,2.34556,2.41955
0.89,1,0.441782,-0.0293194,2.34802,2.38212
0.91,1,0.420378,-0.0526472,2.35137,2.35273
0.93,1,0.408744,-0.0664557,2.35586,2.33628
0.95,1,0.410791,-0.0664414,2.39168,2.3392
0.97,1,0.426097,-0.0532784,2.42816,2.36069
0.99,1,0.450019,-0.0305461,2.42999,2.39315
