x,rho,E,F,T,Tr
0.01,1,0.714359,0.196879,2.67307,2.68621
0.03,1,0.709481,0.221293,2.654,2.68162
0.05,1,0.675198,0.193798,2.58432,2.64862
0.07,1,0.608974,0.133522,2.48508,2.58114
0.09,1,0.523546,0.0531283,2.36795,2.48542
0.11,1,0.434789,-0.0331095,2.24998,2.37264
0.13,1,0.357601,-0.109622,2.14957,2.25949
0.15,1,0.305631,-0.163021,2.15892,2.17251
0.17,1,0.287012,-0.184839,2.16839,2.13863
0.19,1,0.305609,-0.170412,2.25375,2.17247
0.21,1,0.355561,-0.124978,2.35835,2.25626
0.23,1,0.425137,-0.0593077,2.45701,2.35936
0.25,1,0.499423,0.0123383,2.58289,2.45628
0.27,1,0.563786,0.0758631,2.57751,2.53186
0.29,1,0.608559,0.122213,2.57254,2.5807
0.31,1,0.629259,0.146027,2.56736,2.60237
0.33,1,0.621094,0.142012,2.56187,2.59389
0.35,1,0.587941,0.113334,2.50414,2.55856
0.37,1,0.538132,0.0675141,2.43027,2.50256
0.39,1,0.479142,0.0116775,2.3494,2.43096
0.41,1,0.421671,-0.044938,2.2598,2.35453
0.43,1,0.375152,-0.0912871,2.26524,2.28672
0.45,1,0.348408,-0.120429,2.27093,2.24483
0.47,1,0.346252,-0.125031,2.27718,2.24135
0.49,1,0.370725,-0.104314,2.34076,2.27995
0.51,1,0.413209,-0.0651632,2.41134,2.34263
0.53,1,0.464236,-0.0169867,2.47339,2.41183
0.55,1,0.511771,0.0293933,2.54144,2.47133
0.57,1,0.548121,0.0655987,2.53849,2.51409
0.59,1,0.571097,0.0901199,2.53532,2.54003
0.61,1,0.575728,0.0974729,2.53179,2.54516
0.63,1,0.562811,0.087881,2.45972,2.53077
0.65,1,0.536042,0.0645986,2.45606,2.50012
0.67,1,0.498437,0.0295265,2.40348,2.45507
0.69,1,0.458342,-0.00862324,2.33236,2.40413
0.71,1,0.421922,-0.0442716,2.33535,2.35488
0.73,1,0.39606,-0.0712693,2.33792,2.31794
0.75,1,0.38453,-0.0843766,2.34096,2.30088
0.77,1,0.391822,-0.0801712,2.38738,2.31171
0.79,1,0.415124,-0.0598562,2.39073,2.34534
0.81,1,0.447786,-0.0300416,2.4742,2.39017
0.83,1,0.481963,0.00204629,2.47098,2.43453
0.85,1,0.511274,0.0305214,2.46898,2.47073
0.87,1,0.531826,0.0516086,2.46789,2.49519
0.89,1,0.542002,0.0632505,2.46691,2.50704
0.91,1,0.539813,0.0635352,2.46509,2.50451
0.93,1,0.525814,0.0526358,2.46212,2.48811
0.95,1,0.503943,0.0334232,2.42756,2.46182
0.97,1,0.477742,0.00946515,2.35054,2.42918
0.99,1,0.450668,-0.0162333,2.35219,2.39401
