x,rho,E,F,T,Tr
0.01,1,0.714836,0.204478,2.63169,2.68666
0.03,1,0.643355,0.162948,2.5267,2.61682
0.05,1,0.558543,0.0838383,2.40931,2.52595
0.07,1,0.464931,-0.00626253,2.28447,2.41273
0.09,1,0.378642,-0.0912247,2.17895,2.29202
0.11,1,0.314037,-0.156249,2.12855,2.18729
0.13,1,0.282301,-0.190087,2.13797,2.1298
0.15,1,0.288784,-0.187336,2.21309,2.14193
0.17,1,0.330476,-0.149674,2.3192,2.21537
0.19,1,0.397556,-0.0867769,2.4266,2.32012
0.21,1,0.475303,-0.0119293,2.51761,2.42607
0.23,1,0.547935,0.0592125,2.61993,2.51387
0.25,1,0.60266,0.113993,2.61476,2.57442
0.27,1,0.632735,0.146289,2.61004,2.60595
0.29,1,0.635054,0.151844,2.53653,2.60834
0.31,1,0.609836,0.131036,2.53184,2.58205
0.33,1,0.562391,0.0869235,2.45985,2.5303
0.35,1,0.502766,0.0308572,2.37808,2.46038
0.37,1,0.440782,-0.029389,2.29939,2.38077
0.39,1,0.386598,-0.082635,2.24336,2.30397
0.41,1,0.350897,-0.119306,2.24927,2.24883
0.43,1,0.33937,-0.132379,2.25487,2.23013
0.45,1,0.355884,-0.118671,2.31435,2.25678
0.47,1,0.394297,-0.0829831,2.38706,2.31535
0.49,1,0.445646,-0.034596,2.45736,2.38731
0.51,1,0.498131,0.0159993,2.55539,2.45469
0.53,1,0.541615,0.0583401,2.55119,2.50659
0.55,1,0.56994,0.0872294,2.54795,2.53874
0.57,1,0.581428,0.100073,2.54503,2.55144
0.59,1,0.5755,0.0963381,2.4795,2.54491
0.61,1,0.553122,0.0765095,2.47691,2.5198
0.63,1,0.516026,0.0418105,2.42429,2.47645
0.65,1,0.474572,0.00225963,2.36802,2.42514
0.67,1,0.433791,-0.0365457,2.29646,2.37127
0.69,1,0.402258,-0.0680167,2.32359,2.32695
0.71,1,0.384359,-0.0857336,2.32656,2.30062
0.73,1,0.384891,-0.0867866,2.37208,2.30142
0.75,1,0.402943,-0.0709541,2.37406,2.32794
0.77,1,0.434822,-0.0411998,2.42266,2.37268
0.79,1,0.470861,-0.00704706,2.48824,2.42039
0.81,1,0.503891,0.0239914,2.48424,2.46176
0.83,1,0.528731,0.048455,2.4812,2.49155
0.85,1,0.543796,0.0631237,2.4792,2.50911
0.87,1,0.546375,0.0668213,2.47797,2.51208
0.89,1,0.536996,0.0583288,2.47667,2.50123
0.91,1,0.517522,0.0405412,2.40785,2.47824
0.93,1,0.491225,0.0163234,2.36155,2.44614
0.95,1,0.462512,-0.010457,2.36611,2.40959
0.97,1,0.437359,-0.0341774,2.36979,2.37613
0.99,1,0.419173,-0.0515618,2.37184,2.35104
