x,rho,E,F,T,Tr
0.01,1,0.66365,0.143881,2.67274,2.63722
0.03,1,0.697963,0.204795,2.65371,2.67067
0.05,1,0.702431,0.214759,2.6458,2.67493
0.07,1,0.667059,0.185922,2.57596,2.6406
0.09,1,0.601384,0.125925,2.47794,2.57306
0.11,1,0.517854,0.0469483,2.36351,2.47864
0.13,1,0.431801,-0.0370673,2.25042,2.36855
0.15,1,0.357714,-0.111037,2.16145,2.25967
0.17,1,0.308725,-0.161876,2.17104,2.17798
0.19,1,0.29258,-0.181492,2.18091,2.14893
0.21,1,0.312756,-0.165431,2.26569,2.18506
0.23,1,0.363126,-0.119588,2.36757,2.26817
0.25,1,0.431729,-0.0546244,2.46454,2.36845
0.27,1,0.503734,0.0152894,2.57762,2.46157
0.29,1,0.565156,0.0764743,2.57265,2.5334
0.31,1,0.607478,0.12076,2.5676,2.57955
0.33,1,0.625948,0.142746,2.56214,2.59894
0.35,1,0.616444,0.13744,2.55637,2.58902
0.37,1,0.582885,0.10841,2.49894,2.55304
0.39,1,0.534061,0.0627327,2.4263,2.49781
0.41,1,0.476685,0.00784331,2.34872,2.42784
0.43,1,0.421241,-0.0471898,2.26804,2.35393
0.45,1,0.377061,-0.0918459,2.27375,2.28963
0.47,1,0.352216,-0.119216,2.27993,2.25094
0.49,1,0.351856,-0.122608,2.2865,2.25036
0.51,1,0.376946,-0.100999,2.34942,2.28945
0.53,1,0.419162,-0.0619957,2.41765,2.35102
0.55,1,0.468752,-0.0145595,2.47702,2.41767
0.57,1,0.514359,0.0304789,2.53951,2.47445
0.59,1,0.548654,0.0654621,2.53647,2.5147
0.61,1,0.569973,0.0888623,2.53273,2.53878
0.63,1,0.57329,0.0952675,2.52853,2.54247
0.65,1,0.55979,0.0849893,2.4568,2.52736
0.67,1,0.533175,0.0615097,2.45295,2.49677
0.69,1,0.496313,0.0268137,2.40089,2.45245
0.71,1,0.457876,-0.0108363,2.33833,2.40352
0.73,1,0.42326,-0.0453788,2.3409,2.35675
0.75,1,0.399054,-0.0716215,2.34392,2.32231
0.77,1,0.389014,-0.0837908,2.31857,2.30756
0.79,1,0.397206,-0.0786815,2.39339,2.31961
0.81,1,0.420647,-0.058114,2.39706,2.3531
0.83,1,0.452446,-0.0285514,2.47216,2.39637
0.85,1,0.485178,0.00299722,2.4702,2.43858
0.87,1,0.512977,0.0309008,2.46909,2.47278
0.89,1,0.532075,0.0514555,2.46812,2.49548
0.91,1,0.540837,0.0627452,2.46633,2.50569
0.93,1,0.53793,0.0624623,2.46339,2.50232
0.95,1,0.523812,0.0512932,2.42889,2.48574
0.97,1,0.502357,0.0319465,2.42614,2.45988
0.99,1,0.477104,0.0078672,2.3549,2.42837
