x,rho,E,F,T,Tr
0.01,1,0.589289,0.0933791,2.44051,2.56002
0.03,1,0.481241,0.0087811,2.29831,2.43362
0.05,1,0.388513,-0.0827241,2.1803,2.30682
0.07,1,0.316417,-0.155262,2.10467,2.19142
0.09,1,0.277287,-0.196661,2.11537,2.12028
0.11,1,0.277042,-0.200175,2.18629,2.11982
0.13,1,0.314653,-0.166541,2.29474,2.18836
0.15,1,0.380735,-0.104069,2.40869,2.29518
0.17,1,0.461038,-0.0267061,2.50646,2.40766
0.19,1,0.539339,0.0504685,2.57705,2.50396
0.21,1,0.601208,0.112832,2.62599,2.57287
0.23,1,0.636759,0.150655,2.62048,2.61009
0.25,1,0.64471,0.161943,2.55243,2.6182
0.27,1,0.623259,0.144541,2.54717,2.59614
0.29,1,0.576165,0.100845,2.47471,2.54565
0.31,1,0.515263,0.0430612,2.3896,2.47553
0.33,1,0.450193,-0.0209023,2.30399,2.39338
0.35,1,0.39135,-0.0790019,2.22453,2.31102
0.37,1,0.350543,-0.121219,2.23236,2.24826
0.39,1,0.333813,-0.139392,2.23925,2.22094
0.41,1,0.346355,-0.129776,2.29767,2.24152
0.43,1,0.382908,-0.0954092,2.37329,2.29845
0.45,1,0.434751,-0.0458818,2.44626,2.37258
0.47,1,0.489978,0.00825338,2.50532,2.44459
0.49,1,0.537716,0.05546,2.56139,2.50207
0.51,1,0.569929,0.0888381,2.55683,2.53873
0.53,1,0.585478,0.1057,2.55282,2.55587
0.55,1,0.582195,0.104892,2.48943,2.55228
0.57,1,0.561385,0.0859861,2.48644,2.52916
0.59,1,0.524821,0.0508185,2.43293,2.48693
0.61,1,0.482286,0.0096038,2.37352,2.43494
0.63,1,0.439738,-0.0326205,2.28569,2.37936
0.65,1,0.404707,-0.0674427,2.29121,2.33049
0.67,1,0.384162,-0.0894494,2.29546,2.30033
0.69,1,0.380884,-0.0938496,2.31994,2.29541
0.71,1,0.395721,-0.0797917,2.41434,2.31744
0.73,1,0.427316,-0.0500409,2.45992,2.36237
0.75,1,0.464199,-0.0134469,2.45935,2.41178
0.77,1,0.499338,0.0211795,2.51536,2.45618
0.79,1,0.526328,0.0487217,2.51132,2.48872
0.81,1,0.543565,0.0665282,2.48694,2.50885
0.83,1,0.54865,0.0724108,2.48381,2.51469
0.85,1,0.540994,0.06528,2.48194,2.50588
0.87,1,0.522558,0.0477767,2.41192,2.48425
0.89,1,0.496616,0.0218775,2.41216,2.45283
0.91,1,0.467507,-0.00704812,2.35417,2.41606
0.93,1,0.441085,-0.0338324,2.39116,2.38118
0.95,1,0.421128,-0.0540256,2.36346,2.35378
0.97,1,0.411474,-0.0639953,2.36707,2.34017
0.99,1,0.414782,-0.0608645,2.36908,2.34486
