x,rho,E,F,T,Tr
0.01,1,0.257937,-0.225103,2.08855,2.08228
0.03,1,0.25872,-0.21906,2.1678,2.08386
0.05,1,0.304668,-0.177998,2.29388,2.17079
0.07,1,0.380916,-0.10675,2.42124,2.29545
0.09,1,0.471402,-0.0199043,2.52849,2.42108
0.11,1,0.557714,0.064707,2.63244,2.52502
0.13,1,0.624382,0.131828,2.62593,2.59731
0.15,1,0.662392,0.173177,2.61957,2.63597
0.17,1,0.665594,0.180898,2.61307,2.63915
0.19,1,0.635451,0.156121,2.55278,2.60875
0.21,1,0.580447,0.105902,2.46902,2.55036
0.23,1,0.509971,0.0398041,2.37211,2.46915
0.25,1,0.436814,-0.0312543,2.27722,2.37539
0.27,1,0.373105,-0.0942321,2.20473,2.2836
0.29,1,0.330857,-0.137953,2.2118,2.21601
0.31,1,0.316859,-0.154692,2.21928,2.19219
0.33,1,0.334998,-0.140461,2.29019,2.22291
0.35,1,0.378858,-0.100282,2.37648,2.29235
0.37,1,0.438253,-0.0446388,2.45739,2.37735
0.39,1,0.499884,0.0149843,2.52105,2.45685
0.41,1,0.551949,0.0662899,2.57407,2.51847
0.43,1,0.586512,0.102346,2.57019,2.557
0.45,1,0.601516,0.119285,2.56589,2.5732
0.47,1,0.593655,0.11515,2.49119,2.56475
0.49,1,0.566644,0.0915934,2.48725,2.53506
0.51,1,0.523809,0.0526747,2.42554,2.48573
0.53,1,0.475274,0.00597392,2.35767,2.42604
0.55,1,0.427434,-0.0400072,2.26833,2.36254
0.57,1,0.389981,-0.0777785,2.27237,2.30899
0.59,1,0.368382,-0.100452,2.27643,2.27633
0.61,1,0.368562,-0.103024,2.35558,2.27661
0.63,1,0.389838,-0.0849677,2.36228,2.30878
0.65,1,0.426787,-0.0512472,2.4192,2.36164
0.67,1,0.469208,-0.0111556,2.49931,2.41826
0.69,1,0.508579,0.0264073,2.52078,2.46746
0.71,1,0.537735,0.0555815,2.49338,2.50209
0.73,1,0.555078,0.0740619,2.49141,2.52203
0.75,1,0.558216,0.0791853,2.48922,2.52559
0.77,1,0.547186,0.0708026,2.4863,2.51302
0.79,1,0.524523,0.0510893,2.40641,2.48658
0.81,1,0.49285,0.0223142,2.40442,2.44816
0.83,1,0.459186,-0.00968277,2.32732,2.40524
0.85,1,0.429603,-0.0381572,2.32931,2.36553
0.87,1,0.408491,-0.0599886,2.33113,2.33592
0.89,1,0.400169,-0.0697393,2.33379,2.32393
0.91,1,0.407267,-0.0650969,2.39695,2.33416
0.93,1,0.427136,-0.0480519,2.39967,2.36213
0.95,1,0.45501,-0.0229261,2.48613,2.39975
0.97,1,0.483089,0.0029601,2.46159,2.43595
0.99,1,0.506949,0.0257576,2.48181,2.46549
