x,rho,E,F,T,Tr
0.01,1,0.677405,0.157802,2.66234,2.65078
0.03,1,0.703718,0.211398,2.64327,2.67615
0.05,1,0.69961,0.213242,2.63534,2.67224
0.07,1,0.656826,0.176898,2.5586,2.63041
0.09,1,0.585833,0.111588,2.45561,2.55626
0.11,1,0.500128,0.029876,2.33927,2.45715
0.13,1,0.4149,-0.0535631,2.23137,2.34502
0.15,1,0.344653,-0.124081,2.17437,2.23876
0.17,1,0.301685,-0.169416,2.18399,2.16546
0.19,1,0.292849,-0.182024,2.1939,2.14943
0.21,1,0.320124,-0.159063,2.28522,2.19782
0.23,1,0.375509,-0.107931,2.38817,2.28727
0.25,1,0.446443,-0.040314,2.48071,2.38838
0.27,1,0.517498,0.0289465,2.568,2.47821
0.29,1,0.575668,0.0872248,2.56306,2.5451
0.31,1,0.614484,0.128236,2.55793,2.58696
0.33,1,0.627427,0.145119,2.5526,2.60047
0.35,1,0.612437,0.134468,2.5468,2.5848
0.37,1,0.574678,0.100732,2.48534,2.544
0.39,1,0.522933,0.0523533,2.41082,2.48469
0.41,1,0.464885,-0.00367106,2.33499,2.41267
0.43,1,0.410575,-0.0573746,2.27895,2.33889
0.45,1,0.369835,-0.0992172,2.2846,2.27858
0.47,1,0.349362,-0.122408,2.2905,2.24636
0.49,1,0.354211,-0.120732,2.29715,2.25412
0.51,1,0.383881,-0.0946444,2.36288,2.29991
0.53,1,0.428564,-0.0526829,2.43011,2.3641
0.55,1,0.47842,-0.00536878,2.53814,2.43004
0.57,1,0.52226,0.0379712,2.53502,2.48389
0.59,1,0.555097,0.0717781,2.53186,2.52205
0.61,1,0.573478,0.0926139,2.52831,2.54267
0.63,1,0.573444,0.0954109,2.52402,2.54264
0.65,1,0.555975,0.0817315,2.44648,2.52305
0.67,1,0.526607,0.0551381,2.44293,2.48905
0.69,1,0.488514,0.0192586,2.38968,2.44276
0.71,1,0.450325,-0.0183744,2.34718,2.39355
0.73,1,0.417416,-0.0513793,2.31467,2.34857
0.75,1,0.395137,-0.0755528,2.31841,2.31659
0.77,1,0.388665,-0.0844929,2.32324,2.30704
0.79,1,0.400242,-0.075809,2.40224,2.32403
0.81,1,0.42628,-0.0530524,2.40551,2.36094
0.83,1,0.459239,-0.0218197,2.46535,2.40531
0.85,1,0.491356,0.00882747,2.4634,2.4463
0.87,1,0.517662,0.035693,2.46247,2.47841
0.89,1,0.535615,0.0548226,2.4886,2.49962
0.91,1,0.542452,0.0642481,2.48614,2.50756
0.93,1,0.536785,0.0613075,2.48257,2.50099
0.95,1,0.520422,0.0479131,2.42228,2.48171
0.97,1,0.497709,0.0273945,2.41963,2.45417
0.99,1,0.471581,0.00247141,2.35943,2.42131
