x,rho,E,F,T,Tr
0.01,1,0.70307,0.183994,2.685,2.67554
0.03,1,0.71013,0.219909,2.66605,2.68223
0.05,1,0.687139,0.20335,2.60626,2.66025
0.07,1,0.62917,0.15184,2.51526,2.60228
0.09,1,0.548352,0.0763647,2.40266,2.51435
0.11,1,0.45983,-0.00910674,2.28464,2.40608
0.13,1,0.378573,-0.0892771,2.18711,2.29192
0.15,1,0.318659,-0.150468,2.14576,2.1953
0.17,1,0.290365,-0.181446,2.15545,2.14485
0.19,1,0.298693,-0.177114,2.229,2.16007
0.21,1,0.340487,-0.139789,2.33028,2.23196
0.23,1,0.405525,-0.0789217,2.43201,2.33166
0.25,1,0.479705,-0.00764634,2.5172,2.43167
0.27,1,0.547729,0.0593055,2.60972,2.51364
0.29,1,0.597747,0.110006,2.60501,2.56916
0.31,1,0.624019,0.139303,2.60009,2.59693
0.33,1,0.624788,0.143914,2.52755,2.59773
0.35,1,0.599892,0.123766,2.52219,2.57146
0.37,1,0.553398,0.0810102,2.45257,2.52012
0.39,1,0.496509,0.0276038,2.37438,2.45269
0.41,1,0.4379,-0.02946,2.30071,2.37687
0.43,1,0.387502,-0.0798421,2.25312,2.30531
0.45,1,0.354841,-0.113943,2.25861,2.25512
0.47,1,0.34587,-0.125869,2.26491,2.24073
0.49,1,0.363281,-0.111877,2.32334,2.26841
0.51,1,0.401254,-0.0774435,2.39308,2.3255
0.53,1,0.450591,-0.0310415,2.45947,2.39391
0.55,1,0.50004,0.0168243,2.54762,2.45704
0.57,1,0.540066,0.0562799,2.54464,2.5048
0.59,1,0.565608,0.0835353,2.54153,2.53391
0.61,1,0.575078,0.0953787,2.53779,2.54445
0.63,1,0.567692,0.0915064,2.51128,2.53624
0.65,1,0.545667,0.0723007,2.42217,2.51127
0.67,1,0.509567,0.0398869,2.41921,2.46866
0.69,1,0.470041,0.00186478,2.36537,2.41933
0.71,1,0.432178,-0.0353159,2.30177,2.36907
0.73,1,0.403131,-0.0647385,2.30441,2.32821
0.75,1,0.388248,-0.081906,2.30818,2.30642
0.77,1,0.390313,-0.0824608,2.3354,2.30948
0.79,1,0.408281,-0.0673664,2.42298,2.33562
0.81,1,0.439838,-0.039091,2.42468,2.37949
0.83,1,0.473939,-0.00661053,2.48098,2.42433
0.85,1,0.504619,0.0227754,2.47903,2.46265
0.87,1,0.527183,0.0460431,2.47775,2.48973
0.89,1,0.540073,0.0602675,2.47641,2.50481
0.91,1,0.541169,0.0638545,2.47422,2.50608
0.93,1,0.530588,0.0564064,2.47106,2.49374
0.95,1,0.511083,0.0395739,2.43818,2.4705
0.97,1,0.485725,0.0165077,2.36798,2.43927
0.99,1,0.458988,-0.00887015,2.37004,2.40498
