x,rho,E,F,T,Tr
0.01,1,0.2927,-0.187961,2.09204,2.14915
0.03,1,0.255824,-0.217422,2.09443,2.07801
0.05,1,0.266611,-0.211183,2.18792,2.09957
0.07,1,0.316147,-0.166595,2.31276,2.19096
0.09,1,0.393403,-0.0939784,2.43547,2.31404
0.11,1,0.482136,-0.00829237,2.53621,2.43475
0.13,1,0.564548,0.0729734,2.62169,2.53272
0.15,1,0.626068,0.135703,2.61529,2.59906
0.17,1,0.659306,0.172358,2.60875,2.63289
0.19,1,0.657945,0.175986,2.60217,2.63153
0.21,1,0.624974,0.148134,2.53966,2.59793
0.23,1,0.568759,0.0968858,2.45554,2.53743
0.25,1,0.499361,0.0309177,2.36,2.45621
0.27,1,0.428465,-0.0381823,2.27059,2.36396
0.29,1,0.368409,-0.0981621,2.21516,2.27638
0.31,1,0.330299,-0.138155,2.22268,2.21507
0.33,1,0.320511,-0.151218,2.23051,2.19848
0.35,1,0.341851,-0.133662,2.30317,2.23419
0.37,1,0.38754,-0.0919828,2.38792,2.30537
0.39,1,0.446602,-0.0360139,2.4672,2.38859
0.41,1,0.505784,0.02148,2.57209,2.46407
0.43,1,0.553913,0.0694172,2.56811,2.5207
0.45,1,0.586232,0.103665,2.56397,2.55669
0.47,1,0.597953,0.118186,2.55934,2.56938
0.49,1,0.587268,0.111416,2.48167,2.55782
0.51,1,0.558221,0.0861591,2.47729,2.52559
0.53,1,0.515554,0.0470129,2.4158,2.47588
0.55,1,0.468171,0.00084027,2.35243,2.41692
0.57,1,0.422469,-0.0436627,2.30056,2.35565
0.59,1,0.387953,-0.0796486,2.27628,2.30598
0.61,1,0.369184,-0.0998717,2.28143,2.27757
0.63,1,0.372133,-0.100121,2.3661,2.28211
0.65,1,0.395702,-0.0800895,2.37048,2.31741
0.67,1,0.43267,-0.0457677,2.42527,2.36974
0.69,1,0.473931,-0.0065719,2.49155,2.42432
0.71,1,0.511134,0.0297847,2.48897,2.47056
0.73,1,0.538069,0.0574468,2.48714,2.50248
0.75,1,0.553344,0.0747047,2.48497,2.52006
0.77,1,0.554221,0.0783693,2.48208,2.52105
0.79,1,0.541109,0.0682968,2.47828,2.50601
0.81,1,0.517612,0.0476988,2.39822,2.47835
0.83,1,0.486819,0.0190749,2.39604,2.44064
0.85,1,0.454206,-0.0125419,2.32961,2.39869
0.87,1,0.426552,-0.0401866,2.33129,2.36132
0.89,1,0.407711,-0.0606641,2.33384,2.3348
0.91,1,0.401674,-0.0688942,2.33775,2.32611
0.93,1,0.410696,-0.0629309,2.40116,2.33906
0.95,1,0.431257,-0.0452726,2.4045,2.3678
0.97,1,0.458931,-0.019964,2.48043,2.40491
0.99,1,0.485594,0.00528603,2.47895,2.4391
