x,rho,E,F,T,Tr
0.01,1,0.257698,-0.227256,2.17223,2.0818
0.03,1,0.301146,-0.178839,2.29295,2.16449
0.05,1,0.379946,-0.104756,2.42357,2.29399
0.07,1,0.472937,-0.0153424,2.53262,2.42305
0.09,1,0.561342,0.0713507,2.63428,2.52911
0.11,1,0.629093,0.139667,2.62726,2.6022
0.13,1,0.66718,0.180773,2.62071,2.64072
0.15,1,0.669048,0.187195,2.6143,2.64257
0.17,1,0.636834,0.16018,2.55114,2.61017
0.19,1,0.579147,0.10744,2.46415,2.54893
0.21,1,0.506461,0.0384872,2.36378,2.46489
0.23,1,0.431071,-0.0343551,2.267,2.36755
0.25,1,0.366372,-0.0985348,2.19695,2.27322
0.27,1,0.323718,-0.141986,2.2045,2.20396
0.29,1,0.310578,-0.157857,2.21173,2.18124
0.31,1,0.329921,-0.141598,2.28629,2.21444
0.33,1,0.375646,-0.0993557,2.37525,2.28747
0.35,1,0.436835,-0.0413736,2.45908,2.37542
0.37,1,0.499829,0.019358,2.5527,2.45678
0.39,1,0.552378,0.0709653,2.5744,2.51896
0.41,1,0.588526,0.108006,2.57022,2.55919
0.43,1,0.603369,0.124916,2.56621,2.57518
0.45,1,0.594337,0.119016,2.48735,2.56549
0.47,1,0.565145,0.0931328,2.48375,2.53339
0.49,1,0.521516,0.0525817,2.4199,2.48301
0.51,1,0.471099,0.00470393,2.35234,2.42069
0.53,1,0.422309,-0.0425644,2.28765,2.35542
0.55,1,0.383984,-0.0807437,2.29268,2.30006
0.57,1,0.361946,-0.103071,2.29668,2.26633
0.59,1,0.362534,-0.104871,2.35251,2.26725
0.61,1,0.385328,-0.0845086,2.35568,2.30207
0.63,1,0.423151,-0.0496055,2.46648,2.3566
0.65,1,0.466717,-0.00811728,2.46704,2.41504
0.67,1,0.507099,0.030486,2.49246,2.46567
0.69,1,0.536845,0.0596647,2.51538,2.50106
0.71,1,0.554691,0.0780687,2.48662,2.52159
0.73,1,0.557521,0.0822632,2.48483,2.5248
0.75,1,0.54565,0.0723694,2.48267,2.51125
0.77,1,0.522406,0.0512629,2.39994,2.48407
0.79,1,0.489743,0.0212977,2.39897,2.44429
0.81,1,0.455256,-0.0115713,2.32015,2.40008
0.83,1,0.424695,-0.0405272,2.32351,2.35874
0.85,1,0.402944,-0.0620763,2.32563,2.32794
0.87,1,0.394364,-0.0712123,2.32732,2.31545
0.89,1,0.401636,-0.0652857,2.39328,2.32605
0.91,1,0.422066,-0.0469676,2.3947,2.35508
0.93,1,0.450522,-0.0206652,2.46188,2.39382
0.95,1,0.479383,0.00602827,2.45817,2.43126
0.97,1,0.5041,0.0291787,2.47751,2.46202
0.99,1,0.521585,0.0458067,2.47604,2.48309
