x,rho,E,F,T,Tr
0.01,1,0.703089,0.196216,2.61037,2.67556
0.03,1,0.623293,0.145761,2.49707,2.59618
0.05,1,0.53386,0.061494,2.37457,2.49757
0.07,1,0.440011,-0.0296644,2.24826,2.37973
0.09,1,0.35742,-0.11108,2.12962,2.25921
0.11,1,0.300653,-0.168983,2.13999,2.16361
0.13,1,0.278267,-0.19389,2.14957,2.12215
0.15,1,0.294626,-0.181207,2.23675,2.15268
0.17,1,0.344426,-0.135449,2.34641,2.23839
0.19,1,0.416045,-0.0674707,2.45117,2.34664
0.21,1,0.494379,0.00819937,2.5343,2.45006
0.23,1,0.563707,0.0765099,2.58896,2.53177
0.25,1,0.613032,0.126623,2.58289,2.58543
0.27,1,0.637372,0.153314,2.57751,2.61072
0.29,1,0.631211,0.150829,2.57254,2.60438
0.31,1,0.59837,0.121811,2.51379,2.56983
0.33,1,0.547004,0.0742203,2.43752,2.51281
0.35,1,0.48543,0.0153974,2.35174,2.43889
0.37,1,0.424109,-0.0443416,2.24668,2.35793
0.39,1,0.373759,-0.0941243,2.2537,2.2846
0.41,1,0.343479,-0.125574,2.2598,2.23685
0.43,1,0.338832,-0.13183,2.26524,2.22924
0.45,1,0.36233,-0.111543,2.3306,2.26693
0.47,1,0.405293,-0.0710174,2.40471,2.33133
0.49,1,0.45867,-0.0206586,2.47077,2.40457
0.51,1,0.509189,0.0288873,2.54923,2.4682
0.53,1,0.548993,0.0677056,2.545,2.51509
0.55,1,0.574752,0.0944176,2.54144,2.54409
0.57,1,0.581898,0.102868,2.53849,2.55196
0.59,1,0.569993,0.093415,2.4647,2.5388
0.61,1,0.543146,0.0690207,2.46241,2.50836
0.63,1,0.504534,0.0323934,2.40811,2.46255
0.65,1,0.462206,-0.00779798,2.35375,2.40919
0.67,1,0.423189,-0.0457778,2.29771,2.35665
0.69,1,0.39428,-0.0742106,2.33236,2.31533
0.71,1,0.380468,-0.0887852,2.33535,2.29478
0.73,1,0.385866,-0.0846642,2.33792,2.30288
0.75,1,0.408419,-0.0636201,2.42986,2.33581
0.77,1,0.441936,-0.0324546,2.48208,2.38233
0.79,1,0.478129,0.00199253,2.47828,2.42967
0.81,1,0.509602,0.0321673,2.4742,2.46871
0.83,1,0.532373,0.0544314,2.47098,2.49583
0.85,1,0.544693,0.0667106,2.46898,2.51015
0.87,1,0.544214,0.0669381,2.46789,2.5096
0.89,1,0.531361,0.0552102,2.46691,2.49465
0.91,1,0.509742,0.0350504,2.39635,2.46888
0.93,1,0.482536,0.0096125,2.39635,2.43525
0.95,1,0.453644,-0.0177605,2.34717,2.39795
0.97,1,0.430004,-0.0400911,2.35054,2.36608
0.99,1,0.413987,-0.0554112,2.35219,2.34373
