x,rho,E,F,T,Tr
0.01,1,0.703047,0.195449,2.60998,2.67552
0.03,1,0.622959,0.144694,2.49648,2.59583
0.05,1,0.533394,0.0602571,2.37393,2.49703
0.07,1,0.439581,-0.0309124,2.24796,2.37915
0.09,1,0.357175,-0.112178,2.13106,2.25882
0.11,1,0.300707,-0.169801,2.14147,2.1637
0.13,1,0.278699,-0.19435,2.15106,2.12298
0.15,1,0.295432,-0.181293,2.23855,2.15415
0.17,1,0.345532,-0.13524,2.3482,2.24018
0.19,1,0.41732,-0.0670988,2.45275,2.34844
0.21,1,0.495669,0.00858046,2.53558,2.45165
0.23,1,0.564886,0.0767858,2.58913,2.5331
0.25,1,0.614033,0.126726,2.58307,2.58648
0.27,1,0.638108,0.153157,2.57771,2.61147
0.29,1,0.631675,0.150391,2.57277,2.60486
0.31,1,0.598602,0.121131,2.51386,2.57008
0.33,1,0.547093,0.0733734,2.43754,2.51291
0.35,1,0.48547,0.014483,2.35195,2.43895
0.37,1,0.424215,-0.0452176,2.24832,2.35808
0.39,1,0.374027,-0.0948628,2.25534,2.285
0.41,1,0.343986,-0.126094,2.26145,2.23767
0.43,1,0.339625,-0.132075,2.26689,2.23055
0.45,1,0.363387,-0.111534,2.33235,2.26858
0.47,1,0.406518,-0.0708447,2.40638,2.33309
0.49,1,0.459897,-0.0203814,2.47223,2.40617
0.51,1,0.510451,0.0290345,2.54988,2.46973
0.53,1,0.550087,0.0677813,2.54567,2.51634
0.55,1,0.575714,0.0943154,2.54216,2.54515
0.57,1,0.582645,0.102671,2.53919,2.55277
0.59,1,0.570737,0.0928801,2.4652,2.53963
0.61,1,0.543623,0.068476,2.46306,2.50891
0.63,1,0.504855,0.0318626,2.40865,2.46294
0.65,1,0.462613,-0.00836718,2.35437,2.40972
0.67,1,0.423743,-0.0463488,2.33002,2.35742
0.69,1,0.39495,-0.0746977,2.33414,2.31631
0.71,1,0.381266,-0.0891124,2.3372,2.29598
0.73,1,0.386856,-0.0847948,2.33976,2.30435
0.75,1,0.409713,-0.0634629,2.43144,2.33766
0.77,1,0.44312,-0.0323884,2.48281,2.38392
0.79,1,0.479379,0.00212682,2.47897,2.43126
0.81,1,0.510788,0.0322514,2.475,2.47014
0.83,1,0.533466,0.0544232,2.47179,2.49711
0.85,1,0.545672,0.066595,2.46979,2.51128
0.87,1,0.545087,0.0667099,2.46871,2.5106
0.89,1,0.532123,0.0548693,2.46774,2.49554
0.91,1,0.510433,0.0346256,2.39725,2.46971
0.93,1,0.483186,0.00913847,2.39728,2.43607
0.95,1,0.454322,-0.0182188,2.34884,2.39885
0.97,1,0.430786,-0.0404576,2.35221,2.36716
0.99,1,0.414899,-0.0556533,2.35385,2.34502
