x,rho,E,F,T,Tr
0.01,1,0.73021,0.214313,2.68096,2.70099
0.03,1,0.691243,0.20599,2.60571,2.66421
0.05,1,0.629041,0.150064,2.51009,2.60214
0.07,1,0.544274,0.0707378,2.39327,2.50967
0.09,1,0.452913,-0.0174543,2.26822,2.39698
0.11,1,0.37051,-0.0986023,2.13292,2.27961
0.13,1,0.311168,-0.158685,2.14242,2.18228
0.15,1,0.284963,-0.187703,2.1517,2.13481
0.17,1,0.296248,-0.180055,2.2311,2.15564
0.19,1,0.34147,-0.139419,2.33611,2.23357
0.21,1,0.409351,-0.0753957,2.43983,2.33714
0.23,1,0.485867,-0.00223543,2.52411,2.43944
0.25,1,0.55473,0.0656166,2.59086,2.52163
0.27,1,0.605219,0.116561,2.58543,2.57715
0.29,1,0.631752,0.145893,2.58039,2.60494
0.31,1,0.629523,0.147085,2.57519,2.60264
0.33,1,0.600402,0.122403,2.52097,2.57201
0.35,1,0.552565,0.0785575,2.44856,2.51917
0.37,1,0.493445,0.0227153,2.36794,2.4489
0.39,1,0.4333,-0.0356453,2.24756,2.3706
0.41,1,0.382208,-0.0858784,2.25352,2.2974
0.43,1,0.350416,-0.119365,2.25907,2.24806
0.45,1,0.342764,-0.129051,2.26487,2.23568
0.47,1,0.362582,-0.112539,2.326,2.26732
0.49,1,0.402783,-0.0756637,2.39784,2.32771
0.51,1,0.454019,-0.0274375,2.46479,2.39845
0.53,1,0.50462,0.0212763,2.54951,2.46265
0.55,1,0.544967,0.0607562,2.54617,2.51046
0.57,1,0.570592,0.087582,2.54321,2.53947
0.59,1,0.579361,0.0980401,2.54001,2.54917
0.61,1,0.5707,0.092136,2.47214,2.53959
0.63,1,0.546648,0.0712933,2.4692,2.5124
0.65,1,0.509129,0.0365712,2.41654,2.46813
0.67,1,0.468063,-0.00211869,2.36236,2.41678
0.69,1,0.429379,-0.0397178,2.32736,2.36522
0.71,1,0.400061,-0.0688113,2.33058,2.32377
0.73,1,0.385044,-0.0850314,2.33343,2.30165
0.75,1,0.38843,-0.0837432,2.33669,2.30669
0.77,1,0.408542,-0.0660912,2.42604,2.33599
0.79,1,0.440898,-0.0369214,2.42789,2.38093
0.81,1,0.476591,-0.00317872,2.48159,2.42772
0.83,1,0.507623,0.0261144,2.47839,2.46631
0.85,1,0.530844,0.0489812,2.47624,2.49404
0.87,1,0.543662,0.0623603,2.47505,2.50896
0.89,1,0.544494,0.064489,2.47395,2.50992
0.91,1,0.533141,0.0555852,2.47207,2.49673
0.93,1,0.512604,0.0374035,2.43855,2.47233
0.95,1,0.48604,0.013396,2.36885,2.43966
0.97,1,0.457916,-0.0125518,2.34988,2.40358
0.99,1,0.43413,-0.0352387,2.35139,2.37174
