x,rho,E,F,T,Tr
0.01,1,0.465277,-0.0185517,2.27149,2.41318
0.03,1,0.364977,-0.102034,2.14745,2.27106
0.05,1,0.297474,-0.170754,2.09859,2.15786
0.07,1,0.265734,-0.205465,2.1103,2.09784
0.09,1,0.274439,-0.200621,2.1963,2.11482
0.11,1,0.320539,-0.158891,2.31324,2.19853
0.13,1,0.393205,-0.0900662,2.42971,2.31375
0.15,1,0.47708,-0.0086839,2.52595,2.42834
0.17,1,0.55486,0.0686896,2.6116,2.52178
0.19,1,0.613435,0.128363,2.60496,2.58585
0.21,1,0.645456,0.163916,2.59809,2.61896
0.23,1,0.645525,0.168101,2.59162,2.61903
0.25,1,0.61542,0.142662,2.53321,2.58794
0.27,1,0.563668,0.0945618,2.45388,2.53173
0.29,1,0.498665,0.0324025,2.36407,2.45535
0.31,1,0.431908,-0.0335556,2.279,2.3687
0.33,1,0.374446,-0.0911318,2.22193,2.28564
0.35,1,0.337468,-0.130137,2.23021,2.227
0.37,1,0.326631,-0.143239,2.23803,2.2089
0.39,1,0.345779,-0.127288,2.30504,2.24058
0.41,1,0.388,-0.0878355,2.38473,2.30605
0.43,1,0.443415,-0.0348134,2.46029,2.38432
0.45,1,0.499162,0.0207173,2.56304,2.45596
0.47,1,0.54542,0.0668216,2.55847,2.51099
0.49,1,0.575134,0.0990207,2.55342,2.54451
0.51,1,0.586882,0.112663,2.54862,2.5574
0.53,1,0.578026,0.107282,2.47578,2.5477
0.55,1,0.552534,0.0841172,2.47215,2.51913
0.57,1,0.51261,0.0462645,2.41442,2.47234
0.59,1,0.468123,0.00224435,2.35312,2.41686
0.61,1,0.425079,-0.0406552,2.27587,2.35928
0.63,1,0.392075,-0.0749774,2.28167,2.31209
0.65,1,0.373947,-0.0947822,2.28732,2.28488
0.67,1,0.375639,-0.0950199,2.36342,2.28746
0.69,1,0.396228,-0.0768838,2.41938,2.31818
0.71,1,0.430737,-0.0439275,2.42107,2.36709
0.73,1,0.469269,-0.00576414,2.48774,2.41834
0.75,1,0.503663,0.0289695,2.48551,2.46148
0.77,1,0.5292,0.0559612,2.48254,2.49211
0.79,1,0.543819,0.0724271,2.47867,2.50914
0.81,1,0.545613,0.0761012,2.47465,2.51121
0.83,1,0.534611,0.0666585,2.47136,2.49845
0.85,1,0.513485,0.0465614,2.39504,2.47339
0.87,1,0.485246,0.0187997,2.39482,2.43866
0.89,1,0.455039,-0.0121529,2.32768,2.39979
0.91,1,0.429211,-0.0388187,2.33162,2.36499
0.93,1,0.411011,-0.0587726,2.3365,2.33951
0.95,1,0.404629,-0.0666292,2.34104,2.33037
0.97,1,0.411976,-0.060837,2.40028,2.34088
0.99,1,0.430062,-0.0437042,2.40221,2.36616
