x,rho,E,F,T,Tr
0.01,1,0.444911,-0.0635197,2.51336,2.38633
0.03,1,0.535943,0.041276,2.59693,2.50001
0.05,1,0.619256,0.12519,2.67276,2.59196
0.07,1,0.672616,0.181272,2.66621,2.64608
0.09,1,0.689575,0.202437,2.64683,2.66261
0.11,1,0.668639,0.186796,2.59041,2.64216
0.13,1,0.615088,0.138238,2.506,2.58759
0.15,1,0.541303,0.0685136,2.40257,2.50623
0.17,1,0.460252,-0.0104766,2.29511,2.40664
0.19,1,0.385503,-0.084544,2.16224,2.30233
0.21,1,0.330123,-0.140853,2.17192,2.21478
0.23,1,0.304229,-0.169088,2.18095,2.17001
0.25,1,0.312459,-0.16409,2.24841,2.18454
0.27,1,0.351658,-0.128242,2.34094,2.25005
0.29,1,0.412051,-0.0709149,2.43386,2.34099
0.31,1,0.48018,-0.00441147,2.51165,2.43227
0.33,1,0.542346,0.05716,2.59585,2.50744
0.35,1,0.5873,0.103266,2.59046,2.55786
0.37,1,0.610888,0.129067,2.58543,2.58316
0.39,1,0.611653,0.132734,2.51701,2.58397
0.41,1,0.589132,0.113551,2.51278,2.55985
0.43,1,0.546296,0.0733269,2.44879,2.51199
0.45,1,0.494714,0.0233167,2.37725,2.45047
0.47,1,0.441015,-0.029585,2.31026,2.38108
0.49,1,0.394981,-0.0761842,2.25282,2.31636
0.51,1,0.365392,-0.106804,2.25872,2.2717
0.53,1,0.357528,-0.116973,2.33013,2.25938
0.55,1,0.37252,-0.103794,2.33497,2.2827
0.57,1,0.407816,-0.0704952,2.39803,2.33495
0.59,1,0.452957,-0.0267612,2.4582,2.39704
0.61,1,0.497786,0.0178205,2.53981,2.45427
0.63,1,0.533816,0.0540503,2.51426,2.49752
0.65,1,0.557178,0.0788393,2.50993,2.52441
0.67,1,0.566141,0.0894764,2.50571,2.5345
0.69,1,0.559471,0.0846823,2.50224,2.527
0.71,1,0.539431,0.0654436,2.41695,2.50406
0.73,1,0.507581,0.0350824,2.37014,2.46625
0.75,1,0.471738,-0.00072813,2.37142,2.42151
0.77,1,0.43765,-0.0352298,2.31274,2.37653
0.79,1,0.411343,-0.0621463,2.31788,2.33998
0.81,1,0.397444,-0.0774706,2.34309,2.31996
0.83,1,0.398641,-0.0771538,2.34697,2.3217
0.85,1,0.414849,-0.0619897,2.42584,2.34495
0.87,1,0.442525,-0.0347799,2.42627,2.38312
0.89,1,0.473101,-0.00407028,2.47935,2.42326
0.91,1,0.500634,0.0238809,2.4773,2.45777
0.93,1,0.521073,0.0453011,2.50046,2.48248
0.95,1,0.532912,0.0578675,2.49719,2.49646
0.97,1,0.534393,0.0603081,2.4385,2.4982
0.99,1,0.525901,0.0523591,2.46517,2.48821
