x,rho,E,F,T,Tr
0.01,1,0.482403,-0.027881,2.55411,2.43508
0.03,1,0.569866,0.0756861,2.654,2.53866
0.05,1,0.644366,0.151307,2.64607,2.61785
0.07,1,0.685561,0.196418,2.63826,2.65872
0.09,1,0.687728,0.203621,2.63078,2.66082
0.11,1,0.652746,0.174208,2.56269,2.62632
0.13,1,0.589945,0.116152,2.46867,2.56073
0.15,1,0.510891,0.0406526,2.36016,2.47026
0.17,1,0.429712,-0.0390004,2.25501,2.36568
0.19,1,0.360274,-0.108664,2.17832,2.2637
0.21,1,0.314959,-0.155752,2.1882,2.18889
0.23,1,0.301008,-0.172705,2.19759,2.16424
0.25,1,0.321743,-0.155289,2.2788,2.20059
0.27,1,0.370723,-0.109839,2.37512,2.27994
0.29,1,0.436183,-0.0468399,2.46552,2.37454
0.31,1,0.503941,0.0195258,2.56736,2.46182
0.33,1,0.560621,0.0766928,2.56187,2.5283
0.35,1,0.599872,0.117444,2.55612,2.57144
0.37,1,0.61616,0.136847,2.5503,2.58872
0.39,1,0.606352,0.13,2.54522,2.57835
0.41,1,0.573935,0.101051,2.49015,2.54318
0.43,1,0.527475,0.0568808,2.4211,2.49007
0.45,1,0.473392,0.00422532,2.34847,2.42363
0.47,1,0.421288,-0.0478045,2.27718,2.354
0.49,1,0.380232,-0.089512,2.2837,2.29442
0.51,1,0.357363,-0.114365,2.29039,2.25912
0.53,1,0.357976,-0.11612,2.29627,2.26009
0.55,1,0.382387,-0.0938406,2.35604,2.29767
0.57,1,0.42254,-0.0554696,2.41983,2.35575
0.59,1,0.469219,-0.00977848,2.47473,2.41827
0.61,1,0.511865,0.0327064,2.53179,2.47144
0.63,1,0.543282,0.0654451,2.5274,2.50852
0.65,1,0.562817,0.0864648,2.52299,2.53077
0.67,1,0.565514,0.091249,2.4913,2.5338
0.69,1,0.552392,0.0801496,2.48795,2.51897
0.71,1,0.527645,0.0565189,2.39884,2.49027
0.73,1,0.493247,0.0231381,2.39864,2.44865
0.75,1,0.457083,-0.0134096,2.34096,2.40248
0.77,1,0.424815,-0.046059,2.31609,2.35891
0.79,1,0.402237,-0.0701829,2.32138,2.32692
0.81,1,0.393248,-0.0804177,2.32615,2.31381
0.83,1,0.401288,-0.0740687,2.3976,2.32555
0.85,1,0.42305,-0.0533698,2.39963,2.35646
0.87,1,0.452754,-0.0239019,2.46789,2.39677
0.89,1,0.482821,0.00621864,2.46691,2.43561
0.91,1,0.508311,0.0329652,2.46509,2.46714
0.93,1,0.526186,0.0519545,2.46212,2.48855
0.95,1,0.534421,0.0616907,2.48148,2.49823
0.97,1,0.531726,0.0599369,2.47858,2.49507
0.99,1,0.518925,0.0477807,2.42292,2.47992
