x,rho,E,F,T,Tr
0.01,1,0.38024,-0.102843,2.16283,2.29444
0.03,1,0.301219,-0.169655,2.08652,2.16462
0.05,1,0.264536,-0.209388,2.09856,2.09548
0.07,1,0.2689,-0.209209,2.18093,2.10407
0.09,1,0.312144,-0.170709,2.29909,2.18399
0.11,1,0.384162,-0.103046,2.41967,2.30033
0.13,1,0.46974,-0.0205104,2.52169,2.41894
0.15,1,0.551192,0.0600237,2.62337,2.5176
0.17,1,0.614157,0.123947,2.61696,2.58661
0.19,1,0.650366,0.163623,2.61026,2.62392
0.21,1,0.654088,0.171765,2.60359,2.62767
0.23,1,0.626276,0.14916,2.5468,2.59928
0.25,1,0.575268,0.102165,2.46766,2.54466
0.27,1,0.509289,0.0398288,2.37639,2.46833
0.29,1,0.440509,-0.0278943,2.28673,2.3804
0.31,1,0.379935,-0.0882514,2.21487,2.29398
0.33,1,0.339615,-0.130877,2.22282,2.23053
0.35,1,0.325565,-0.147604,2.23108,2.20709
0.37,1,0.342157,-0.134747,2.29711,2.23469
0.39,1,0.383302,-0.0968913,2.37845,2.29904
0.41,1,0.439233,-0.0438753,2.45525,2.37868
0.43,1,0.49734,0.0132588,2.5157,2.45372
0.45,1,0.546505,0.0623147,2.56768,2.51223
0.47,1,0.578528,0.0965095,2.56311,2.54825
0.49,1,0.592274,0.112913,2.55826,2.56326
0.51,1,0.586073,0.110504,2.48798,2.55652
0.53,1,0.561862,0.0893393,2.4835,2.5297
0.55,1,0.521293,0.0515265,2.42514,2.48274
0.57,1,0.475922,0.00703809,2.36147,2.42686
0.59,1,0.431258,-0.0374463,2.27517,2.3678
0.61,1,0.395733,-0.0738479,2.28038,2.31746
0.63,1,0.375802,-0.0962288,2.28587,2.28771
0.65,1,0.375427,-0.0990099,2.35938,2.28714
0.67,1,0.394702,-0.0826903,2.36421,2.31595
0.69,1,0.429305,-0.0501722,2.42019,2.36512
0.71,1,0.46909,-0.0117313,2.49662,2.41811
0.73,1,0.505309,0.024213,2.51796,2.46349
0.75,1,0.532751,0.0529518,2.51518,2.49628
0.77,1,0.5489,0.0711724,2.48913,2.51498
0.79,1,0.551745,0.0768468,2.48526,2.51823
0.81,1,0.541603,0.0690955,2.48129,2.50658
0.83,1,0.520665,0.0502424,2.40589,2.482
0.85,1,0.491765,0.0226295,2.40301,2.44681
0.87,1,0.460739,-0.00851388,2.32941,2.40727
0.89,1,0.433375,-0.0367462,2.3321,2.3707
0.91,1,0.413962,-0.0579597,2.3361,2.3437
0.93,1,0.406507,-0.0678178,2.34085,2.33307
0.95,1,0.41295,-0.0639993,2.36708,2.34226
0.97,1,0.430849,-0.0479477,2.40409,2.36724
0.99,1,0.456727,-0.023322,2.48338,2.40202
