x,rho,E,F,T,Tr
0.01,1,0.476001,-0.0349727,2.54801,2.42696
0.03,1,0.564374,0.0689441,2.65787,2.53252
0.05,1,0.640593,0.146131,2.64986,2.61401
0.07,1,0.684285,0.193505,2.64213,2.65748
0.09,1,0.689141,0.203284,2.63469,2.66219
0.11,1,0.656638,0.176197,2.56887,2.63023
0.13,1,0.595497,0.119956,2.47669,2.56674
0.15,1,0.517336,0.0453438,2.36894,2.47802
0.17,1,0.435959,-0.0343061,2.26265,2.37423
0.19,1,0.365336,-0.104845,2.17614,2.27161
0.21,1,0.318113,-0.153594,2.18603,2.19435
0.23,1,0.302048,-0.172844,2.19514,2.16611
0.25,1,0.320493,-0.15764,2.27423,2.19845
0.27,1,0.367883,-0.11392,2.36996,2.27556
0.29,1,0.432445,-0.0516769,2.46154,2.36943
0.31,1,0.500598,0.0147086,2.57127,2.45773
0.33,1,0.55829,0.0726455,2.56583,2.52567
0.35,1,0.598611,0.114573,2.56003,2.57009
0.37,1,0.616557,0.135488,2.55443,2.58914
0.39,1,0.608403,0.130448,2.54927,2.58053
0.41,1,0.577538,0.102816,2.49547,2.54716
0.43,1,0.531994,0.0596158,2.42741,2.49539
0.45,1,0.478202,0.00736569,2.35441,2.42977
0.47,1,0.425795,-0.0449427,2.27552,2.36027
0.49,1,0.383839,-0.0875301,2.28227,2.29985
0.51,1,0.359696,-0.113696,2.28899,2.2628
0.53,1,0.35863,-0.116991,2.29504,2.26112
0.55,1,0.38163,-0.0962205,2.35357,2.29653
0.57,1,0.420827,-0.0587182,2.4174,2.35335
0.59,1,0.467313,-0.0132324,2.47327,2.41581
0.61,1,0.510633,0.0297352,2.53461,2.46995
0.63,1,0.542869,0.0632396,2.53024,2.50804
0.65,1,0.563,0.0846801,2.52591,2.53098
0.67,1,0.566884,0.0903459,2.4955,2.53533
0.69,1,0.555125,0.0806389,2.45403,2.52208
0.71,1,0.531248,0.0581421,2.40364,2.49451
0.73,1,0.496876,0.0248912,2.40339,2.45315
0.75,1,0.460835,-0.0114928,2.34048,2.4074
0.77,1,0.428225,-0.0444206,2.34457,2.36363
0.79,1,0.405006,-0.0691118,2.32241,2.33092
0.81,1,0.395082,-0.0803242,2.32702,2.31651
0.83,1,0.401863,-0.0749387,2.39691,2.32638
0.85,1,0.422721,-0.0551582,2.39892,2.356
0.87,1,0.452185,-0.0260963,2.47211,2.39602
0.89,1,0.482395,0.00433784,2.47096,2.43507
0.91,1,0.508177,0.0310734,2.46914,2.46698
0.93,1,0.526587,0.0504437,2.48857,2.48902
0.95,1,0.535304,0.0607649,2.46234,2.49926
0.97,1,0.53347,0.0598685,2.48174,2.49712
0.99,1,0.521583,0.0485286,2.42688,2.48309
