x,rho,E,F,T,Tr
0.01,1,0.692288,0.185854,2.59137,2.66522
0.03,1,0.606072,0.128471,2.47204,2.57806
0.05,1,0.513579,0.0407364,2.34687,2.47351
0.07,1,0.420353,-0.050035,2.22587,2.35269
0.09,1,0.342135,-0.127817,2.14526,2.23466
0.11,1,0.292181,-0.179171,2.15542,2.1482
0.13,1,0.278299,-0.195988,2.16506,2.12221
0.15,1,0.302931,-0.174993,2.2607,2.16769
0.17,1,0.359198,-0.122912,2.37185,2.26201
0.19,1,0.434242,-0.0513641,2.47464,2.37189
0.21,1,0.512002,0.0241002,2.5857,2.47161
0.23,1,0.577799,0.0891003,2.5792,2.54745
0.25,1,0.622911,0.135579,2.57331,2.59578
0.27,1,0.640873,0.156181,2.568,2.61429
0.29,1,0.628145,0.147311,2.56306,2.60122
0.31,1,0.589895,0.112817,2.49942,2.56068
0.33,1,0.535087,0.061566,2.42031,2.49901
0.35,1,0.472346,0.00116884,2.33662,2.42229
0.37,1,0.412374,-0.0575044,2.26079,2.34145
0.39,1,0.365741,-0.103739,2.26774,2.27224
0.41,1,0.340463,-0.130391,2.27383,2.23192
0.43,1,0.342275,-0.130992,2.27895,2.23488
0.45,1,0.371039,-0.104935,2.34862,2.28043
0.47,1,0.41768,-0.0610941,2.42306,2.34894
0.49,1,0.471109,-0.00972237,2.4835,2.4207
0.51,1,0.519999,0.0378266,2.54637,2.4812
0.53,1,0.557858,0.0751971,2.54181,2.52518
0.55,1,0.58047,0.0989074,2.53814,2.55039
0.57,1,0.583519,0.103466,2.53502,2.55373
0.59,1,0.567248,0.0895107,2.45423,2.53574
0.61,1,0.536772,0.0612045,2.45229,2.50097
0.63,1,0.496598,0.0230797,2.39778,2.4528
0.65,1,0.454618,-0.0173091,2.29939,2.39924
0.67,1,0.417482,-0.0534414,2.34018,2.34866
0.69,1,0.391051,-0.0799268,2.30873,2.31057
0.71,1,0.380785,-0.0904437,2.34718,2.29526
0.73,1,0.390479,-0.0825457,2.39579,2.30973
0.75,1,0.416565,-0.0580659,2.39716,2.34737
0.77,1,0.451548,-0.0249304,2.47593,2.39518
0.79,1,0.486878,0.00880766,2.47234,2.44071
0.81,1,0.516722,0.0376392,2.4685,2.47728
0.83,1,0.537978,0.0583382,2.46535,2.50238
0.85,1,0.54792,0.0687361,2.4634,2.51386
0.87,1,0.544729,0.0657808,2.46247,2.51019
0.89,1,0.529025,0.0515814,2.42601,2.4919
0.91,1,0.505579,0.0292283,2.42581,2.46382
0.93,1,0.477637,0.00277625,2.34958,2.42905
0.95,1,0.449883,-0.0235666,2.35421,2.39296
0.97,1,0.427525,-0.0449082,2.35765,2.36266
0.99,1,0.413494,-0.0583312,2.35943,2.34304
