x,rho,E,F,T,Tr
0.01,1,0.30308,-0.191705,2.29997,2.16796
0.03,1,0.377507,-0.110541,2.42349,2.2903
0.05,1,0.47267,-0.0188558,2.53567,2.42271
0.07,1,0.563807,0.0706241,2.64267,2.53189
0.09,1,0.634202,0.141581,2.6352,2.60746
0.11,1,0.674017,0.184374,2.62831,2.64746
0.13,1,0.676786,0.191463,2.62178,2.65017
0.15,1,0.644389,0.164074,2.55785,2.61787
0.17,1,0.585479,0.110006,2.46937,2.55587
0.19,1,0.510979,0.0391447,2.36688,2.47037
0.21,1,0.433777,-0.0359471,2.2675,2.37125
0.23,1,0.367318,-0.102098,2.19347,2.27469
0.25,1,0.323216,-0.146942,2.20191,2.2031
0.27,1,0.309251,-0.163512,2.2095,2.17891
0.29,1,0.328338,-0.147127,2.2853,2.21178
0.31,1,0.374793,-0.104197,2.37595,2.28617
0.33,1,0.437078,-0.0446436,2.46206,2.37575
0.35,1,0.501581,0.0180702,2.56037,2.45893
0.37,1,0.555863,0.0715656,2.55475,2.52292
0.39,1,0.5934,0.109921,2.57682,2.56447
0.41,1,0.609324,0.127712,2.57269,2.58151
0.43,1,0.600675,0.12171,2.49267,2.5723
0.45,1,0.570949,0.0950939,2.48944,2.53987
0.47,1,0.526795,0.0533662,2.42452,2.48927
0.49,1,0.475329,0.00403196,2.35576,2.42611
0.51,1,0.425436,-0.0448091,2.28732,2.35977
0.53,1,0.385854,-0.084138,2.29334,2.30286
0.55,1,0.363261,-0.107514,2.29824,2.26838
0.57,1,0.363124,-0.109203,2.30229,2.26817
0.59,1,0.385813,-0.0881388,2.35795,2.3028
0.61,1,0.424199,-0.0523849,2.41813,2.35806
0.63,1,0.468683,-0.00934305,2.47129,2.41758
0.65,1,0.509892,0.0305572,2.52559,2.46906
0.67,1,0.540533,0.0608904,2.49559,2.50534
0.69,1,0.559207,0.080034,2.49228,2.52671
0.71,1,0.562674,0.0843829,2.48982,2.53061
0.73,1,0.550949,0.0740441,2.48794,2.51733
0.75,1,0.527584,0.0521,2.40366,2.4902
0.77,1,0.494738,0.0210731,2.40351,2.4505
0.79,1,0.459653,-0.0130399,2.32126,2.40585
0.81,1,0.428271,-0.0430517,2.32581,2.36369
0.83,1,0.406101,-0.0652531,2.3292,2.33249
0.85,1,0.396812,-0.0744185,2.33133,2.31904
0.87,1,0.403729,-0.0681952,2.39844,2.32908
0.89,1,0.42401,-0.0491652,2.399,2.35779
0.91,1,0.452699,-0.0214616,2.46891,2.3967
0.93,1,0.481778,0.00621168,2.46579,2.4343
0.95,1,0.506922,0.0304538,2.46211,2.46545
0.97,1,0.524914,0.04767,2.48145,2.48704
0.99,1,0.533679,0.05599,2.47997,2.49736
