x,rho,E,F,T,Tr
0.01,1,0.60763,0.110919,2.46617,2.57971
0.03,1,0.500871,0.0286701,2.32536,2.45806
0.05,1,0.406145,-0.0641297,2.20504,2.33255
0.07,1,0.329298,-0.141195,2.14659,2.21339
0.09,1,0.282937,-0.189477,2.1578,2.131
0.11,1,0.274343,-0.201397,2.16821,2.11463
0.13,1,0.304464,-0.174697,2.27145,2.17043
0.15,1,0.365621,-0.117479,2.38578,2.27206
0.17,1,0.444111,-0.0422621,2.48806,2.38525
0.19,1,0.523315,0.0351973,2.56329,2.48515
0.21,1,0.588662,0.100525,2.62658,2.55934
0.23,1,0.631351,0.145123,2.62146,2.60453
0.25,1,0.645458,0.16216,2.56389,2.61896
0.27,1,0.628659,0.14946,2.55859,2.60175
0.29,1,0.586249,0.110376,2.49025,2.55671
0.31,1,0.527943,0.0553855,2.40763,2.49062
0.33,1,0.463299,-0.00767403,2.32321,2.41061
0.35,1,0.402935,-0.0670521,2.26352,2.32793
0.37,1,0.35816,-0.11267,2.27119,2.26038
0.39,1,0.335521,-0.136614,2.27801,2.22378
0.41,1,0.341479,-0.133541,2.28377,2.23359
0.43,1,0.373712,-0.103032,2.35736,2.28452
0.45,1,0.423434,-0.0562897,2.43131,2.35699
0.47,1,0.478407,-0.00234076,2.49421,2.43003
0.49,1,0.528011,0.0462877,2.56327,2.49071
0.51,1,0.563511,0.0826551,2.55893,2.53155
0.53,1,0.583505,0.103864,2.5551,2.55372
0.55,1,0.584175,0.106552,2.49846,2.55445
0.57,1,0.566089,0.0906234,2.49551,2.53444
0.59,1,0.532222,0.0580675,2.44418,2.49566
0.61,1,0.491036,0.018229,2.38809,2.44591
0.63,1,0.448406,-0.0235343,2.33474,2.391
0.65,1,0.411884,-0.0601069,2.30362,2.34075
0.67,1,0.386574,-0.0856377,2.29297,2.30393
0.69,1,0.378994,-0.0945,2.35186,2.29255
0.71,1,0.391011,-0.0833884,2.3549,2.31051
0.73,1,0.419829,-0.0559495,2.45055,2.35196
0.75,1,0.455749,-0.0207514,2.45017,2.40073
0.77,1,0.491892,0.0145011,2.52004,2.44697
0.79,1,0.520025,0.0432212,2.51641,2.48123
0.81,1,0.540538,0.0635841,2.51357,2.50535
0.83,1,0.548609,0.0725537,2.48846,2.51465
0.85,1,0.543581,0.0678908,2.48652,2.50887
0.87,1,0.526354,0.0516278,2.41885,2.48875
0.89,1,0.501667,0.0274112,2.41902,2.45904
0.91,1,0.473155,-0.000982541,2.34813,2.42333
0.93,1,0.446084,-0.0278474,2.3527,2.3879
0.95,1,0.424227,-0.0496505,2.35721,2.35809
0.97,1,0.411638,-0.0625234,2.39049,2.3404
0.99,1,0.412163,-0.0621245,2.36278,2.34115
