x,rho,E,F,T,Tr
0.01,1,0.721713,0.203729,2.66287,2.6931
0.03,1,0.707584,0.219442,2.6438,2.67982
0.05,1,0.665187,0.183845,2.56681,2.63875
0.07,1,0.593075,0.11776,2.46213,2.56412
0.09,1,0.505195,0.0342634,2.34279,2.46335
0.11,1,0.417217,-0.0515014,2.23029,2.34829
0.13,1,0.344061,-0.124453,2.16426,2.2378
0.15,1,0.298468,-0.171946,2.17376,2.15966
0.17,1,0.287671,-0.186288,2.18327,2.13986
0.19,1,0.313895,-0.164377,2.27584,2.18704
0.21,1,0.369535,-0.113309,2.38163,2.27811
0.23,1,0.441907,-0.0447,2.47798,2.38229
0.25,1,0.515334,0.0265824,2.57377,2.47562
0.27,1,0.57629,0.0871708,2.5685,2.54579
0.29,1,0.617273,0.130004,2.56354,2.58989
0.31,1,0.632223,0.148205,2.55841,2.60543
0.33,1,0.618169,0.138398,2.55307,2.59083
0.35,1,0.58007,0.104963,2.49106,2.54995
0.37,1,0.527236,0.0559664,2.41469,2.48979
0.39,1,0.467557,-0.00133877,2.33593,2.41613
0.41,1,0.411249,-0.0566439,2.27325,2.33985
0.43,1,0.368425,-0.100012,2.27838,2.2764
0.45,1,0.34602,-0.124399,2.28405,2.24097
0.47,1,0.349743,-0.123793,2.28995,2.24698
0.49,1,0.379115,-0.0980829,2.35704,2.29274
0.51,1,0.424573,-0.0558951,2.4264,2.35857
0.53,1,0.475766,-0.00734629,2.4847,2.42667
0.55,1,0.521529,0.0373801,2.53838,2.48303
0.57,1,0.556319,0.0720273,2.53526,2.52344
0.59,1,0.576261,0.0939032,2.53209,2.54575
0.61,1,0.577264,0.0975569,2.52854,2.54686
0.63,1,0.560317,0.0839566,2.45038,2.52796
0.65,1,0.530371,0.0572446,2.44693,2.49348
0.67,1,0.491221,0.0210579,2.39408,2.44614
0.69,1,0.451616,-0.0172481,2.30846,2.39527
0.71,1,0.417038,-0.0510779,2.34672,2.34804
0.73,1,0.393242,-0.076146,2.3144,2.3138
0.75,1,0.385332,-0.0857409,2.31814,2.30208
0.77,1,0.396371,-0.0776612,2.39882,2.31839
0.79,1,0.422484,-0.0546172,2.40182,2.35567
0.81,1,0.45658,-0.0232711,2.46883,2.40182
0.83,1,0.490029,0.00809771,2.46568,2.44465
0.85,1,0.517764,0.0354397,2.46373,2.47853
0.87,1,0.537105,0.0549055,2.46273,2.50136
0.89,1,0.54504,0.0648577,2.46196,2.51055
0.91,1,0.540278,0.0622123,2.48636,2.50505
0.93,1,0.523936,0.0488272,2.42504,2.48588
0.95,1,0.500472,0.0281712,2.42269,2.45757
0.97,1,0.473461,0.00331177,2.35742,2.42372
0.99,1,0.447328,-0.0215105,2.35919,2.38956
