x,rho,E,F,T,Tr
0.01,1,0.265968,-0.215931,2.07801,2.09831
0.03,1,0.254101,-0.222076,2.13829,2.0745
0.05,1,0.288806,-0.192184,2.25685,2.14197
0.07,1,0.357204,-0.128811,2.3855,2.25887
0.09,1,0.444664,-0.0456458,2.49866,2.38599
0.11,1,0.53356,0.040925,2.58299,2.49722
0.13,1,0.606901,0.114353,2.64859,2.57894
0.15,1,0.652368,0.162235,2.64312,2.62594
0.17,1,0.66634,0.180364,2.57832,2.63989
0.19,1,0.646503,0.166127,2.57197,2.62002
0.21,1,0.597335,0.121874,2.49461,2.56872
0.23,1,0.530687,0.0598784,2.40079,2.49385
0.25,1,0.457816,-0.0105937,2.30159,2.40345
0.27,1,0.390558,-0.076642,2.19205,2.30985
0.29,1,0.341421,-0.126829,2.19922,2.23349
0.31,1,0.318824,-0.151798,2.20669,2.19558
0.33,1,0.327711,-0.146601,2.26803,2.21072
0.35,1,0.364769,-0.113426,2.35168,2.27073
0.37,1,0.420591,-0.0614544,2.43539,2.35302
0.39,1,0.482487,-0.00194319,2.50515,2.43519
0.41,1,0.538005,0.0522356,2.57805,2.50241
0.43,1,0.577153,0.092561,2.5743,2.54674
0.45,1,0.597781,0.114994,2.57016,2.56919
0.47,1,0.597004,0.118092,2.50666,2.56836
0.49,1,0.57591,0.100438,2.50222,2.54537
0.51,1,0.536292,0.0646071,2.44404,2.50041
0.53,1,0.489279,0.0204077,2.37915,2.44371
0.55,1,0.440915,-0.0264871,2.31944,2.38095
0.57,1,0.399859,-0.0673794,2.26996,2.32348
0.59,1,0.37418,-0.0943527,2.27396,2.28524
0.61,1,0.367504,-0.103434,2.33887,2.27498
0.63,1,0.381936,-0.0921841,2.34364,2.29699
0.65,1,0.415294,-0.0617946,2.45309,2.34558
0.67,1,0.457091,-0.0233868,2.45474,2.40249
0.69,1,0.497493,0.0160518,2.50478,2.45391
0.71,1,0.529813,0.0475261,2.50233,2.49283
0.73,1,0.550649,0.0695932,2.52095,2.51698
0.75,1,0.558219,0.0789342,2.51825,2.52559
0.77,1,0.5509,0.0745862,2.46127,2.51727
0.79,1,0.530937,0.0577884,2.45814,2.49415
0.81,1,0.501713,0.0309588,2.37565,2.4591
0.83,1,0.468721,0.000402005,2.34259,2.41763
0.85,1,0.437485,-0.0300301,2.3451,2.37631
0.87,1,0.414065,-0.0536784,2.34688,2.34384
0.89,1,0.401851,-0.0675699,2.34896,2.32636
0.91,1,0.404225,-0.0675573,2.35232,2.32979
0.93,1,0.420624,-0.054158,2.42312,2.35307
0.95,1,0.446717,-0.0309352,2.42688,2.38874
0.97,1,0.475452,-0.0044183,2.49531,2.42626
0.99,1,0.500566,0.0193652,2.49457,2.45769
