x,rho,E,F,T,Tr
0.01,1,0.728781,0.214535,2.66806,2.69967
0.03,1,0.678418,0.194982,2.58271,2.65177
0.05,1,0.607809,0.130434,2.47896,2.5799
0.07,1,0.518779,0.0463547,2.35783,2.47975
0.09,1,0.42771,-0.0421037,2.23843,2.36292
0.11,1,0.349852,-0.119083,2.1485,2.24715
0.13,1,0.299128,-0.171512,2.15806,2.16086
0.15,1,0.282854,-0.19061,2.16756,2.13085
0.17,1,0.30463,-0.172781,2.25793,2.17072
0.19,1,0.357885,-0.123966,2.36577,2.25994
0.21,1,0.430309,-0.0554017,2.46759,2.3665
0.23,1,0.506386,0.0181276,2.58465,2.4648
0.25,1,0.571563,0.0823472,2.5787,2.54055
0.27,1,0.616496,0.128606,2.57327,2.58907
0.29,1,0.635813,0.150701,2.5682,2.60912
0.31,1,0.625333,0.144143,2.56313,2.5983
0.33,1,0.589425,0.112636,2.5025,2.56017
0.35,1,0.537069,0.0640649,2.42586,2.50132
0.37,1,0.476055,0.00601286,2.34369,2.42703
0.39,1,0.417156,-0.0514369,2.26175,2.3482
0.41,1,0.370748,-0.0977221,2.26767,2.27998
0.43,1,0.344617,-0.125422,2.27305,2.2387
0.45,1,0.344512,-0.12793,2.2786,2.23853
0.47,1,0.371168,-0.104424,2.34509,2.28063
0.49,1,0.415862,-0.0631013,2.41669,2.34638
0.51,1,0.468338,-0.0135431,2.47918,2.41714
0.53,1,0.516888,0.0334355,2.54412,2.47748
0.55,1,0.554007,0.0699605,2.54058,2.52081
0.57,1,0.576696,0.0941853,2.53758,2.54623
0.59,1,0.580717,0.100035,2.5343,2.55066
0.61,1,0.56599,0.0881107,2.45778,2.53433
0.63,1,0.537215,0.0621899,2.45529,2.50149
0.65,1,0.498013,0.0259452,2.40183,2.45455
0.67,1,0.457085,-0.0133083,2.30202,2.40249
0.69,1,0.420089,-0.0487819,2.33943,2.35232
0.71,1,0.393814,-0.0756121,2.30919,2.31464
0.73,1,0.382942,-0.0872178,2.31211,2.2985
0.75,1,0.391511,-0.0809883,2.39254,2.31125
0.77,1,0.416216,-0.0587689,2.39483,2.34688
0.79,1,0.450522,-0.0271117,2.47602,2.39381
0.81,1,0.485116,0.00524767,2.47212,2.4385
0.83,1,0.514994,0.0337645,2.46895,2.47521
0.85,1,0.535896,0.0543985,2.46696,2.49995
0.87,1,0.546258,0.0653202,2.46596,2.51195
0.89,1,0.543557,0.0639919,2.46506,2.50884
0.91,1,0.528587,0.051404,2.46343,2.49138
0.93,1,0.505777,0.0307633,2.42833,2.46406
0.95,1,0.478595,0.00594626,2.3518,2.43026
0.97,1,0.450749,-0.0198801,2.35519,2.39412
0.99,1,0.428571,-0.0410781,2.35691,2.36411
