x,rho,E,F,T,Tr
0.01,1,0.543819,0.0287026,2.61,2.50914
0.03,1,0.620934,0.125397,2.67954,2.59372
0.05,1,0.677338,0.184467,2.67276,2.65071
0.07,1,0.695877,0.208116,2.6048,2.66867
0.09,1,0.675432,0.193566,2.59733,2.64885
0.11,1,0.621216,0.144573,2.51144,2.59401
0.13,1,0.545736,0.0734653,2.40553,2.51135
0.15,1,0.462403,-0.00749747,2.29461,2.40944
0.17,1,0.38532,-0.0839957,2.20276,2.30206
0.19,1,0.327912,-0.142797,2.16224,2.21106
0.21,1,0.300504,-0.172953,2.17192,2.16334
0.23,1,0.307762,-0.169183,2.24039,2.17628
0.25,1,0.346974,-0.133665,2.33526,2.24252
0.27,1,0.408357,-0.0756608,2.43113,2.33572
0.29,1,0.478332,-0.00772,2.51194,2.42993
0.31,1,0.542582,0.056043,2.60105,2.50771
0.33,1,0.589525,0.104403,2.59585,2.56028
0.35,1,0.614417,0.131984,2.59046,2.58689
0.37,1,0.615766,0.136918,2.52201,2.5883
0.39,1,0.593192,0.118062,2.51701,2.56425
0.41,1,0.549683,0.0773964,2.45162,2.51588
0.43,1,0.496595,0.0265773,2.37807,2.4528
0.45,1,0.441444,-0.0278759,2.30807,2.38166
0.47,1,0.393923,-0.0762546,2.24637,2.3148
0.49,1,0.363069,-0.108631,2.25282,2.26808
0.51,1,0.354291,-0.12007,2.32446,2.25425
0.53,1,0.369404,-0.107755,2.33013,2.27791
0.55,1,0.4053,-0.0745884,2.39544,2.33134
0.57,1,0.451245,-0.0298679,2.45804,2.39477
0.59,1,0.497657,0.0159355,2.54339,2.45411
0.61,1,0.535076,0.053781,2.53981,2.49899
0.63,1,0.559147,0.079993,2.51426,2.52664
0.65,1,0.568663,0.0916688,2.50993,2.53732
0.67,1,0.562112,0.0877034,2.50571,2.52998
0.69,1,0.541505,0.0690955,2.42172,2.50647
0.71,1,0.508642,0.0381716,2.41695,2.46754
0.73,1,0.472021,0.00139171,2.37014,2.42188
0.75,1,0.436888,-0.034029,2.30787,2.37549
0.77,1,0.409893,-0.0625322,2.31274,2.33792
0.79,1,0.395412,-0.0789993,2.31788,2.31699
0.81,1,0.396609,-0.0798071,2.34309,2.31874
0.83,1,0.41312,-0.0652892,2.42403,2.3425
0.85,1,0.441714,-0.0378304,2.42584,2.38203
0.87,1,0.473243,-0.00656851,2.48055,2.42344
0.89,1,0.501583,0.0225458,2.47935,2.45894
0.91,1,0.522522,0.0450958,2.4773,2.48421
0.93,1,0.534582,0.0589899,2.50046,2.49842
0.95,1,0.536001,0.0623224,2.44133,2.50007
0.97,1,0.526959,0.0548795,2.4385,2.48946
0.99,1,0.509398,0.0381614,2.40504,2.46846
