x,rho,E,F,T,Tr
0.01,1,0.709127,0.193562,2.67671,2.68128
0.03,1,0.708788,0.222324,2.65761,2.68096
0.05,1,0.678681,0.198937,2.5915,2.65203
0.07,1,0.615386,0.141932,2.49506,2.58791
0.09,1,0.531616,0.0631822,2.37894,2.49495
0.11,1,0.442656,-0.022886,2.25873,2.3833
0.13,1,0.363756,-0.100957,2.14084,2.26915
0.15,1,0.30859,-0.157306,2.15021,2.17774
0.17,1,0.286248,-0.182816,2.15972,2.13721
0.19,1,0.300855,-0.172166,2.24128,2.16397
0.21,1,0.347851,-0.129811,2.34508,2.24393
0.23,1,0.415663,-0.0657945,2.44542,2.3461
0.25,1,0.490105,0.00580524,2.52532,2.44475
0.27,1,0.555656,0.0709151,2.58017,2.52268
0.29,1,0.602552,0.118891,2.57502,2.57431
0.31,1,0.625887,0.145245,2.5697,2.59888
0.33,1,0.620734,0.14411,2.56428,2.59351
0.35,1,0.589915,0.118053,2.50873,2.5607
0.37,1,0.541873,0.0738535,2.43588,2.50689
0.39,1,0.483582,0.0187437,2.35414,2.43657
0.41,1,0.425566,-0.0381829,2.25104,2.35995
0.43,1,0.377312,-0.0860549,2.25649,2.29001
0.45,1,0.348197,-0.117197,2.26221,2.24449
0.47,1,0.343329,-0.124669,2.26829,2.2366
0.49,1,0.365212,-0.106566,2.3303,2.27142
0.51,1,0.405876,-0.0690413,2.40109,2.33217
0.53,1,0.456433,-0.0215466,2.4651,2.40163
0.55,1,0.504839,0.0256648,2.54087,2.46292
0.57,1,0.542662,0.0632576,2.53782,2.5078
0.59,1,0.566441,0.0885065,2.5347,2.53484
0.61,1,0.572928,0.0975401,2.53116,2.54206
0.63,1,0.562156,0.0901335,2.46189,2.53003
0.65,1,0.537095,0.0685925,2.45814,2.50135
0.67,1,0.500035,0.0340665,2.40567,2.45704
0.69,1,0.459883,-0.00386487,2.32384,2.40615
0.71,1,0.422988,-0.0402782,2.32693,2.35637
0.73,1,0.395769,-0.0681335,2.32962,2.31751
0.75,1,0.382816,-0.0831892,2.33287,2.29831
0.77,1,0.388017,-0.0806081,2.33714,2.30608
0.79,1,0.409457,-0.0621026,2.42475,2.3373
0.81,1,0.441458,-0.0332452,2.47465,2.38168
0.83,1,0.476185,-0.000507308,2.47136,2.4272
0.85,1,0.505683,0.0281346,2.46931,2.46394
0.87,1,0.527112,0.0501188,2.46819,2.48964
0.89,1,0.538243,0.0627088,2.46702,2.50268
0.91,1,0.53732,0.0644628,2.46504,2.50161
0.93,1,0.524904,0.0547553,2.46188,2.48703
0.95,1,0.503841,0.0364865,2.39458,2.4617
0.97,1,0.477793,0.0128617,2.34421,2.42925
0.99,1,0.450373,-0.0132235,2.34578,2.39362
