x,rho,E,F,T,Tr
0.01,1,0.427323,-0.0796378,2.49271,2.36238
0.03,1,0.518824,0.0246565,2.6319,2.4798
0.05,1,0.605552,0.111262,2.62392,2.5775
0.07,1,0.665279,0.173096,2.66578,2.63884
0.09,1,0.688909,0.200935,2.60876,2.66196
0.11,1,0.674056,0.19116,2.60172,2.6475
0.13,1,0.625585,0.147685,2.52219,2.59856
0.15,1,0.554962,0.0811709,2.42155,2.5219
0.17,1,0.474445,0.00331237,2.313,2.42498
0.19,1,0.398134,-0.0719283,2.2082,2.32097
0.21,1,0.339446,-0.131394,2.21791,2.23025
0.23,1,0.307701,-0.16539,2.22685,2.17617
0.25,1,0.309166,-0.167008,2.23521,2.17876
0.27,1,0.343616,-0.135834,2.32482,2.23707
0.29,1,0.401099,-0.0817225,2.41856,2.32527
0.31,1,0.468585,-0.0162251,2.49983,2.41746
0.33,1,0.532013,0.0465769,2.5978,2.49541
0.35,1,0.580375,0.0956476,2.59271,2.55028
0.37,1,0.608641,0.125987,2.58773,2.58079
0.39,1,0.613456,0.133723,2.52671,2.58587
0.41,1,0.594217,0.117665,2.52224,2.56536
0.43,1,0.554413,0.0804849,2.461,2.52127
0.45,1,0.504421,0.0320943,2.39073,2.46241
0.47,1,0.450843,-0.0204358,2.32242,2.39424
0.49,1,0.403365,-0.0679945,2.25365,2.32855
0.51,1,0.370654,-0.101833,2.25902,2.27984
0.53,1,0.357751,-0.116187,2.32025,2.25973
0.55,1,0.36867,-0.107599,2.3252,2.27678
0.57,1,0.401159,-0.0766959,2.38964,2.32536
0.59,1,0.444919,-0.0344799,2.44791,2.38634
0.61,1,0.489854,0.0101989,2.52375,2.44443
0.63,1,0.52818,0.0482398,2.51961,2.4909
0.65,1,0.553684,0.0751313,2.51497,2.52044
0.67,1,0.566219,0.088671,2.51078,2.53459
0.69,1,0.561924,0.0863109,2.50752,2.52977
0.71,1,0.543685,0.0689635,2.42884,2.50899
0.73,1,0.513765,0.0406692,2.37867,2.47373
0.75,1,0.478267,0.00556519,2.37961,2.42985
0.77,1,0.44385,-0.0291616,2.31092,2.3849
0.79,1,0.41612,-0.0572983,2.31575,2.34675
0.81,1,0.398907,-0.0754017,2.33789,2.32209
0.83,1,0.397208,-0.0781674,2.34154,2.31961
0.85,1,0.411103,-0.0650738,2.41885,2.33964
0.87,1,0.437522,-0.0394518,2.41953,2.37636
0.89,1,0.467793,-0.00925723,2.48376,2.41643
0.91,1,0.496102,0.0192725,2.48134,2.45219
0.93,1,0.517872,0.0414935,2.47796,2.47866
0.95,1,0.531775,0.0562572,2.47428,2.49513
0.97,1,0.535573,0.0607428,2.44558,2.49958
0.99,1,0.528399,0.0539901,2.44214,2.49116
