x,rho,E,F,T,Tr
0.01,1,0.655479,0.157269,2.53525,2.62906
0.03,1,0.556929,0.085758,2.40278,2.52413
0.05,1,0.460567,-0.00717361,2.27411,2.40705
0.07,1,0.372276,-0.0941386,2.16577,2.28233
0.09,1,0.306805,-0.160234,2.11641,2.17459
0.11,1,0.275188,-0.19416,2.12634,2.11626
0.13,1,0.282357,-0.190296,2.20544,2.12991
0.15,1,0.325552,-0.151021,2.31513,2.20707
0.17,1,0.394313,-0.0858823,2.42556,2.31538
0.19,1,0.473998,-0.00892184,2.51758,2.42441
0.21,1,0.547997,0.0641906,2.6017,2.51395
0.23,1,0.60397,0.120452,2.59522,2.57582
0.25,1,0.635066,0.154151,2.58914,2.60835
0.27,1,0.636283,0.158442,2.58376,2.6096
0.29,1,0.608677,0.134945,2.52932,2.58082
0.31,1,0.560468,0.0900318,2.45478,2.52813
0.33,1,0.499143,0.0317771,2.37015,2.45594
0.35,1,0.435563,-0.0303635,2.28929,2.37369
0.37,1,0.380278,-0.0849422,2.23301,2.29449
0.39,1,0.344206,-0.12225,2.2399,2.23803
0.41,1,0.332728,-0.135009,2.24608,2.21913
0.43,1,0.349981,-0.120208,2.308,2.24736
0.45,1,0.389581,-0.083062,2.383,2.3084
0.47,1,0.442118,-0.0329528,2.45511,2.38257
0.49,1,0.495457,0.0194344,2.55493,2.45139
0.51,1,0.539835,0.0628466,2.55018,2.50453
0.53,1,0.568416,0.0925328,2.5459,2.53704
0.55,1,0.580028,0.105139,2.5425,2.5499
0.57,1,0.573577,0.100754,2.47397,2.54278
0.59,1,0.550442,0.0797651,2.47172,2.51675
0.61,1,0.512332,0.0434624,2.41733,2.472
0.63,1,0.469745,0.00247877,2.35941,2.41895
0.65,1,0.428456,-0.0379815,2.28547,2.36395
0.67,1,0.395978,-0.0700198,2.29013,2.31782
0.69,1,0.378198,-0.0885045,2.29369,2.29135
0.71,1,0.378866,-0.0886796,2.32218,2.29236
0.73,1,0.397218,-0.0717123,2.41671,2.31963
0.75,1,0.429814,-0.0406348,2.4184,2.36582
0.77,1,0.466655,-0.00478536,2.50737,2.41496
0.79,1,0.49969,0.0272616,2.48107,2.45661
0.81,1,0.525004,0.0524344,2.4771,2.48715
0.83,1,0.540054,0.067306,2.47386,2.50479
0.85,1,0.542588,0.0705846,2.47175,2.50772
0.87,1,0.533022,0.0614048,2.47051,2.49659
0.89,1,0.513344,0.0425716,2.39857,2.47322
0.91,1,0.486382,0.016726,2.39921,2.44009
0.93,1,0.457357,-0.0117877,2.33422,2.40284
0.95,1,0.431936,-0.0363602,2.36039,2.36873
0.97,1,0.413482,-0.0543629,2.34198,2.34302
0.99,1,0.406229,-0.0612757,2.34346,2.33267
