x,rho,E,F,T,Tr
0.01,1,0.64797,0.146813,2.52351,2.6215
0.03,1,0.547171,0.0726509,2.38916,2.513
0.05,1,0.450734,-0.0208715,2.26151,2.3941
0.07,1,0.364373,-0.106138,2.11575,2.27012
0.09,1,0.30261,-0.168707,2.12677,2.16712
0.11,1,0.275767,-0.198273,2.13691,2.11737
0.13,1,0.287903,-0.189479,2.22186,2.14029
0.15,1,0.335243,-0.14612,2.33296,2.22332
0.17,1,0.40654,-0.0784229,2.44179,2.33312
0.19,1,0.486771,-0.000856634,2.53007,2.44058
0.21,1,0.559309,0.0709413,2.59954,2.52682
0.23,1,0.612574,0.124784,2.59312,2.58494
0.25,1,0.640512,0.155468,2.58716,2.61393
0.27,1,0.637923,0.156043,2.58179,2.61128
0.29,1,0.607057,0.129156,2.52455,2.5791
0.31,1,0.556501,0.0819163,2.44833,2.52364
0.33,1,0.494156,0.0223338,2.3636,2.44978
0.35,1,0.430988,-0.0395408,2.23663,2.36743
0.37,1,0.377632,-0.0924987,2.24441,2.29049
0.39,1,0.344362,-0.127239,2.25134,2.23828
0.41,1,0.336461,-0.13662,2.25761,2.22533
0.43,1,0.357406,-0.118618,2.32218,2.25919
0.45,1,0.399198,-0.0788935,2.39763,2.32251
0.47,1,0.452772,-0.0277362,2.46712,2.3968
0.49,1,0.505477,0.0241471,2.55669,2.46369
0.51,1,0.548131,0.0660484,2.55195,2.5141
0.53,1,0.575413,0.0945293,2.54771,2.54482
0.55,1,0.584966,0.105165,2.54428,2.55531
0.57,1,0.575283,0.0976567,2.47224,2.54467
0.59,1,0.549955,0.0741694,2.47009,2.51619
0.61,1,0.511252,0.0372339,2.4154,2.4707
0.63,1,0.46863,-0.00448761,2.35888,2.41751
0.65,1,0.427973,-0.04417,2.29385,2.36328
0.67,1,0.39733,-0.0747809,2.29898,2.31979
0.69,1,0.381402,-0.091387,2.30259,2.29619
0.71,1,0.384556,-0.0889531,2.33396,2.30092
0.73,1,0.405273,-0.0696482,2.42836,2.3313
0.75,1,0.438889,-0.0375101,2.42871,2.37821
0.77,1,0.475742,-0.00162745,2.48665,2.42663
0.79,1,0.508271,0.0298878,2.48278,2.46709
0.81,1,0.532185,0.0540325,2.47878,2.49561
0.83,1,0.54592,0.0677244,2.47561,2.51156
0.85,1,0.546961,0.0694188,2.47353,2.51276
0.87,1,0.535681,0.0587848,2.47241,2.4997
0.89,1,0.514927,0.0387247,2.40032,2.47513
0.91,1,0.487633,0.0123633,2.40105,2.44166
0.93,1,0.458558,-0.0163039,2.36705,2.40442
0.95,1,0.434058,-0.0400787,2.34809,2.37164
0.97,1,0.416696,-0.0570627,2.35124,2.34756
0.99,1,0.41107,-0.0624623,2.35288,2.33959
