x,rho,E,F,T,Tr
0.01,1,0.252404,-0.232407,2.12672,2.07103
0.03,1,0.277385,-0.202378,2.23456,2.12047
0.05,1,0.343342,-0.141757,2.36686,2.23663
0.07,1,0.431108,-0.0584204,2.48721,2.3676
0.09,1,0.522768,0.0304938,2.5763,2.4845
0.11,1,0.600691,0.108106,2.65389,2.57232
0.13,1,0.652887,0.161972,2.64859,2.62646
0.15,1,0.671839,0.185022,2.59024,2.64532
0.17,1,0.655438,0.173885,2.58393,2.62902
0.19,1,0.608454,0.131987,2.50806,2.58059
0.21,1,0.542137,0.0701499,2.41376,2.5072
0.23,1,0.467455,-0.00146619,2.31459,2.416
0.25,1,0.397394,-0.0700005,2.23194,2.31989
0.27,1,0.344414,-0.123407,2.23951,2.23837
0.29,1,0.316794,-0.153088,2.24642,2.19208
0.31,1,0.320729,-0.152494,2.25351,2.19885
0.33,1,0.355256,-0.121405,2.33745,2.25578
0.35,1,0.410471,-0.0702751,2.42392,2.33874
0.37,1,0.473597,-0.00966609,2.49812,2.42389
0.39,1,0.531935,0.0467974,2.58286,2.49532
0.41,1,0.575061,0.090207,2.57906,2.54443
0.43,1,0.599694,0.116439,2.57543,2.57125
0.45,1,0.602343,0.121843,2.51543,2.57408
0.47,1,0.582713,0.10593,2.51155,2.55285
0.49,1,0.544318,0.0709329,2.4534,2.50972
0.51,1,0.49694,0.0264618,2.38784,2.45323
0.53,1,0.447132,-0.0213167,2.32526,2.3893
0.55,1,0.403708,-0.0639433,2.26592,2.32905
0.57,1,0.374266,-0.0940065,2.26925,2.28537
0.59,1,0.36389,-0.105863,2.32968,2.26936
0.61,1,0.37602,-0.0966636,2.33367,2.28804
0.63,1,0.408081,-0.067366,2.39215,2.33533
0.65,1,0.449996,-0.0285647,2.44808,2.39312
0.67,1,0.491986,0.01164,2.51074,2.44709
0.69,1,0.526878,0.0452093,2.50737,2.48937
0.71,1,0.550135,0.0690344,2.505,2.51639
0.73,1,0.560738,0.0805644,2.5028,2.52843
0.75,1,0.555247,0.0774881,2.46743,2.52222
0.77,1,0.536348,0.0611093,2.46508,2.50048
0.79,1,0.507565,0.0351594,2.38059,2.46623
0.81,1,0.473729,0.00374629,2.37937,2.42406
0.83,1,0.44126,-0.0273813,2.3395,2.38142
0.85,1,0.415776,-0.0520595,2.34181,2.34626
0.87,1,0.400663,-0.0680723,2.34364,2.32464
0.89,1,0.400444,-0.0696181,2.34603,2.32433
0.91,1,0.415195,-0.0570394,2.41803,2.34544
0.93,1,0.441021,-0.033951,2.41962,2.38109
0.95,1,0.470257,-0.00702207,2.47377,2.41961
0.97,1,0.496944,0.0176553,2.49602,2.45323
0.99,1,0.51737,0.0370703,2.49538,2.47806
