x,rho,E,F,T,Tr
0.01,1,0.329681,-0.15213,2.12199,2.21404
0.03,1,0.271323,-0.201048,2.12421,2.10879
0.05,1,0.259001,-0.217364,2.13651,2.08443
0.07,1,0.287982,-0.192986,2.24712,2.14044
0.09,1,0.351376,-0.134896,2.37223,2.2496
0.11,1,0.434878,-0.0551593,2.48588,2.37276
0.13,1,0.521278,0.0289749,2.60099,2.48273
0.15,1,0.59406,0.102141,2.59463,2.56519
0.17,1,0.643312,0.153741,2.63821,2.61678
0.19,1,0.661003,0.175582,2.58195,2.63459
0.21,1,0.644917,0.164693,2.57531,2.61841
0.23,1,0.600422,0.125001,2.50305,2.57203
0.25,1,0.537907,0.0666025,2.4137,2.50229
0.27,1,0.467636,-0.00139463,2.32022,2.41623
0.29,1,0.401469,-0.0665308,2.24268,2.32581
0.31,1,0.351745,-0.11783,2.2499,2.25019
0.33,1,0.325719,-0.146288,2.25727,2.20736
0.35,1,0.329991,-0.146019,2.26526,2.21456
0.37,1,0.363121,-0.116256,2.34497,2.26816
0.39,1,0.415661,-0.0673862,2.42665,2.3461
0.41,1,0.475301,-0.00952333,2.49648,2.42607
0.43,1,0.529956,0.0441044,2.57683,2.49299
0.45,1,0.569886,0.0854122,2.57275,2.53868
0.47,1,0.5931,0.110602,2.56828,2.56415
0.49,1,0.594853,0.116213,2.51086,2.56604
0.51,1,0.576306,0.100829,2.50614,2.5458
0.53,1,0.539694,0.0678441,2.45102,2.50437
0.55,1,0.495127,0.0254841,2.38828,2.45098
0.57,1,0.448548,-0.0199778,2.3307,2.39119
0.59,1,0.408312,-0.0605344,2.27419,2.33566
0.61,1,0.380584,-0.0900154,2.33139,2.29495
0.63,1,0.37123,-0.101887,2.33625,2.28072
0.65,1,0.383454,-0.0931902,2.39324,2.29927
0.67,1,0.413913,-0.0654725,2.44807,2.34363
0.69,1,0.453592,-0.0283681,2.44992,2.39788
0.71,1,0.492904,0.0103573,2.5075,2.44823
0.73,1,0.524756,0.0423464,2.52441,2.48686
0.75,1,0.546674,0.065796,2.52155,2.51243
0.77,1,0.555574,0.0776639,2.46873,2.52259
0.79,1,0.549975,0.0748578,2.46537,2.51621
0.81,1,0.531694,0.0595567,2.42298,2.49504
0.83,1,0.504681,0.0344742,2.42252,2.46272
0.85,1,0.473318,0.0044607,2.34161,2.42354
0.87,1,0.443672,-0.0253858,2.3432,2.38466
0.89,1,0.420082,-0.0501286,2.34559,2.35231
0.91,1,0.406451,-0.0660674,2.34919,2.33299
0.93,1,0.407011,-0.0680148,2.35375,2.3338
0.95,1,0.421737,-0.0559117,2.4213,2.35463
0.97,1,0.445676,-0.0343854,2.47331,2.38735
0.99,1,0.473197,-0.00826772,2.49683,2.42338
