x,rho,E,F,T,Tr
0.01,1,0.292148,-0.186371,2.08932,2.14814
0.03,1,0.254844,-0.216231,2.09164,2.07601
0.05,1,0.265169,-0.210399,2.18481,2.09673
0.07,1,0.314324,-0.166173,2.30972,2.18779
0.09,1,0.39134,-0.0938026,2.43277,2.311
0.11,1,0.480011,-0.00820153,2.53395,2.43206
0.13,1,0.562459,0.0731845,2.62071,2.53037
0.15,1,0.624146,0.13611,2.6143,2.59707
0.17,1,0.657664,0.173044,2.60771,2.63125
0.19,1,0.656602,0.176991,2.60108,2.63019
0.21,1,0.62385,0.14946,2.53868,2.59676
0.23,1,0.567815,0.0984077,2.45448,2.53637
0.25,1,0.498524,0.0324889,2.35869,2.45518
0.27,1,0.427557,-0.0366465,2.26881,2.36271
0.29,1,0.367285,-0.0967687,2.21173,2.27464
0.31,1,0.328881,-0.137,2.21932,2.21269
0.33,1,0.318731,-0.150376,2.22709,2.19542
0.35,1,0.339842,-0.133221,2.29971,2.2309
0.37,1,0.385145,-0.0916156,2.38473,2.3018
0.39,1,0.444003,-0.0357506,2.46206,2.38511
0.41,1,0.503222,0.0217946,2.57022,2.46094
0.43,1,0.551709,0.0698724,2.56621,2.51819
0.45,1,0.584012,0.10418,2.56194,2.55427
0.47,1,0.595888,0.118956,2.55736,2.56716
0.49,1,0.585408,0.112379,2.47981,2.5558
0.51,1,0.5566,0.0872,2.47535,2.52376
0.53,1,0.513935,0.0482197,2.41379,2.47394
0.55,1,0.466465,0.00213762,2.34995,2.41472
0.57,1,0.420799,-0.0425783,2.29668,2.35332
0.59,1,0.38603,-0.078625,2.27249,2.30312
0.61,1,0.367001,-0.0990593,2.27771,2.2742
0.63,1,0.369755,-0.0996208,2.36233,2.27845
0.65,1,0.393133,-0.0798008,2.36682,2.31364
0.67,1,0.430035,-0.0455519,2.42193,2.36612
0.69,1,0.471338,-0.00638977,2.51538,2.421
0.71,1,0.508553,0.0299867,2.48662,2.46743
0.73,1,0.5355,0.0577368,2.48483,2.49949
0.75,1,0.550844,0.0750701,2.48267,2.5172
0.77,1,0.551807,0.0788275,2.47973,2.5183
0.79,1,0.538935,0.0689956,2.47588,2.50349
0.81,1,0.515618,0.048584,2.39539,2.47596
0.83,1,0.484655,0.019799,2.39319,2.43792
0.85,1,0.452105,-0.0117468,2.32563,2.39591
0.87,1,0.42441,-0.039428,2.32732,2.35835
0.89,1,0.405342,-0.0601193,2.32989,2.3314
0.91,1,0.399087,-0.0685632,2.33381,2.32235
0.93,1,0.407938,-0.0627632,2.3973,2.33512
0.95,1,0.428429,-0.0451755,2.40068,2.36391
0.97,1,0.45599,-0.0199733,2.47751,2.40105
0.99,1,0.482754,0.00537287,2.47604,2.43553
