x,rho,E,F,T,Tr
0.01,1,0.361328,-0.139577,2.40407,2.26536
0.03,1,0.449716,-0.0418147,2.51324,2.39274
0.05,1,0.545317,0.0520256,2.60082,2.51087
0.07,1,0.623946,0.130648,2.65036,2.59686
0.09,1,0.672019,0.18166,2.64306,2.64549
0.11,1,0.683656,0.197431,2.6362,2.65687
0.13,1,0.658283,0.1772,2.57784,2.63187
0.15,1,0.603658,0.127201,2.49246,2.57549
0.17,1,0.530032,0.0575346,2.38991,2.49308
0.19,1,0.450803,-0.0196167,2.28346,2.39419
0.21,1,0.379321,-0.0904489,2.175,2.29305
0.23,1,0.328319,-0.142299,2.18419,2.21175
0.25,1,0.306582,-0.166168,2.19249,2.17419
0.27,1,0.318645,-0.157081,2.26245,2.19527
0.29,1,0.360192,-0.118707,2.3538,2.26358
0.31,1,0.420954,-0.0607867,2.44331,2.35353
0.33,1,0.487648,0.00426142,2.51627,2.44168
0.35,1,0.546918,0.062552,2.58935,2.51271
0.37,1,0.588194,0.105076,2.58408,2.55883
0.39,1,0.60892,0.12741,2.57947,2.58108
0.41,1,0.606534,0.128058,2.50738,2.57855
0.43,1,0.582485,0.1065,2.50366,2.5526
0.45,1,0.538904,0.0655936,2.43993,2.50345
0.47,1,0.487605,0.0160885,2.3676,2.44162
0.49,1,0.435565,-0.0351145,2.30704,2.37369
0.51,1,0.392058,-0.0786363,2.25804,2.31206
0.53,1,0.364846,-0.106505,2.26318,2.27085
0.55,1,0.359506,-0.113315,2.33952,2.2625
0.57,1,0.377479,-0.0974685,2.34312,2.29026
0.59,1,0.413369,-0.0630694,2.40516,2.34286
0.61,1,0.458099,-0.019717,2.46206,2.40382
0.63,1,0.501557,0.0228032,2.51128,2.4589
0.65,1,0.535194,0.0566523,2.50684,2.49913
0.67,1,0.557032,0.0787336,2.50242,2.52425
0.69,1,0.564105,0.0868881,2.49893,2.53222
0.71,1,0.555944,0.0803636,2.49662,2.52301
0.73,1,0.53486,0.0600579,2.45692,2.49874
0.75,1,0.503039,0.0293866,2.36667,2.46072
0.77,1,0.467495,-0.0052965,2.3354,2.41605
0.79,1,0.434079,-0.038169,2.34043,2.37167
0.81,1,0.409522,-0.0632295,2.34524,2.33739
0.83,1,0.397006,-0.0758211,2.349,2.31932
0.85,1,0.400178,-0.0732787,2.38988,2.32394
0.87,1,0.417724,-0.0564546,2.39083,2.349
0.89,1,0.44556,-0.0289624,2.47641,2.3872
0.91,1,0.475534,0.000234275,2.47422,2.42637
0.93,1,0.501892,0.0265543,2.47106,2.45931
0.95,1,0.521661,0.0461113,2.48748,2.48318
0.97,1,0.532507,0.0569955,2.48476,2.49599
0.99,1,0.533023,0.057514,2.48338,2.49659
