x,rho,E,F,T,Tr
0.01,1,0.2871,-0.194266,2.09903,2.1388
0.03,1,0.254747,-0.219639,2.10136,2.07582
0.05,1,0.269996,-0.208942,2.20042,2.1062
0.07,1,0.323339,-0.160688,2.32661,2.20331
0.09,1,0.40288,-0.0857683,2.44795,2.32785
0.11,1,0.4921,0.000328375,2.5455,2.44723
0.13,1,0.573186,0.0805161,2.61721,2.54235
0.15,1,0.632325,0.141094,2.61091,2.60553
0.17,1,0.662108,0.174572,2.6045,2.63569
0.19,1,0.65719,0.174614,2.59788,2.63078
0.21,1,0.620981,0.143692,2.53263,2.59377
0.23,1,0.562584,0.0902737,2.44648,2.53051
0.25,1,0.492373,0.0230078,2.35048,2.44757
0.27,1,0.421814,-0.0456464,2.21509,2.35473
0.29,1,0.363686,-0.104135,2.2221,2.26905
0.31,1,0.328133,-0.14161,2.22962,2.21143
0.33,1,0.321621,-0.151557,2.23754,2.20038
0.35,1,0.346069,-0.130867,2.31276,2.24105
0.37,1,0.393887,-0.0870191,2.39752,2.31475
0.39,1,0.453665,-0.0302222,2.47371,2.39798
0.41,1,0.512227,0.026725,2.54109,2.47188
0.43,1,0.559049,0.0736034,2.53717,2.52653
0.45,1,0.589722,0.106562,2.53329,2.56049
0.47,1,0.599689,0.119235,2.55822,2.57124
0.49,1,0.586478,0.109867,2.47645,2.55696
0.51,1,0.554841,0.0820962,2.47226,2.52176
0.53,1,0.511681,0.0418999,2.41007,2.47122
0.55,1,0.463726,-0.00418692,2.30273,2.41116
0.57,1,0.418913,-0.0482021,2.30684,2.35067
0.59,1,0.385481,-0.0826978,2.31068,2.3023
0.61,1,0.369027,-0.101544,2.31543,2.27733
0.63,1,0.374084,-0.0995834,2.37311,2.28509
0.65,1,0.399939,-0.0772138,2.37555,2.32359
0.67,1,0.438008,-0.0419548,2.43291,2.37702
0.69,1,0.47924,-0.00256113,2.48866,2.43108
0.71,1,0.515371,0.0328012,2.48632,2.47566
0.73,1,0.541286,0.0595481,2.4845,2.50621
0.75,1,0.555725,0.0758417,2.48241,2.52276
0.77,1,0.554944,0.07804,2.47951,2.52188
0.79,1,0.540329,0.0663487,2.47579,2.50511
0.81,1,0.515712,0.044691,2.39544,2.47607
0.83,1,0.484383,0.0155495,2.39343,2.43758
0.85,1,0.452017,-0.015927,2.33323,2.3958
0.87,1,0.425062,-0.0429383,2.33496,2.35925
0.89,1,0.407126,-0.0625203,2.33751,2.33396
0.91,1,0.402558,-0.069299,2.34135,2.32739
0.93,1,0.41321,-0.0618052,2.40609,2.34263
0.95,1,0.434914,-0.0429978,2.41041,2.37281
0.97,1,0.462819,-0.0174099,2.4795,2.40998
0.99,1,0.489193,0.00757949,2.47796,2.44361
