x,rho,E,F,T,Tr
0.01,1,0.647382,0.145981,2.5225,2.62091
0.03,1,0.546278,0.071746,2.38807,2.51197
0.05,1,0.449883,-0.0218867,2.25606,2.39296
0.07,1,0.363714,-0.107102,2.1164,2.26909
0.09,1,0.302297,-0.169269,2.12755,2.16656
0.11,1,0.275665,-0.198413,2.13767,2.11717
0.13,1,0.288258,-0.189319,2.22285,2.14095
0.15,1,0.335967,-0.145714,2.33417,2.22452
0.17,1,0.407415,-0.0778034,2.44296,2.33438
0.19,1,0.487649,-0.000194516,2.53093,2.44168
0.21,1,0.56008,0.0715107,2.59925,2.52769
0.23,1,0.613145,0.125192,2.59286,2.58555
0.25,1,0.640805,0.155622,2.58689,2.61422
0.27,1,0.637908,0.155921,2.58151,2.61127
0.29,1,0.606782,0.128787,2.52403,2.57881
0.31,1,0.555967,0.0814462,2.44764,2.52304
0.33,1,0.493653,0.0216638,2.36277,2.44916
0.35,1,0.430547,-0.0402448,2.23731,2.36683
0.37,1,0.377299,-0.0930213,2.24493,2.28999
0.39,1,0.344257,-0.127502,2.25212,2.23811
0.41,1,0.336599,-0.136622,2.25828,2.22556
0.43,1,0.357786,-0.118343,2.32306,2.25979
0.45,1,0.399785,-0.0784322,2.39856,2.32337
0.47,1,0.453471,-0.0271284,2.46781,2.39772
0.49,1,0.506047,0.024615,2.55665,2.46439
0.51,1,0.54839,0.066246,2.5519,2.5144
0.53,1,0.575756,0.0948409,2.54765,2.54519
0.55,1,0.585133,0.105335,2.54418,2.5555
0.57,1,0.575184,0.0975857,2.47183,2.54456
0.59,1,0.549621,0.0738885,2.46966,2.51581
0.61,1,0.510879,0.0369306,2.41489,2.47025
0.63,1,0.46813,-0.00472004,2.35842,2.41687
0.65,1,0.427741,-0.0445765,2.29408,2.36296
0.67,1,0.397095,-0.0749252,2.2991,2.31945
0.69,1,0.381295,-0.0913788,2.33155,2.29603
0.71,1,0.384677,-0.0888605,2.33452,2.3011
0.73,1,0.405691,-0.069216,2.42882,2.3319
0.75,1,0.439177,-0.0371909,2.42915,2.3786
0.77,1,0.476102,-0.00122756,2.48633,2.42709
0.79,1,0.508585,0.0302565,2.48246,2.46747
0.81,1,0.532427,0.0543384,2.47847,2.4959
0.83,1,0.546057,0.0679342,2.47531,2.51172
0.85,1,0.546949,0.0694847,2.47322,2.51274
0.87,1,0.535516,0.0586989,2.47211,2.49951
0.89,1,0.514687,0.0385574,2.40001,2.47484
0.91,1,0.48739,0.0121821,2.40076,2.44135
0.93,1,0.458325,-0.0164869,2.36738,2.40411
0.95,1,0.433869,-0.0402302,2.3483,2.37138
0.97,1,0.416603,-0.0571279,2.35146,2.34743
0.99,1,0.411105,-0.0624051,2.35311,2.33964
