x,rho,E,F,T,Tr
0.01,1,0.265374,-0.223775,2.19997,2.09713
0.03,1,0.316655,-0.167377,2.32349,2.19184
0.05,1,0.400391,-0.0881886,2.45105,2.32425
0.07,1,0.494485,0.00256666,2.55319,2.45019
0.09,1,0.580269,0.0871575,2.62596,2.55017
0.11,1,0.642958,0.150852,2.61898,2.61642
0.13,1,0.673904,0.185155,2.61245,2.64735
0.15,1,0.668216,0.184029,2.60613,2.64174
0.17,1,0.629383,0.150266,2.53717,2.6025
0.19,1,0.567068,0.0928279,2.44621,2.53554
0.21,1,0.492395,0.0214569,2.34497,2.4476
0.23,1,0.417941,-0.0507977,2.20496,2.34931
0.25,1,0.356819,-0.111566,2.21322,2.25826
0.27,1,0.319869,-0.149941,2.22078,2.19738
0.29,1,0.313455,-0.159089,2.22799,2.18628
0.31,1,0.339421,-0.136298,2.30771,2.23021
0.33,1,0.389844,-0.0895251,2.39688,2.30879
0.35,1,0.452868,-0.0295172,2.47666,2.39692
0.37,1,0.514814,0.0302518,2.54637,2.47499
0.39,1,0.564456,0.0794253,2.5412,2.53261
0.41,1,0.597313,0.113222,2.53678,2.56869
0.43,1,0.607604,0.126074,2.53297,2.57969
0.45,1,0.593545,0.114954,2.52902,2.56463
0.47,1,0.559711,0.0843906,2.47459,2.52727
0.49,1,0.514318,0.0415494,2.40929,2.4744
0.51,1,0.46321,-0.00688137,2.29699,2.41049
0.53,1,0.415862,-0.0529316,2.30275,2.34638
0.55,1,0.380336,-0.0882595,2.30777,2.29458
0.57,1,0.363124,-0.107289,2.31164,2.26817
0.59,1,0.368163,-0.103875,2.31597,2.276
0.61,1,0.395251,-0.0792448,2.3728,2.31675
0.63,1,0.435212,-0.0417319,2.43278,2.37321
0.65,1,0.479047,-0.000401202,2.52156,2.43084
0.67,1,0.51718,0.0364844,2.5176,2.47783
0.69,1,0.545195,0.0643415,2.48489,2.51073
0.71,1,0.561064,0.0805891,2.51212,2.5288
0.73,1,0.560594,0.0815599,2.48072,2.52827
0.75,1,0.54528,0.068103,2.47881,2.51083
0.77,1,0.519455,0.0445261,2.39389,2.48055
0.79,1,0.486011,0.0132684,2.39327,2.43962
0.81,1,0.451795,-0.0192539,2.32998,2.3955
0.83,1,0.422954,-0.046823,2.33343,2.35632
0.85,1,0.403234,-0.0664328,2.3356,2.32836
0.87,1,0.397892,-0.0723411,2.33735,2.32061
0.89,1,0.408479,-0.0631494,2.4064,2.3359
0.91,1,0.431055,-0.0425585,2.40752,2.36752
0.93,1,0.460587,-0.0150617,2.48441,2.40707
0.95,1,0.488402,0.0107961,2.48058,2.44262
0.97,1,0.512158,0.0331683,2.4776,2.4718
0.99,1,0.528047,0.0483284,2.47602,2.49075
