x,rho,E,F,T,Tr
0.01,1,0.464951,-0.0451452,2.53498,2.41276
0.03,1,0.554361,0.059236,2.66223,2.52121
0.05,1,0.633347,0.138916,2.65435,2.60658
0.07,1,0.680645,0.189627,2.64659,2.65394
0.09,1,0.68966,0.203459,2.63918,2.66269
0.11,1,0.660978,0.180147,2.57677,2.63456
0.13,1,0.602587,0.12678,2.48727,2.57434
0.15,1,0.525922,0.0537008,2.3807,2.48824
0.17,1,0.444462,-0.0258398,2.2725,2.38572
0.19,1,0.372299,-0.0978616,2.17037,2.28236
0.21,1,0.322137,-0.149428,2.18036,2.20126
0.23,1,0.302382,-0.17181,2.18966,2.16671
0.25,1,0.317281,-0.160254,2.26469,2.19292
0.27,1,0.361721,-0.119099,2.35946,2.26597
0.29,1,0.425085,-0.0588003,2.45044,2.35928
0.31,1,0.493286,0.00806712,2.52371,2.4487
0.33,1,0.552908,0.0675634,2.59389,2.51956
0.35,1,0.594719,0.110716,2.58833,2.5659
0.37,1,0.614752,0.133352,2.58313,2.58724
0.39,1,0.609525,0.131377,2.50601,2.58172
0.41,1,0.581824,0.106842,2.50169,2.55188
0.43,1,0.537148,0.0646218,2.43499,2.50141
0.45,1,0.484046,0.0129921,2.36116,2.43716
0.47,1,0.431113,-0.0395956,2.2703,2.3676
0.49,1,0.387566,-0.0834751,2.27712,2.30541
0.51,1,0.361203,-0.111428,2.28393,2.26516
0.53,1,0.357625,-0.117274,2.34205,2.25953
0.55,1,0.378217,-0.099039,2.34665,2.29138
0.57,1,0.416143,-0.0630808,2.41056,2.34678
0.59,1,0.462161,-0.0178972,2.46826,2.40913
0.61,1,0.506418,0.0255562,2.53648,2.46484
0.63,1,0.539743,0.0600161,2.53229,2.50443
0.65,1,0.56075,0.0824534,2.50368,2.52845
0.67,1,0.566451,0.0899202,2.49949,2.53485
0.69,1,0.557017,0.082157,2.45883,2.52423
0.71,1,0.534426,0.061156,2.40819,2.49824
0.73,1,0.50068,0.0284359,2.40786,2.45783
0.75,1,0.464635,-0.00785593,2.33619,2.41234
0.77,1,0.431457,-0.0411985,2.34044,2.36808
0.79,1,0.407115,-0.0670737,2.34542,2.33395
0.81,1,0.395645,-0.0798223,2.32511,2.31733
0.83,1,0.400573,-0.076157,2.39266,2.32451
0.85,1,0.420149,-0.0577969,2.39479,2.35241
0.87,1,0.448821,-0.0292904,2.47526,2.39155
0.89,1,0.479369,0.00131736,2.47419,2.43125
0.91,1,0.505615,0.0282584,2.47231,2.46386
0.93,1,0.524844,0.0485739,2.49049,2.48696
0.95,1,0.534738,0.0595745,2.48675,2.4986
0.97,1,0.534033,0.0598114,2.46225,2.49778
0.99,1,0.523331,0.049698,2.43013,2.48517
