x,rho,E,F,T,Tr
0.01,1,0.466027,-0.0442904,2.53616,2.41415
0.03,1,0.555373,0.0600376,2.66196,2.52236
0.05,1,0.634146,0.139503,2.65407,2.60741
0.07,1,0.681101,0.189911,2.64631,2.65439
0.09,1,0.689758,0.203362,2.6389,2.66278
0.11,1,0.660726,0.179707,2.57621,2.63431
0.13,1,0.602073,0.126085,2.48647,2.57379
0.15,1,0.525251,0.0528666,2.37977,2.48744
0.17,1,0.443752,-0.0266859,2.27173,2.38477
0.19,1,0.37173,-0.0985907,2.17111,2.28149
0.21,1,0.321855,-0.149817,2.18103,2.20078
0.23,1,0.302543,-0.172065,2.19027,2.167
0.25,1,0.317786,-0.160189,2.26588,2.19379
0.27,1,0.362396,-0.118691,2.36071,2.26703
0.29,1,0.425783,-0.0580318,2.4514,2.36025
0.31,1,0.49403,0.00861356,2.57519,2.44963
0.33,1,0.55348,0.0677715,2.59398,2.52021
0.35,1,0.595269,0.111059,2.58844,2.56649
0.37,1,0.615154,0.133556,2.58321,2.58766
0.39,1,0.609615,0.13127,2.50561,2.58182
0.41,1,0.581525,0.106378,2.50131,2.55155
0.43,1,0.536813,0.0641304,2.43449,2.50102
0.45,1,0.483642,0.0124442,2.36072,2.43665
0.47,1,0.430725,-0.0401117,2.27102,2.36707
0.49,1,0.387329,-0.0838876,2.2778,2.30506
0.51,1,0.36118,-0.111622,2.28457,2.26513
0.53,1,0.35784,-0.117267,2.34287,2.25987
0.55,1,0.378646,-0.0988103,2.34746,2.29203
0.57,1,0.41669,-0.0626974,2.41134,2.34755
0.59,1,0.462716,-0.0174562,2.46888,2.40985
0.61,1,0.506902,0.0259766,2.53644,2.46543
0.63,1,0.540168,0.060347,2.53222,2.50492
0.65,1,0.561044,0.0827072,2.50341,2.52878
0.67,1,0.566588,0.0899851,2.49924,2.535
0.69,1,0.556918,0.0820268,2.45852,2.52412
0.71,1,0.534183,0.0609199,2.40793,2.49795
0.73,1,0.500408,0.0281902,2.40755,2.45749
0.75,1,0.464339,-0.00810393,2.33669,2.41196
0.77,1,0.431193,-0.041398,2.34093,2.36772
0.79,1,0.406933,-0.0671648,2.34587,2.33369
0.81,1,0.395622,-0.0797744,2.32531,2.3173
0.83,1,0.400718,-0.0759528,2.39307,2.32472
0.85,1,0.420419,-0.0574729,2.3952,2.35278
0.87,1,0.449145,-0.0289098,2.47505,2.39198
0.89,1,0.479689,0.00170204,2.47395,2.43165
0.91,1,0.505888,0.0286093,2.47207,2.46419
0.93,1,0.525036,0.0488575,2.49035,2.48719
0.95,1,0.534825,0.0597622,2.48661,2.4987
0.97,1,0.534007,0.0598945,2.46202,2.49775
0.99,1,0.523207,0.0496882,2.42988,2.48502
