x,rho,E,F,T,Tr
0.01,1,0.281342,-0.200554,2.10718,2.12799
0.03,1,0.253937,-0.221348,2.10955,2.07416
0.05,1,0.27406,-0.205865,2.21412,2.11409
0.07,1,0.33135,-0.153685,2.34148,2.21683
0.09,1,0.413126,-0.0763984,2.46102,2.34251
0.11,1,0.502528,0.0100372,2.55494,2.46009
0.13,1,0.582004,0.0888427,2.61171,2.55207
0.15,1,0.638315,0.147013,2.60542,2.61168
0.17,1,0.664408,0.17681,2.59904,2.63797
0.19,1,0.655453,0.173075,2.59246,2.62904
0.21,1,0.615935,0.138749,2.52408,2.58848
0.23,1,0.555332,0.0829944,2.43569,2.52232
0.25,1,0.484061,0.014821,2.3369,2.43717
0.27,1,0.414302,-0.0535326,2.2226,2.34418
0.29,1,0.358281,-0.109955,2.22969,2.26057
0.31,1,0.325659,-0.144786,2.2371,2.20725
0.33,1,0.322764,-0.151278,2.2449,2.20233
0.35,1,0.350587,-0.127315,2.32264,2.24833
0.37,1,0.400629,-0.0813098,2.40732,2.32459
0.39,1,0.460942,-0.0236319,2.48139,2.40754
0.41,1,0.518815,0.0326594,2.53633,2.47979
0.43,1,0.564163,0.0783749,2.53252,2.53228
0.45,1,0.593325,0.109125,2.52859,2.56439
0.47,1,0.600462,0.119763,2.5244,2.57207
0.49,1,0.584754,0.107905,2.47039,2.55508
0.51,1,0.550782,0.078022,2.46589,2.51713
0.53,1,0.506933,0.0363318,2.40067,2.46547
0.55,1,0.458609,-0.00982285,2.30941,2.40449
0.57,1,0.414906,-0.0530611,2.31327,2.34503
0.59,1,0.382853,-0.0860871,2.31758,2.29837
0.61,1,0.368661,-0.102797,2.32162,2.27677
0.63,1,0.376101,-0.0983346,2.3781,2.28817
0.65,1,0.403926,-0.0739238,2.38246,2.32936
0.67,1,0.44307,-0.0376819,2.43892,2.38385
0.69,1,0.484308,0.00170648,2.4847,2.43748
0.71,1,0.519462,0.0360353,2.51219,2.48056
0.73,1,0.544556,0.0621941,2.48055,2.50999
0.75,1,0.557672,0.0771698,2.47867,2.52497
0.77,1,0.555123,0.0776841,2.47593,2.52208
0.79,1,0.538747,0.06429,2.47234,2.50327
0.81,1,0.512949,0.0413479,2.3916,2.47275
0.83,1,0.481036,0.0115938,2.38976,2.43336
0.85,1,0.449004,-0.0195896,2.33678,2.3918
0.87,1,0.422982,-0.0457098,2.33853,2.35636
0.89,1,0.406162,-0.0642786,2.34101,2.33258
0.91,1,0.403294,-0.069343,2.34481,2.32845
0.93,1,0.415533,-0.0602376,2.41224,2.34592
0.95,1,0.438198,-0.0404681,2.41527,2.37727
0.97,1,0.466736,-0.0142456,2.47782,2.41507
0.99,1,0.49252,0.0101952,2.47623,2.44775
