x,rho,E,F,T,Tr
0.01,1,0.533856,0.0195307,2.60172,2.49757
0.03,1,0.613141,0.117712,2.67875,2.58554
0.05,1,0.672787,0.179741,2.67217,2.64625
0.07,1,0.695221,0.20697,2.61116,2.66804
0.09,1,0.67846,0.19597,2.60376,2.65181
0.11,1,0.627128,0.150082,2.52066,2.60016
0.13,1,0.553434,0.0808263,2.41635,2.52016
0.15,1,0.4705,0.000400732,2.30534,2.41992
0.17,1,0.392444,-0.0769802,2.21036,2.31263
0.19,1,0.332865,-0.137918,2.15885,2.21936
0.21,1,0.302189,-0.170963,2.16864,2.16636
0.23,1,0.30606,-0.170801,2.23262,2.17327
0.25,1,0.342351,-0.138021,2.32611,2.23501
0.27,1,0.402027,-0.0818132,2.42231,2.32662
0.29,1,0.47145,-0.0143521,2.50514,2.42114
0.31,1,0.536548,0.0501208,2.60206,2.50071
0.33,1,0.585459,0.100299,2.59684,2.55585
0.35,1,0.612931,0.130289,2.59148,2.58532
0.37,1,0.61659,0.137535,2.52728,2.58917
0.39,1,0.595914,0.120543,2.52221,2.56719
0.41,1,0.554062,0.0816574,2.45837,2.52087
0.43,1,0.501935,0.0317524,2.38546,2.45937
0.45,1,0.446938,-0.022596,2.31487,2.38904
0.47,1,0.398582,-0.0713391,2.24685,2.32162
0.49,1,0.366173,-0.105289,2.25295,2.27291
0.51,1,0.354572,-0.119452,2.31837,2.25469
0.53,1,0.366609,-0.109828,2.32426,2.27359
0.55,1,0.40119,-0.078075,2.38882,2.32541
0.57,1,0.446357,-0.0341396,2.45251,2.38826
0.59,1,0.493189,0.0116325,2.54468,2.44858
0.61,1,0.531452,0.0505273,2.521,2.49475
0.63,1,0.556993,0.0779806,2.51674,2.5242
0.65,1,0.56842,0.0913434,2.51244,2.53705
0.67,1,0.563186,0.0888384,2.50837,2.53119
0.69,1,0.543827,0.071052,2.42644,2.50915
0.71,1,0.512094,0.0413741,2.42471,2.47172
0.73,1,0.475726,0.00491461,2.37563,2.42661
0.75,1,0.440182,-0.0307339,2.30677,2.37996
0.77,1,0.412372,-0.0601153,2.31151,2.34144
0.79,1,0.396208,-0.0778257,2.31662,2.31815
0.81,1,0.395666,-0.080346,2.3764,2.31736
0.83,1,0.410858,-0.0671123,2.41992,2.33929
0.85,1,0.438785,-0.0404823,2.42169,2.37807
0.87,1,0.469858,-0.00953362,2.4831,2.4191
0.89,1,0.498746,0.019955,2.48165,2.45545
0.91,1,0.520635,0.0430812,2.47944,2.48196
0.93,1,0.533683,0.0580935,2.47604,2.49737
0.95,1,0.536316,0.0626815,2.44588,2.50044
0.97,1,0.527986,0.0558286,2.44126,2.49068
0.99,1,0.51117,0.039826,2.40792,2.4706
