x,rho,E,F,T,Tr
0.01,1,0.271947,-0.217801,2.22213,2.11
0.03,1,0.329504,-0.154861,2.3474,2.21374
0.05,1,0.416923,-0.0718997,2.47182,2.34788
0.07,1,0.51111,0.0194758,2.56792,2.47053
0.09,1,0.594106,0.101601,2.61561,2.56524
0.11,1,0.65183,0.160996,2.60868,2.6254
0.13,1,0.676433,0.189124,2.60212,2.64983
0.15,1,0.664127,0.181518,2.59578,2.63769
0.17,1,0.619818,0.142124,2.5217,2.59255
0.19,1,0.553932,0.0808502,2.42712,2.52073
0.21,1,0.477828,0.00794289,2.32356,2.42929
0.23,1,0.404643,-0.0634021,2.21657,2.33039
0.25,1,0.347316,-0.120625,2.22492,2.24307
0.27,1,0.315193,-0.154444,2.23223,2.1893
0.29,1,0.314803,-0.157858,2.23923,2.18862
0.31,1,0.346181,-0.129652,2.32307,2.24123
0.33,1,0.400293,-0.0794488,2.41215,2.32411
0.35,1,0.464285,-0.0178703,2.49049,2.41189
0.37,1,0.525119,0.0408763,2.58799,2.48729
0.39,1,0.571806,0.0877127,2.58379,2.54082
0.41,1,0.600993,0.117807,2.58005,2.57264
0.43,1,0.606767,0.1263,2.52373,2.5788
0.45,1,0.589227,0.111648,2.52001,2.55995
0.47,1,0.552013,0.0778627,2.46261,2.51854
0.49,1,0.50466,0.0330785,2.39424,2.4627
0.51,1,0.453521,-0.0157133,2.3061,2.39779
0.53,1,0.408212,-0.0605191,2.31196,2.33552
0.55,1,0.374905,-0.0933951,2.31668,2.28635
0.57,1,0.361428,-0.10876,2.32079,2.26551
0.59,1,0.370575,-0.101266,2.32446,2.27971
0.61,1,0.401152,-0.0734488,2.38311,2.32535
0.63,1,0.442727,-0.0340126,2.44158,2.38339
0.65,1,0.485842,0.00733334,2.51659,2.43941
0.67,1,0.522171,0.0422996,2.51251,2.48379
0.69,1,0.549023,0.0692079,2.50936,2.51512
0.71,1,0.562636,0.0828397,2.50692,2.53057
0.73,1,0.55896,0.0811993,2.47284,2.52643
0.75,1,0.541217,0.0649106,2.4711,2.50613
0.77,1,0.513353,0.0393557,2.38587,2.47324
0.79,1,0.479278,0.00738342,2.38569,2.43113
0.81,1,0.445923,-0.02466,2.33329,2.38768
0.83,1,0.418234,-0.0513521,2.37022,2.34972
0.85,1,0.400449,-0.0690972,2.33939,2.32433
0.87,1,0.397709,-0.0723573,2.34109,2.32035
0.89,1,0.410899,-0.0604864,2.41365,2.33935
0.91,1,0.435441,-0.0378164,2.41446,2.37352
0.93,1,0.465176,-0.00984978,2.47966,2.41305
0.95,1,0.492607,0.0158204,2.47579,2.44786
0.97,1,0.514871,0.0368607,2.47276,2.47506
0.99,1,0.529609,0.0509277,2.47111,2.49259
