x,rho,E,F,T,Tr
0.01,1,0.625233,0.127374,2.49098,2.5982
0.03,1,0.520491,0.0481687,2.35212,2.48179
0.05,1,0.424573,-0.0455096,2.22581,2.35857
0.07,1,0.343057,-0.126489,2.13074,2.23616
0.09,1,0.289925,-0.181108,2.14207,2.14404
0.11,1,0.273233,-0.20066,2.15227,2.11249
0.13,1,0.295873,-0.181647,2.2485,2.15495
0.15,1,0.351396,-0.130091,2.36238,2.24963
0.17,1,0.427155,-0.057629,2.46937,2.36215
0.19,1,0.507076,0.020239,2.59305,2.46564
0.21,1,0.575839,0.0885139,2.58643,2.54529
0.23,1,0.623413,0.1377,2.57989,2.5963
0.25,1,0.643757,0.160754,2.5739,2.61723
0.27,1,0.632726,0.15345,2.56859,2.60595
0.29,1,0.595085,0.119437,2.50472,2.56629
0.31,1,0.539824,0.0675293,2.42426,2.50452
0.33,1,0.475783,0.00560264,2.33751,2.42669
0.35,1,0.413825,-0.0552055,2.24985,2.3435
0.37,1,0.365294,-0.104256,2.25762,2.27155
0.39,1,0.337827,-0.132978,2.26447,2.22759
0.41,1,0.337527,-0.135061,2.27056,2.22709
0.43,1,0.365248,-0.109888,2.34064,2.27148
0.45,1,0.411954,-0.0657995,2.41769,2.34085
0.47,1,0.466411,-0.0130789,2.52446,2.41465
0.49,1,0.516998,0.0365608,2.55075,2.47761
0.51,1,0.556251,0.0760689,2.54594,2.52336
0.53,1,0.58059,0.101517,2.54136,2.55052
0.55,1,0.585106,0.107547,2.53769,2.55547
0.57,1,0.569678,0.0942291,2.45637,2.53845
0.59,1,0.539274,0.0656686,2.45445,2.50388
0.61,1,0.498688,0.0269749,2.39723,2.45538
0.63,1,0.456078,-0.0152074,2.34486,2.40116
0.65,1,0.417708,-0.0531005,2.29701,2.34898
0.67,1,0.38982,-0.0812188,2.30225,2.30875
0.69,1,0.378346,-0.0933834,2.30627,2.29157
0.71,1,0.386861,-0.0861974,2.34401,2.30436
0.73,1,0.412209,-0.0617672,2.39296,2.34121
0.75,1,0.447578,-0.0276985,2.47825,2.38989
0.77,1,0.483585,0.00757322,2.47547,2.43657
0.79,1,0.514239,0.037893,2.47184,2.4743
0.81,1,0.536233,0.0600732,2.46798,2.50034
0.83,1,0.547263,0.0714467,2.46482,2.5131
0.85,1,0.544669,0.0694491,2.46286,2.51012
0.87,1,0.529663,0.0550032,2.46186,2.49265
0.89,1,0.506603,0.032229,2.3891,2.46506
0.91,1,0.478563,0.00505363,2.34223,2.43022
0.93,1,0.450161,-0.0231161,2.34703,2.39334
0.95,1,0.427279,-0.0457149,2.35166,2.36232
0.97,1,0.41248,-0.0604576,2.35509,2.3416
0.99,1,0.410376,-0.0624946,2.35685,2.33861
