x,rho,E,F,T,Tr
0.01,1,0.524388,0.0346637,2.35161,2.48642
0.03,1,0.417265,-0.0526003,2.2127,2.34836
0.05,1,0.335244,-0.134604,2.12572,2.22332
0.07,1,0.283045,-0.188694,2.13772,2.1312
0.09,1,0.268802,-0.206528,2.14887,2.10387
0.11,1,0.294307,-0.184854,2.25083,2.1521
0.13,1,0.352783,-0.13026,2.36842,2.25184
0.15,1,0.431239,-0.0549413,2.47668,2.36778
0.17,1,0.513073,0.0250224,2.59476,2.4729
0.19,1,0.582688,0.0945611,2.58817,2.55282
0.21,1,0.630281,0.144284,2.58134,2.60342
0.23,1,0.64902,0.166483,2.57498,2.62256
0.25,1,0.63566,0.157263,2.56902,2.60896
0.27,1,0.595368,0.120725,2.50189,2.5666
0.29,1,0.537551,0.0662161,2.41834,2.50188
0.31,1,0.471507,0.00205244,2.32974,2.42122
0.33,1,0.408599,-0.0603198,2.24779,2.33607
0.35,1,0.360121,-0.109851,2.25583,2.26346
0.37,1,0.333763,-0.13814,2.26352,2.22086
0.39,1,0.335677,-0.138939,2.27056,2.22404
0.41,1,0.365572,-0.111534,2.34446,2.27198
0.43,1,0.414379,-0.0652172,2.42273,2.34429
0.45,1,0.469992,-0.010644,2.52442,2.41927
0.47,1,0.521235,0.0397595,2.52032,2.48267
0.49,1,0.560711,0.0805963,2.5156,2.5284
0.51,1,0.584721,0.106016,2.55996,2.55505
0.53,1,0.587878,0.111592,2.53938,2.55849
0.55,1,0.57068,0.0968114,2.45379,2.53957
0.57,1,0.537898,0.0659914,2.45112,2.50228
0.59,1,0.49642,0.0256655,2.39247,2.45258
0.61,1,0.452712,-0.0177381,2.32365,2.39672
0.63,1,0.414234,-0.056715,2.29358,2.34408
0.65,1,0.386682,-0.0851428,2.29958,2.30409
0.67,1,0.376451,-0.0970865,2.34183,2.2887
0.69,1,0.38645,-0.0886896,2.3459,2.30375
0.71,1,0.413697,-0.0625837,2.44407,2.34332
0.73,1,0.450059,-0.0274051,2.47672,2.3932
0.75,1,0.48698,0.00950386,2.47482,2.44084
0.77,1,0.517243,0.0402933,2.47216,2.47791
0.79,1,0.539159,0.063241,2.46865,2.50375
0.81,1,0.549136,0.0748307,2.46484,2.51525
0.83,1,0.545385,0.0719256,2.46178,2.51095
0.85,1,0.528964,0.0568795,2.42224,2.49183
0.87,1,0.504791,0.0328219,2.42174,2.46286
0.89,1,0.475844,0.00390327,2.34091,2.42676
0.91,1,0.447824,-0.0248014,2.34467,2.39022
0.93,1,0.425018,-0.0483785,2.34936,2.35919
0.95,1,0.411092,-0.0635944,2.354,2.33962
0.97,1,0.410253,-0.065252,2.35748,2.33843
0.99,1,0.422551,-0.0535011,2.42056,2.35576
