x,rho,E,F,T,Tr
0.01,1,0.642272,0.122923,2.68462,2.61572
0.03,1,0.68741,0.192971,2.66555,2.66051
0.05,1,0.703342,0.214316,2.6578,2.6758
0.07,1,0.678777,0.196098,2.59749,2.65212
0.09,1,0.621243,0.144142,2.50719,2.59404
0.11,1,0.541907,0.0698284,2.3971,2.50693
0.13,1,0.455904,-0.0137596,2.27883,2.40093
0.15,1,0.377506,-0.0913357,2.14738,2.2903
0.17,1,0.320591,-0.14964,2.15701,2.19862
0.19,1,0.294925,-0.178471,2.16675,2.15322
0.21,1,0.305147,-0.172328,2.24068,2.17164
0.23,1,0.347568,-0.134123,2.3398,2.24348
0.25,1,0.411866,-0.0735529,2.43813,2.34073
0.27,1,0.484187,-0.00372233,2.51945,2.43733
0.29,1,0.549435,0.0609978,2.6053,2.51559
0.31,1,0.596571,0.10947,2.60035,2.56789
0.33,1,0.620934,0.136915,2.59498,2.59372
0.35,1,0.619925,0.139778,2.52163,2.59266
0.37,1,0.594299,0.118747,2.51634,2.56545
0.39,1,0.548515,0.0763997,2.44774,2.51454
0.41,1,0.493095,0.023612,2.37163,2.44847
0.43,1,0.436478,-0.0320485,2.25487,2.37494
0.45,1,0.388293,-0.0806059,2.26048,2.30649
0.47,1,0.357727,-0.11306,2.26676,2.25969
0.49,1,0.350449,-0.123456,2.32542,2.24811
0.51,1,0.368763,-0.108587,2.33144,2.27692
0.53,1,0.406595,-0.0738003,2.3993,2.3332
0.55,1,0.454849,-0.0279395,2.46292,2.39954
0.57,1,0.502469,0.0187365,2.54503,2.46002
0.59,1,0.540416,0.0567553,2.54189,2.50521
0.61,1,0.564137,0.0829267,2.53828,2.53226
0.63,1,0.572251,0.0936531,2.53388,2.54131
0.65,1,0.564214,0.088928,2.50701,2.53234
0.67,1,0.542002,0.0695957,2.41904,2.50704
0.69,1,0.506995,0.0367386,2.41376,2.46554
0.71,1,0.468663,-0.000523548,2.32656,2.41756
0.73,1,0.432621,-0.0366693,2.30559,2.36967
0.75,1,0.405213,-0.0653995,2.3095,2.33122
0.77,1,0.391437,-0.0814187,2.33732,2.31114
0.79,1,0.394636,-0.0811234,2.34231,2.31585
0.81,1,0.41316,-0.0650946,2.42637,2.34256
0.83,1,0.443598,-0.0372416,2.4288,2.38456
0.85,1,0.476795,-0.00514761,2.4792,2.42798
0.87,1,0.505556,0.0237766,2.47797,2.46379
0.89,1,0.526991,0.0463631,2.47667,2.4895
0.91,1,0.538398,0.0603679,2.47463,2.50286
0.93,1,0.538765,0.0632119,2.49186,2.50329
0.95,1,0.527986,0.0551652,2.43864,2.49068
0.97,1,0.50881,0.0380568,2.43579,2.46775
0.99,1,0.484385,0.0147782,2.37184,2.43758
