x,rho,E,F,T,Tr
0.01,1,0.712942,0.197477,2.67252,2.68488
0.03,1,0.708465,0.22226,2.65338,2.68066
0.05,1,0.674522,0.195136,2.58391,2.64795
0.07,1,0.608515,0.135161,2.48474,2.58065
0.09,1,0.523184,0.0549151,2.36742,2.48499
0.11,1,0.434405,-0.0313665,2.24889,2.37211
0.13,1,0.357019,-0.108047,2.14656,2.25857
0.15,1,0.304717,-0.161709,2.15595,2.17088
0.17,1,0.285691,-0.183878,2.16539,2.13617
0.19,1,0.303886,-0.169806,2.25058,2.1694
0.21,1,0.353598,-0.124714,2.35533,2.25314
0.23,1,0.422923,-0.0591142,2.4544,2.35628
0.25,1,0.497142,0.0125801,2.58169,2.45347
0.27,1,0.561587,0.0762115,2.57626,2.52939
0.29,1,0.606591,0.12266,2.57124,2.57861
0.31,1,0.627523,0.146723,2.56595,2.60057
0.33,1,0.619571,0.143006,2.5605,2.59229
0.35,1,0.586616,0.114546,2.50277,2.55711
0.37,1,0.536989,0.0688156,2.42878,2.50123
0.39,1,0.477981,0.0130576,2.34762,2.42948
0.41,1,0.420359,-0.0435551,2.25627,2.3527
0.43,1,0.373726,-0.0901358,2.26181,2.28455
0.45,1,0.346681,-0.119482,2.26733,2.24204
0.47,1,0.344192,-0.124348,2.27365,2.23801
0.49,1,0.36844,-0.103922,2.33722,2.27642
0.51,1,0.410766,-0.0649551,2.40805,2.33916
0.53,1,0.461726,-0.0168584,2.47049,2.40856
0.55,1,0.509387,0.0295692,2.53933,2.46844
0.57,1,0.545987,0.065865,2.53643,2.51164
0.59,1,0.568819,0.0906399,2.5333,2.53749
0.61,1,0.573723,0.098081,2.52961,2.54294
0.63,1,0.561011,0.0886013,2.45755,2.52874
0.65,1,0.534306,0.0654916,2.45405,2.49809
0.67,1,0.496641,0.0306086,2.40118,2.45286
0.69,1,0.456526,-0.00766408,2.34943,2.40175
0.71,1,0.420084,-0.0436025,2.33154,2.35231
0.73,1,0.393918,-0.0704337,2.33407,2.3148
0.75,1,0.382351,-0.0839108,2.33721,2.29761
0.77,1,0.389478,-0.079856,2.34129,2.30825
0.79,1,0.412459,-0.0596637,2.38724,2.34157
0.81,1,0.445097,-0.0299426,2.47176,2.38658
0.83,1,0.479445,0.00231212,2.46853,2.43134
0.85,1,0.508667,0.0307051,2.46649,2.46757
0.87,1,0.529268,0.0518467,2.46539,2.49219
0.89,1,0.539514,0.0635609,2.46438,2.50416
0.91,1,0.537428,0.0639501,2.46253,2.50174
0.93,1,0.523612,0.05324,2.45954,2.4855
0.95,1,0.501834,0.0341196,2.42466,2.45924
0.97,1,0.475525,0.0100592,2.34666,2.42636
0.99,1,0.44848,-0.0156113,2.3483,2.3911
