x,rho,E,F,T,Tr
0.01,1,0.718234,0.208629,2.63979,2.68985
0.03,1,0.650935,0.171694,2.53876,2.6245
0.05,1,0.568912,0.0951922,2.42365,2.5376
0.07,1,0.475706,0.00599094,2.29883,2.42659
0.09,1,0.387824,-0.0801841,2.18834,2.30579
0.11,1,0.319881,-0.148268,2.12207,2.1974
0.13,1,0.283825,-0.186434,2.13119,2.13267
0.15,1,0.28521,-0.188269,2.20015,2.13527
0.17,1,0.322823,-0.154833,2.30366,2.20243
0.19,1,0.38711,-0.0945735,2.41182,2.30473
0.21,1,0.463967,-0.0208536,2.50423,2.41148
0.23,1,0.538124,0.0513546,2.6193,2.50255
0.25,1,0.595676,0.108911,2.6143,2.56693
0.27,1,0.628061,0.143418,2.60963,2.60113
0.29,1,0.634389,0.153011,2.54254,2.60766
0.31,1,0.613001,0.135718,2.53764,2.58539
0.33,1,0.567294,0.0937945,2.46787,2.53579
0.35,1,0.50895,0.0390872,2.38647,2.46792
0.37,1,0.446806,-0.021041,2.30491,2.38886
0.39,1,0.391241,-0.0755658,2.22353,2.31085
0.41,1,0.353012,-0.114281,2.22828,2.25221
0.43,1,0.338288,-0.130655,2.29844,2.22835
0.45,1,0.350826,-0.120959,2.30343,2.24872
0.47,1,0.387005,-0.0874925,2.37547,2.30457
0.49,1,0.43732,-0.0406055,2.44499,2.37608
0.51,1,0.489909,0.0104112,2.50106,2.4445
0.53,1,0.535008,0.0541016,2.55118,2.49892
0.55,1,0.565074,0.084585,2.54786,2.53331
0.57,1,0.579027,0.0999422,2.54501,2.5488
0.59,1,0.575334,0.0982639,2.48328,2.54473
0.61,1,0.554581,0.0801746,2.48058,2.52146
0.63,1,0.518876,0.0469707,2.42887,2.47986
0.65,1,0.4779,0.00820755,2.37198,2.42938
0.67,1,0.436907,-0.0308721,2.29229,2.37552
0.69,1,0.404147,-0.0634171,2.31586,2.32968
0.71,1,0.384334,-0.0830895,2.31886,2.30059
0.73,1,0.382139,-0.0869761,2.36312,2.2973
0.75,1,0.39754,-0.0730189,2.36541,2.3201
0.77,1,0.428334,-0.0447295,2.45523,2.36378
0.79,1,0.464014,-0.0111992,2.48908,2.41154
0.81,1,0.498123,0.0208018,2.50548,2.45468
0.83,1,0.523766,0.0459112,2.48195,2.48568
0.85,1,0.540281,0.061991,2.48002,2.50505
0.87,1,0.544532,0.0672886,2.47879,2.50996
0.89,1,0.53647,0.0601838,2.47746,2.50062
0.91,1,0.517953,0.0436839,2.41065,2.47876
0.93,1,0.49231,0.0200465,2.41004,2.44749
0.95,1,0.463689,-0.00661727,2.35927,2.41112
0.97,1,0.437998,-0.0306605,2.36293,2.377
0.99,1,0.418728,-0.0490811,2.36493,2.35041
