x,rho,E,F,T,Tr
0.01,1,0.371514,-0.108062,2.15199,2.28116
0.03,1,0.294943,-0.172932,2.08644,2.15326
0.05,1,0.261218,-0.209793,2.09859,2.08888
0.07,1,0.268703,-0.206429,2.18562,2.10368
0.09,1,0.31465,-0.165197,2.30562,2.18836
0.11,1,0.388345,-0.095668,2.42587,2.30657
0.13,1,0.474406,-0.0125895,2.52586,2.42493
0.15,1,0.555039,0.0672008,2.61814,2.52198
0.17,1,0.616169,0.129615,2.6116,2.58873
0.19,1,0.650097,0.167309,2.60496,2.62365
0.21,1,0.651299,0.172862,2.59809,2.62486
0.23,1,0.62116,0.14795,2.53908,2.59395
0.25,1,0.568323,0.0994062,2.45809,2.53694
0.27,1,0.501583,0.0360255,2.36561,2.45894
0.29,1,0.43275,-0.0316482,2.27702,2.36985
0.31,1,0.373302,-0.0912339,2.21395,2.2839
0.33,1,0.334622,-0.132088,2.22193,2.22229
0.35,1,0.322752,-0.146757,2.23021,2.20231
0.37,1,0.341563,-0.131707,2.29875,2.23372
0.39,1,0.384154,-0.0920862,2.38084,2.30032
0.41,1,0.44079,-0.0382494,2.45684,2.38078
0.43,1,0.498599,0.0185247,2.56731,2.45527
0.45,1,0.546808,0.0665154,2.56304,2.51258
0.47,1,0.577834,0.100277,2.55847,2.54749
0.49,1,0.590482,0.115288,2.55342,2.56132
0.51,1,0.581865,0.110657,2.48008,2.55192
0.53,1,0.555972,0.0875225,2.47578,2.52304
0.55,1,0.514938,0.0495231,2.41657,2.47514
0.57,1,0.469078,0.00470094,2.35267,2.41809
0.59,1,0.424622,-0.0394632,2.27104,2.35864
0.61,1,0.390293,-0.0752321,2.27587,2.30945
0.63,1,0.371138,-0.0963076,2.28167,2.28058
0.65,1,0.372527,-0.0978258,2.35878,2.28271
0.67,1,0.393311,-0.0799181,2.36342,2.3139
0.69,1,0.428662,-0.0466978,2.41938,2.36423
0.71,1,0.468632,-0.00810539,2.48979,2.41752
0.73,1,0.504535,0.0276462,2.48774,2.46255
0.75,1,0.531077,0.0556743,2.48551,2.49431
0.77,1,0.546366,0.0731497,2.48254,2.51207
0.79,1,0.548249,0.0778034,2.47867,2.51424
0.81,1,0.536936,0.0691197,2.47465,2.50116
0.83,1,0.515208,0.0492656,2.39646,2.47547
0.85,1,0.485857,0.0212803,2.39504,2.43943
0.87,1,0.454552,-0.0101744,2.32501,2.39915
0.89,1,0.427693,-0.0377699,2.32768,2.3629
0.91,1,0.408876,-0.0588001,2.33162,2.33647
0.93,1,0.402161,-0.0677116,2.3365,2.32681
0.95,1,0.409691,-0.0627494,2.39817,2.33763
0.97,1,0.428563,-0.0459376,2.40028,2.3641
0.99,1,0.45469,-0.0210089,2.45525,2.39933
