x,rho,E,F,T,Tr
0.01,1,0.676023,0.156651,2.6632,2.64943
0.03,1,0.702999,0.211055,2.64411,2.67547
0.05,1,0.699669,0.213706,2.63615,2.6723
0.07,1,0.657634,0.177999,2.55999,2.63122
0.09,1,0.587147,0.113149,2.45748,2.55769
0.11,1,0.501578,0.0317056,2.34128,2.45893
0.13,1,0.416211,-0.0517927,2.23269,2.34687
0.15,1,0.345576,-0.122689,2.17263,2.24025
0.17,1,0.302032,-0.168582,2.18213,2.16608
0.19,1,0.292486,-0.181875,2.1921,2.14876
0.21,1,0.319092,-0.159571,2.28289,2.19604
0.23,1,0.37399,-0.108917,2.38582,2.28495
0.25,1,0.444702,-0.0415395,2.47884,2.38605
0.27,1,0.515881,0.027831,2.56865,2.47627
0.29,1,0.574418,0.0864357,2.56369,2.54371
0.31,1,0.613534,0.127734,2.55854,2.58596
0.33,1,0.626997,0.145119,2.55319,2.60003
0.35,1,0.612514,0.134979,2.54737,2.58488
0.37,1,0.575167,0.101654,2.48623,2.54454
0.39,1,0.523653,0.0535301,2.41184,2.48555
0.41,1,0.46565,-0.00243915,2.33574,2.41366
0.43,1,0.411182,-0.0562634,2.27725,2.33975
0.45,1,0.370145,-0.0983828,2.28293,2.27905
0.47,1,0.34921,-0.122004,2.28884,2.24612
0.49,1,0.353558,-0.120822,2.29551,2.25308
0.51,1,0.382799,-0.0951463,2.36108,2.29829
0.53,1,0.427314,-0.0535752,2.42844,2.36237
0.55,1,0.477106,-0.00612443,2.48461,2.42837
0.57,1,0.521132,0.0375053,2.53505,2.48255
0.59,1,0.554092,0.0713125,2.53188,2.52091
0.61,1,0.572774,0.0924396,2.52833,2.54189
0.63,1,0.573094,0.0955833,2.52401,2.54225
0.65,1,0.555949,0.0822224,2.44689,2.52302
0.67,1,0.526802,0.0558549,2.44331,2.48928
0.69,1,0.488808,0.0200807,2.38997,2.44313
0.71,1,0.450598,-0.0175626,2.34566,2.39391
0.73,1,0.417568,-0.0506728,2.3135,2.34879
0.75,1,0.395032,-0.0750923,2.31724,2.31643
0.77,1,0.388138,-0.0842984,2.32208,2.30626
0.79,1,0.399535,-0.0760903,2.40084,2.323
0.81,1,0.425222,-0.053443,2.40425,2.35947
0.83,1,0.458192,-0.02237,2.46543,2.40394
0.85,1,0.490344,0.00829252,2.46348,2.44504
0.87,1,0.516681,0.0353003,2.46248,2.47723
0.89,1,0.53476,0.0546259,2.46169,2.49863
0.91,1,0.541863,0.0642949,2.48601,2.50688
0.93,1,0.536522,0.0616115,2.48247,2.50068
0.95,1,0.52032,0.04837,2.42236,2.48158
0.97,1,0.497647,0.0278947,2.4197,2.4541
0.99,1,0.471675,0.00312193,2.35827,2.42143
