x,rho,E,F,T,Tr
0.01,1,0.644845,0.129303,2.68047,2.61834
0.03,1,0.687745,0.197501,2.66136,2.66084
0.05,1,0.701347,0.216395,2.65343,2.6739
0.07,1,0.674424,0.195965,2.59099,2.64786
0.09,1,0.614934,0.142398,2.49866,2.58743
0.11,1,0.53464,0.066962,2.38664,2.49849
0.13,1,0.448301,-0.0167089,2.2689,2.39086
0.15,1,0.37076,-0.0938022,2.14506,2.28
0.17,1,0.315303,-0.150604,2.15446,2.18949
0.19,1,0.291526,-0.17768,2.16438,2.14699
0.21,1,0.303686,-0.16947,2.24122,2.16904
0.23,1,0.347677,-0.129576,2.34143,2.24365
0.25,1,0.412876,-0.0680838,2.4394,2.34216
0.27,1,0.485052,0.00187394,2.51876,2.43842
0.29,1,0.549541,0.0658541,2.60161,2.51572
0.31,1,0.595955,0.113569,2.59649,2.56723
0.33,1,0.61932,0.140344,2.59111,2.59203
0.35,1,0.616078,0.141209,2.51447,2.58863
0.37,1,0.588374,0.11782,2.50894,2.55903
0.39,1,0.542249,0.0752773,2.43924,2.50733
0.41,1,0.486244,0.0219903,2.35925,2.43992
0.43,1,0.429755,-0.0337163,2.2513,2.36574
0.45,1,0.382217,-0.0814982,2.25711,2.29741
0.47,1,0.352847,-0.113213,2.26335,2.25195
0.49,1,0.346753,-0.122171,2.2702,2.24216
0.51,1,0.366467,-0.105806,2.32949,2.27337
0.53,1,0.405183,-0.0701905,2.398,2.33117
0.55,1,0.453724,-0.0238729,2.46122,2.39806
0.57,1,0.500987,0.0226352,2.53958,2.45821
0.59,1,0.538083,0.0601265,2.53646,2.5025
0.61,1,0.561345,0.0853247,2.53268,2.52912
0.63,1,0.568203,0.0953489,2.52843,2.53681
0.65,1,0.559421,0.0894535,2.50013,2.52695
0.67,1,0.536316,0.0694735,2.41028,2.50044
0.69,1,0.500771,0.0360322,2.40768,2.45794
0.71,1,0.462073,-0.00139271,2.32218,2.40901
0.73,1,0.426144,-0.037476,2.32506,2.36075
0.75,1,0.399366,-0.0656696,2.32848,2.32276
0.77,1,0.386209,-0.081163,2.33283,2.30339
0.79,1,0.390314,-0.0798476,2.33784,2.30948
0.81,1,0.409971,-0.0627387,2.42291,2.33803
0.83,1,0.440557,-0.0345915,2.47386,2.38047
0.85,1,0.473999,-0.00241104,2.47175,2.42441
0.87,1,0.502385,0.0260167,2.47051,2.45992
0.89,1,0.523388,0.0483754,2.46934,2.48524
0.91,1,0.534258,0.0616628,2.46728,2.49804
0.93,1,0.533905,0.0640374,2.46413,2.49763
0.95,1,0.522616,0.0552589,2.43081,2.48432
0.97,1,0.502866,0.0378415,2.39506,2.46051
0.99,1,0.478119,0.0143158,2.39345,2.42966
