x,rho,E,F,T,Tr
0.01,1,0.692817,0.186324,2.59226,2.66573
0.03,1,0.606868,0.129229,2.47318,2.5789
0.05,1,0.514495,0.041627,2.34811,2.47461
0.07,1,0.421322,-0.0492716,2.22686,2.35405
0.09,1,0.342747,-0.127085,2.14457,2.23566
0.11,1,0.292474,-0.178712,2.15493,2.14874
0.13,1,0.278296,-0.195967,2.16426,2.12221
0.15,1,0.302606,-0.175359,2.25968,2.16711
0.17,1,0.358544,-0.123498,2.37078,2.26098
0.19,1,0.4334,-0.0521195,2.47374,2.37074
0.21,1,0.51125,0.0233714,2.58619,2.4707
0.23,1,0.577347,0.0886199,2.57975,2.54695
0.25,1,0.622551,0.135187,2.57377,2.59541
0.27,1,0.640794,0.156062,2.5685,2.61421
0.29,1,0.628344,0.147473,2.56354,2.60142
0.31,1,0.590325,0.113211,2.50011,2.56115
0.33,1,0.535651,0.0621097,2.4211,2.49967
0.35,1,0.472946,0.00175888,2.33731,2.42306
0.37,1,0.412902,-0.0569687,2.26021,2.3422
0.39,1,0.366115,-0.103342,2.26716,2.27282
0.41,1,0.340601,-0.130215,2.27325,2.23215
0.43,1,0.342147,-0.13108,2.27838,2.23468
0.45,1,0.370679,-0.105253,2.34793,2.27987
0.47,1,0.417197,-0.0615479,2.42245,2.34826
0.49,1,0.470609,-0.0101972,2.48299,2.42006
0.51,1,0.519561,0.037395,2.5466,2.48068
0.53,1,0.557518,0.074855,2.54204,2.5248
0.55,1,0.580294,0.0987149,2.53838,2.5502
0.57,1,0.583532,0.103463,2.53526,2.55375
0.59,1,0.567439,0.0896863,2.45473,2.53595
0.61,1,0.537091,0.0615102,2.45278,2.50134
0.63,1,0.49698,0.023455,2.39829,2.45327
0.65,1,0.454992,-0.0169236,2.29913,2.39973
0.67,1,0.417796,-0.0531019,2.33972,2.34911
0.69,1,0.391235,-0.0797107,2.30846,2.31085
0.71,1,0.380784,-0.0904071,2.34672,2.29526
0.73,1,0.390301,-0.0826851,2.39532,2.30946
0.75,1,0.416256,-0.058341,2.3967,2.34694
0.77,1,0.451187,-0.025265,2.47627,2.3947
0.79,1,0.486542,0.00848251,2.47267,2.44029
0.81,1,0.516463,0.0373823,2.46883,2.47697
0.83,1,0.537725,0.058247,2.46568,2.50208
0.85,1,0.547952,0.0685502,2.46373,2.51389
0.87,1,0.544766,0.0659197,2.46273,2.51023
0.89,1,0.529113,0.0517218,2.46196,2.492
0.91,1,0.505802,0.0293808,2.42623,2.46409
0.93,1,0.478011,0.00315925,2.34936,2.42952
0.95,1,0.450023,-0.0233965,2.35398,2.39315
0.97,1,0.427662,-0.0447365,2.35742,2.36285
0.99,1,0.413545,-0.0582415,2.35919,2.34311
