x,rho,E,F,T,Tr
0.01,1,0.686657,0.181093,2.58222,2.65978
0.03,1,0.597833,0.120909,2.46034,2.56925
0.05,1,0.504382,0.0318003,2.33421,2.46236
0.07,1,0.411755,-0.058612,2.21611,2.34057
0.09,1,0.335535,-0.134408,2.1522,2.2238
0.11,1,0.288691,-0.182811,2.16259,2.14176
0.13,1,0.278591,-0.196085,2.17198,2.12277
0.15,1,0.306818,-0.171627,2.27091,2.17461
0.17,1,0.365666,-0.116919,2.38242,2.27213
0.19,1,0.441853,-0.0440383,2.48299,2.38222
0.21,1,0.519144,0.0311066,2.58054,2.48018
0.23,1,0.583268,0.0947099,2.57419,2.55346
0.25,1,0.626301,0.139429,2.56826,2.5993
0.27,1,0.641399,0.15735,2.56297,2.61483
0.29,1,0.625866,0.145691,2.55793,2.59885
0.31,1,0.585646,0.108624,2.49226,2.55605
0.33,1,0.529345,0.0560402,2.41243,2.49228
0.35,1,0.466373,-0.00489329,2.32966,2.4146
0.37,1,0.406985,-0.0627598,2.26649,2.33376
0.39,1,0.362461,-0.107813,2.27363,2.26713
0.41,1,0.33918,-0.132002,2.27951,2.22982
0.43,1,0.343796,-0.130087,2.28472,2.23736
0.45,1,0.374548,-0.101486,2.3557,2.2858
0.47,1,0.42273,-0.0566531,2.42797,2.35601
0.49,1,0.476376,-0.00466131,2.48994,2.42744
0.51,1,0.524756,0.0426976,2.56024,2.48686
0.53,1,0.560833,0.0781765,2.55653,2.52854
0.55,1,0.581434,0.1001,2.53587,2.55145
0.57,1,0.582857,0.102974,2.53278,2.55301
0.59,1,0.565596,0.0877396,2.44899,2.53389
0.61,1,0.532897,0.0579527,2.4474,2.49645
0.63,1,0.492546,0.0192236,2.38948,2.44778
0.65,1,0.450669,-0.0211079,2.302,2.39401
0.67,1,0.414558,-0.0565177,2.3447,2.34454
0.69,1,0.389296,-0.08195,2.34873,2.30798
0.71,1,0.380805,-0.0910533,2.35173,2.29529
0.73,1,0.392166,-0.0811966,2.35408,2.31222
0.75,1,0.419784,-0.0551955,2.40142,2.3519
0.77,1,0.454856,-0.0216151,2.4725,2.39955
0.79,1,0.490416,0.0120659,2.46894,2.44513
0.81,1,0.518792,0.0402028,2.46527,2.47976
0.83,1,0.539666,0.0601257,2.5127,2.50434
0.85,1,0.548351,0.069277,2.48907,2.51435
0.87,1,0.543849,0.0650969,2.48793,2.50918
0.89,1,0.527174,0.0498259,2.42254,2.48972
0.91,1,0.503201,0.0271082,2.42245,2.46092
0.93,1,0.474867,5.09706e-06,2.35172,2.42552
0.95,1,0.447676,-0.0257676,2.35636,2.39002
0.97,1,0.425732,-0.046674,2.35979,2.36018
0.99,1,0.412696,-0.0591289,2.39082,2.3419
