x,rho,E,F,T,Tr
0.01,1,0.484016,-0.00417708,2.29706,2.43712
0.03,1,0.38116,-0.0893223,2.16676,2.29582
0.05,1,0.309039,-0.162523,2.09554,2.17854
0.07,1,0.271071,-0.203141,2.10724,2.1083
0.09,1,0.273151,-0.204903,2.18377,2.11233
0.11,1,0.313363,-0.168688,2.29711,2.18612
0.13,1,0.382457,-0.103705,2.41421,2.29777
0.15,1,0.465373,-0.0237087,2.51495,2.4133
0.17,1,0.545136,0.055251,2.58396,2.51066
0.19,1,0.607313,0.118421,2.63141,2.57938
0.21,1,0.643159,0.157106,2.62541,2.61662
0.23,1,0.649152,0.166978,2.55267,2.6227
0.25,1,0.624865,0.147258,2.54685,2.59781
0.27,1,0.57565,0.101687,2.47115,2.54508
0.29,1,0.512367,0.0415387,2.38298,2.47205
0.31,1,0.445547,-0.0243952,2.29548,2.38718
0.33,1,0.385977,-0.0838236,2.21947,2.30304
0.35,1,0.345324,-0.126312,2.22775,2.23985
0.37,1,0.33003,-0.143829,2.23558,2.21462
0.39,1,0.344633,-0.132635,2.29784,2.23872
0.41,1,0.383251,-0.0963578,2.37632,2.29896
0.43,1,0.437074,-0.0450641,2.45094,2.37575
0.45,1,0.493629,0.0107054,2.5107,2.44913
0.47,1,0.54201,0.0589918,2.56468,2.50705
0.49,1,0.57394,0.092846,2.55994,2.54319
0.51,1,0.58844,0.109361,2.55525,2.5591
0.53,1,0.583853,0.107886,2.48851,2.5541
0.55,1,0.561436,0.0880163,2.48477,2.52922
0.57,1,0.523056,0.0513058,2.4288,2.48484
0.59,1,0.479163,0.00842635,2.36739,2.43099
0.61,1,0.435735,-0.0353189,2.2801,2.37393
0.63,1,0.400414,-0.0713064,2.28578,2.32428
0.65,1,0.380251,-0.0932641,2.29138,2.29445
0.67,1,0.378521,-0.0966312,2.36021,2.29184
0.69,1,0.395668,-0.0818521,2.41655,2.31736
0.71,1,0.428658,-0.0505384,2.41837,2.36423
0.73,1,0.466837,-0.0126163,2.46314,2.4152
0.75,1,0.502201,0.0228234,2.51725,2.45969
0.77,1,0.529258,0.0512324,2.51366,2.49217
0.79,1,0.545828,0.0692362,2.50952,2.51146
0.81,1,0.549721,0.0748661,2.48429,2.51592
0.83,1,0.540898,0.0675447,2.48129,2.50576
0.85,1,0.521515,0.0493045,2.40871,2.48301
0.87,1,0.494262,0.0221326,2.40831,2.44991
0.89,1,0.464528,-0.00780056,2.35296,2.41221
0.91,1,0.437816,-0.0356075,2.33532,2.37676
0.93,1,0.418336,-0.0563801,2.36088,2.34986
0.95,1,0.409854,-0.0664861,2.36552,2.33786
0.97,1,0.414632,-0.0630968,2.36916,2.34465
0.99,1,0.431147,-0.0473409,2.4025,2.36765
