x,rho,E,F,T,Tr
0.01,1,0.613824,0.0978929,2.65202,2.58626
0.03,1,0.670061,0.177573,2.63301,2.64357
0.05,1,0.699282,0.211548,2.62508,2.67193
0.07,1,0.687382,0.20588,2.61724,2.66049
0.09,1,0.639431,0.163787,2.53608,2.61282
0.11,1,0.566428,0.0957482,2.43128,2.53482
0.13,1,0.481688,0.0142522,2.31432,2.43418
0.15,1,0.400331,-0.0661803,2.18306,2.32416
0.17,1,0.336056,-0.131122,2.19273,2.22466
0.19,1,0.299764,-0.170312,2.20256,2.162
0.21,1,0.297671,-0.176035,2.21229,2.15822
0.23,1,0.330538,-0.147344,2.3057,2.21547
0.25,1,0.388641,-0.0929393,2.40567,2.307
0.27,1,0.459071,-0.0250701,2.49184,2.40509
0.29,1,0.527039,0.0418649,2.60629,2.48956
0.31,1,0.580628,0.0960253,2.6014,2.55056
0.33,1,0.612989,0.131177,2.59623,2.58538
0.35,1,0.620558,0.142461,2.53723,2.59333
0.37,1,0.601979,0.128211,2.5316,2.57369
0.39,1,0.561595,0.0913621,2.46788,2.5294
0.41,1,0.509144,0.0417818,2.39137,2.46815
0.43,1,0.452692,-0.0133592,2.28505,2.39669
0.45,1,0.401764,-0.0641947,2.2904,2.32624
0.47,1,0.365128,-0.102509,2.2962,2.27129
0.49,1,0.349448,-0.121207,2.30244,2.2465
0.51,1,0.358838,-0.114886,2.30908,2.26145
0.53,1,0.391392,-0.0852397,2.37491,2.31108
0.55,1,0.436868,-0.0424409,2.49208,2.37547
0.57,1,0.485041,0.00462646,2.49215,2.43841
0.59,1,0.526445,0.0461472,2.52576,2.48886
0.61,1,0.554622,0.0761975,2.52225,2.52151
0.63,1,0.569207,0.093073,2.51804,2.53793
0.65,1,0.56591,0.093119,2.51347,2.53424
0.67,1,0.547455,0.0769228,2.43262,2.51332
0.69,1,0.515866,0.0485186,2.42979,2.47626
0.71,1,0.478932,0.0119947,2.37708,2.43069
0.73,1,0.44195,-0.0243753,2.29842,2.38235
0.75,1,0.412271,-0.0557564,2.30221,2.3413
0.77,1,0.392727,-0.076722,2.30713,2.31305
0.79,1,0.389714,-0.0825451,2.3642,2.3086
0.81,1,0.403627,-0.071399,2.36852,2.32893
0.83,1,0.43131,-0.0457626,2.41235,2.36788
0.85,1,0.463112,-0.0149745,2.48444,2.41037
0.87,1,0.493934,0.0155188,2.48322,2.44951
0.89,1,0.516954,0.0400533,2.48184,2.47756
0.91,1,0.532582,0.0576063,2.47935,2.49608
0.93,1,0.537009,0.0646182,2.4758,2.50125
0.95,1,0.529425,0.059611,2.472,2.49237
0.97,1,0.512317,0.0443382,2.44326,2.47199
0.99,1,0.489907,0.0230485,2.38893,2.4445
