x,rho,E,F,T,Tr
0.01,1,0.268774,-0.220908,2.21169,2.10382
0.03,1,0.323409,-0.16102,2.33626,2.20343
0.05,1,0.409125,-0.0797447,2.46222,2.33682
0.07,1,0.503417,0.0113429,2.56118,2.46118
0.09,1,0.587804,0.0947008,2.62081,2.55841
0.11,1,0.648004,0.156107,2.6138,2.62154
0.13,1,0.675565,0.187254,2.60734,2.64898
0.15,1,0.666383,0.182731,2.60102,2.63993
0.17,1,0.624677,0.145939,2.52936,2.59762
0.19,1,0.560431,0.086465,2.43664,2.52809
0.21,1,0.484989,0.0142464,2.3321,2.43834
0.23,1,0.4111,-0.0575441,2.21121,2.33964
0.25,1,0.351857,-0.116551,2.21961,2.25036
0.27,1,0.317517,-0.152584,2.22697,2.19333
0.29,1,0.314267,-0.158704,2.23416,2.18769
0.31,1,0.343185,-0.133099,2.3161,2.23637
0.33,1,0.395463,-0.0843498,2.40523,2.31706
0.35,1,0.459041,-0.0236321,2.48303,2.40505
0.37,1,0.520294,0.0356306,2.54187,2.48155
0.39,1,0.568595,0.0837429,2.53683,2.53724
0.41,1,0.599845,0.115912,2.53236,2.57141
0.43,1,0.607803,0.126603,2.5285,2.5799
0.45,1,0.591689,0.113122,2.52462,2.56262
0.47,1,0.555932,0.0809602,2.46864,2.523
0.49,1,0.509511,0.0370097,2.40005,2.46859
0.51,1,0.458395,-0.0117102,2.30204,2.4042
0.53,1,0.412144,-0.057121,2.30804,2.34112
0.55,1,0.377727,-0.0911478,2.31285,2.29064
0.57,1,0.362354,-0.108166,2.3169,2.26697
0.59,1,0.369554,-0.102591,2.32061,2.27814
0.61,1,0.398726,-0.0764913,2.37854,2.32183
0.63,1,0.439441,-0.0377185,2.43811,2.37896
0.65,1,0.483063,0.00362318,2.51935,2.43592
0.67,1,0.520114,0.0394159,2.51531,2.48134
0.69,1,0.547674,0.0668107,2.51216,2.51358
0.71,1,0.562276,0.0817354,2.50972,2.53016
0.73,1,0.560054,0.0812748,2.47719,2.52766
0.75,1,0.543462,0.0663633,2.4753,2.50873
0.77,1,0.516675,0.0418452,2.39005,2.47723
0.79,1,0.482736,0.0100243,2.38964,2.4355
0.81,1,0.448949,-0.0222428,2.33214,2.39172
0.83,1,0.420749,-0.0492927,2.3357,2.35325
0.85,1,0.401927,-0.0678139,2.33798,2.32647
0.87,1,0.398174,-0.0725786,2.33964,2.32102
0.89,1,0.410209,-0.0618878,2.37326,2.33837
0.91,1,0.433704,-0.0401071,2.41205,2.37115
0.93,1,0.463192,-0.0125564,2.48247,2.41047
0.95,1,0.490919,0.0133106,2.47859,2.44576
0.97,1,0.514026,0.0351103,2.47558,2.47405
0.99,1,0.529361,0.0497437,2.47395,2.49229
