x,rho,E,F,T,Tr
0.01,1,0.258213,-0.229959,2.16897,2.08284
0.03,1,0.299496,-0.183722,2.28816,2.16152
0.05,1,0.376928,-0.111142,2.41901,2.28942
0.07,1,0.469516,-0.0221762,2.52957,2.41866
0.09,1,0.558597,0.0649543,2.6389,2.52602
0.11,1,0.627871,0.134599,2.63198,2.60093
0.13,1,0.667769,0.177404,2.62548,2.6413
0.15,1,0.671841,0.185814,2.61911,2.64532
0.17,1,0.64161,0.160631,2.55795,2.61505
0.19,1,0.585395,0.109192,2.47265,2.55578
0.21,1,0.513143,0.041259,2.37337,2.47298
0.23,1,0.437816,-0.031682,2.27563,2.37675
0.25,1,0.372241,-0.0965249,2.19885,2.28227
0.27,1,0.328431,-0.14152,2.20612,2.21194
0.29,1,0.313352,-0.158883,2.21362,2.1861
0.31,1,0.331089,-0.144524,2.28573,2.2164
0.33,1,0.375499,-0.103598,2.37393,2.28725
0.35,1,0.436137,-0.0465617,2.45694,2.37447
0.37,1,0.499396,0.0146348,2.52241,2.45625
0.39,1,0.553222,0.0673134,2.57845,2.51992
0.41,1,0.589714,0.104673,2.57431,2.56048
0.43,1,0.605635,0.122573,2.57042,2.57759
0.45,1,0.598104,0.118284,2.49445,2.56954
0.47,1,0.570625,0.0938712,2.49075,2.53951
0.49,1,0.527345,0.0538815,2.42796,2.48992
0.51,1,0.477416,0.00611808,2.3603,2.42877
0.53,1,0.428128,-0.0410866,2.26505,2.3635
0.55,1,0.389362,-0.0800867,2.26947,2.30807
0.57,1,0.366565,-0.103274,2.27353,2.27352
0.59,1,0.365976,-0.105961,2.3543,2.27261
0.61,1,0.387228,-0.0872515,2.35753,2.30491
0.63,1,0.424472,-0.0526556,2.46845,2.35843
0.65,1,0.468061,-0.0115328,2.50341,2.41678
0.67,1,0.508715,0.0273192,2.49924,2.46763
0.69,1,0.539082,0.0571069,2.52099,2.50366
0.71,1,0.557498,0.0759906,2.49338,2.52477
0.73,1,0.561265,0.0811221,2.49146,2.52903
0.75,1,0.550587,0.0721862,2.48927,2.51691
0.77,1,0.527895,0.0518531,2.40748,2.49057
0.79,1,0.495706,0.0220988,2.40646,2.4517
0.81,1,0.461057,-0.0105646,2.32531,2.40769
0.83,1,0.430275,-0.0396978,2.32862,2.36645
0.85,1,0.4081,-0.0618699,2.33068,2.33536
0.87,1,0.398802,-0.0715488,2.33253,2.32194
0.89,1,0.40539,-0.0665961,2.39705,2.33147
0.91,1,0.425237,-0.0491048,2.39865,2.3595
0.93,1,0.453487,-0.0228485,2.43568,2.39774
0.95,1,0.482374,0.00394414,2.48661,2.43505
0.97,1,0.507126,0.0271293,2.46202,2.4657
0.99,1,0.525004,0.0442301,2.48226,2.48715
