x,rho,E,F,T,Tr
0.01,1,0.641392,0.122257,2.68485,2.61482
0.03,1,0.68687,0.192617,2.66577,2.65999
0.05,1,0.703179,0.214357,2.65803,2.67564
0.07,1,0.678982,0.196519,2.59804,2.65232
0.09,1,0.621613,0.144976,2.50798,2.59443
0.11,1,0.542575,0.0707178,2.3979,2.5077
0.13,1,0.456643,-0.0128406,2.28368,2.4019
0.15,1,0.378122,-0.0904935,2.1466,2.29123
0.17,1,0.320858,-0.149132,2.15629,2.19907
0.19,1,0.294876,-0.178201,2.16607,2.15313
0.21,1,0.304727,-0.172392,2.23956,2.1709
0.23,1,0.346883,-0.134491,2.33856,2.24237
0.25,1,0.411043,-0.0741112,2.43704,2.33956
0.27,1,0.483347,-0.00429934,2.51863,2.43628
0.29,1,0.548655,0.0605606,2.60523,2.5147
0.31,1,0.595929,0.109124,2.60031,2.5672
0.33,1,0.620451,0.136738,2.59492,2.59321
0.35,1,0.619872,0.139959,2.52196,2.59261
0.37,1,0.594547,0.119265,2.51669,2.56571
0.39,1,0.548773,0.0769609,2.44818,2.51484
0.41,1,0.493464,0.0242131,2.37205,2.44892
0.43,1,0.436751,-0.0313948,2.25413,2.37531
0.45,1,0.388485,-0.0801017,2.25967,2.30677
0.47,1,0.357733,-0.112741,2.26591,2.2597
0.49,1,0.350246,-0.123416,2.32446,2.24778
0.51,1,0.368356,-0.108821,2.33056,2.27629
0.53,1,0.405991,-0.0741609,2.39847,2.33233
0.55,1,0.454125,-0.0283019,2.46217,2.39859
0.57,1,0.501849,0.0183391,2.54497,2.45926
0.59,1,0.539784,0.0565378,2.54183,2.50447
0.61,1,0.563721,0.0827602,2.53823,2.53179
0.63,1,0.571978,0.0936743,2.53381,2.54101
0.65,1,0.564109,0.0891068,2.50703,2.53222
0.67,1,0.542019,0.0698959,2.41922,2.50706
0.69,1,0.507145,0.0370959,2.41389,2.46572
0.71,1,0.468801,-0.000108182,2.32586,2.41773
0.73,1,0.432735,-0.0362953,2.3051,2.36983
0.75,1,0.405245,-0.0651481,2.30901,2.33126
0.77,1,0.391342,-0.0813163,2.33662,2.311
0.79,1,0.394378,-0.0812071,2.34173,2.31547
0.81,1,0.41276,-0.0653716,2.42579,2.34199
0.83,1,0.443097,-0.0375001,2.42828,2.38389
0.85,1,0.476368,-0.00544685,2.4792,2.42743
0.87,1,0.505058,0.0235216,2.47806,2.46318
0.89,1,0.526608,0.0461309,2.47681,2.48905
0.91,1,0.538125,0.0601791,2.47476,2.50255
0.93,1,0.538618,0.063076,2.49181,2.50312
0.95,1,0.528012,0.0551497,2.43869,2.49071
0.97,1,0.508915,0.0382676,2.43589,2.46787
0.99,1,0.484436,0.0149393,2.40241,2.43765
