x,rho,E,F,T,Tr
0.01,1,0.346909,-0.134433,2.10399,2.24241
0.03,1,0.280417,-0.190497,2.10645,2.12624
0.05,1,0.258856,-0.215799,2.11875,2.08414
0.07,1,0.278846,-0.200302,2.22056,2.12326
0.09,1,0.335046,-0.148919,2.34433,2.22299
0.11,1,0.414892,-0.0732312,2.46047,2.34501
0.13,1,0.501692,0.0111997,2.55158,2.45907
0.15,1,0.578545,0.0878132,2.60614,2.54827
0.17,1,0.632819,0.144141,2.59977,2.60604
0.19,1,0.657906,0.172953,2.59305,2.63149
0.21,1,0.648891,0.169115,2.58643,2.62243
0.23,1,0.610395,0.135442,2.51944,2.58264
0.25,1,0.551591,0.0810219,2.43325,2.51806
0.27,1,0.48245,0.0145202,2.33728,2.43514
0.29,1,0.414746,-0.0521788,2.22646,2.34481
0.31,1,0.360486,-0.107338,2.23386,2.26404
0.33,1,0.328932,-0.141319,2.24166,2.21278
0.35,1,0.326233,-0.147465,2.24985,2.20823
0.37,1,0.353507,-0.123785,2.3255,2.253
0.39,1,0.402235,-0.0785495,2.40779,2.32692
0.41,1,0.460861,-0.0221127,2.47949,2.40743
0.43,1,0.516977,0.0326751,2.53269,2.47759
0.45,1,0.560506,0.0772877,2.52879,2.52817
0.47,1,0.588304,0.107577,2.52446,2.55895
0.49,1,0.595027,0.117597,2.55075,2.56623
0.51,1,0.579962,0.105527,2.46632,2.54983
0.53,1,0.547113,0.0764649,2.46245,2.51293
0.55,1,0.504235,0.0357385,2.39904,2.46218
0.57,1,0.457616,-0.0095458,2.31015,2.40318
0.59,1,0.415593,-0.0519147,2.31445,2.346
0.61,1,0.384727,-0.0844939,2.31851,2.30117
0.63,1,0.370975,-0.100566,2.29103,2.28033
0.65,1,0.37853,-0.0960792,2.37927,2.29185
0.67,1,0.405379,-0.0720304,2.38361,2.33145
0.69,1,0.443453,-0.0363956,2.48436,2.38437
0.71,1,0.483085,0.002097,2.51149,2.43594
0.73,1,0.516776,0.0359252,2.48017,2.47735
0.75,1,0.540764,0.0617703,2.47825,2.50561
0.77,1,0.553158,0.0764468,2.47547,2.51984
0.79,1,0.550594,0.076888,2.47184,2.51692
0.81,1,0.534733,0.0635656,2.46798,2.49859
0.83,1,0.509861,0.0408125,2.38915,2.46902
0.85,1,0.479299,0.0115289,2.38797,2.43116
0.87,1,0.448601,-0.0194396,2.33589,2.39126
0.89,1,0.423691,-0.0452366,2.33839,2.35735
0.91,1,0.407715,-0.0635862,2.34223,2.33481
0.93,1,0.405152,-0.0685488,2.34703,2.33113
0.95,1,0.417081,-0.0594427,2.41249,2.3481
0.97,1,0.438905,-0.0397905,2.41544,2.37823
0.99,1,0.466116,-0.0138383,2.47519,2.41426
