x,rho,E,F,T,Tr
0.01,1,0.697503,0.190328,2.60012,2.67023
0.03,1,0.614023,0.135866,2.48342,2.58647
0.05,1,0.522823,0.0494933,2.35939,2.48456
0.07,1,0.429215,-0.0415387,2.23604,2.365
0.09,1,0.348951,-0.12097,2.13875,2.24571
0.11,1,0.296037,-0.175222,2.14909,2.15525
0.13,1,0.278378,-0.195535,2.15869,2.12237
0.15,1,0.299581,-0.178252,2.25068,2.16167
0.17,1,0.353032,-0.128791,2.3613,2.25224
0.19,1,0.426646,-0.0587724,2.46408,2.36145
0.21,1,0.504728,0.0169294,2.59056,2.46278
0.23,1,0.572368,0.0835434,2.58417,2.54144
0.25,1,0.619157,0.131622,2.57824,2.59186
0.27,1,0.639891,0.154929,2.57278,2.61329
0.29,1,0.630093,0.148751,2.56774,2.60323
0.31,1,0.594185,0.116588,2.50631,2.56532
0.33,1,0.540832,0.0668665,2.42842,2.50569
0.35,1,0.478339,0.00723111,2.34381,2.42994
0.37,1,0.417761,-0.0520289,2.2553,2.34906
0.39,1,0.369634,-0.0999138,2.26233,2.27827
0.41,1,0.342111,-0.128622,2.26823,2.23462
0.43,1,0.341105,-0.1317,2.27358,2.23297
0.45,1,0.367468,-0.107965,2.34129,2.27492
0.47,1,0.412679,-0.0657417,2.41452,2.34188
0.49,1,0.466077,-0.0146295,2.47884,2.41421
0.51,1,0.515997,0.0339042,2.54829,2.47641
0.53,1,0.55456,0.0717526,2.54401,2.52144
0.55,1,0.578719,0.096813,2.54034,2.54846
0.57,1,0.583664,0.103138,2.53736,2.55389
0.59,1,0.569088,0.0911686,2.45944,2.53779
0.61,1,0.539997,0.0644528,2.45724,2.50472
0.63,1,0.50051,0.0269944,2.40289,2.45762
0.65,1,0.458514,-0.0135042,2.35027,2.40436
0.67,1,0.420429,-0.0500718,2.30225,2.3528
0.69,1,0.393086,-0.0778079,2.33983,2.31357
0.71,1,0.381143,-0.0899775,2.30942,2.2958
0.73,1,0.388969,-0.0837232,2.39146,2.30749
0.75,1,0.413584,-0.0607767,2.39299,2.34316
0.77,1,0.448251,-0.0280792,2.47935,2.39079
0.79,1,0.483667,0.00569096,2.47566,2.43668
0.81,1,0.514226,0.0351,2.47176,2.47429
0.83,1,0.5361,0.0564936,2.4686,2.50019
0.85,1,0.547339,0.0677475,2.46661,2.51319
0.87,1,0.545209,0.0663545,2.46562,2.51074
0.89,1,0.530744,0.0529746,2.46473,2.49392
0.91,1,0.508124,0.0315241,2.39427,2.46691
0.93,1,0.480608,0.00583481,2.34738,2.43282
0.95,1,0.452137,-0.0211617,2.35206,2.39596
0.97,1,0.429237,-0.0429656,2.35545,2.36503
0.99,1,0.414322,-0.0572326,2.35718,2.34421
