x,rho,E,F,T,Tr
0.01,1,0.511864,0.0222297,2.33481,2.47144
0.03,1,0.405769,-0.0645836,2.19987,2.33201
0.05,1,0.326902,-0.144155,2.13651,2.20936
0.07,1,0.279101,-0.194201,2.14834,2.12374
0.09,1,0.269912,-0.207101,2.1599,2.10604
0.11,1,0.300117,-0.180556,2.266,2.16264
0.13,1,0.362322,-0.122541,2.38365,2.26692
0.15,1,0.44256,-0.0455369,2.4891,2.38317
0.17,1,0.523921,0.0342799,2.5666,2.48587
0.19,1,0.591251,0.102043,2.63248,2.56215
0.21,1,0.635607,0.148494,2.62687,2.60891
0.23,1,0.650311,0.166788,2.56896,2.62387
0.25,1,0.633344,0.154435,2.5631,2.60658
0.27,1,0.590074,0.114655,2.49307,2.56087
0.29,1,0.530323,0.0582489,2.40827,2.49343
0.31,1,0.464042,-0.00668141,2.32123,2.41157
0.33,1,0.402108,-0.0680144,2.25727,2.32674
0.35,1,0.356051,-0.115322,2.26526,2.25704
0.37,1,0.332779,-0.14049,2.27292,2.21922
0.39,1,0.338509,-0.137864,2.27966,2.22871
0.41,1,0.371434,-0.107285,2.35524,2.28103
0.43,1,0.422144,-0.059489,2.43165,2.35519
0.45,1,0.478484,-0.00397772,2.49632,2.43012
0.47,1,0.529504,0.0462444,2.56828,2.49246
0.49,1,0.565932,0.0842006,2.5636,2.53427
0.51,1,0.586527,0.106617,2.55919,2.55702
0.53,1,0.587248,0.110017,2.50178,2.5578
0.55,1,0.568741,0.0941148,2.49802,2.53741
0.57,1,0.533863,0.061144,2.44521,2.49758
0.59,1,0.491648,0.0202084,2.38727,2.44667
0.61,1,0.448342,-0.0233541,2.33139,2.39091
0.63,1,0.410834,-0.0613363,2.33625,2.33926
0.65,1,0.385285,-0.0880657,2.30472,2.30201
0.67,1,0.377401,-0.097643,2.34922,2.29014
0.69,1,0.389746,-0.086993,2.35327,2.30864
0.71,1,0.419206,-0.0592565,2.45105,2.35109
0.73,1,0.455957,-0.0228695,2.4522,2.401
0.75,1,0.492982,0.0138972,2.52155,2.44833
0.77,1,0.521931,0.0439444,2.52005,2.4835
0.79,1,0.542191,0.0650585,2.51651,2.50726
0.81,1,0.55011,0.0748749,2.49142,2.51637
0.83,1,0.544821,0.0705421,2.48843,2.5103
0.85,1,0.52745,0.0544248,2.4189,2.49004
0.87,1,0.502299,0.0295742,2.41852,2.45981
0.89,1,0.472973,0.000231353,2.34559,2.4231
0.91,1,0.445499,-0.0278189,2.34919,2.38711
0.93,1,0.423644,-0.0509242,2.35375,2.35728
0.95,1,0.411062,-0.064708,2.35826,2.33958
0.97,1,0.411912,-0.0648872,2.39173,2.34079
0.99,1,0.425783,-0.051713,2.42696,2.36025
