x,rho,E,F,T,Tr
0.01,1,0.708116,0.188876,2.68125,2.68033
0.03,1,0.710628,0.220515,2.66223,2.6827
0.05,1,0.683374,0.19972,2.59864,2.6566
0.07,1,0.622254,0.144715,2.50458,2.5951
0.09,1,0.539542,0.0672763,2.39038,2.50419
0.11,1,0.450709,-0.0185739,2.26927,2.39406
0.13,1,0.370946,-0.0975272,2.14171,2.28028
0.15,1,0.313783,-0.15569,2.15095,2.18685
0.17,1,0.289263,-0.183416,2.1605,2.14282
0.19,1,0.301388,-0.175108,2.23898,2.16493
0.21,1,0.346568,-0.134777,2.34149,2.24186
0.23,1,0.413346,-0.0718916,2.44237,2.34283
0.25,1,0.48778,-0.000391921,2.52378,2.44184
0.27,1,0.554339,0.0653241,2.58564,2.52119
0.29,1,0.602496,0.114622,2.58064,2.57425
0.31,1,0.62736,0.142376,2.59934,2.6004
0.33,1,0.624237,0.143243,2.52141,2.59716
0.35,1,0.595451,0.119081,2.51616,2.56669
0.37,1,0.548235,0.0758088,2.44503,2.51422
0.39,1,0.490521,0.0212868,2.36317,2.44526
0.41,1,0.432378,-0.0357574,2.25277,2.36934
0.43,1,0.383248,-0.0845156,2.25832,2.29896
0.45,1,0.352819,-0.116878,2.26415,2.2519
0.47,1,0.346431,-0.126069,2.2703,2.24164
0.49,1,0.366576,-0.109457,2.33081,2.27354
0.51,1,0.406377,-0.0731812,2.40098,2.33289
0.53,1,0.456514,-0.0259737,2.4659,2.40173
0.55,1,0.50535,0.021586,2.5462,2.46354
0.57,1,0.543969,0.0597712,2.54326,2.50931
0.59,1,0.568282,0.0856979,2.54005,2.53689
0.61,1,0.57594,0.095806,2.53648,2.5454
0.63,1,0.566927,0.0898335,2.46945,2.53538
0.65,1,0.543053,0.0695792,2.41684,2.50826
0.67,1,0.506349,0.0354267,2.4141,2.46476
0.69,1,0.466376,-0.00246887,2.32672,2.4146
0.71,1,0.429131,-0.039072,2.32999,2.36488
0.73,1,0.401274,-0.0676485,2.33291,2.32553
0.75,1,0.387405,-0.0834485,2.33619,2.30517
0.77,1,0.391609,-0.0821396,2.34044,2.3114
0.79,1,0.411835,-0.0645517,2.42737,2.34068
0.81,1,0.443518,-0.0361502,2.48176,2.38446
0.83,1,0.478308,-0.00348464,2.47857,2.4299
0.85,1,0.508026,0.0253444,2.47641,2.46679
0.87,1,0.530166,0.0477061,2.47526,2.49324
0.89,1,0.54177,0.0610892,2.47419,2.50677
0.91,1,0.541786,0.0633035,2.47231,2.50679
0.93,1,0.530114,0.0547448,2.43881,2.49318
0.95,1,0.509554,0.0371899,2.43605,2.46865
0.97,1,0.48368,0.0133735,2.4008,2.43669
0.99,1,0.456786,-0.0122306,2.35114,2.40209
