x,rho,E,F,T,Tr
0.01,1,0.536064,0.0211781,2.60355,2.50015
0.03,1,0.614983,0.119026,2.67908,2.58748
0.05,1,0.673916,0.180549,2.67258,2.64736
0.07,1,0.695623,0.207026,2.61021,2.66842
0.09,1,0.678157,0.195282,2.60275,2.65151
0.11,1,0.626187,0.148826,2.51915,2.59919
0.13,1,0.552109,0.0792086,2.41448,2.51865
0.15,1,0.469008,-0.00127302,2.30344,2.418
0.17,1,0.391108,-0.078521,2.20891,2.31066
0.19,1,0.331948,-0.139138,2.15981,2.21783
0.21,1,0.301975,-0.171551,2.16966,2.16598
0.23,1,0.306644,-0.170626,2.2345,2.1743
0.25,1,0.343501,-0.137298,2.32831,2.23688
0.27,1,0.403566,-0.0807412,2.4244,2.32884
0.29,1,0.473055,-0.0131348,2.50685,2.4232
0.31,1,0.538014,0.0512088,2.60212,2.50242
0.33,1,0.586541,0.101063,2.59689,2.55703
0.35,1,0.613447,0.130543,2.59152,2.58586
0.37,1,0.616682,0.137296,2.5265,2.58927
0.39,1,0.595662,0.119927,2.52147,2.56691
0.41,1,0.553447,0.080703,2.45737,2.52017
0.43,1,0.501117,0.0306079,2.38431,2.45836
0.45,1,0.446116,-0.0238262,2.31393,2.38794
0.47,1,0.397781,-0.0722728,2.24739,2.32045
0.49,1,0.365952,-0.105888,2.25331,2.27257
0.51,1,0.354907,-0.119568,2.31986,2.25523
0.53,1,0.367317,-0.109512,2.32606,2.27469
0.55,1,0.402318,-0.0773669,2.39052,2.32704
0.57,1,0.447811,-0.0334371,2.45383,2.3902
0.59,1,0.494213,0.0124091,2.54469,2.44985
0.61,1,0.532536,0.0510471,2.52073,2.49602
0.63,1,0.557596,0.0783566,2.51674,2.52488
0.65,1,0.568865,0.0912911,2.51237,2.53755
0.67,1,0.56336,0.0884531,2.50827,2.53138
0.69,1,0.543743,0.0704992,2.42596,2.50905
0.71,1,0.511769,0.0406525,2.42421,2.47133
0.73,1,0.475203,0.00419068,2.37401,2.42595
0.75,1,0.439828,-0.0315795,2.30761,2.37948
0.77,1,0.412125,-0.0605749,2.3122,2.34109
0.79,1,0.396366,-0.0781187,2.31732,2.31839
0.81,1,0.396287,-0.0803119,2.3409,2.31827
0.83,1,0.411571,-0.0667232,2.42104,2.34031
0.85,1,0.439732,-0.0400281,2.42287,2.37935
0.87,1,0.470911,-0.00905612,2.48297,2.42045
0.89,1,0.499681,0.0204117,2.48148,2.4566
0.91,1,0.521365,0.0434201,2.47931,2.48283
0.93,1,0.534171,0.0582584,2.47606,2.49794
0.95,1,0.536685,0.0625579,2.44581,2.50087
0.97,1,0.528099,0.0556529,2.44116,2.49081
0.99,1,0.511063,0.0394369,2.43934,2.47047
