x,rho,E,F,T,Tr
0.01,1,0.425666,-0.059188,2.21941,2.36009
0.03,1,0.333739,-0.136459,2.11469,2.22082
0.05,1,0.279606,-0.192757,2.1271,2.1247
0.07,1,0.264116,-0.211957,2.13911,2.09464
0.09,1,0.289267,-0.191026,2.24328,2.14282
0.11,1,0.348585,-0.136282,2.36419,2.24512
0.13,1,0.428699,-0.0596577,2.47642,2.36428
0.15,1,0.512772,0.0226818,2.60102,2.47254
0.17,1,0.58494,0.0949429,2.5947,2.55528
0.19,1,0.63444,0.146802,2.5881,2.60771
0.21,1,0.65442,0.170528,2.58129,2.628
0.23,1,0.641342,0.162069,2.57494,2.61477
0.25,1,0.600299,0.125429,2.50649,2.5719
0.27,1,0.54106,0.0698576,2.42072,2.50595
0.29,1,0.473295,0.00398938,2.32915,2.42351
0.31,1,0.40849,-0.0602607,2.24155,2.33591
0.33,1,0.35826,-0.111558,2.24922,2.26053
0.35,1,0.330895,-0.141386,2.25726,2.21607
0.37,1,0.332404,-0.143217,2.26497,2.21859
0.39,1,0.362578,-0.116064,2.34096,2.26732
0.41,1,0.4124,-0.0692354,2.42188,2.34148
0.43,1,0.469672,-0.0134659,2.5285,2.41886
0.45,1,0.522661,0.0387235,2.52462,2.48437
0.47,1,0.563285,0.0811211,2.52043,2.5313
0.49,1,0.58825,0.10799,2.51579,2.55889
0.51,1,0.591892,0.115021,2.51085,2.56284
0.53,1,0.574548,0.100099,2.50637,2.54386
0.55,1,0.540392,0.0689754,2.45392,2.50518
0.57,1,0.498003,0.0280948,2.39291,2.45454
0.59,1,0.453117,-0.0164952,2.32061,2.39725
0.61,1,0.413439,-0.0566947,2.32512,2.34296
0.63,1,0.385216,-0.0867142,2.29484,2.30191
0.65,1,0.374559,-0.0997938,2.30084,2.28582
0.67,1,0.38464,-0.0920385,2.34324,2.30105
0.69,1,0.412626,-0.0661645,2.4442,2.3418
0.71,1,0.450178,-0.030178,2.44533,2.39336
0.73,1,0.488193,0.00780651,2.47719,2.44236
0.75,1,0.519291,0.0396098,2.4753,2.48036
0.77,1,0.54161,0.0639688,2.47267,2.50659
0.79,1,0.552189,0.0762404,2.46918,2.51874
0.81,1,0.547959,0.0743459,2.46527,2.5139
0.83,1,0.530899,0.059542,2.46229,2.4941
0.85,1,0.506033,0.0353094,2.42277,2.46437
0.87,1,0.476297,0.00599577,2.33964,2.42734
0.89,1,0.447402,-0.0237978,2.37326,2.38966
0.91,1,0.42411,-0.0484553,2.34594,2.35793
0.93,1,0.409941,-0.0647683,2.35059,2.33799
0.95,1,0.409139,-0.0674249,2.35523,2.33684
0.97,1,0.422087,-0.0561257,2.41986,2.35511
0.99,1,0.443963,-0.0353788,2.47395,2.38505
