x,rho,E,F,T,Tr
0.01,1,0.425136,-0.0813232,2.49006,2.35936
0.03,1,0.516656,0.0230313,2.57899,2.4772
0.05,1,0.603852,0.109971,2.62497,2.57569
0.07,1,0.664114,0.172326,2.61712,2.63768
0.09,1,0.688597,0.201005,2.60968,2.66166
0.11,1,0.674365,0.191705,2.6027,2.6478
0.13,1,0.626492,0.148825,2.5237,2.5995
0.15,1,0.556232,0.0827014,2.42335,2.52334
0.17,1,0.475799,0.00496382,2.31451,2.42671
0.19,1,0.399427,-0.0705467,2.20631,2.32285
0.21,1,0.340188,-0.130267,2.21605,2.23147
0.23,1,0.307797,-0.164781,2.22522,2.17634
0.25,1,0.308599,-0.167057,2.2333,2.17776
0.27,1,0.34248,-0.136478,2.32256,2.23522
0.29,1,0.399407,-0.0825899,2.41637,2.32282
0.31,1,0.466738,-0.0172671,2.49788,2.41507
0.33,1,0.530533,0.0454796,2.59767,2.49367
0.35,1,0.579375,0.0949918,2.59241,2.54919
0.37,1,0.607994,0.125798,2.58762,2.5801
0.39,1,0.613348,0.133916,2.5274,2.58576
0.41,1,0.594446,0.1182,2.52292,2.5656
0.43,1,0.554983,0.0813658,2.46191,2.52192
0.45,1,0.505132,0.0331414,2.39177,2.46327
0.47,1,0.451592,-0.0193272,2.32334,2.39523
0.49,1,0.404006,-0.0669309,2.25317,2.32948
0.51,1,0.370843,-0.101196,2.25848,2.28013
0.53,1,0.357426,-0.116021,2.31864,2.25922
0.55,1,0.367892,-0.107785,2.3236,2.27558
0.57,1,0.40011,-0.0773298,2.38789,2.32384
0.59,1,0.443649,-0.0352332,2.44647,2.38463
0.61,1,0.488647,0.00940652,2.52391,2.44293
0.63,1,0.527205,0.0476044,2.51969,2.48975
0.65,1,0.552894,0.0748847,2.51508,2.51954
0.67,1,0.565752,0.0887023,2.51097,2.53407
0.69,1,0.561789,0.0865836,2.5076,2.52962
0.71,1,0.543852,0.0694979,2.42928,2.50918
0.73,1,0.513972,0.0413881,2.42842,2.47398
0.75,1,0.478647,0.00612738,2.37994,2.43033
0.77,1,0.44414,-0.0283219,2.31029,2.38529
0.79,1,0.416335,-0.0566678,2.315,2.34705
0.81,1,0.398751,-0.0751355,2.31921,2.32186
0.83,1,0.396673,-0.0781719,2.34039,2.31883
0.85,1,0.410262,-0.0653927,2.41747,2.33844
0.87,1,0.436645,-0.0398229,2.41817,2.37516
0.89,1,0.466702,-0.00984435,2.48381,2.41502
0.91,1,0.495091,0.0187342,2.48136,2.45094
0.93,1,0.516835,0.041079,2.47796,2.47742
0.95,1,0.53133,0.0562135,2.47428,2.49461
0.97,1,0.535354,0.0610698,2.44554,2.49932
0.99,1,0.528357,0.0544786,2.46956,2.49111
