x,rho,E,F,T,Tr
0.01,1,0.727812,0.210835,2.6453,2.69877
0.03,1,0.701099,0.214641,2.62631,2.67366
0.05,1,0.648397,0.168315,2.53963,2.62193
0.07,1,0.569472,0.0949333,2.4284,2.53822
0.09,1,0.479194,0.00845717,2.30727,2.43102
0.11,1,0.393275,-0.0756656,2.19948,2.31385
0.13,1,0.326405,-0.142901,2.13127,2.20852
0.15,1,0.290124,-0.181355,2.14024,2.14441
0.17,1,0.290511,-0.184757,2.20546,2.14512
0.19,1,0.326457,-0.153169,2.30564,2.2086
0.21,1,0.388791,-0.0951442,2.41093,2.30723
0.23,1,0.463656,-0.0236599,2.50139,2.41107
0.25,1,0.53594,0.0466041,2.61627,2.5
0.27,1,0.592256,0.103124,2.61177,2.56324
0.29,1,0.624953,0.137891,2.60713,2.59791
0.31,1,0.63166,0.148272,2.54316,2.60485
0.33,1,0.611163,0.132251,2.53803,2.58345
0.35,1,0.567148,0.0923618,2.47053,2.53563
0.37,1,0.510762,0.0396889,2.3916,2.47011
0.39,1,0.450322,-0.0185068,2.31267,2.39355
0.41,1,0.396408,-0.071718,2.23187,2.31845
0.43,1,0.35895,-0.109825,2.23643,2.26162
0.45,1,0.343746,-0.127195,2.30156,2.23728
0.47,1,0.354773,-0.119599,2.30705,2.25501
0.49,1,0.390092,-0.0874682,2.37711,2.30916
0.51,1,0.438976,-0.0422419,2.44511,2.37833
0.53,1,0.490308,0.00731819,2.50024,2.445
0.55,1,0.53439,0.0501254,2.55089,2.49819
0.57,1,0.564043,0.0804144,2.54795,2.53215
0.59,1,0.57797,0.0964657,2.54489,2.54764
0.61,1,0.574471,0.0953591,2.52105,2.54377
0.63,1,0.554194,0.0786145,2.43481,2.52102
0.65,1,0.519941,0.0472196,2.43189,2.48113
0.67,1,0.479948,0.00954234,2.37661,2.43198
0.69,1,0.440114,-0.0284976,2.29765,2.37987
0.71,1,0.408266,-0.0606667,2.31968,2.33559
0.73,1,0.388695,-0.0806069,2.32247,2.30709
0.75,1,0.386487,-0.0854349,2.36538,2.3038
0.77,1,0.401583,-0.0726854,2.36866,2.32598
0.79,1,0.431523,-0.0456655,2.4557,2.36817
0.81,1,0.46632,-0.0136349,2.50908,2.41453
0.83,1,0.499525,0.0175792,2.48637,2.45641
0.85,1,0.524713,0.0426869,2.48442,2.48681
0.87,1,0.540864,0.0589665,2.48325,2.50573
0.89,1,0.545064,0.0650094,2.48175,2.51058
0.91,1,0.536837,0.0588776,2.47957,2.50105
0.93,1,0.518647,0.0433517,2.41521,2.47959
0.95,1,0.493624,0.0211746,2.39168,2.44912
0.97,1,0.465688,-0.00455541,2.36433,2.41371
0.99,1,0.440814,-0.0282541,2.36627,2.38081
