x,rho,E,F,T,Tr
0.01,1,0.353932,-0.128643,2.1,2.25368
0.03,1,0.284732,-0.187015,2.10248,2.13437
0.05,1,0.259995,-0.215344,2.11473,2.08642
0.07,1,0.276896,-0.203024,2.21284,2.11953
0.09,1,0.330632,-0.154219,2.33585,2.21563
0.11,1,0.409063,-0.0799821,2.45313,2.33673
0.13,1,0.495888,0.00423471,2.54649,2.45193
0.15,1,0.57387,0.0817598,2.61071,2.54311
0.17,1,0.62995,0.139701,2.60437,2.60308
0.19,1,0.657388,0.170972,2.59775,2.63098
0.21,1,0.650993,0.169596,2.59101,2.62455
0.23,1,0.614804,0.137969,2.52612,2.58729
0.25,1,0.557354,0.0851185,2.44174,2.52461
0.27,1,0.4889,0.0191729,2.34507,2.44324
0.29,1,0.4207,-0.0477467,2.22325,2.35318
0.31,1,0.365033,-0.104098,2.23082,2.27114
0.33,1,0.331578,-0.139833,2.23872,2.21721
0.35,1,0.326581,-0.14823,2.24685,2.20881
0.37,1,0.351742,-0.12671,2.32077,2.25018
0.39,1,0.399106,-0.0828975,2.40305,2.32238
0.41,1,0.45743,-0.0270144,2.47611,2.40294
0.43,1,0.513698,0.0285959,2.53718,2.47365
0.45,1,0.558518,0.0738244,2.53332,2.52593
0.47,1,0.587476,0.105203,2.55848,2.55805
0.49,1,0.595893,0.116561,2.55349,2.56716
0.51,1,0.58217,0.106495,2.47221,2.55225
0.53,1,0.551014,0.0787548,2.46806,2.5174
0.55,1,0.508726,0.0388189,2.40479,2.46764
0.57,1,0.462315,-0.00640678,2.30796,2.40933
0.59,1,0.41958,-0.0493584,2.31184,2.35161
0.61,1,0.387891,-0.0828325,2.31658,2.30589
0.63,1,0.372744,-0.100317,2.29127,2.28304
0.65,1,0.378667,-0.097311,2.37673,2.29206
0.67,1,0.404263,-0.0746389,2.38115,2.32985
0.69,1,0.441551,-0.0395364,2.43493,2.38181
0.71,1,0.481333,-0.000915784,2.48652,2.43373
0.73,1,0.515726,0.0335228,2.48469,2.47609
0.75,1,0.540152,0.0596364,2.48261,2.5049
0.77,1,0.553489,0.0751572,2.47973,2.52022
0.79,1,0.552037,0.0767418,2.47602,2.51857
0.81,1,0.537313,0.0645281,2.47212,2.5016
0.83,1,0.513236,0.04257,2.39375,2.47309
0.85,1,0.483111,0.013707,2.3925,2.43598
0.87,1,0.452129,-0.0174436,2.33595,2.39595
0.89,1,0.426635,-0.0438109,2.33849,2.36143
0.91,1,0.410042,-0.0627749,2.34232,2.33813
0.93,1,0.406365,-0.0688164,2.34713,2.33287
0.95,1,0.417236,-0.0607313,2.41143,2.34832
0.97,1,0.438404,-0.0417155,2.41447,2.37755
0.99,1,0.465238,-0.0161229,2.47843,2.41313
