x,rho,E,F,T,Tr
0.01,1,0.568051,0.0550082,2.67671,2.53664
0.03,1,0.638754,0.146313,2.65761,2.61213
0.05,1,0.686254,0.197698,2.64965,2.65939
0.07,1,0.694107,0.210846,2.64181,2.66697
0.09,1,0.663125,0.185918,2.57641,2.6367
0.11,1,0.601872,0.130097,2.48307,2.57358
0.13,1,0.522184,0.0544936,2.37244,2.4838
0.15,1,0.43836,-0.0273466,2.26065,2.37749
0.17,1,0.364793,-0.100925,2.15972,2.27077
0.19,1,0.314348,-0.152975,2.16964,2.18783
0.21,1,0.295412,-0.175184,2.17949,2.15411
0.23,1,0.311726,-0.162344,2.25888,2.18326
0.25,1,0.358306,-0.119685,2.35715,2.26061
0.27,1,0.423642,-0.0572982,2.45093,2.35728
0.29,1,0.493834,0.0109054,2.57502,2.44938
0.31,1,0.554433,0.0717199,2.5697,2.5213
0.33,1,0.597051,0.116092,2.56428,2.56841
0.35,1,0.61708,0.13953,2.55839,2.58968
0.37,1,0.610456,0.136439,2.5527,2.58271
0.39,1,0.579973,0.109964,2.49853,2.54984
0.41,1,0.533903,0.0668208,2.42871,2.49762
0.43,1,0.478811,0.0136981,2.35225,2.43054
0.45,1,0.424565,-0.0404089,2.26221,2.35856
0.47,1,0.380272,-0.0852511,2.26829,2.29448
0.49,1,0.354177,-0.113788,2.27511,2.25407
0.51,1,0.351302,-0.119185,2.28179,2.24948
0.53,1,0.373453,-0.0999464,2.34143,2.28413
0.55,1,0.413005,-0.0630016,2.40789,2.34234
0.57,1,0.460657,-0.0168487,2.46726,2.40717
0.59,1,0.50557,0.0279742,2.5347,2.46381
0.61,1,0.539816,0.0631868,2.53116,2.50451
0.63,1,0.56106,0.0863564,2.5268,2.5288
0.65,1,0.565566,0.0940724,2.52243,2.53386
0.67,1,0.554603,0.0854296,2.49246,2.52149
0.69,1,0.530573,0.0636621,2.45103,2.49372
0.71,1,0.495632,0.0299047,2.40007,2.45161
0.73,1,0.458263,-0.00698411,2.32962,2.40403
0.75,1,0.424416,-0.0414946,2.33287,2.35836
0.77,1,0.399939,-0.0679117,2.33714,2.32359
0.79,1,0.388657,-0.0810036,2.3421,2.30703
0.81,1,0.394801,-0.0774359,2.38643,2.31609
0.83,1,0.415759,-0.0583361,2.3896,2.34624
0.85,1,0.445803,-0.0295711,2.46931,2.38752
0.87,1,0.477464,0.0019662,2.46819,2.42883
0.89,1,0.504313,0.0296007,2.46702,2.46228
0.91,1,0.523429,0.0505403,2.46504,2.48528
0.93,1,0.532789,0.0622249,2.46188,2.49632
0.95,1,0.531407,0.0627471,2.45817,2.4947
0.97,1,0.519272,0.0525254,2.42446,2.48033
0.99,1,0.499566,0.0338252,2.4226,2.45646
