x,rho,E,F,T,Tr
0.01,1,0.687114,0.168471,2.65215,2.66023
0.03,1,0.70661,0.216004,2.63318,2.6789
0.05,1,0.695606,0.211219,2.6252,2.66841
0.07,1,0.647123,0.168918,2.54301,2.62064
0.09,1,0.572122,0.0997249,2.4363,2.54117
0.11,1,0.485048,0.0161814,2.3152,2.43842
0.13,1,0.401139,-0.0664608,2.17621,2.32533
0.15,1,0.334457,-0.133477,2.18543,2.22201
0.17,1,0.296538,-0.174231,2.19524,2.15616
0.19,1,0.293527,-0.180953,2.20496,2.15067
0.21,1,0.326383,-0.152593,2.30049,2.20848
0.23,1,0.385505,-0.0976295,2.40343,2.30234
0.25,1,0.457869,-0.0286137,2.49253,2.40351
0.27,1,0.52812,0.0402597,2.55795,2.49083
0.29,1,0.58395,0.0965579,2.6074,2.5542
0.31,1,0.618067,0.133205,2.6025,2.59072
0.33,1,0.62671,0.145345,2.54349,2.59973
0.35,1,0.608017,0.131411,2.53798,2.58012
0.37,1,0.566831,0.0942501,2.47323,2.53527
0.39,1,0.512923,0.0438235,2.39431,2.47272
0.41,1,0.454764,-0.0126959,2.2824,2.39943
0.43,1,0.401857,-0.0648975,2.28761,2.32637
0.45,1,0.363835,-0.104402,2.29296,2.26928
0.47,1,0.346857,-0.123832,2.29875,2.24233
0.49,1,0.356002,-0.118128,2.30499,2.25696
0.51,1,0.389183,-0.0887263,2.37264,2.30781
0.53,1,0.43573,-0.0451261,2.43972,2.37392
0.55,1,0.48584,0.00296356,2.49416,2.43941
0.57,1,0.528833,0.045489,2.54889,2.49167
0.59,1,0.558423,0.0763673,2.52707,2.52582
0.61,1,0.573888,0.0940001,2.52357,2.54313
0.63,1,0.571036,0.0946135,2.51939,2.53996
0.65,1,0.552252,0.0787557,2.43736,2.51881
0.67,1,0.519741,0.0498773,2.43396,2.48089
0.69,1,0.481625,0.0129855,2.37973,2.4341
0.71,1,0.443094,-0.0238669,2.29783,2.38389
0.73,1,0.412037,-0.056004,2.30083,2.34097
0.75,1,0.391461,-0.0777464,2.30462,2.31118
0.77,1,0.388098,-0.0843643,2.36234,2.3062
0.79,1,0.401902,-0.0731464,2.36683,2.32644
0.81,1,0.43042,-0.0476231,2.45201,2.36665
0.83,1,0.463629,-0.0166684,2.48816,2.41104
0.85,1,0.49596,0.0145086,2.48614,2.45202
0.87,1,0.520218,0.0393321,2.48492,2.48146
0.89,1,0.536795,0.0572337,2.48356,2.501
0.91,1,0.541596,0.0647717,2.48109,2.50657
0.93,1,0.534084,0.0600311,2.47756,2.49784
0.95,1,0.516392,0.0451453,2.4157,2.47689
0.97,1,0.492883,0.0240014,2.38957,2.4482
0.99,1,0.466355,-0.00125852,2.39161,2.41457
