x,rho,E,F,T,Tr
0.01,1,0.335275,-0.161078,2.36211,2.22337
0.03,1,0.4193,-0.0685507,2.47813,2.35122
0.05,1,0.516004,0.0252505,2.62508,2.47642
0.07,1,0.600326,0.109029,2.61724,2.57192
0.09,1,0.658522,0.169064,2.60959,2.63211
0.11,1,0.681877,0.196225,2.60263,2.65514
0.13,1,0.667443,0.186491,2.59618,2.64098
0.15,1,0.620376,0.144318,2.5187,2.59314
0.17,1,0.551772,0.0799089,2.42058,2.51826
0.19,1,0.473322,0.00437237,2.31468,2.42354
0.21,1,0.398793,-0.0687578,2.21229,2.32193
0.23,1,0.341274,-0.126567,2.22148,2.23325
0.25,1,0.30994,-0.159854,2.22958,2.18012
0.27,1,0.311061,-0.161481,2.23713,2.18209
0.29,1,0.344501,-0.130984,2.32421,2.23851
0.31,1,0.400481,-0.0782161,2.41553,2.32438
0.33,1,0.466332,-0.0145677,2.49487,2.41455
0.35,1,0.528285,0.0461315,2.59094,2.49103
0.37,1,0.575418,0.0936525,2.58607,2.54482
0.39,1,0.603374,0.123062,2.58169,2.57518
0.41,1,0.608214,0.130534,2.522,2.58033
0.43,1,0.589774,0.114586,2.51807,2.56055
0.45,1,0.550919,0.0786186,2.4585,2.51729
0.47,1,0.502042,0.0316895,2.38854,2.4595
0.49,1,0.450007,-0.0190872,2.30244,2.39313
0.51,1,0.403708,-0.0645832,2.25542,2.32905
0.53,1,0.370807,-0.0978993,2.25986,2.28007
0.55,1,0.357819,-0.112121,2.31979,2.25984
0.57,1,0.368322,-0.103447,2.32378,2.27624
0.59,1,0.399982,-0.0734374,2.38421,2.32366
0.61,1,0.442846,-0.0325949,2.44341,2.38355
0.63,1,0.486745,0.0105877,2.51804,2.44054
0.65,1,0.52426,0.047146,2.51347,2.48627
0.67,1,0.549709,0.0732037,2.50936,2.51591
0.69,1,0.562479,0.0863352,2.50597,2.53039
0.71,1,0.558371,0.0837832,2.50359,2.52576
0.73,1,0.540367,0.0668555,2.42689,2.50515
0.75,1,0.511377,0.0395088,2.37813,2.47085
0.77,1,0.476517,0.0055768,2.37897,2.42762
0.79,1,0.442634,-0.0278636,2.3642,2.38327
0.81,1,0.415147,-0.0548254,2.31597,2.34537
0.83,1,0.39769,-0.072235,2.33691,2.32032
0.85,1,0.395527,-0.0747292,2.33921,2.31716
0.87,1,0.409059,-0.0619006,2.41465,2.33673
0.89,1,0.434767,-0.0369991,2.41484,2.37261
0.91,1,0.464539,-0.0081233,2.47935,2.41222
0.93,1,0.492413,0.0190487,2.4758,2.44762
0.95,1,0.513979,0.0404086,2.472,2.47399
0.97,1,0.528511,0.0544773,2.49418,2.49129
0.99,1,0.532715,0.0584741,2.44154,2.49623
