x,rho,E,F,T,Tr
0.01,1,0.681931,0.179163,2.57532,2.6552
0.03,1,0.591587,0.117333,2.4517,2.56251
0.05,1,0.497567,0.0274939,2.32475,2.454
0.07,1,0.405304,-0.0626074,2.20813,2.33135
0.09,1,0.330465,-0.13731,2.15414,2.21535
0.11,1,0.285484,-0.183915,2.16451,2.13578
0.13,1,0.277499,-0.194956,2.174,2.12069
0.15,1,0.307669,-0.168327,2.27481,2.17612
0.17,1,0.367952,-0.112099,2.38643,2.27567
0.19,1,0.44487,-0.0387416,2.48593,2.38627
0.21,1,0.521874,0.0364139,2.55906,2.48344
0.23,1,0.585193,0.0992513,2.61999,2.55556
0.25,1,0.626451,0.142079,2.61532,2.59946
0.27,1,0.639718,0.158152,2.55803,2.61312
0.29,1,0.622843,0.145369,2.55308,2.59571
0.31,1,0.581094,0.107119,2.486,2.55107
0.33,1,0.524028,0.0536588,2.40511,2.48599
0.35,1,0.460862,-0.00748646,2.32279,2.40743
0.37,1,0.401915,-0.0649381,2.26724,2.32646
0.39,1,0.358437,-0.10914,2.27409,2.26081
0.41,1,0.336484,-0.131982,2.27986,2.22537
0.43,1,0.342692,-0.128586,2.28505,2.23557
0.45,1,0.374751,-0.0986828,2.35703,2.28611
0.47,1,0.423523,-0.053018,2.42942,2.35711
0.49,1,0.477313,-0.000768046,2.49061,2.42864
0.51,1,0.525464,0.0461489,2.55729,2.4877
0.53,1,0.560094,0.0810017,2.55347,2.52771
0.55,1,0.579595,0.101533,2.55025,2.54943
0.57,1,0.580192,0.103388,2.49413,2.55008
0.59,1,0.562101,0.0877065,2.44277,2.52997
0.61,1,0.528492,0.0564306,2.44137,2.49127
0.63,1,0.488026,0.0175604,2.38599,2.44215
0.65,1,0.446083,-0.022674,2.2998,2.3879
0.67,1,0.410414,-0.057973,2.28969,2.33866
0.69,1,0.385667,-0.0823306,2.29291,2.30258
0.71,1,0.378522,-0.0906437,2.35101,2.29184
0.73,1,0.390514,-0.0796471,2.35342,2.30978
0.75,1,0.419216,-0.0530875,2.44675,2.3511
0.77,1,0.454347,-0.019019,2.44699,2.39888
0.79,1,0.489944,0.0148732,2.51409,2.44455
0.81,1,0.517696,0.0420132,2.51126,2.47845
0.83,1,0.537876,0.0615424,2.48647,2.50226
0.85,1,0.54572,0.0700728,2.48444,2.51133
0.87,1,0.540473,0.0652647,2.48322,2.50527
0.89,1,0.52345,0.049283,2.41695,2.48531
0.91,1,0.498965,0.0261919,2.41705,2.45572
0.93,1,0.470522,-0.00106691,2.34899,2.41995
0.95,1,0.44374,-0.0265601,2.35358,2.38475
0.97,1,0.422061,-0.047371,2.38688,2.35508
0.99,1,0.409545,-0.0594003,2.38893,2.33742
