x,rho,E,F,T,Tr
0.01,1,0.396813,-0.107403,2.45457,2.31904
0.03,1,0.488208,-0.00484517,2.55361,2.44238
0.05,1,0.579816,0.0860682,2.64134,2.54967
0.07,1,0.648362,0.155886,2.63343,2.6219
0.09,1,0.68357,0.19474,2.62596,2.65679
0.11,1,0.68041,0.196223,2.61898,2.65371
0.13,1,0.641792,0.162713,2.54853,2.61523
0.15,1,0.577588,0.102959,2.45413,2.54722
0.17,1,0.499363,0.0279395,2.34782,2.45621
0.19,1,0.420828,-0.0491142,2.24927,2.35336
0.21,1,0.355448,-0.114628,2.19565,2.25609
0.23,1,0.314802,-0.156689,2.20496,2.18862
0.25,1,0.30576,-0.168545,2.21322,2.17273
0.27,1,0.330476,-0.14678,2.29584,2.21537
0.29,1,0.381525,-0.0990004,2.38969,2.29637
0.31,1,0.446813,-0.0360602,2.47491,2.38887
0.33,1,0.512176,0.0279317,2.55764,2.47182
0.35,1,0.565449,0.0814183,2.55196,2.53373
0.37,1,0.601238,0.118756,2.54637,2.5729
0.39,1,0.613982,0.133911,2.5412,2.58643
0.41,1,0.601064,0.123671,2.53678,2.57272
0.43,1,0.567036,0.0923703,2.48081,2.5355
0.45,1,0.52017,0.0475984,2.4128,2.48141
0.47,1,0.466896,-0.00404231,2.34375,2.41527
0.49,1,0.416914,-0.053741,2.29027,2.34786
0.51,1,0.378887,-0.0922362,2.29699,2.29239
0.53,1,0.35924,-0.113555,2.30275,2.26208
0.55,1,0.362752,-0.111503,2.30777,2.26759
0.57,1,0.389428,-0.0866829,2.3668,2.30817
0.59,1,0.429983,-0.0474416,2.4803,2.36605
0.61,1,0.475763,-0.00339547,2.53043,2.42666
0.63,1,0.516272,0.0370397,2.52608,2.47674
0.65,1,0.546047,0.0675288,2.52156,2.51171
0.67,1,0.563427,0.0860172,2.5176,2.53146
0.69,1,0.564284,0.0879262,2.48489,2.53242
0.71,1,0.549495,0.0746312,2.44286,2.51566
0.73,1,0.523626,0.049885,2.39309,2.48552
0.75,1,0.489145,0.0162798,2.39361,2.44355
0.77,1,0.454068,-0.0188693,2.31984,2.39851
0.79,1,0.423727,-0.0491716,2.32519,2.3574
0.81,1,0.402539,-0.0709841,2.32998,2.32736
0.83,1,0.395775,-0.0784109,2.33343,2.31752
0.85,1,0.40538,-0.0694148,2.40531,2.33145
0.87,1,0.427858,-0.0476543,2.40602,2.36312
0.89,1,0.457689,-0.0179869,2.46479,2.40328
0.91,1,0.486434,0.010491,2.46314,2.44016
0.93,1,0.510955,0.0354034,2.48441,2.47034
0.95,1,0.527731,0.052413,2.48058,2.49037
0.97,1,0.535003,0.0601393,2.4776,2.49891
0.99,1,0.53115,0.0564967,2.47602,2.4944
