x,rho,E,F,T,Tr
0.01,1,0.650074,0.130239,2.68096,2.62363
0.03,1,0.691469,0.197325,2.66196,2.66443
0.05,1,0.703505,0.214731,2.65407,2.67595
0.07,1,0.675173,0.192808,2.59049,2.64859
0.09,1,0.614593,0.138125,2.49745,2.58707
0.11,1,0.533789,0.0619786,2.38534,2.49749
0.13,1,0.447477,-0.0218016,2.26895,2.38976
0.15,1,0.370554,-0.0983933,2.1517,2.27968
0.17,1,0.316231,-0.154058,2.16126,2.1911
0.19,1,0.293888,-0.179897,2.17111,2.15133
0.21,1,0.307443,-0.170198,2.24923,2.17572
0.23,1,0.352764,-0.12932,2.34931,2.25181
0.25,1,0.418538,-0.067081,2.4467,2.35015
0.27,1,0.490943,0.0027836,2.52463,2.44579
0.29,1,0.554938,0.066328,2.58039,2.52187
0.31,1,0.600485,0.1137,2.57519,2.57209
0.33,1,0.623444,0.139651,2.59398,2.59634
0.35,1,0.619046,0.139381,2.51576,2.59174
0.37,1,0.589979,0.114859,2.51047,2.56077
0.39,1,0.54367,0.0717955,2.44027,2.50897
0.41,1,0.487423,0.0181835,2.36143,2.44139
0.43,1,0.431096,-0.0373553,2.25907,2.36758
0.45,1,0.384314,-0.0845971,2.26487,2.30056
0.47,1,0.355692,-0.115438,2.27102,2.25647
0.49,1,0.350709,-0.123426,2.2778,2.24853
0.51,1,0.371458,-0.106108,2.33755,2.28107
0.53,1,0.410758,-0.0697534,2.40579,2.33915
0.55,1,0.459661,-0.0232523,2.46798,2.40586
0.57,1,0.506772,0.0229992,2.54321,2.46527
0.59,1,0.54333,0.0600003,2.54001,2.50858
0.61,1,0.566191,0.0848322,2.53644,2.53456
0.63,1,0.572463,0.094304,2.53222,2.54155
0.65,1,0.562921,0.0874207,2.50341,2.53089
0.67,1,0.539179,0.0669783,2.41375,2.50377
0.69,1,0.503441,0.0334455,2.40926,2.46121
0.71,1,0.464872,-0.00411067,2.33058,2.41265
0.73,1,0.429282,-0.0397634,2.33343,2.36509
0.75,1,0.40301,-0.0675944,2.33669,2.32804
0.77,1,0.39029,-0.0824025,2.34093,2.30945
0.79,1,0.395365,-0.0805489,2.34587,2.31692
0.81,1,0.415827,-0.0626179,2.38984,2.34633
0.83,1,0.446546,-0.0341683,2.47839,2.38852
0.85,1,0.479968,-0.00228892,2.47624,2.43201
0.87,1,0.5081,0.0262055,2.47505,2.46688
0.89,1,0.528851,0.0480924,2.47395,2.49169
0.91,1,0.539266,0.061108,2.47207,2.50387
0.93,1,0.538412,0.0629625,2.49035,2.50288
0.95,1,0.526792,0.0537829,2.4358,2.48927
0.97,1,0.506879,0.0360653,2.40053,2.4654
0.99,1,0.481945,0.0123589,2.35139,2.43451
