x,rho,E,F,T,Tr
0.01,1,0.345958,-0.153857,2.37943,2.24087
0.03,1,0.431847,-0.0591454,2.49326,2.36861
0.05,1,0.52846,0.0351446,2.58755,2.49123
0.07,1,0.610716,0.11742,2.66587,2.58298
0.09,1,0.66442,0.173062,2.65983,2.63798
0.11,1,0.683356,0.195976,2.59674,2.65658
0.13,1,0.665463,0.183005,2.59032,2.63902
0.15,1,0.615124,0.137283,2.50987,2.58763
0.17,1,0.544417,0.0707978,2.41036,2.50983
0.19,1,0.465701,-0.00550492,2.30575,2.41373
0.21,1,0.392004,-0.0779988,2.21859,2.31198
0.23,1,0.336498,-0.134216,2.17763,2.22539
0.25,1,0.309069,-0.163353,2.18563,2.17859
0.27,1,0.314829,-0.160475,2.24822,2.18867
0.29,1,0.351281,-0.12695,2.3371,2.24944
0.31,1,0.409334,-0.0721338,2.42765,2.33712
0.33,1,0.475598,-0.007751,2.50479,2.42645
0.35,1,0.536787,0.0523246,2.59148,2.50099
0.37,1,0.581858,0.0978869,2.5865,2.55191
0.39,1,0.606611,0.124316,2.58215,2.57863
0.41,1,0.608885,0.129073,2.51789,2.58104
0.43,1,0.588199,0.111364,2.51414,2.55884
0.45,1,0.547535,0.0732782,2.45296,2.51342
0.47,1,0.497765,0.0254052,2.3839,2.45424
0.49,1,0.445203,-0.0255531,2.31841,2.38672
0.51,1,0.399947,-0.0710117,2.25877,2.3236
0.53,1,0.369723,-0.101222,2.26356,2.2784
0.55,1,0.359998,-0.112809,2.32904,2.26327
0.57,1,0.372605,-0.101882,2.33288,2.28283
0.59,1,0.406242,-0.0699652,2.39395,2.33269
0.61,1,0.449989,-0.02804,2.45219,2.39311
0.63,1,0.494021,0.0151809,2.51674,2.44961
0.65,1,0.53004,0.0505249,2.51244,2.49309
0.67,1,0.553999,0.07519,2.50837,2.5208
0.69,1,0.564497,0.0861751,2.50505,2.53266
0.71,1,0.558804,0.0822332,2.50262,2.52625
0.73,1,0.539789,0.0637945,2.46525,2.50448
0.75,1,0.50958,0.0352027,2.37556,2.46868
0.77,1,0.474548,0.00104441,2.37656,2.42511
0.79,1,0.4407,-0.0324696,2.31662,2.38066
0.81,1,0.41411,-0.0586198,2.3208,2.34391
0.83,1,0.399078,-0.0739839,2.34374,2.32234
0.85,1,0.398932,-0.0743963,2.34613,2.32213
0.87,1,0.413952,-0.0603037,2.42226,2.34368
0.89,1,0.440499,-0.0344552,2.42237,2.38039
0.91,1,0.470289,-0.00503033,2.47944,2.41965
0.93,1,0.497857,0.0218159,2.47604,2.45436
0.95,1,0.518836,0.0427003,2.49777,2.47981
0.97,1,0.531545,0.0551155,2.49586,2.49486
0.99,1,0.534237,0.0577169,2.46737,2.49802
