x,rho,E,F,T,Tr
0.01,1,0.6169,0.121282,2.47934,2.5895
0.03,1,0.511193,0.0406611,2.33932,2.47063
0.05,1,0.415613,-0.0526823,2.21513,2.34603
0.07,1,0.336026,-0.132116,2.13535,2.22461
0.09,1,0.285711,-0.184094,2.14652,2.13621
0.11,1,0.272409,-0.200379,2.1569,2.1109
0.13,1,0.298262,-0.178074,2.25645,2.15929
0.15,1,0.356184,-0.123999,2.37098,2.25725
0.17,1,0.433174,-0.0502062,2.47601,2.37043
0.19,1,0.512828,0.0273842,2.58754,2.4726
0.21,1,0.58001,0.0942747,2.58073,2.54988
0.23,1,0.625779,0.141916,2.57422,2.59876
0.25,1,0.643474,0.16251,2.56836,2.61694
0.27,1,0.629809,0.152619,2.56296,2.60294
0.29,1,0.590055,0.116407,2.49704,2.56085
0.31,1,0.533359,0.0631846,2.41536,2.49699
0.33,1,0.468963,0.000698903,2.32916,2.41794
0.35,1,0.407609,-0.0595972,2.25316,2.33465
0.37,1,0.360608,-0.107241,2.26075,2.26423
0.39,1,0.33519,-0.134068,2.26763,2.22323
0.41,1,0.337598,-0.134026,2.27372,2.22721
0.43,1,0.367237,-0.106498,2.34587,2.27456
0.45,1,0.415244,-0.0610268,2.42186,2.34551
0.47,1,0.469689,-0.00806045,2.51894,2.41888
0.49,1,0.519337,0.040785,2.51435,2.48041
0.51,1,0.557681,0.0797773,2.50938,2.52498
0.53,1,0.58082,0.103997,2.53787,2.55077
0.55,1,0.583796,0.108398,2.53408,2.55403
0.57,1,0.566575,0.0933511,2.44977,2.53499
0.59,1,0.534506,0.0632127,2.44797,2.49833
0.61,1,0.493848,0.0236106,2.39076,2.4494
0.63,1,0.450877,-0.0181697,2.29077,2.39429
0.65,1,0.413311,-0.0554872,2.29673,2.34278
0.67,1,0.386478,-0.0826584,2.33893,2.30379
0.69,1,0.376499,-0.0935069,2.34305,2.28877
0.71,1,0.38661,-0.0848047,2.34588,2.30399
0.73,1,0.413489,-0.0588001,2.39467,2.34303
0.75,1,0.449011,-0.0244523,2.47308,2.3918
0.77,1,0.485167,0.0108456,2.47045,2.43856
0.79,1,0.514667,0.0405231,2.46689,2.47482
0.81,1,0.536367,0.0620624,2.46304,2.5005
0.83,1,0.546059,0.072801,2.45996,2.51172
0.85,1,0.542414,0.0692205,2.48646,2.50752
0.87,1,0.526346,0.0540503,2.41974,2.48874
0.89,1,0.502639,0.0306312,2.41989,2.46023
0.91,1,0.47401,0.00255983,2.3417,2.42442
0.93,1,0.446381,-0.0249012,2.3464,2.38829
0.95,1,0.423807,-0.0472783,2.35105,2.35751
0.97,1,0.409932,-0.0611848,2.35453,2.33797
0.99,1,0.408989,-0.0621127,2.35634,2.33663
