x,rho,E,F,T,Tr
0.01,1,0.513654,0.000992132,2.58293,2.4736
0.03,1,0.596673,0.101651,2.63868,2.568
0.05,1,0.66275,0.169784,2.6307,2.63632
0.07,1,0.692878,0.204258,2.62285,2.66579
0.09,1,0.683235,0.200004,2.6154,2.65646
0.11,1,0.63821,0.160262,2.53803,2.61157
0.13,1,0.56833,0.0951601,2.4376,2.53695
0.15,1,0.486525,0.0161851,2.32367,2.44027
0.17,1,0.406938,-0.0622646,2.18906,2.33369
0.19,1,0.343341,-0.126519,2.19889,2.23662
0.21,1,0.306476,-0.165735,2.20863,2.174
0.23,1,0.302922,-0.172686,2.2178,2.16767
0.25,1,0.333606,-0.14572,2.30721,2.2206
0.27,1,0.389359,-0.0933135,2.40408,2.30807
0.29,1,0.457594,-0.0274516,2.48812,2.40315
0.31,1,0.523739,0.0379404,2.54996,2.48565
0.33,1,0.576294,0.0913389,2.59825,2.54579
0.35,1,0.609219,0.126567,2.59305,2.5814
0.37,1,0.617929,0.138292,2.53719,2.59058
0.39,1,0.600896,0.124743,2.53214,2.57253
0.41,1,0.562486,0.0896905,2.47156,2.5304
0.43,1,0.512507,0.0415454,2.39715,2.47222
0.45,1,0.45771,-0.0120702,2.28832,2.40331
0.47,1,0.407962,-0.0621255,2.2944,2.33516
0.49,1,0.371497,-0.0998666,2.301,2.28113
0.51,1,0.355065,-0.11867,2.30752,2.25548
0.53,1,0.362919,-0.113152,2.31334,2.26785
0.55,1,0.393677,-0.0847926,2.37655,2.31444
0.57,1,0.437242,-0.0426918,2.44032,2.37598
0.59,1,0.483839,0.00261838,2.52994,2.43689
0.61,1,0.523086,0.042897,2.52618,2.48488
0.63,1,0.55295,0.073396,2.52175,2.51961
0.65,1,0.568045,0.0909441,2.51704,2.53663
0.67,1,0.565858,0.0907767,2.51302,2.53418
0.69,1,0.547854,0.0748743,2.43362,2.51378
0.71,1,0.51855,0.0474951,2.43195,2.47947
0.73,1,0.482785,0.0119542,2.38489,2.43557
0.75,1,0.44764,-0.0235857,2.31957,2.38998
0.77,1,0.418014,-0.0545136,2.32419,2.34941
0.79,1,0.398236,-0.0755166,2.32972,2.32111
0.81,1,0.394325,-0.0814459,2.33456,2.31539
0.83,1,0.407217,-0.0701732,2.37147,2.33409
0.85,1,0.432541,-0.045952,2.41406,2.36956
0.87,1,0.463443,-0.0151332,2.48782,2.4108
0.89,1,0.492676,0.0144378,2.48636,2.44795
0.91,1,0.515828,0.03916,2.48381,2.47621
0.93,1,0.53153,0.0563456,2.48018,2.49484
0.95,1,0.5367,0.063241,2.47622,2.50089
0.97,1,0.530189,0.0581248,2.4732,2.49327
0.99,1,0.51444,0.0431479,2.44629,2.47454
