x,rho,E,F,T,Tr
0.01,1,0.445132,-0.0407105,2.24209,2.38662
0.03,1,0.348826,-0.12125,2.10136,2.2455
0.05,1,0.288245,-0.183666,2.11369,2.14093
0.07,1,0.264932,-0.21043,2.12576,2.09626
0.09,1,0.282408,-0.19714,2.2219,2.13001
0.11,1,0.335619,-0.148309,2.3414,2.22394
0.13,1,0.412508,-0.07517,2.45488,2.34164
0.15,1,0.496935,0.00708126,2.54483,2.45322
0.17,1,0.572215,0.0821395,2.6045,2.54127
0.19,1,0.625876,0.137829,2.59788,2.59886
0.21,1,0.652006,0.167215,2.59115,2.62558
0.23,1,0.644995,0.164955,2.58478,2.61849
0.25,1,0.609252,0.13336,2.5209,2.58143
0.27,1,0.553223,0.0813306,2.43818,2.51992
0.29,1,0.486615,0.0168529,2.34481,2.44038
0.31,1,0.420545,-0.0483659,2.22962,2.35296
0.33,1,0.366824,-0.10283,2.23754,2.27392
0.35,1,0.334734,-0.137143,2.24571,2.22247
0.37,1,0.330416,-0.144445,2.25357,2.21527
0.39,1,0.355504,-0.122518,2.32562,2.25617
0.41,1,0.401723,-0.0788503,2.40537,2.32618
0.43,1,0.458579,-0.0241039,2.47549,2.40445
0.45,1,0.513068,0.0299881,2.53329,2.47289
0.47,1,0.55615,0.0736888,2.55822,2.52324
0.49,1,0.58386,0.103653,2.55326,2.5541
0.51,1,0.591513,0.113972,2.5483,2.56243
0.53,1,0.577908,0.103472,2.46807,2.54757
0.55,1,0.547653,0.0759791,2.46438,2.51355
0.57,1,0.506611,0.03631,2.40326,2.46507
0.59,1,0.461785,-0.00806884,2.31068,2.40864
0.61,1,0.420475,-0.0496952,2.31543,2.35286
0.63,1,0.389815,-0.0819656,2.29034,2.30875
0.65,1,0.37532,-0.0982389,2.29614,2.28698
0.67,1,0.381381,-0.0943418,2.37999,2.29616
0.69,1,0.406319,-0.0716297,2.4339,2.3328
0.71,1,0.442576,-0.0370959,2.48632,2.38319
0.73,1,0.480827,0.000846463,2.4845,2.43309
0.75,1,0.513918,0.0344849,2.48241,2.47392
0.77,1,0.537376,0.0597345,2.47951,2.50168
0.79,1,0.550123,0.0743087,2.47579,2.51638
0.81,1,0.548724,0.0751577,2.47187,2.51478
0.83,1,0.534518,0.062567,2.4687,2.49834
0.85,1,0.511357,0.0404803,2.39217,2.47083
0.87,1,0.48238,0.0119375,2.39214,2.43506
0.89,1,0.452583,-0.0187677,2.33751,2.39655
0.91,1,0.428077,-0.0443447,2.34135,2.36343
0.93,1,0.412038,-0.0624325,2.34617,2.34097
0.95,1,0.408536,-0.0676064,2.35084,2.33598
0.97,1,0.418981,-0.0589076,2.41346,2.35077
0.99,1,0.439185,-0.0397663,2.41538,2.37861
