x,rho,E,F,T,Tr
0.01,1,0.284922,-0.206357,2.2585,2.13473
0.03,1,0.351287,-0.13416,2.38399,2.24945
0.05,1,0.443013,-0.0462373,2.50288,2.38378
0.07,1,0.536716,0.04517,2.59106,2.50091
0.09,1,0.614417,0.122788,2.65922,2.58689
0.11,1,0.662844,0.173409,2.65348,2.63642
0.13,1,0.677224,0.191469,2.63367,2.6506
0.15,1,0.655767,0.175257,2.57824,2.62935
0.17,1,0.603729,0.127906,2.49664,2.57556
0.19,1,0.533058,0.0616195,2.39762,2.49664
0.21,1,0.455921,-0.0129995,2.29285,2.40095
0.23,1,0.385123,-0.082482,2.17844,2.30177
0.25,1,0.333506,-0.134666,2.18654,2.22043
0.27,1,0.309991,-0.159951,2.19395,2.18021
0.29,1,0.319501,-0.153481,2.25914,2.19674
0.31,1,0.358222,-0.117865,2.34738,2.26047
0.33,1,0.416725,-0.062719,2.43519,2.3476
0.35,1,0.481923,7.43786e-05,2.50835,2.43448
0.37,1,0.540464,0.0574919,2.58427,2.50526
0.39,1,0.582163,0.0996819,2.5799,2.55225
0.41,1,0.603613,0.12251,2.57582,2.57544
0.43,1,0.603144,0.124881,2.50843,2.57494
0.45,1,0.58105,0.105639,2.50486,2.55103
0.47,1,0.539454,0.0669892,2.44364,2.50409
0.49,1,0.489949,0.0196427,2.37542,2.44455
0.51,1,0.438542,-0.0298562,2.31245,2.37774
0.53,1,0.394955,-0.0729938,2.2614,2.31632
0.55,1,0.36758,-0.100726,2.26521,2.27509
0.57,1,0.360719,-0.108915,2.33512,2.2644
0.59,1,0.376019,-0.0958122,2.33851,2.28804
0.61,1,0.4105,-0.0632776,2.39895,2.33878
0.63,1,0.45417,-0.021958,2.4547,2.39865
0.65,1,0.496851,0.0195295,2.50864,2.45312
0.67,1,0.531034,0.0524463,2.50441,2.49426
0.69,1,0.553039,0.0750221,2.50097,2.51971
0.71,1,0.561382,0.0837845,2.52053,2.52916
0.73,1,0.554354,0.0785149,2.45989,2.52121
0.75,1,0.534215,0.0598869,2.45832,2.49799
0.77,1,0.503375,0.03075,2.3709,2.46113
0.79,1,0.468858,-0.00191426,2.33493,2.41781
0.81,1,0.43574,-0.0339319,2.33983,2.37393
0.83,1,0.410489,-0.0581953,2.34363,2.33877
0.85,1,0.397299,-0.0717646,2.34617,2.31975
0.87,1,0.398972,-0.0704768,2.34787,2.32219
0.89,1,0.415284,-0.0551443,2.42306,2.34557
0.91,1,0.442208,-0.0300013,2.47527,2.38269
0.93,1,0.472182,-0.00160314,2.47199,2.42208
0.95,1,0.498816,0.0235455,2.49522,2.45554
0.97,1,0.518858,0.0426824,2.49328,2.47984
0.99,1,0.530313,0.0536181,2.49249,2.49341
