x,rho,E,F,T,Tr
0.01,1,0.337218,-0.144798,2.11416,2.22658
0.03,1,0.27532,-0.19694,2.11658,2.11651
0.05,1,0.259011,-0.217226,2.12896,2.08445
0.07,1,0.284091,-0.196651,2.23597,2.13317
0.09,1,0.344356,-0.141337,2.36049,2.23827
0.11,1,0.426357,-0.063226,2.47634,2.36105
0.13,1,0.51304,0.0211229,2.60653,2.47286
0.15,1,0.5878,0.0956391,2.60031,2.5584
0.17,1,0.639155,0.149631,2.59387,2.61254
0.19,1,0.660102,0.174677,2.58734,2.63369
0.21,1,0.647095,0.166646,2.58054,2.62062
0.23,1,0.605195,0.129518,2.51062,2.57712
0.25,1,0.544256,0.0727629,2.42262,2.50964
0.27,1,0.474344,0.00537335,2.32804,2.42485
0.29,1,0.407536,-0.0606087,2.23594,2.33455
0.31,1,0.355741,-0.113506,2.24331,2.25655
0.33,1,0.327224,-0.144418,2.25097,2.2099
0.35,1,0.328418,-0.146873,2.25887,2.21191
0.37,1,0.359054,-0.119705,2.33686,2.26179
0.39,1,0.410374,-0.0726324,2.42071,2.3386
0.41,1,0.469411,-0.015331,2.49026,2.41852
0.43,1,0.524526,0.038646,2.57785,2.48658
0.45,1,0.566401,0.0818342,2.57397,2.53479
0.47,1,0.591991,0.10939,2.56947,2.56295
0.49,1,0.595701,0.11707,2.51534,2.56696
0.51,1,0.578328,0.102992,2.51041,2.54803
0.53,1,0.543216,0.0715132,2.45644,2.50844
0.55,1,0.499717,0.0296872,2.3934,2.45665
0.57,1,0.452935,-0.0155519,2.31851,2.39701
0.59,1,0.411924,-0.0569192,2.3222,2.34081
0.61,1,0.382868,-0.0880241,2.32668,2.29839
0.63,1,0.371494,-0.101675,2.29604,2.28113
0.65,1,0.381725,-0.0945442,2.388,2.29667
0.67,1,0.410705,-0.0686574,2.44347,2.33907
0.69,1,0.449648,-0.0319295,2.44555,2.39265
0.71,1,0.489154,0.00667164,2.5098,2.44356
0.73,1,0.521592,0.0390475,2.5264,2.4831
0.75,1,0.544664,0.0641373,2.47508,2.51012
0.77,1,0.555534,0.0771544,2.4725,2.52255
0.79,1,0.551111,0.0759254,2.46894,2.51751
0.81,1,0.533569,0.0610936,2.46527,2.49723
0.83,1,0.50771,0.0370529,2.38642,2.46641
0.85,1,0.476654,0.00744765,2.33908,2.4278
0.87,1,0.44642,-0.0230215,2.37318,2.38835
0.89,1,0.422247,-0.0482582,2.34342,2.35534
0.91,1,0.407588,-0.0652702,2.34705,2.33462
0.93,1,0.406804,-0.0685483,2.35172,2.3335
0.95,1,0.420415,-0.0578006,2.41827,2.35278
0.97,1,0.443405,-0.0370425,2.42113,2.3843
0.99,1,0.470769,-0.0109484,2.47406,2.42027
