x,rho,E,F,T,Tr
0.01,1,0.304438,-0.17596,2.08272,2.17038
0.03,1,0.259585,-0.212664,2.08501,2.0856
0.05,1,0.26214,-0.214474,2.16731,2.09072
0.07,1,0.304661,-0.176953,2.28836,2.17078
0.09,1,0.377301,-0.10899,2.41287,2.28999
0.11,1,0.464843,-0.0250335,2.51923,2.41262
0.13,1,0.549316,0.0580052,2.62943,2.51546
0.15,1,0.615563,0.124921,2.62307,2.58809
0.17,1,0.654071,0.166884,2.61665,2.62765
0.19,1,0.659472,0.176776,2.60994,2.63306
0.21,1,0.632243,0.154919,2.55295,2.60545
0.23,1,0.580356,0.107858,2.47261,2.55026
0.25,1,0.512882,0.0443432,2.37865,2.47267
0.27,1,0.441769,-0.0249004,2.28532,2.3821
0.29,1,0.378834,-0.0872473,2.20547,2.29231
0.31,1,0.336282,-0.131854,2.21292,2.22504
0.33,1,0.320529,-0.150263,2.22101,2.19851
0.35,1,0.336228,-0.138603,2.28783,2.22495
0.37,1,0.377473,-0.100977,2.37154,2.29025
0.39,1,0.43459,-0.047395,2.45121,2.37236
0.41,1,0.494674,0.0110093,2.51468,2.45042
0.43,1,0.545969,0.0618854,2.57087,2.51162
0.45,1,0.580115,0.0975462,2.56686,2.55
0.47,1,0.595097,0.115331,2.5624,2.56631
0.49,1,0.589709,0.113859,2.49207,2.56048
0.51,1,0.565454,0.0930012,2.48734,2.53373
0.53,1,0.523968,0.0550347,2.4277,2.48592
0.55,1,0.477076,0.0100908,2.36143,2.42833
0.57,1,0.430547,-0.0354176,2.26962,2.36683
0.59,1,0.393241,-0.0734696,2.27363,2.3138
0.61,1,0.371936,-0.0969441,2.27856,2.2818
0.63,1,0.370656,-0.100895,2.35223,2.27984
0.65,1,0.389894,-0.0854044,2.35733,2.30886
0.67,1,0.424808,-0.0527463,2.41584,2.3589
0.69,1,0.466115,-0.0139117,2.49798,2.41426
0.71,1,0.503998,0.0233728,2.49574,2.46189
0.73,1,0.533148,0.052794,2.51675,2.49674
0.75,1,0.550323,0.0718834,2.514,2.51661
0.77,1,0.55375,0.0781092,2.51046,2.52052
0.79,1,0.543862,0.0710664,2.48432,2.50919
0.81,1,0.522624,0.0527496,2.40713,2.48433
0.83,1,0.492338,0.0247571,2.40486,2.44753
0.85,1,0.460266,-0.0063732,2.32585,2.40665
0.87,1,0.431236,-0.035297,2.32754,2.36777
0.89,1,0.410771,-0.0573738,2.33023,2.33917
0.91,1,0.402415,-0.0680545,2.33424,2.32718
0.93,1,0.408317,-0.0648302,2.39438,2.33567
0.95,1,0.426576,-0.0494547,2.43086,2.36135
0.97,1,0.453527,-0.0250242,2.48348,2.3978
0.99,1,0.48043,0.000498563,2.4821,2.43259
