x,rho,E,F,T,Tr
0.01,1,0.263144,-0.225981,2.19106,2.09271
0.03,1,0.31169,-0.172456,2.31358,2.18319
0.05,1,0.3937,-0.0949927,2.44227,2.31448
0.07,1,0.487522,-0.00462981,2.54682,2.44152
0.09,1,0.574394,0.0807866,2.63009,2.54369
0.11,1,0.638984,0.146258,2.6231,2.61237
0.13,1,0.672571,0.183082,2.61662,2.64604
0.15,1,0.669687,0.184674,2.61025,2.6432
0.17,1,0.63329,0.153296,2.54351,2.60653
0.19,1,0.572706,0.0974457,2.45414,2.54182
0.21,1,0.498595,0.0270377,2.35343,2.45527
0.23,1,0.423781,-0.0455966,2.26004,2.35747
0.25,1,0.361327,-0.107746,2.20928,2.26536
0.27,1,0.322285,-0.147779,2.21675,2.20151
0.29,1,0.313477,-0.159447,2.22386,2.18632
0.31,1,0.337169,-0.139054,2.30178,2.2265
0.33,1,0.386061,-0.0939394,2.39095,2.30317
0.35,1,0.448364,-0.0343841,2.47218,2.39094
0.37,1,0.510753,0.0257391,2.5502,2.4701
0.39,1,0.561341,0.075764,2.54526,2.52911
0.41,1,0.595472,0.110845,2.54065,2.56671
0.43,1,0.607765,0.125266,2.53677,2.57986
0.45,1,0.595469,0.115955,2.53295,2.56671
0.47,1,0.56301,0.0868882,2.47977,2.53099
0.49,1,0.518267,0.045213,2.41501,2.47913
0.51,1,0.467554,-0.00328783,2.34915,2.41612
0.53,1,0.419594,-0.0498415,2.29966,2.35163
0.55,1,0.383126,-0.0861414,2.30441,2.29878
0.57,1,0.363987,-0.106214,2.30845,2.26951
0.59,1,0.367504,-0.104699,2.31232,2.27498
0.61,1,0.393251,-0.08166,2.37106,2.31382
0.63,1,0.432502,-0.0449585,2.42953,2.36951
0.65,1,0.476302,-0.0035093,2.52383,2.42735
0.67,1,0.515222,0.0337988,2.51978,2.47548
0.69,1,0.543723,0.0620139,2.48841,2.50903
0.71,1,0.560485,0.0793144,2.48611,2.52815
0.73,1,0.56127,0.0815796,2.48429,2.52903
0.75,1,0.547112,0.0693249,2.48223,2.51293
0.77,1,0.52218,0.0464847,2.39785,2.4838
0.79,1,0.489222,0.0159141,2.39715,2.44364
0.81,1,0.454827,-0.0167997,2.32887,2.39951
0.83,1,0.425314,-0.0450043,2.33239,2.3596
0.85,1,0.404864,-0.0652172,2.33449,2.33071
0.87,1,0.398307,-0.0723297,2.33621,2.32122
0.89,1,0.407764,-0.0642824,2.40391,2.33487
0.91,1,0.429703,-0.0443981,2.40514,2.36567
0.93,1,0.458655,-0.0174831,2.46316,2.40455
0.95,1,0.48707,0.008874,2.48272,2.44095
0.97,1,0.511213,0.0315314,2.47981,2.47065
0.99,1,0.527617,0.0471817,2.47825,2.49024
