x,rho,E,F,T,Tr
0.01,1,0.259791,-0.223552,2.08601,2.08602
0.03,1,0.257593,-0.220319,2.16112,2.08159
0.05,1,0.301086,-0.18189,2.28557,2.16438
0.07,1,0.375555,-0.112346,2.41346,2.28734
0.09,1,0.465507,-0.0262931,2.52264,2.41348
0.11,1,0.552489,0.0589699,2.63542,2.51908
0.13,1,0.620918,0.127721,2.62898,2.5937
0.15,1,0.660854,0.170725,2.62265,2.63444
0.17,1,0.666476,0.180732,2.61623,2.64002
0.19,1,0.638451,0.158104,2.55796,2.61182
0.21,1,0.584926,0.109558,2.47568,2.55527
0.23,1,0.515346,0.0442332,2.37933,2.47563
0.25,1,0.442099,-0.0267597,2.28348,2.38255
0.27,1,0.37749,-0.090598,2.20215,2.29028
0.29,1,0.333632,-0.135859,2.20935,2.22064
0.31,1,0.317498,-0.154468,2.21692,2.19329
0.33,1,0.333572,-0.142315,2.28557,2.22054
0.35,1,0.375827,-0.103607,2.37143,2.28775
0.37,1,0.434697,-0.0488389,2.45307,2.37251
0.39,1,0.496532,0.0110473,2.5183,2.45272
0.41,1,0.549466,0.0630137,2.57543,2.51563
0.43,1,0.584837,0.0996417,2.5717,2.55517
0.45,1,0.600953,0.117708,2.5676,2.5726
0.47,1,0.595115,0.115559,2.49569,2.56632
0.49,1,0.569723,0.0939791,2.49165,2.5385
0.51,1,0.52739,0.0553018,2.43035,2.48997
0.53,1,0.479074,0.00911479,2.36249,2.43087
0.55,1,0.430984,-0.0372014,2.2685,2.36743
0.57,1,0.392743,-0.0759274,2.2725,2.31307
0.59,1,0.370116,-0.099518,2.27681,2.27901
0.61,1,0.368812,-0.103443,2.3527,2.277
0.63,1,0.3886,-0.0870969,2.35684,2.30695
0.65,1,0.424544,-0.0538528,2.4168,2.35853
0.67,1,0.467254,-0.0141934,2.50234,2.41574
0.69,1,0.506535,0.0239529,2.49878,2.46498
0.71,1,0.536737,0.0536616,2.49642,2.50093
0.73,1,0.554796,0.0729879,2.51809,2.52171
0.75,1,0.55879,0.0789067,2.51539,2.52623
0.77,1,0.548743,0.0715083,2.48917,2.5148
0.79,1,0.526861,0.0526667,2.41011,2.48935
0.81,1,0.4955,0.0241307,2.40796,2.45145
0.83,1,0.462034,-0.00747088,2.32732,2.40896
0.85,1,0.431909,-0.0365785,2.3292,2.3687
0.87,1,0.410236,-0.0588429,2.33094,2.33841
0.89,1,0.40115,-0.0693514,2.33362,2.32535
0.91,1,0.407247,-0.0657895,2.39549,2.33414
0.93,1,0.426271,-0.049848,2.39837,2.36093
0.95,1,0.453989,-0.0247575,2.4347,2.39841
0.97,1,0.482058,0.00112861,2.48521,2.43465
0.99,1,0.506387,0.0242059,2.48381,2.4648
