x,rho,E,F,T,Tr
0.01,1,0.354108,-0.146607,2.39256,2.25396
0.03,1,0.441258,-0.0500866,2.50413,2.38141
0.05,1,0.537408,0.0441329,2.59501,2.50171
0.07,1,0.617918,0.124405,2.66621,2.59056
0.09,1,0.668565,0.177498,2.64683,2.64209
0.11,1,0.683733,0.19675,2.64012,2.65695
0.13,1,0.662141,0.180142,2.584,2.63572
0.15,1,0.609332,0.13198,2.50096,2.58152
0.17,1,0.537016,0.0638021,2.39996,2.50126
0.19,1,0.457903,-0.0129665,2.29209,2.40356
0.21,1,0.385275,-0.0846049,2.17192,2.30199
0.23,1,0.332058,-0.138603,2.18095,2.21802
0.25,1,0.307696,-0.16504,2.18913,2.17616
0.27,1,0.316845,-0.158873,2.25576,2.19216
0.29,1,0.355967,-0.122732,2.34604,2.25691
0.31,1,0.415538,-0.0662921,2.43607,2.34593
0.33,1,0.482134,-0.00151874,2.51119,2.43475
0.35,1,0.542392,0.0577956,2.59046,2.50749
0.37,1,0.585588,0.101602,2.58543,2.55599
0.39,1,0.607853,0.12577,2.58105,2.57995
0.41,1,0.60784,0.128466,2.51278,2.57994
0.43,1,0.585549,0.108847,2.50893,2.55595
0.45,1,0.543256,0.0692029,2.44654,2.50849
0.47,1,0.4927,0.0204366,2.37685,2.44798
0.49,1,0.440255,-0.0307874,2.31217,2.38006
0.51,1,0.395672,-0.0756555,2.25872,2.31737
0.53,1,0.367096,-0.104385,2.26385,2.27435
0.55,1,0.359934,-0.113177,2.33497,2.26317
0.57,1,0.375353,-0.0997424,2.33851,2.28703
0.59,1,0.410219,-0.0665323,2.40018,2.33838
0.61,1,0.454549,-0.0238382,2.4582,2.39915
0.63,1,0.498313,0.0191195,2.51426,2.45492
0.65,1,0.533116,0.0537679,2.50993,2.4967
0.67,1,0.555767,0.0771621,2.50571,2.52281
0.69,1,0.564535,0.0864915,2.50224,2.5327
0.71,1,0.55757,0.0812107,2.49969,2.52485
0.73,1,0.537504,0.0618318,2.46109,2.50182
0.75,1,0.506419,0.0319934,2.37142,2.46484
0.77,1,0.471115,-0.00236233,2.37271,2.42071
0.79,1,0.437723,-0.0356006,2.31788,2.37663
0.81,1,0.411995,-0.0609488,2.34309,2.34091
0.83,1,0.398481,-0.0750421,2.34697,2.32147
0.85,1,0.399883,-0.0738504,2.34937,2.32351
0.87,1,0.416032,-0.0583539,2.42627,2.34662
0.89,1,0.443284,-0.0318697,2.42604,2.38414
0.91,1,0.47341,-0.00212632,2.4773,2.42366
0.93,1,0.500509,0.024313,2.50046,2.45762
0.95,1,0.520605,0.0444435,2.49719,2.48192
0.97,1,0.532224,0.055908,2.49525,2.49566
0.99,1,0.533779,0.0574258,2.46517,2.49748
