x,rho,E,F,T,Tr
0.01,1,0.257895,-0.2255,2.08935,2.0822
0.03,1,0.2591,-0.219042,2.16915,2.08463
0.05,1,0.305425,-0.177621,2.29538,2.17214
0.07,1,0.381932,-0.106145,2.42262,2.29698
0.09,1,0.472502,-0.0192293,2.52959,2.42249
0.11,1,0.558721,0.0653103,2.63224,2.52616
0.13,1,0.625147,0.132281,2.62576,2.59811
0.15,1,0.66288,0.173319,2.61941,2.63645
0.17,1,0.665776,0.180685,2.61291,2.63933
0.19,1,0.635271,0.155665,2.55239,2.60856
0.21,1,0.580069,0.105212,2.46839,2.54995
0.23,1,0.509556,0.0389314,2.37146,2.46865
0.25,1,0.436403,-0.0321,2.27692,2.37483
0.27,1,0.37292,-0.0950269,2.20564,2.28331
0.29,1,0.330895,-0.138512,2.21278,2.21607
0.31,1,0.317121,-0.154876,2.22037,2.19264
0.33,1,0.335567,-0.140348,2.29139,2.22385
0.35,1,0.379669,-0.099971,2.37769,2.29357
0.37,1,0.43917,-0.0442279,2.45848,2.37859
0.39,1,0.500793,0.0153604,2.52193,2.45797
0.41,1,0.552748,0.0665711,2.57427,2.51938
0.43,1,0.587212,0.102442,2.57042,2.55776
0.45,1,0.601965,0.119206,2.56617,2.57368
0.47,1,0.593903,0.114847,2.49114,2.56502
0.49,1,0.566721,0.0911098,2.48719,2.53515
0.51,1,0.523784,0.0520642,2.42544,2.4857
0.53,1,0.475244,0.0052965,2.35769,2.426
0.55,1,0.427453,-0.0406442,2.26913,2.36256
0.57,1,0.390132,-0.0783238,2.27324,2.30922
0.59,1,0.368764,-0.10085,2.27731,2.27692
0.61,1,0.369121,-0.103158,2.35684,2.27748
0.63,1,0.390638,-0.084942,2.3635,2.30996
0.65,1,0.427626,-0.0510096,2.42042,2.3628
0.67,1,0.470229,-0.0109993,2.49949,2.41957
0.69,1,0.509429,0.0265416,2.52111,2.4685
0.71,1,0.538528,0.0554923,2.49366,2.50302
0.73,1,0.55594,0.0738215,2.49177,2.52301
0.75,1,0.558816,0.0789587,2.48961,2.52626
0.77,1,0.547633,0.0703372,2.48665,2.51353
0.79,1,0.52477,0.0506135,2.40679,2.48687
0.81,1,0.493066,0.0218076,2.40324,2.44843
0.83,1,0.459457,-0.0102644,2.3284,2.4056
0.85,1,0.42997,-0.0386708,2.33046,2.36603
0.87,1,0.408967,-0.0604002,2.33231,2.3366
0.89,1,0.400931,-0.0700684,2.33496,2.32503
0.91,1,0.408036,-0.0650688,2.39829,2.33527
0.93,1,0.427904,-0.0480697,2.43534,2.36319
0.95,1,0.455952,-0.0229241,2.48675,2.401
0.97,1,0.484072,0.00307625,2.46225,2.43719
0.99,1,0.507879,0.0258237,2.48241,2.46662
