x,rho,E,F,T,Tr
0.01,1,0.316427,-0.165718,2.07926,2.19144
0.03,1,0.264997,-0.208292,2.08137,2.09639
0.05,1,0.260586,-0.216905,2.15297,2.08761
0.07,1,0.296896,-0.185584,2.26955,2.15681
0.09,1,0.365288,-0.121993,2.39449,2.27154
0.11,1,0.451163,-0.0400495,2.50331,2.39466
0.13,1,0.537081,0.0442751,2.58349,2.50133
0.15,1,0.607013,0.114694,2.64367,2.57906
0.17,1,0.649189,0.159719,2.63784,2.62273
0.19,1,0.66084,0.175757,2.57125,2.63442
0.21,1,0.63989,0.16038,2.5647,2.61329
0.23,1,0.590804,0.115896,2.48799,2.56167
0.25,1,0.52541,0.0547428,2.39609,2.48763
0.27,1,0.454566,-0.0141966,2.30056,2.39917
0.29,1,0.38986,-0.0783115,2.20082,2.30881
0.31,1,0.343439,-0.126235,2.2083,2.23678
0.33,1,0.323141,-0.149354,2.21632,2.20297
0.35,1,0.333621,-0.142591,2.27797,2.22062
0.37,1,0.371048,-0.108764,2.35978,2.28044
0.39,1,0.426237,-0.057297,2.44061,2.36088
0.41,1,0.486215,0.00112415,2.50737,2.43988
0.43,1,0.539516,0.0534534,2.57465,2.50416
0.45,1,0.576308,0.0920374,2.57055,2.54581
0.47,1,0.59505,0.112932,2.56605,2.56626
0.49,1,0.593118,0.114806,2.50195,2.56417
0.51,1,0.571442,0.0968714,2.49746,2.54041
0.53,1,0.532411,0.0609382,2.4399,2.49588
0.55,1,0.486618,0.0171871,2.377,2.44039
0.57,1,0.439895,-0.0285958,2.27131,2.37957
0.59,1,0.400876,-0.0681366,2.27536,2.32495
0.61,1,0.377,-0.0936394,2.28034,2.28953
0.63,1,0.371907,-0.101495,2.34578,2.28176
0.65,1,0.387375,-0.089908,2.35341,2.30512
0.67,1,0.420515,-0.059041,2.40962,2.35292
0.69,1,0.461006,-0.0210567,2.50517,2.40762
0.71,1,0.499793,0.0169656,2.50263,2.45674
0.73,1,0.530463,0.0478297,2.52165,2.49359
0.75,1,0.549815,0.0689118,2.51885,2.51603
0.77,1,0.555728,0.0777009,2.51536,2.52277
0.79,1,0.548021,0.0725167,2.45852,2.51397
0.81,1,0.52803,0.0559075,2.41597,2.49073
0.83,1,0.499273,0.0291482,2.41367,2.4561
0.85,1,0.467474,-0.00142058,2.34709,2.41602
0.87,1,0.437868,-0.0309785,2.34886,2.37683
0.89,1,0.416147,-0.054361,2.35091,2.34678
0.91,1,0.405354,-0.0673812,2.35417,2.33142
0.93,1,0.408628,-0.0667028,2.39116,2.33611
0.95,1,0.425406,-0.0530144,2.42873,2.35973
0.97,1,0.450913,-0.0297621,2.43139,2.39433
0.99,1,0.47842,-0.00353938,2.49551,2.43004
