x,rho,E,F,T,Tr
0.01,1,0.291723,-0.190266,2.09503,2.14736
0.03,1,0.256064,-0.218582,2.09743,2.07849
0.05,1,0.268093,-0.211116,2.19234,2.10248
0.07,1,0.318704,-0.165516,2.31745,2.19537
0.09,1,0.396562,-0.0921935,2.43971,2.31867
0.11,1,0.485485,-0.00639051,2.53946,2.43896
0.13,1,0.567639,0.0745352,2.62122,2.53618
0.15,1,0.628541,0.136692,2.61479,2.60163
0.17,1,0.660853,0.172499,2.60841,2.63444
0.19,1,0.658506,0.175179,2.60183,2.63209
0.21,1,0.62468,0.14647,2.53861,2.59762
0.23,1,0.567888,0.0946063,2.45406,2.53646
0.25,1,0.498224,0.0283333,2.35853,2.45481
0.27,1,0.427396,-0.0406638,2.26996,2.36248
0.29,1,0.367971,-0.100353,2.21851,2.2757
0.31,1,0.330557,-0.139555,2.22593,2.21551
0.33,1,0.321721,-0.151802,2.23387,2.20055
0.35,1,0.343951,-0.133386,2.30722,2.23762
0.37,1,0.390123,-0.0909574,2.39189,2.3092
0.39,1,0.449423,-0.0348114,2.46922,2.39235
0.41,1,0.508438,0.0225157,2.54481,2.46729
0.43,1,0.55634,0.0701104,2.56896,2.52346
0.45,1,0.588304,0.104017,2.56487,2.55895
0.47,1,0.599522,0.118216,2.56026,2.57106
0.49,1,0.588078,0.11069,2.48154,2.5587
0.51,1,0.558306,0.0845156,2.4771,2.52569
0.53,1,0.515517,0.0452574,2.41565,2.47584
0.55,1,0.467978,-0.000929539,2.35271,2.41667
0.57,1,0.422672,-0.0454643,2.30388,2.35593
0.59,1,0.388372,-0.0808456,2.27883,2.30661
0.61,1,0.370287,-0.10065,2.28394,2.27927
0.63,1,0.373838,-0.100219,2.36954,2.28472
0.65,1,0.397992,-0.0796548,2.37398,2.32076
0.67,1,0.435353,-0.0450344,2.42858,2.37341
0.69,1,0.476667,-0.00579358,2.51882,2.42781
0.71,1,0.513632,0.0302391,2.48987,2.47357
0.73,1,0.540077,0.0577478,2.48796,2.50481
0.75,1,0.555171,0.0746902,2.48584,2.52213
0.77,1,0.555553,0.0779205,2.48287,2.52257
0.79,1,0.542054,0.0674972,2.47906,2.5071
0.81,1,0.518377,0.0466288,2.39907,2.47926
0.83,1,0.487317,0.0177193,2.39696,2.44126
0.85,1,0.45483,-0.0137823,2.33255,2.39952
0.87,1,0.427429,-0.0411824,2.33427,2.36253
0.89,1,0.408903,-0.0614271,2.33681,2.3365
0.91,1,0.4033,-0.0692026,2.34074,2.32846
0.93,1,0.412754,-0.062772,2.40545,2.34199
0.95,1,0.433623,-0.0448082,2.40768,2.37104
0.97,1,0.461417,-0.0193798,2.48174,2.40816
0.99,1,0.487933,0.00573232,2.48026,2.44203
