x,rho,E,F,T,Tr
0.01,1,0.346453,-0.135526,2.10536,2.24167
0.03,1,0.280318,-0.191292,2.10779,2.12605
0.05,1,0.25916,-0.216197,2.12013,2.08475
0.07,1,0.279588,-0.200331,2.22228,2.12467
0.09,1,0.336116,-0.148632,2.3461,2.22476
0.11,1,0.416111,-0.0727308,2.46202,2.34673
0.13,1,0.502908,0.0117297,2.55276,2.46056
0.15,1,0.579748,0.0881127,2.60613,2.54959
0.17,1,0.633712,0.144325,2.59973,2.60696
0.19,1,0.658446,0.172897,2.59314,2.63203
0.21,1,0.64919,0.168676,2.58638,2.62273
0.23,1,0.610432,0.13474,2.51925,2.58268
0.25,1,0.551435,0.0801569,2.43296,2.51788
0.27,1,0.482225,0.0135458,2.33714,2.43486
0.29,1,0.41461,-0.0531073,2.22799,2.34461
0.31,1,0.360623,-0.108028,2.23531,2.26425
0.33,1,0.329297,-0.141836,2.24315,2.21339
0.35,1,0.326963,-0.147737,2.25138,2.20946
0.37,1,0.354423,-0.123697,2.32721,2.25446
0.39,1,0.403353,-0.078313,2.40927,2.32854
0.41,1,0.462072,-0.021875,2.48078,2.40901
0.43,1,0.51812,0.0328819,2.53297,2.47896
0.45,1,0.561536,0.0774202,2.52902,2.52933
0.47,1,0.589124,0.107593,2.52481,2.55984
0.49,1,0.595638,0.117408,2.55118,2.56689
0.51,1,0.580395,0.105118,2.4665,2.55031
0.53,1,0.547402,0.0758902,2.46268,2.51326
0.55,1,0.504444,0.0350726,2.39937,2.46243
0.57,1,0.457819,-0.0102284,2.31164,2.40345
0.59,1,0.415893,-0.0525173,2.31597,2.34643
0.61,1,0.385204,-0.0849333,2.32003,2.30189
0.63,1,0.371635,-0.100837,2.29235,2.28134
0.65,1,0.379339,-0.0959773,2.38078,2.29308
0.67,1,0.406432,-0.0718918,2.43744,2.33297
0.69,1,0.444533,-0.0363689,2.48489,2.38582
0.71,1,0.484196,0.00225713,2.51212,2.43734
0.73,1,0.517834,0.0360364,2.48072,2.47861
0.75,1,0.541742,0.0618023,2.47881,2.50674
0.77,1,0.554006,0.0763556,2.47605,2.52081
0.79,1,0.551302,0.076657,2.47243,2.51773
0.81,1,0.535315,0.0632131,2.46858,2.49927
0.83,1,0.51036,0.0403732,2.38982,2.46962
0.85,1,0.479752,0.0110444,2.38865,2.43173
0.87,1,0.449082,-0.0199035,2.33735,2.3919
0.89,1,0.424264,-0.0456138,2.33984,2.35815
0.91,1,0.408421,-0.0638389,2.34366,2.33582
0.93,1,0.406036,-0.0686279,2.34845,2.3324
0.95,1,0.418091,-0.0594038,2.41398,2.34952
0.97,1,0.439956,-0.0397117,2.41692,2.37965
0.99,1,0.467283,-0.0136497,2.47602,2.41577
