x,rho,E,F,T,Tr
0.01,1,0.257528,-0.230013,2.1663,2.08146
0.03,1,0.298046,-0.184518,2.28519,2.1589
0.05,1,0.374977,-0.112456,2.41625,2.28645
0.07,1,0.467401,-0.0236752,2.52742,2.41593
0.09,1,0.556654,0.063596,2.63938,2.52382
0.11,1,0.626361,0.133611,2.63244,2.59937
0.13,1,0.666882,0.177003,2.62593,2.64042
0.15,1,0.671716,0.186017,2.61957,2.6452
0.17,1,0.641956,0.161605,2.55903,2.6154
0.19,1,0.586139,0.110679,2.47395,2.55659
0.21,1,0.514254,0.0428672,2.37471,2.47432
0.23,1,0.439039,-0.0301862,2.27674,2.37841
0.25,1,0.372963,-0.0950825,2.19698,2.28338
0.27,1,0.328578,-0.14054,2.20473,2.21218
0.29,1,0.312874,-0.158447,2.2118,2.18526
0.31,1,0.330017,-0.144726,2.28331,2.2146
0.33,1,0.374042,-0.104347,2.37146,2.28503
0.35,1,0.434433,-0.047589,2.45494,2.37215
0.37,1,0.497781,0.0137068,2.52102,2.45426
0.39,1,0.551978,0.0667087,2.57822,2.5185
0.41,1,0.588582,0.104178,2.57407,2.55925
0.43,1,0.604871,0.122445,2.57019,2.57678
0.45,1,0.59781,0.118715,2.49499,2.56923
0.47,1,0.570854,0.0947683,2.49119,2.53976
0.49,1,0.527705,0.0549538,2.42856,2.49034
0.51,1,0.477866,0.00727894,2.36068,2.42934
0.53,1,0.428502,-0.0400015,2.26393,2.36401
0.55,1,0.38948,-0.0792134,2.26833,2.30825
0.57,1,0.366266,-0.102772,2.27237,2.27306
0.59,1,0.36524,-0.105889,2.35234,2.27146
0.61,1,0.386033,-0.0875238,2.35558,2.30313
0.63,1,0.423097,-0.053246,2.46687,2.35652
0.65,1,0.466594,-0.012179,2.50353,2.41488
0.67,1,0.507508,0.0266989,2.49931,2.46617
0.69,1,0.537971,0.0568303,2.52078,2.50237
0.71,1,0.556632,0.0757625,2.49338,2.52379
0.73,1,0.560608,0.0812571,2.49141,2.52829
0.75,1,0.55021,0.0728358,2.48922,2.51648
0.77,1,0.527873,0.052574,2.40738,2.49054
0.79,1,0.495673,0.0229309,2.40641,2.45166
0.81,1,0.461095,-0.00980768,2.34919,2.40774
0.83,1,0.430228,-0.0390525,2.32732,2.36639
0.85,1,0.407783,-0.0613539,2.32931,2.3349
0.87,1,0.398148,-0.0713525,2.33113,2.32099
0.89,1,0.404429,-0.0667077,2.39535,2.33009
0.91,1,0.424074,-0.0492161,2.39695,2.35788
0.93,1,0.452156,-0.0233001,2.46855,2.39598
0.95,1,0.481139,0.00343148,2.48613,2.43349
0.97,1,0.505951,0.0267346,2.46159,2.46427
0.99,1,0.524051,0.0440462,2.48181,2.48602
