x,rho,E,F,T,Tr
0.01,1,0.268099,-0.220921,2.20994,2.1025
0.03,1,0.322393,-0.161384,2.33452,2.2017
0.05,1,0.407899,-0.0803065,2.46069,2.33507
0.07,1,0.502164,0.0107554,2.56,2.45965
0.09,1,0.586677,0.0942469,2.62096,2.55718
0.11,1,0.64709,0.155911,2.61394,2.62061
0.13,1,0.675014,0.187347,2.60744,2.64844
0.15,1,0.666174,0.183156,2.60111,2.63972
0.17,1,0.624726,0.14668,2.52968,2.59767
0.19,1,0.560714,0.0873491,2.43703,2.52841
0.21,1,0.48528,0.0152527,2.33238,2.43871
0.23,1,0.411298,-0.0565768,2.20977,2.33992
0.25,1,0.351885,-0.115789,2.21824,2.25041
0.27,1,0.317269,-0.152086,2.22547,2.1929
0.29,1,0.313683,-0.158514,2.23273,2.18668
0.31,1,0.342301,-0.133197,2.31453,2.23493
0.33,1,0.394386,-0.0846351,2.40375,2.31548
0.35,1,0.457911,-0.023976,2.48178,2.40357
0.37,1,0.519216,0.0353353,2.54175,2.48027
0.39,1,0.567627,0.0835436,2.53668,2.53616
0.41,1,0.599029,0.115917,2.5322,2.57053
0.43,1,0.607226,0.126817,2.52832,2.57928
0.45,1,0.591394,0.11349,2.52442,2.5623
0.47,1,0.55582,0.0814976,2.46883,2.52287
0.49,1,0.509495,0.0377214,2.4,2.46858
0.51,1,0.458346,-0.0109741,2.30067,2.40414
0.53,1,0.411834,-0.0565147,2.30658,2.34068
0.55,1,0.377303,-0.0906465,2.31142,2.28999
0.57,1,0.361765,-0.107874,2.31536,2.26604
0.59,1,0.368736,-0.102533,2.31912,2.27688
0.61,1,0.39772,-0.076626,2.37703,2.32036
0.63,1,0.438328,-0.0379554,2.43679,2.37745
0.65,1,0.482,0.00342486,2.51877,2.43458
0.67,1,0.519171,0.0393273,2.51476,2.48021
0.69,1,0.546763,0.0667483,2.51161,2.51253
0.71,1,0.561499,0.0818073,2.50916,2.52929
0.73,1,0.559432,0.0815016,2.47672,2.52696
0.75,1,0.542967,0.0667256,2.47482,2.50816
0.77,1,0.516259,0.0422955,2.38945,2.47673
0.79,1,0.482319,0.010488,2.38902,2.43498
0.81,1,0.448499,-0.0218033,2.33085,2.39112
0.83,1,0.420244,-0.0488941,2.3344,2.35254
0.85,1,0.401394,-0.0676494,2.33667,2.3257
0.87,1,0.397336,-0.0722866,2.33842,2.3198
0.89,1,0.409187,-0.0618771,2.40861,2.33691
0.91,1,0.432544,-0.0404258,2.41084,2.36957
0.93,1,0.462297,-0.0125639,2.48175,2.4093
0.95,1,0.489901,0.0131776,2.47787,2.44449
0.97,1,0.513062,0.0350241,2.47485,2.47289
0.99,1,0.528473,0.0497306,2.47323,2.49125
