x,rho,E,F,T,Tr
0.01,1,0.277154,-0.202125,2.10866,2.12003
0.03,1,0.252223,-0.220654,2.11101,2.07065
0.05,1,0.274712,-0.202818,2.21847,2.11534
0.07,1,0.333859,-0.148743,2.3466,2.22102
0.09,1,0.416614,-0.0703582,2.46539,2.34744
0.11,1,0.505946,0.0161659,2.5576,2.46427
0.13,1,0.584555,0.0941476,2.60691,2.55486
0.15,1,0.639383,0.151028,2.60056,2.61277
0.17,1,0.663497,0.179023,2.59421,2.63707
0.19,1,0.652517,0.173367,2.58754,2.62609
0.21,1,0.611318,0.137384,2.51742,2.58362
0.23,1,0.549602,0.0805224,2.42778,2.51579
0.25,1,0.477956,0.0118361,2.32905,2.42945
0.27,1,0.408582,-0.0562914,2.22289,2.33604
0.29,1,0.353625,-0.111723,2.2299,2.25319
0.31,1,0.322345,-0.145148,2.23742,2.20162
0.33,1,0.321179,-0.14991,2.24506,2.19962
0.35,1,0.350565,-0.124328,2.32423,2.2483
0.37,1,0.401616,-0.0772764,2.40904,2.32602
0.39,1,0.462126,-0.0192345,2.48217,2.40908
0.41,1,0.519696,0.0365015,2.53105,2.48084
0.43,1,0.563998,0.0817644,2.5272,2.5321
0.45,1,0.592336,0.111559,2.52323,2.56332
0.47,1,0.598162,0.121041,2.51894,2.5696
0.49,1,0.581331,0.10761,2.51435,2.55133
0.51,1,0.546198,0.0766882,2.45973,2.51188
0.53,1,0.501716,0.0347306,2.39414,2.4591
0.55,1,0.453272,-0.0114887,2.30856,2.39746
0.57,1,0.410203,-0.0545106,2.31251,2.33836
0.59,1,0.378649,-0.0867371,2.31624,2.29203
0.61,1,0.365569,-0.102446,2.32057,2.27198
0.63,1,0.374211,-0.0968461,2.37764,2.28529
0.65,1,0.40297,-0.0714419,2.382,2.32798
0.67,1,0.442727,-0.0346467,2.43821,2.38339
0.69,1,0.483804,0.00471551,2.50977,2.43685
0.71,1,0.518196,0.038249,2.50752,2.47905
0.73,1,0.543054,0.064273,2.47498,2.50826
0.75,1,0.555406,0.0785581,2.47308,2.5224
0.77,1,0.551964,0.0781489,2.47045,2.51848
0.79,1,0.53481,0.063986,2.46689,2.49868
0.81,1,0.508504,0.040533,2.38538,2.46737
0.83,1,0.476211,0.010412,2.38358,2.42723
0.85,1,0.444317,-0.0207259,2.3337,2.38553
0.87,1,0.41857,-0.046557,2.33543,2.35019
0.89,1,0.402318,-0.064519,2.33792,2.32704
0.91,1,0.400244,-0.0687827,2.3417,2.32404
0.93,1,0.413227,-0.0589305,2.41005,2.34266
0.95,1,0.436311,-0.0387373,2.413,2.37471
0.97,1,0.465053,-0.012307,2.4727,2.41289
0.99,1,0.490646,0.0119601,2.47107,2.44542
