x,rho,E,F,T,Tr
0.01,1,0.729574,0.214847,2.67231,2.7004
0.03,1,0.682659,0.198764,2.59012,2.6559
0.05,1,0.614611,0.136747,2.48876,2.58709
0.07,1,0.526716,0.0540516,2.36873,2.48918
0.09,1,0.435453,-0.0345582,2.2473,2.37354
0.11,1,0.356023,-0.112998,2.14317,2.257
0.13,1,0.30261,-0.16772,2.15275,2.16712
0.15,1,0.283152,-0.189994,2.16211,2.13141
0.17,1,0.301768,-0.175352,2.24934,2.16561
0.19,1,0.352525,-0.128907,2.35657,2.25143
0.21,1,0.423718,-0.0616813,2.45776,2.35739
0.23,1,0.500068,0.0118498,2.58863,2.45708
0.25,1,0.566511,0.0772808,2.58267,2.53492
0.27,1,0.613058,0.125016,2.57739,2.58545
0.29,1,0.634783,0.149448,2.5722,2.60806
0.31,1,0.626847,0.145286,2.56709,2.59987
0.33,1,0.593146,0.115733,2.50839,2.5642
0.35,1,0.542021,0.0686465,2.43306,2.50706
0.37,1,0.481502,0.0111697,2.35005,2.43395
0.39,1,0.422148,-0.0467237,2.25708,2.3552
0.41,1,0.374109,-0.094106,2.2631,2.28513
0.43,1,0.346276,-0.123785,2.26863,2.24139
0.45,1,0.343908,-0.128635,2.2742,2.23755
0.47,1,0.368507,-0.107256,2.33939,2.27653
0.49,1,0.411674,-0.0669367,2.41132,2.34045
0.51,1,0.464045,-0.0176789,2.47475,2.41158
0.53,1,0.513124,0.0298187,2.5461,2.47296
0.55,1,0.550956,0.0670554,2.5423,2.51733
0.57,1,0.575162,0.0921755,2.53935,2.54454
0.59,1,0.580618,0.0996131,2.53636,2.55055
0.61,1,0.567518,0.0894603,2.46266,2.53604
0.63,1,0.539994,0.0651367,2.45972,2.50472
0.65,1,0.501678,0.029245,2.40623,2.45905
0.67,1,0.460337,-0.00969811,2.33169,2.40675
0.69,1,0.422867,-0.0461005,2.3358,2.3562
0.71,1,0.395608,-0.0734108,2.3388,2.31728
0.73,1,0.383343,-0.0867424,2.34136,2.2991
0.75,1,0.390365,-0.0821057,2.34437,2.30956
0.77,1,0.413985,-0.0608333,2.39057,2.34373
0.79,1,0.447173,-0.030401,2.47906,2.38935
0.81,1,0.482565,0.00272817,2.47511,2.43529
0.83,1,0.512865,0.0316162,2.47192,2.47265
0.85,1,0.534419,0.0528406,2.46995,2.49823
0.87,1,0.54549,0.0644618,2.46884,2.51107
0.89,1,0.543781,0.0643127,2.46787,2.5091
0.91,1,0.530082,0.052637,2.46609,2.49314
0.93,1,0.508013,0.0329157,2.39748,2.46678
0.95,1,0.480908,0.00840397,2.3501,2.4332
0.97,1,0.452729,-0.0177682,2.35348,2.39674
0.99,1,0.43019,-0.039311,2.35514,2.36634
