x,rho,E,F,T,Tr
0.01,1,0.253848,-0.232798,2.1399,2.07398
0.03,1,0.284052,-0.197664,2.2516,2.1331
0.05,1,0.353691,-0.133007,2.38366,2.25329
0.07,1,0.443085,-0.0476867,2.49992,2.38387
0.09,1,0.534542,0.0412216,2.58657,2.49837
0.11,1,0.610446,0.116879,2.65443,2.5827
0.13,1,0.657887,0.166387,2.64907,2.63148
0.15,1,0.67269,0.185018,2.58316,2.64615
0.17,1,0.652563,0.170384,2.5771,2.62614
0.19,1,0.602309,0.124927,2.49811,2.57405
0.21,1,0.533825,0.0611462,2.40203,2.49753
0.23,1,0.458802,-0.0112312,2.29999,2.40474
0.25,1,0.389493,-0.0790102,2.18678,2.30827
0.27,1,0.338739,-0.130448,2.19407,2.22909
0.29,1,0.315277,-0.15588,2.20119,2.18945
0.31,1,0.324111,-0.15048,2.26369,2.20463
0.33,1,0.361657,-0.116517,2.34937,2.26587
0.35,1,0.418676,-0.0632426,2.43514,2.35034
0.37,1,0.482273,-0.00225325,2.50684,2.43492
0.39,1,0.539389,0.0536569,2.5822,2.50402
0.41,1,0.580344,0.0949068,2.57834,2.55025
0.43,1,0.601827,0.11785,2.5745,2.57353
0.45,1,0.601494,0.120905,2.50977,2.57318
0.47,1,0.580184,0.102667,2.5058,2.55008
0.49,1,0.539743,0.0657651,2.4465,2.50443
0.51,1,0.491528,0.0202422,2.38012,2.44652
0.53,1,0.441619,-0.0278331,2.31883,2.3819
0.55,1,0.399055,-0.0695912,2.26795,2.32231
0.57,1,0.372466,-0.0970277,2.27132,2.28262
0.59,1,0.365229,-0.106082,2.33769,2.27145
0.61,1,0.379595,-0.0945307,2.34177,2.29346
0.63,1,0.413561,-0.0632203,2.40068,2.34313
0.65,1,0.45619,-0.0234143,2.45533,2.40131
0.67,1,0.49794,0.0166298,2.50827,2.45446
0.69,1,0.531571,0.048889,2.50493,2.49489
0.71,1,0.553171,0.071339,2.50235,2.51986
0.73,1,0.56157,0.0805902,2.52147,2.52937
0.75,1,0.554561,0.0759058,2.46333,2.52144
0.77,1,0.534591,0.0583294,2.46112,2.49843
0.79,1,0.504721,0.0307702,2.37637,2.46277
0.81,1,0.470636,-0.000651985,2.3409,2.4201
0.83,1,0.43833,-0.0317435,2.34475,2.37745
0.85,1,0.413745,-0.0555929,2.34731,2.34339
0.87,1,0.400761,-0.0692842,2.34908,2.32479
0.89,1,0.402551,-0.0688203,2.35113,2.32738
0.91,1,0.418704,-0.0546547,2.42382,2.35038
0.93,1,0.445407,-0.0308106,2.47606,2.38699
0.95,1,0.474815,-0.00379294,2.49818,2.42545
0.97,1,0.501088,0.0206889,2.4962,2.45833
0.99,1,0.520804,0.0394853,2.49545,2.48216
