x,rho,E,F,T,Tr
0.01,1,0.729937,0.213569,2.68426,2.70074
0.03,1,0.694473,0.208914,2.61227,2.66732
0.05,1,0.635037,0.155869,2.51914,2.60832
0.07,1,0.551897,0.0781919,2.40387,2.51841
0.09,1,0.460751,-0.00958589,2.28259,2.40729
0.11,1,0.377124,-0.0917615,2.18182,2.28972
0.13,1,0.315431,-0.154376,2.13846,2.18971
0.15,1,0.28614,-0.186141,2.14779,2.13701
0.17,1,0.294268,-0.181825,2.22308,2.15202
0.19,1,0.336638,-0.143713,2.32701,2.22563
0.21,1,0.403135,-0.0814909,2.43144,2.32822
0.23,1,0.479377,-0.00844578,2.51899,2.43126
0.25,1,0.549502,0.0602246,2.61464,2.51567
0.27,1,0.601353,0.112527,2.60991,2.57302
0.29,1,0.629319,0.143096,2.60516,2.60243
0.31,1,0.630134,0.147292,2.53125,2.60327
0.33,1,0.604292,0.126159,2.52637,2.57616
0.35,1,0.557196,0.082745,2.45523,2.52443
0.37,1,0.498688,0.0279183,2.37512,2.45538
0.39,1,0.438378,-0.0306529,2.29925,2.37752
0.41,1,0.386169,-0.0820369,2.2498,2.30333
0.43,1,0.352456,-0.117004,2.25523,2.25132
0.45,1,0.342602,-0.128921,2.26089,2.23542
0.47,1,0.360191,-0.114654,2.32012,2.26357
0.49,1,0.398878,-0.0793825,2.3916,2.32205
0.51,1,0.449439,-0.0319125,2.45981,2.39237
0.53,1,0.500501,0.0170856,2.55104,2.45761
0.55,1,0.542078,0.0577457,2.54779,2.50713
0.57,1,0.568813,0.0854533,2.54491,2.53749
0.59,1,0.5789,0.0974092,2.54177,2.54866
0.61,1,0.572073,0.0932676,2.47647,2.54111
0.63,1,0.549422,0.0736085,2.47333,2.51558
0.65,1,0.512221,0.0399327,2.42139,2.47187
0.67,1,0.471749,0.00123008,2.36615,2.42153
0.69,1,0.432314,-0.0364494,2.32405,2.36925
0.71,1,0.402176,-0.0666474,2.32696,2.32683
0.73,1,0.386018,-0.083985,2.30564,2.3031
0.75,1,0.387581,-0.0841743,2.37454,2.30543
0.77,1,0.406334,-0.0684281,2.42316,2.33283
0.79,1,0.438218,-0.0395661,2.42423,2.3773
0.81,1,0.473538,-0.00626385,2.48414,2.42382
0.83,1,0.505416,0.0235782,2.48098,2.46362
0.85,1,0.529071,0.0471954,2.47902,2.49195
0.87,1,0.542998,0.0613646,2.4777,2.50819
0.89,1,0.544584,0.0648204,2.47636,2.51002
0.91,1,0.534342,0.0565771,2.47428,2.49814
0.93,1,0.514515,0.0393061,2.40709,2.47463
0.95,1,0.488353,0.0159258,2.36633,2.44256
0.97,1,0.460203,-0.0101121,2.36998,2.40657
0.99,1,0.436148,-0.0330947,2.37204,2.37449
