x,rho,E,F,T,Tr
0.01,1,0.704184,0.184764,2.68462,2.6766
0.03,1,0.710482,0.219863,2.66555,2.68256
0.05,1,0.686788,0.202462,2.60515,2.65991
0.07,1,0.628217,0.150336,2.5137,2.60129
0.09,1,0.54706,0.0744839,2.40084,2.51287
0.11,1,0.458603,-0.0112344,2.28297,2.40448
0.13,1,0.377537,-0.0910648,2.13797,2.29035
0.15,1,0.318119,-0.151643,2.14738,2.19437
0.17,1,0.290467,-0.182051,2.15701,2.14504
0.19,1,0.299525,-0.177012,2.23136,2.16157
0.21,1,0.341964,-0.139143,2.33286,2.23438
0.23,1,0.407391,-0.0779368,2.43445,2.33434
0.25,1,0.481621,-0.00653532,2.5191,2.4341
0.27,1,0.549361,0.0602027,2.61004,2.51551
0.29,1,0.599039,0.110595,2.6053,2.57055
0.31,1,0.625149,0.139671,2.60035,2.59811
0.33,1,0.625076,0.143494,2.52695,2.59803
0.35,1,0.59947,0.122602,2.52163,2.57101
0.37,1,0.552946,0.0798287,2.45181,2.5196
0.39,1,0.495923,0.0262347,2.37361,2.45197
0.41,1,0.437424,-0.0308601,2.30038,2.37622
0.43,1,0.38711,-0.0808621,2.25487,2.30473
0.45,1,0.355,-0.114755,2.26048,2.25537
0.47,1,0.346445,-0.126097,2.26676,2.24166
0.49,1,0.364392,-0.111642,2.32542,2.27015
0.51,1,0.402703,-0.07687,2.39519,2.3276
0.53,1,0.452135,-0.0302891,2.46128,2.39595
0.55,1,0.501525,0.0175126,2.54795,2.45886
0.57,1,0.541317,0.0568538,2.54503,2.50625
0.59,1,0.566696,0.0837486,2.54189,2.53512
0.61,1,0.575883,0.0950981,2.53828,2.54534
0.63,1,0.568216,0.091096,2.47381,2.53682
0.65,1,0.545831,0.0718069,2.422,2.51146
0.67,1,0.509432,0.0387916,2.41904,2.4685
0.69,1,0.470003,0.000956754,2.32359,2.41928
0.71,1,0.432282,-0.0360521,2.32656,2.36921
0.73,1,0.403426,-0.0655658,2.30559,2.32864
0.75,1,0.388589,-0.0823675,2.3095,2.30693
0.77,1,0.391122,-0.0825816,2.33732,2.31068
0.79,1,0.409653,-0.0668939,2.42373,2.33758
0.81,1,0.441003,-0.0387643,2.42637,2.38107
0.83,1,0.475303,-0.00613487,2.4812,2.42607
0.85,1,0.505841,0.0230838,2.4792,2.46414
0.87,1,0.528478,0.0461947,2.47797,2.49126
0.89,1,0.541023,0.0604462,2.47667,2.50591
0.91,1,0.542028,0.0637022,2.47463,2.50707
0.93,1,0.531209,0.0560454,2.44151,2.49447
0.95,1,0.5114,0.0390406,2.43864,2.47088
0.97,1,0.485991,0.015852,2.36979,2.4396
0.99,1,0.459283,-0.00950052,2.37184,2.40537
