x,rho,E,F,T,Tr
0.01,1,0.370737,-0.112262,2.15265,2.27996
0.03,1,0.295167,-0.17633,2.09166,2.15367
0.05,1,0.262634,-0.212045,2.10388,2.0917
0.07,1,0.271489,-0.207552,2.19214,2.10911
0.09,1,0.318526,-0.16527,2.31238,2.19507
0.11,1,0.39294,-0.0950431,2.43201,2.31336
0.13,1,0.479221,-0.0117008,2.53088,2.43106
0.15,1,0.559491,0.0678681,2.61941,2.52703
0.17,1,0.620059,0.129527,2.61291,2.5928
0.19,1,0.653279,0.166505,2.60622,2.62686
0.21,1,0.653482,0.17121,2.59954,2.62706
0.23,1,0.622618,0.145383,2.53991,2.59548
0.25,1,0.569249,0.0962089,2.45882,2.53797
0.27,1,0.502259,0.03254,2.36669,2.45976
0.29,1,0.433598,-0.0351094,2.27922,2.37101
0.31,1,0.374608,-0.0942404,2.22037,2.28589
0.33,1,0.3367,-0.134438,2.22839,2.22573
0.35,1,0.325821,-0.148247,2.23663,2.20753
0.37,1,0.345494,-0.132259,2.30564,2.24012
0.39,1,0.388791,-0.092063,2.38736,2.30723
0.41,1,0.445763,-0.0379915,2.46274,2.38747
0.43,1,0.503495,0.0186867,2.57042,2.46128
0.45,1,0.551376,0.0663559,2.56617,2.51781
0.47,1,0.582033,0.0997367,2.56168,2.5521
0.49,1,0.594258,0.114154,2.55669,2.5654
0.51,1,0.584927,0.1089,2.48267,2.55527
0.53,1,0.558377,0.085299,2.4785,2.52577
0.55,1,0.517225,0.0469652,2.4193,2.47789
0.57,1,0.47131,0.0020498,2.35626,2.42096
0.59,1,0.427129,-0.0419688,2.27731,2.36212
0.61,1,0.393203,-0.0772713,2.2823,2.31375
0.63,1,0.374767,-0.0979098,2.28823,2.28613
0.65,1,0.376817,-0.0986954,2.36593,2.28925
0.67,1,0.39836,-0.0802935,2.37066,2.3213
0.69,1,0.434167,-0.0468209,2.4272,2.37179
0.71,1,0.473963,-0.00812296,2.49366,2.42436
0.73,1,0.509726,0.0274418,2.49177,2.46886
0.75,1,0.535848,0.055216,2.48961,2.4999
0.77,1,0.550837,0.0724137,2.48665,2.5172
0.79,1,0.552354,0.0766037,2.48278,2.51893
0.81,1,0.540695,0.0674386,2.47878,2.50553
0.83,1,0.518718,0.0474279,2.40112,2.47967
0.85,1,0.48931,0.0191013,2.39977,2.44375
0.87,1,0.45797,-0.0120135,2.33231,2.40365
0.89,1,0.431524,-0.0394024,2.33496,2.36817
0.91,1,0.412947,-0.0599987,2.33882,2.34226
0.93,1,0.40663,-0.0685075,2.36705,2.33325
0.95,1,0.414682,-0.0631164,2.40527,2.34472
0.97,1,0.433979,-0.0458186,2.4073,2.37153
0.99,1,0.460127,-0.0208731,2.48241,2.40647
