x,rho,E,F,T,Tr
0.01,1,0.323954,-0.173509,2.34117,2.20436
0.03,1,0.405009,-0.0846936,2.46038,2.33092
0.05,1,0.501577,0.00895603,2.56272,2.45893
0.07,1,0.588783,0.0952963,2.62801,2.55947
0.09,1,0.651576,0.159351,2.62051,2.62514
0.11,1,0.680922,0.192206,2.61352,2.65421
0.13,1,0.672607,0.188407,2.60706,2.64607
0.15,1,0.63063,0.151264,2.53442,2.60379
0.17,1,0.565105,0.090385,2.43981,2.53334
0.19,1,0.487821,0.0161288,2.33218,2.44189
0.21,1,0.412057,-0.0580461,2.20316,2.341
0.23,1,0.350936,-0.11913,2.21234,2.24889
0.25,1,0.314879,-0.156534,2.22075,2.18876
0.27,1,0.310582,-0.163447,2.2281,2.18125
0.29,1,0.339255,-0.137921,2.31157,2.22994
0.31,1,0.392168,-0.0883749,2.40301,2.31222
0.33,1,0.457027,-0.0260422,2.4833,2.40241
0.35,1,0.519876,0.0353563,2.54727,2.48106
0.37,1,0.569914,0.0853355,2.54177,2.53871
0.39,1,0.602456,0.118989,2.53674,2.5742
0.41,1,0.611474,0.130379,2.53228,2.58378
0.43,1,0.595626,0.117015,2.52842,2.56688
0.45,1,0.559619,0.084158,2.47171,2.52717
0.47,1,0.512457,0.0389682,2.40134,2.47216
0.49,1,0.460175,-0.0113013,2.29661,2.40654
0.51,1,0.412531,-0.0583866,2.30314,2.34167
0.53,1,0.377122,-0.0938349,2.30912,2.28972
0.55,1,0.360743,-0.111683,2.31393,2.26444
0.57,1,0.367278,-0.106279,2.31798,2.27463
0.59,1,0.396287,-0.079621,2.37683,2.31827
0.61,1,0.437544,-0.0398543,2.43769,2.37638
0.63,1,0.482227,0.00278624,2.52424,2.43486
0.65,1,0.520133,0.0403467,2.51958,2.48136
0.67,1,0.54871,0.068752,2.51554,2.51476
0.69,1,0.563947,0.0847001,2.51239,2.53204
0.71,1,0.562338,0.0842672,2.50996,2.53024
0.73,1,0.545937,0.0689593,2.47734,2.51158
0.75,1,0.519142,0.0437086,2.38986,2.48018
0.77,1,0.484754,0.0105073,2.39024,2.43805
0.79,1,0.450411,-0.0229068,2.32831,2.39367
0.81,1,0.42149,-0.0511655,2.33303,2.35428
0.83,1,0.401932,-0.0704998,2.3366,2.32648
0.85,1,0.397462,-0.0756188,2.3388,2.31999
0.87,1,0.408943,-0.0644608,2.37278,2.33656
0.89,1,0.432501,-0.0420031,2.46196,2.36951
0.91,1,0.46208,-0.0134633,2.48636,2.40902
0.93,1,0.490353,0.0138491,2.48282,2.44505
0.95,1,0.513805,0.0367585,2.47895,2.47378
0.97,1,0.52961,0.0521157,2.47593,2.49259
0.99,1,0.535666,0.0579116,2.4743,2.49968
