x,rho,E,F,T,Tr
0.01,1,0.452198,-0.0556288,2.52127,2.39604
0.03,1,0.542509,0.0492112,2.6018,2.50763
0.05,1,0.624318,0.131438,2.65796,2.59724
0.07,1,0.675418,0.185569,2.65015,2.64883
0.09,1,0.689144,0.203579,2.64281,2.66219
0.11,1,0.664511,0.18459,2.58435,2.63807
0.13,1,0.609386,0.134352,2.49758,2.58157
0.15,1,0.534271,0.0633042,2.39253,2.49805
0.17,1,0.452961,-0.0160027,2.28206,2.39705
0.19,1,0.379124,-0.0893284,2.16351,2.29275
0.21,1,0.325899,-0.143817,2.17327,2.20766
0.23,1,0.302429,-0.16986,2.18249,2.16679
0.25,1,0.313265,-0.162192,2.25331,2.18595
0.27,1,0.354555,-0.124173,2.34695,2.25467
0.29,1,0.416139,-0.0655381,2.43938,2.34677
0.31,1,0.484539,0.0011215,2.51545,2.43778
0.33,1,0.545653,0.062038,2.59396,2.51125
0.35,1,0.589121,0.106739,2.5886,2.55984
0.37,1,0.61094,0.131102,2.5834,2.58322
0.39,1,0.609523,0.133013,2.51138,2.58172
0.41,1,0.585588,0.11189,2.50684,2.55599
0.43,1,0.541434,0.0705158,2.4419,2.50639
0.45,1,0.489196,0.0198325,2.36692,2.44361
0.47,1,0.435694,-0.0330305,2.30386,2.37387
0.49,1,0.390589,-0.0787342,2.2505,2.30989
0.51,1,0.362255,-0.108397,2.25649,2.26681
0.53,1,0.35588,-0.116656,2.3328,2.25677
0.55,1,0.373514,-0.101676,2.33737,2.28422
0.57,1,0.409464,-0.0669791,2.40138,2.3373
0.59,1,0.455162,-0.0228138,2.4603,2.39995
0.61,1,0.499822,0.021434,2.53677,2.45677
0.63,1,0.534881,0.0570587,2.5323,2.49877
0.65,1,0.557038,0.0808928,2.50598,2.52425
0.67,1,0.564558,0.0901567,2.50166,2.53273
0.69,1,0.557011,0.0841427,2.49798,2.52422
0.71,1,0.536026,0.0642677,2.41365,2.5001
0.73,1,0.503365,0.0328735,2.3644,2.46112
0.75,1,0.467202,-0.0031222,2.3657,2.41567
0.77,1,0.433181,-0.0374099,2.31129,2.37044
0.79,1,0.407703,-0.0638377,2.33839,2.33479
0.81,1,0.394662,-0.0779115,2.34321,2.31589
0.83,1,0.397735,-0.0765066,2.34696,2.32038
0.85,1,0.415057,-0.0598772,2.38781,2.34525
0.87,1,0.44322,-0.0320956,2.47647,2.38406
0.89,1,0.473772,-0.00176416,2.47513,2.42412
0.91,1,0.500823,0.0262165,2.47293,2.458
0.93,1,0.520799,0.0469905,2.46975,2.48216
0.95,1,0.531861,0.0592343,2.4862,2.49523
0.97,1,0.53253,0.0606078,2.48348,2.49602
0.99,1,0.522951,0.051524,2.43229,2.48472
