x,rho,E,F,T,Tr
0.01,1,0.643093,0.123639,2.68426,2.61655
0.03,1,0.687772,0.19348,2.66522,2.66086
0.05,1,0.703399,0.214353,2.65738,2.67585
0.07,1,0.678471,0.195743,2.59683,2.65182
0.09,1,0.620598,0.143543,2.50627,2.59337
0.11,1,0.541109,0.0690376,2.39597,2.50601
0.13,1,0.455047,-0.0145399,2.27787,2.3998
0.15,1,0.376794,-0.0920225,2.14779,2.28922
0.17,1,0.320153,-0.150119,2.15737,2.19786
0.19,1,0.294801,-0.178626,2.16719,2.153
0.21,1,0.305366,-0.172133,2.24152,2.17203
0.23,1,0.34807,-0.133648,2.34077,2.24429
0.25,1,0.412541,-0.0729022,2.43906,2.34168
0.27,1,0.48492,-0.00300584,2.5201,2.43825
0.29,1,0.550012,0.0615756,2.60516,2.51625
0.31,1,0.596952,0.109759,2.6002,2.5683
0.33,1,0.621149,0.137163,2.59489,2.59394
0.35,1,0.619755,0.139704,2.52112,2.59249
0.37,1,0.593838,0.118351,2.51574,2.56495
0.39,1,0.548032,0.0759489,2.447,2.51399
0.41,1,0.492526,0.0230702,2.37085,2.44776
0.43,1,0.435926,-0.0325936,2.25523,2.37419
0.45,1,0.387865,-0.0810329,2.26089,2.30585
0.47,1,0.357526,-0.113275,2.26717,2.25938
0.49,1,0.350498,-0.123489,2.32603,2.24819
0.51,1,0.369067,-0.108401,2.33209,2.27739
0.53,1,0.407039,-0.0734386,2.39999,2.33384
0.55,1,0.455284,-0.0274531,2.46347,2.40011
0.57,1,0.502889,0.0191693,2.54491,2.46053
0.59,1,0.540724,0.0571246,2.54177,2.50556
0.61,1,0.564303,0.0831768,2.53811,2.53244
0.63,1,0.572262,0.093721,2.53368,2.54132
0.65,1,0.564171,0.0887317,2.50667,2.53229
0.67,1,0.541753,0.0693481,2.41847,2.50675
0.69,1,0.506655,0.0363835,2.41329,2.46513
0.71,1,0.468218,-0.000875796,2.32696,2.41698
0.73,1,0.432309,-0.0370527,2.30564,2.36924
0.75,1,0.404953,-0.0656247,2.30949,2.33084
0.77,1,0.391246,-0.0815964,2.33781,2.31086
0.79,1,0.3947,-0.0811195,2.34272,2.31595
0.81,1,0.413409,-0.0646758,2.42679,2.34291
0.83,1,0.443934,-0.0369114,2.48098,2.38501
0.85,1,0.476986,-0.00486968,2.47902,2.42822
0.87,1,0.505897,0.023966,2.4777,2.46421
0.89,1,0.527101,0.0465537,2.47636,2.48963
0.91,1,0.538493,0.0603758,2.47428,2.50298
0.93,1,0.538788,0.0631829,2.47115,2.50332
0.95,1,0.527869,0.0550912,2.4384,2.49054
0.97,1,0.50857,0.0378284,2.43559,2.46746
0.99,1,0.484192,0.0145939,2.37204,2.43734
