x,rho,E,F,T,Tr
0.01,1,0.723374,0.2115,2.65131,2.69465
0.03,1,0.662153,0.180524,2.55578,2.63573
0.05,1,0.583881,0.108084,2.44482,2.55413
0.07,1,0.491949,0.0202594,2.32125,2.44704
0.09,1,0.402457,-0.0668216,2.21031,2.32724
0.11,1,0.330864,-0.138249,2.16945,2.21602
0.13,1,0.289227,-0.181999,2.17882,2.14275
0.15,1,0.284005,-0.190611,2.18816,2.13301
0.17,1,0.316217,-0.162584,2.28781,2.19108
0.19,1,0.376808,-0.106098,2.39642,2.28924
0.21,1,0.452574,-0.0340647,2.49131,2.39653
0.23,1,0.527418,0.0387682,2.56184,2.49001
0.25,1,0.587985,0.098976,2.61696,2.5586
0.27,1,0.626036,0.138705,2.6125,2.59903
0.29,1,0.636981,0.152672,2.55344,2.61032
0.31,1,0.618885,0.138923,2.54851,2.59158
0.33,1,0.576658,0.100553,2.48189,2.54619
0.35,1,0.520158,0.0480311,2.40256,2.48139
0.37,1,0.458616,-0.0115734,2.32342,2.4045
0.39,1,0.401807,-0.0669764,2.2791,2.3263
0.41,1,0.360687,-0.10894,2.23211,2.26435
0.43,1,0.341057,-0.129766,2.2901,2.2329
0.45,1,0.348851,-0.124803,2.29554,2.24554
0.47,1,0.381944,-0.0944803,2.36598,2.297
0.49,1,0.430399,-0.0492537,2.43636,2.36662
0.51,1,0.483237,0.00143294,2.49485,2.43614
0.53,1,0.529711,0.046478,2.55538,2.49271
0.55,1,0.562698,0.0790491,2.55219,2.53064
0.57,1,0.580074,0.0979085,2.54955,2.54995
0.59,1,0.578996,0.0988797,2.52753,2.54877
0.61,1,0.560484,0.0829227,2.44272,2.52815
0.63,1,0.52669,0.0524187,2.44052,2.48915
0.65,1,0.486676,0.0142788,2.38429,2.44046
0.67,1,0.445597,-0.0245105,2.2937,2.38724
0.69,1,0.411347,-0.0582425,2.29689,2.33999
0.71,1,0.388392,-0.0809107,2.29933,2.30664
0.73,1,0.383123,-0.0881086,2.35814,2.29877
0.75,1,0.395992,-0.076511,2.3609,2.31784
0.77,1,0.425234,-0.0502604,2.45136,2.35949
0.79,1,0.460205,-0.0174506,2.45215,2.40657
0.81,1,0.495058,0.0152611,2.51389,2.4509
0.83,1,0.521649,0.0411558,2.48869,2.48317
0.85,1,0.540299,0.0594705,2.48675,2.50507
0.87,1,0.547015,0.0669955,2.48545,2.51282
0.89,1,0.540805,0.061954,2.48404,2.50566
0.91,1,0.523128,0.046477,2.41925,2.48493
0.93,1,0.498578,0.0239978,2.41823,2.45524
0.95,1,0.470333,-0.00220588,2.35803,2.41971
0.97,1,0.444274,-0.0266093,2.39134,2.38547
0.99,1,0.423642,-0.0463962,2.36361,2.35728
