x,rho,E,F,T,Tr
0.01,1,0.424899,-0.060284,2.21864,2.35903
0.03,1,0.333208,-0.137367,2.11582,2.21993
0.05,1,0.279383,-0.193315,2.12823,2.12428
0.07,1,0.264355,-0.212187,2.14018,2.09512
0.09,1,0.289904,-0.190886,2.24478,2.144
0.11,1,0.349493,-0.135811,2.36586,2.24658
0.13,1,0.429815,-0.0589755,2.47767,2.36582
0.15,1,0.513843,0.0233223,2.60084,2.47383
0.17,1,0.585702,0.0953008,2.5944,2.55612
0.19,1,0.635098,0.147063,2.58786,2.60838
0.21,1,0.654776,0.170498,2.58105,2.62836
0.23,1,0.641394,0.161737,2.57471,2.61483
0.25,1,0.600104,0.124845,2.50606,2.57169
0.27,1,0.540708,0.0691031,2.42017,2.50554
0.29,1,0.472885,0.00316032,2.32877,2.42298
0.31,1,0.408171,-0.0610167,2.24267,2.33546
0.33,1,0.358192,-0.112091,2.25034,2.26043
0.35,1,0.330969,-0.14164,2.25837,2.2162
0.37,1,0.33282,-0.143231,2.26595,2.21929
0.39,1,0.363219,-0.115798,2.34212,2.26832
0.41,1,0.413382,-0.0690931,2.42297,2.34288
0.43,1,0.470766,-0.0130519,2.48982,2.42026
0.45,1,0.523785,0.039292,2.57408,2.48571
0.47,1,0.56399,0.0812272,2.52039,2.53209
0.49,1,0.588553,0.107834,2.51576,2.55922
0.51,1,0.591975,0.114651,2.51083,2.56293
0.53,1,0.574689,0.0997811,2.50636,2.54402
0.55,1,0.540395,0.0685107,2.45384,2.50518
0.57,1,0.497942,0.0275613,2.3929,2.45446
0.59,1,0.453067,-0.0170294,2.32168,2.39719
0.61,1,0.413464,-0.0571688,2.32617,2.34299
0.63,1,0.385389,-0.087054,2.2957,2.30216
0.65,1,0.374933,-0.0999447,2.3017,2.28639
0.67,1,0.385218,-0.0919951,2.34426,2.30191
0.69,1,0.413352,-0.0659774,2.44513,2.34283
0.71,1,0.450959,-0.0299363,2.44626,2.39439
0.73,1,0.488874,0.0081097,2.47734,2.44321
0.75,1,0.520074,0.0397249,2.47546,2.48129
0.77,1,0.54221,0.0640858,2.47284,2.50728
0.79,1,0.552609,0.0762906,2.46925,2.51922
0.81,1,0.548278,0.0742174,2.46542,2.51427
0.83,1,0.531121,0.0592847,2.46245,2.49436
0.85,1,0.506217,0.0350097,2.42301,2.4646
0.87,1,0.476499,0.00562511,2.37278,2.4276
0.89,1,0.447598,-0.0241788,2.37432,2.38992
0.91,1,0.424353,-0.0487365,2.34676,2.35827
0.93,1,0.410299,-0.0649366,2.35141,2.3385
0.95,1,0.409605,-0.0675017,2.35606,2.33751
0.97,1,0.422689,-0.056068,2.42065,2.35595
0.99,1,0.444738,-0.0351565,2.4743,2.38609
