x,rho,E,F,T,Tr
0.01,1,0.256024,-0.227706,2.09432,2.07841
0.03,1,0.261435,-0.217178,2.17978,2.08931
0.05,1,0.31138,-0.172227,2.3078,2.18265
0.07,1,0.390131,-0.0983502,2.43403,2.30921
0.09,1,0.48128,-0.0107201,2.5381,2.43367
0.11,1,0.566455,0.0729931,2.62808,2.53485
0.13,1,0.630487,0.138009,2.62157,2.60364
0.15,1,0.665366,0.176096,2.61521,2.63892
0.17,1,0.664829,0.180195,2.60873,2.63839
0.19,1,0.631487,0.152,2.54544,2.60467
0.21,1,0.573922,0.0995832,2.45965,2.54317
0.23,1,0.502643,0.0319108,2.36173,2.46023
0.25,1,0.429546,-0.0388931,2.26951,2.36545
0.27,1,0.367633,-0.100596,2.21054,2.27518
0.29,1,0.327852,-0.141631,2.21786,2.21096
0.31,1,0.317242,-0.155316,2.22529,2.19285
0.33,1,0.338484,-0.137717,2.29941,2.22867
0.35,1,0.384813,-0.0952207,2.38625,2.3013
0.37,1,0.445319,-0.0381155,2.4666,2.38687
0.39,1,0.506367,0.0207877,2.54959,2.46478
0.41,1,0.556479,0.0700954,2.57295,2.52362
0.43,1,0.590529,0.105294,2.56905,2.56137
0.45,1,0.603334,0.120643,2.56502,2.57514
0.47,1,0.592868,0.113683,2.48606,2.5639
0.49,1,0.562997,0.0876644,2.48207,2.53098
0.51,1,0.519643,0.0476895,2.41927,2.48078
0.53,1,0.47043,0.000843795,2.35435,2.41983
0.55,1,0.423227,-0.0446835,2.29947,2.3567
0.57,1,0.387362,-0.0815391,2.30343,2.3051
0.59,1,0.367492,-0.102392,2.27872,2.27496
0.61,1,0.369908,-0.102839,2.3626,2.27869
0.63,1,0.393669,-0.0821625,2.36898,2.31443
0.65,1,0.431394,-0.0473369,2.47269,2.36799
0.67,1,0.474079,-0.00733664,2.49587,2.42451
0.69,1,0.512801,0.0299665,2.49264,2.47257
0.71,1,0.540974,0.0581261,2.49016,2.50585
0.73,1,0.557406,0.0755411,2.4882,2.52467
0.75,1,0.558793,0.079292,2.48608,2.52624
0.77,1,0.545814,0.068989,2.48311,2.51144
0.79,1,0.521963,0.0479961,2.40123,2.48354
0.81,1,0.489997,0.0189013,2.39939,2.44461
0.83,1,0.456261,-0.0132248,2.33018,2.4014
0.85,1,0.427319,-0.0413027,2.33233,2.36238
0.87,1,0.407275,-0.0618573,2.33405,2.33418
0.89,1,0.400435,-0.0701028,2.3366,2.32431
0.91,1,0.40918,-0.063933,2.40155,2.3369
0.93,1,0.430024,-0.0458923,2.40516,2.36611
0.95,1,0.458576,-0.0200149,2.4626,2.40444
0.97,1,0.486308,0.00550475,2.48192,2.44
0.99,1,0.509907,0.0279543,2.48045,2.46907
