x,rho,E,F,T,Tr
0.01,1,0.378753,-0.10481,2.16139,2.29219
0.03,1,0.300364,-0.17114,2.08789,2.16308
0.05,1,0.264473,-0.210177,2.10003,2.09535
0.07,1,0.269648,-0.209191,2.18351,2.10553
0.09,1,0.313587,-0.169977,2.30198,2.18651
0.11,1,0.386061,-0.101846,2.42231,2.30317
0.13,1,0.471794,-0.0191793,2.52375,2.42158
0.15,1,0.553063,0.0612136,2.62304,2.51974
0.17,1,0.615649,0.124778,2.61661,2.58818
0.19,1,0.65129,0.163929,2.60994,2.62485
0.21,1,0.654386,0.17145,2.60327,2.62797
0.23,1,0.626038,0.148234,2.54599,2.59903
0.25,1,0.574532,0.100902,2.46656,2.54384
0.27,1,0.508412,0.0382596,2.37509,2.46726
0.29,1,0.439615,-0.0294465,2.28597,2.37919
0.31,1,0.379324,-0.089571,2.21648,2.29305
0.33,1,0.339507,-0.131738,2.2245,2.23035
0.35,1,0.325989,-0.147918,2.23277,2.20781
0.37,1,0.343165,-0.134491,2.29927,2.23634
0.39,1,0.384707,-0.0961858,2.38067,2.30114
0.41,1,0.440887,-0.0430174,2.45717,2.38091
0.43,1,0.499032,0.0140043,2.51723,2.4558
0.45,1,0.547883,0.0629098,2.56782,2.51382
0.47,1,0.579598,0.0969505,2.56341,2.54943
0.49,1,0.593129,0.112982,2.5584,2.56418
0.51,1,0.586285,0.10999,2.48756,2.55675
0.53,1,0.561821,0.0882333,2.48318,2.52965
0.55,1,0.521121,0.0504668,2.42494,2.48254
0.57,1,0.475535,0.00604416,2.36132,2.42637
0.59,1,0.431015,-0.0384335,2.27667,2.36747
0.61,1,0.395728,-0.0746498,2.28147,2.31745
0.63,1,0.376132,-0.0966761,2.28706,2.28821
0.65,1,0.376203,-0.0990597,2.36122,2.28832
0.67,1,0.395848,-0.0824051,2.36601,2.31763
0.69,1,0.430711,-0.0497899,2.42194,2.36705
0.71,1,0.470485,-0.0111679,2.49675,2.4199
0.73,1,0.506793,0.0247819,2.51835,2.4653
0.75,1,0.533901,0.0532769,2.51569,2.49762
0.77,1,0.549782,0.0712718,2.48938,2.51599
0.79,1,0.552341,0.0766145,2.48554,2.51891
0.81,1,0.542022,0.0686682,2.48159,2.50707
0.83,1,0.520921,0.0496652,2.40614,2.4823
0.85,1,0.491886,0.0217064,2.40324,2.44696
0.87,1,0.460812,-0.00915121,2.33073,2.40737
0.89,1,0.43376,-0.0373159,2.33343,2.37123
0.91,1,0.414297,-0.0584122,2.33736,2.34417
0.93,1,0.407041,-0.0680997,2.36439,2.33384
0.95,1,0.413864,-0.0640136,2.36885,2.34356
0.97,1,0.432166,-0.0475507,2.40549,2.36905
0.99,1,0.457837,-0.0231238,2.48395,2.40347
