x,rho,E,F,T,Tr
0.01,1,0.256427,-0.231143,2.15966,2.07923
0.03,1,0.294388,-0.188337,2.2766,2.15224
0.05,1,0.369486,-0.118094,2.40801,2.27804
0.07,1,0.461308,-0.030229,2.52125,2.40802
0.09,1,0.551184,0.0576538,2.64234,2.51759
0.11,1,0.622831,0.129239,2.63542,2.5957
0.13,1,0.665154,0.174455,2.62898,2.63871
0.15,1,0.672417,0.185874,2.62265,2.64589
0.17,1,0.644959,0.163578,2.56413,2.61845
0.19,1,0.590796,0.114291,2.48072,2.56166
0.21,1,0.519721,0.0474294,2.38226,2.48087
0.23,1,0.444387,-0.0254706,2.28314,2.38562
0.25,1,0.377496,-0.0913073,2.19461,2.29028
0.27,1,0.331407,-0.138278,2.20215,2.21693
0.29,1,0.313671,-0.158225,2.20935,2.18665
0.31,1,0.328695,-0.146639,2.2787,2.21238
0.33,1,0.371016,-0.107759,2.36636,2.28039
0.35,1,0.430701,-0.0518176,2.45052,2.36704
0.37,1,0.494225,0.0097168,2.51805,2.44987
0.39,1,0.54941,0.0632884,2.57956,2.51557
0.41,1,0.586681,0.101489,2.57543,2.55718
0.43,1,0.604175,0.120778,2.5717,2.57604
0.45,1,0.599268,0.119011,2.49938,2.57079
0.47,1,0.574182,0.0970066,2.49569,2.54345
0.49,1,0.531374,0.0575995,2.43392,2.49466
0.51,1,0.481708,0.0105612,2.36405,2.43421
0.53,1,0.432204,-0.0371451,2.2644,2.3691
0.55,1,0.392105,-0.0770817,2.2685,2.31213
0.57,1,0.367976,-0.101676,2.2725,2.27571
0.59,1,0.365633,-0.106339,2.34905,2.27208
0.61,1,0.384705,-0.0895991,2.3527,2.30114
0.63,1,0.421031,-0.056067,2.4117,2.35364
0.65,1,0.464531,-0.0152266,2.50667,2.41221
0.67,1,0.505419,0.024123,2.50234,2.46362
0.69,1,0.536972,0.0546225,2.49878,2.50121
0.71,1,0.55613,0.0747507,2.49642,2.52322
0.73,1,0.561339,0.0808444,2.51809,2.52911
0.75,1,0.551922,0.0735672,2.45499,2.51844
0.77,1,0.530248,0.0541726,2.41127,2.49334
0.79,1,0.498321,0.0248251,2.41011,2.45493
0.81,1,0.464052,-0.00754402,2.3475,2.41159
0.83,1,0.432593,-0.0374292,2.32732,2.36964
0.85,1,0.409539,-0.0601181,2.3292,2.33741
0.87,1,0.399208,-0.0709529,2.33094,2.32253
0.89,1,0.404365,-0.0673171,2.39378,2.32999
0.91,1,0.423052,-0.050812,2.39549,2.35646
0.93,1,0.451018,-0.0251366,2.47115,2.39447
0.95,1,0.479931,0.00142871,2.48795,2.43196
0.97,1,0.505347,0.0251849,2.48521,2.46354
0.99,1,0.523804,0.0427876,2.48381,2.48573
