x,rho,E,F,T,Tr
0.01,1,0.309069,-0.172907,2.08224,2.17859
0.03,1,0.262055,-0.211865,2.08451,2.09055
0.05,1,0.261962,-0.215871,2.16337,2.09036
0.07,1,0.302305,-0.180475,2.28247,2.16657
0.09,1,0.37359,-0.114099,2.40701,2.28434
0.11,1,0.460553,-0.0307121,2.51509,2.40703
0.13,1,0.545655,0.0526883,2.63255,2.51126
0.15,1,0.613157,0.121012,2.62628,2.58556
0.17,1,0.653225,0.164108,2.63753,2.6268
0.19,1,0.660741,0.176093,2.56437,2.63432
0.21,1,0.635528,0.156467,2.55795,2.60883
0.23,1,0.584806,0.11033,2.47892,2.55514
0.25,1,0.518085,0.0475804,2.38579,2.47892
0.27,1,0.447091,-0.0216564,2.29182,2.38924
0.29,1,0.383511,-0.0846759,2.20504,2.29935
0.31,1,0.339481,-0.130361,2.21269,2.23031
0.33,1,0.322157,-0.150422,2.22059,2.20129
0.35,1,0.33617,-0.140551,2.28556,2.22485
0.37,1,0.376091,-0.104226,2.36868,2.28815
0.39,1,0.432539,-0.0513287,2.4487,2.36956
0.41,1,0.492604,0.00717087,2.51329,2.44786
0.43,1,0.544813,0.0585196,2.57327,2.51029
0.45,1,0.579781,0.0952887,2.56917,2.54963
0.47,1,0.596051,0.113952,2.56473,2.56733
0.49,1,0.591952,0.113751,2.49674,2.56291
0.51,1,0.568599,0.0940924,2.4922,2.53725
0.53,1,0.52798,0.0567477,2.43315,2.49067
0.55,1,0.481484,0.0121292,2.36706,2.43392
0.57,1,0.434705,-0.0334508,2.27157,2.37252
0.59,1,0.396732,-0.0721087,2.27583,2.31892
0.61,1,0.374555,-0.0964315,2.28062,2.28581
0.63,1,0.372041,-0.101512,2.3515,2.28197
0.65,1,0.390147,-0.0872409,2.35665,2.30924
0.67,1,0.424475,-0.0553081,2.41521,2.35844
0.69,1,0.465578,-0.0166781,2.5019,2.41357
0.71,1,0.503755,0.0207094,2.49938,2.46159
0.73,1,0.533274,0.0508072,2.51989,2.49689
0.75,1,0.551455,0.0704797,2.5172,2.5179
0.77,1,0.55556,0.0778212,2.51368,2.52258
0.79,1,0.546436,0.0713502,2.48792,2.51215
0.81,1,0.525739,0.0534977,2.41173,2.48802
0.83,1,0.495937,0.0262086,2.40963,2.45199
0.85,1,0.4641,-0.00491513,2.35047,2.41165
0.87,1,0.434953,-0.0338877,2.35209,2.37286
0.89,1,0.414075,-0.0564463,2.33215,2.34386
0.91,1,0.404812,-0.0679396,2.33615,2.33064
0.93,1,0.409662,-0.0656848,2.39491,2.33759
0.95,1,0.427474,-0.0510022,2.43214,2.36259
0.97,1,0.453873,-0.0268895,2.43471,2.39825
0.99,1,0.481169,-0.000869674,2.49484,2.43353
