x,rho,E,F,T,Tr
0.01,1,0.337873,-0.160676,2.36602,2.22766
0.03,1,0.42226,-0.0677582,2.48166,2.35536
0.05,1,0.518949,0.0260987,2.62497,2.47995
0.07,1,0.602925,0.109791,2.61712,2.5747
0.09,1,0.660562,0.169103,2.65967,2.63415
0.11,1,0.683128,0.195424,2.6027,2.65636
0.13,1,0.668121,0.185235,2.59624,2.64165
0.15,1,0.620501,0.142488,2.5184,2.59327
0.17,1,0.551571,0.0777133,2.42019,2.51804
0.19,1,0.473056,0.002077,2.31481,2.4232
0.21,1,0.39874,-0.0708906,2.21605,2.32185
0.23,1,0.341672,-0.128318,2.22522,2.2339
0.25,1,0.310973,-0.161028,2.2333,2.18194
0.27,1,0.312764,-0.161993,2.24086,2.18507
0.29,1,0.346831,-0.130949,2.32805,2.24228
0.31,1,0.403263,-0.0779106,2.41912,2.32841
0.33,1,0.469189,-0.014144,2.49811,2.41824
0.35,1,0.530972,0.046594,2.59241,2.49419
0.37,1,0.577928,0.0938023,2.58762,2.54759
0.39,1,0.605265,0.122682,2.58324,2.5772
0.41,1,0.609739,0.129649,2.52292,2.58195
0.43,1,0.590941,0.113404,2.51907,2.56181
0.45,1,0.551834,0.0770735,2.45951,2.51834
0.47,1,0.502702,0.030215,2.39102,2.46031
0.49,1,0.450543,-0.0208147,2.32449,2.39384
0.51,1,0.404163,-0.0665462,2.25848,2.3297
0.53,1,0.372144,-0.0989574,2.26301,2.28212
0.55,1,0.359768,-0.112549,2.3236,2.26291
0.57,1,0.370524,-0.103585,2.32752,2.27964
0.59,1,0.402518,-0.0732049,2.38787,2.32733
0.61,1,0.445562,-0.032208,2.44673,2.3872
0.63,1,0.489449,0.0110076,2.51969,2.44393
0.65,1,0.526852,0.0474445,2.51508,2.48934
0.67,1,0.551978,0.0731445,2.51097,2.5185
0.69,1,0.564237,0.0858343,2.5076,2.53237
0.71,1,0.559878,0.0830718,2.50523,2.52746
0.73,1,0.541855,0.0659489,2.42842,2.50687
0.75,1,0.512667,0.0384585,2.37994,2.47241
0.77,1,0.477745,0.00441798,2.38081,2.42919
0.79,1,0.443866,-0.0288286,2.315,2.38492
0.81,1,0.416647,-0.0556095,2.31921,2.34749
0.83,1,0.399598,-0.0728222,2.34039,2.3231
0.85,1,0.397882,-0.0749648,2.34281,2.3206
0.87,1,0.411678,-0.061942,2.41817,2.34046
0.89,1,0.437595,-0.0368938,2.41843,2.37646
0.91,1,0.467341,-0.00792407,2.48136,2.41585
0.93,1,0.495228,0.0191576,2.47796,2.45111
0.95,1,0.516571,0.0404613,2.47428,2.4771
0.97,1,0.530864,0.0543555,2.49669,2.49406
0.99,1,0.534863,0.0581418,2.46956,2.49875
