x,rho,E,F,T,Tr
0.01,1,0.406752,-0.0774008,2.19789,2.33343
0.03,1,0.319856,-0.150894,2.13049,2.19735
0.05,1,0.272547,-0.200669,2.09024,2.11116
0.07,1,0.265058,-0.212067,2.15494,2.09651
0.09,1,0.297763,-0.183771,2.26587,2.15839
0.11,1,0.362549,-0.123322,2.38718,2.26727
0.13,1,0.445244,-0.0439505,2.49408,2.38677
0.15,1,0.52903,0.0381293,2.57383,2.49191
0.17,1,0.597868,0.107687,2.6378,2.56929
0.19,1,0.641454,0.153807,2.63198,2.61489
0.21,1,0.655074,0.171487,2.57065,2.62866
0.23,1,0.636705,0.158006,2.56434,2.61003
0.25,1,0.590711,0.116463,2.49142,2.56156
0.27,1,0.52852,0.0578063,2.40319,2.4913
0.29,1,0.460031,-0.00893694,2.31402,2.40635
0.31,1,0.397026,-0.0718446,2.25497,2.31935
0.33,1,0.350778,-0.119736,2.20911,2.24864
0.35,1,0.328354,-0.144567,2.27002,2.21181
0.37,1,0.335563,-0.140895,2.27774,2.22385
0.39,1,0.370728,-0.108973,2.35625,2.27995
0.41,1,0.423214,-0.0593444,2.43515,2.35668
0.43,1,0.48141,-0.00249503,2.50086,2.43383
0.45,1,0.5334,0.0492134,2.57184,2.49704
0.47,1,0.570321,0.0877745,2.56727,2.53917
0.49,1,0.589982,0.109991,2.56246,2.56077
0.51,1,0.589761,0.112886,2.50227,2.56053
0.53,1,0.569797,0.0963167,2.49784,2.53858
0.55,1,0.533147,0.0620735,2.44267,2.49674
0.57,1,0.489348,0.019814,2.38219,2.4438
0.59,1,0.444168,-0.0249684,2.32659,2.38533
0.61,1,0.405815,-0.0643254,2.27887,2.33208
0.63,1,0.381259,-0.0905148,2.28435,2.29597
0.65,1,0.374636,-0.0996239,2.34762,2.28593
0.67,1,0.388156,-0.0889114,2.35254,2.30629
0.69,1,0.419206,-0.0595844,2.45278,2.35109
0.71,1,0.457687,-0.0229728,2.50523,2.40328
0.73,1,0.495372,0.0147442,2.50299,2.45129
0.75,1,0.525611,0.0456848,2.51986,2.48787
0.77,1,0.545144,0.0670722,2.51616,2.51067
0.79,1,0.552187,0.0766305,2.51228,2.51874
0.81,1,0.545669,0.0720525,2.45843,2.51127
0.83,1,0.527315,0.0560006,2.41712,2.48988
0.85,1,0.500424,0.0302712,2.41571,2.45751
0.87,1,0.4701,0.000199853,2.34475,2.41941
0.89,1,0.441749,-0.02891,2.34712,2.38208
0.91,1,0.420296,-0.0523412,2.3505,2.35261
0.93,1,0.408435,-0.0664113,2.35506,2.33584
0.95,1,0.41036,-0.0665602,2.3909,2.33858
0.97,1,0.42553,-0.0533096,2.42736,2.3599
0.99,1,0.449365,-0.030648,2.46956,2.39228
