x,rho,E,F,T,Tr
0.01,1,0.292582,-0.188927,2.09334,2.14894
0.03,1,0.256107,-0.217995,2.09585,2.07858
0.05,1,0.267308,-0.211339,2.18976,2.10094
0.07,1,0.31722,-0.16642,2.31464,2.19281
0.09,1,0.394696,-0.0935738,2.43718,2.31594
0.11,1,0.483497,-0.00783885,2.53758,2.43646
0.13,1,0.565804,0.0733446,2.62178,2.53412
0.15,1,0.627127,0.135881,2.6154,2.60016
0.17,1,0.660083,0.172234,2.60888,2.63367
0.19,1,0.658403,0.175543,2.60234,2.63199
0.21,1,0.625147,0.147412,2.53962,2.59811
0.23,1,0.568741,0.0959623,2.4554,2.53741
0.25,1,0.499255,0.029904,2.35991,2.45608
0.27,1,0.428404,-0.0391667,2.27083,2.36388
0.29,1,0.368521,-0.0990059,2.21678,2.27655
0.31,1,0.33067,-0.138775,2.22428,2.2157
0.33,1,0.321202,-0.151539,2.23213,2.19966
0.35,1,0.342851,-0.133694,2.30497,2.23582
0.37,1,0.388754,-0.0918082,2.38966,2.30717
0.39,1,0.447911,-0.0357486,2.46872,2.39034
0.41,1,0.507063,0.0217162,2.57269,2.46562
0.43,1,0.555059,0.0695246,2.56872,2.52201
0.45,1,0.587199,0.103594,2.56459,2.55775
0.47,1,0.598761,0.117954,2.55997,2.57025
0.49,1,0.587871,0.110974,2.48205,2.55848
0.51,1,0.558664,0.0855519,2.47769,2.52609
0.53,1,0.515902,0.0463002,2.41622,2.4763
0.55,1,0.468508,0.000105927,2.35305,2.41736
0.57,1,0.422877,-0.0443441,2.30229,2.35622
0.59,1,0.388427,-0.0801445,2.27777,2.30669
0.61,1,0.369993,-0.1003,2.28282,2.27882
0.63,1,0.373089,-0.10025,2.36775,2.28357
0.65,1,0.3969,-0.0800745,2.37218,2.31917
0.67,1,0.434007,-0.0456887,2.42691,2.37157
0.69,1,0.475251,-0.00644436,2.49228,2.42601
0.71,1,0.512374,0.0298705,2.48982,2.47206
0.73,1,0.539162,0.05748,2.48794,2.50375
0.75,1,0.554324,0.0746036,2.48577,2.52117
0.77,1,0.555103,0.0781239,2.48281,2.52206
0.79,1,0.541859,0.0679184,2.47897,2.50688
0.81,1,0.518278,0.0472195,2.39905,2.47915
0.83,1,0.487416,0.0185315,2.39689,2.44139
0.85,1,0.454812,-0.0130875,2.33133,2.39949
0.87,1,0.427269,-0.0406228,2.333,2.36231
0.89,1,0.408566,-0.0609723,2.33555,2.33602
0.91,1,0.402701,-0.0690283,2.33944,2.32759
0.93,1,0.411877,-0.062919,2.40292,2.34074
0.95,1,0.432479,-0.0452167,2.40623,2.36948
0.97,1,0.460275,-0.0197929,2.48145,2.40667
0.99,1,0.486803,0.00532915,2.47997,2.44062
