x,rho,E,F,T,Tr
0.01,1,0.72646,0.215422,2.66309,2.69752
0.03,1,0.673385,0.193208,2.57515,2.64684
0.05,1,0.600829,0.126727,2.46926,2.57246
0.07,1,0.510931,0.041668,2.34699,2.47031
0.09,1,0.420065,-0.0466102,2.22883,2.35229
0.11,1,0.343584,-0.122514,2.14975,2.23702
0.13,1,0.294724,-0.172909,2.15922,2.15286
0.15,1,0.28102,-0.189679,2.16862,2.12738
0.17,1,0.305152,-0.169398,2.26183,2.17165
0.19,1,0.360182,-0.118733,2.37044,2.26356
0.21,1,0.43351,-0.04918,2.47097,2.37089
0.23,1,0.509306,0.0241411,2.57908,2.46835
0.25,1,0.573207,0.0872814,2.57304,2.54237
0.27,1,0.616935,0.132456,2.56767,2.58953
0.29,1,0.634303,0.152736,2.5626,2.60757
0.31,1,0.621836,0.144304,2.5575,2.59466
0.33,1,0.584459,0.111054,2.49519,2.55476
0.35,1,0.531044,0.0614828,2.41762,2.49427
0.37,1,0.469664,0.00307127,2.33563,2.41885
0.39,1,0.4111,-0.0540066,2.26163,2.33964
0.41,1,0.365654,-0.0992857,2.26767,2.27211
0.43,1,0.341049,-0.125615,2.27288,2.23288
0.45,1,0.342894,-0.126583,2.27837,2.2359
0.47,1,0.371067,-0.10143,2.34666,2.28047
0.49,1,0.416609,-0.0589118,2.41801,2.34744
0.51,1,0.469135,-0.0092503,2.47909,2.41817
0.53,1,0.516862,0.0370509,2.53982,2.47745
0.55,1,0.553496,0.0731633,2.53602,2.52023
0.57,1,0.575176,0.0965715,2.53297,2.54455
0.59,1,0.578116,0.101037,2.5296,2.5478
0.61,1,0.56195,0.0879619,2.45073,2.5298
0.63,1,0.532207,0.060893,2.44833,2.49564
0.65,1,0.492619,0.0241198,2.39451,2.44788
0.67,1,0.45157,-0.0151793,2.29913,2.3952
0.69,1,0.414959,-0.0502191,2.30327,2.34511
0.71,1,0.389434,-0.0762972,2.30628,2.30818
0.73,1,0.379719,-0.0868159,2.30922,2.29365
0.75,1,0.389449,-0.0794006,2.39143,2.3082
0.77,1,0.414784,-0.056364,2.39359,2.34486
0.79,1,0.449724,-0.0242743,2.46974,2.39275
0.81,1,0.484007,0.0079792,2.46583,2.43711
0.83,1,0.513432,0.0361958,2.46265,2.47333
0.85,1,0.534075,0.0563643,2.46054,2.49783
0.87,1,0.543567,0.0667829,2.45965,2.50885
0.89,1,0.540142,0.0644174,2.45885,2.50489
0.91,1,0.524402,0.0509503,2.42312,2.48644
0.93,1,0.500916,0.0297639,2.42356,2.45812
0.95,1,0.473473,0.00462219,2.34834,2.42374
0.97,1,0.445921,-0.0209505,2.35175,2.38768
0.99,1,0.424072,-0.041835,2.35353,2.35788
