x,rho,E,F,T,Tr
0.01,1,0.580019,0.0849777,2.42779,2.54989
0.03,1,0.471651,-0.000512184,2.2853,2.4214
0.05,1,0.379997,-0.0909556,2.17082,2.29407
0.07,1,0.310677,-0.161249,2.10786,2.18142
0.09,1,0.274891,-0.199112,2.11882,2.11569
0.11,1,0.27864,-0.198923,2.19489,2.12286
0.13,1,0.319705,-0.162,2.30569,2.19709
0.15,1,0.388026,-0.0972449,2.41943,2.30609
0.17,1,0.469091,-0.018736,2.51478,2.41811
0.19,1,0.54647,0.0573417,2.63153,2.51219
0.21,1,0.605992,0.11754,2.62554,2.57797
0.23,1,0.6398,0.153881,2.61993,2.6132
0.25,1,0.644244,0.161885,2.54647,2.61773
0.27,1,0.619409,0.141363,2.54122,2.59212
0.29,1,0.571034,0.095992,2.46676,2.53996
0.31,1,0.509085,0.0369947,2.38107,2.46808
0.33,1,0.443969,-0.0270521,2.29695,2.38506
0.35,1,0.386277,-0.0842511,2.22854,2.30349
0.37,1,0.347501,-0.124631,2.23634,2.24337
0.39,1,0.333535,-0.14028,2.24336,2.22048
0.41,1,0.348761,-0.127769,2.30459,2.2454
0.43,1,0.387404,-0.0914434,2.38074,2.30517
0.45,1,0.440256,-0.0409114,2.45301,2.38006
0.47,1,0.495236,0.0133337,2.51027,2.45112
0.49,1,0.541943,0.0596214,2.5601,2.50697
0.51,1,0.57237,0.0916475,2.55539,2.54144
0.53,1,0.58588,0.106572,2.55119,2.55631
0.55,1,0.581017,0.103855,2.48453,2.55099
0.57,1,0.558723,0.0836543,2.48184,2.52616
0.59,1,0.520889,0.0473463,2.42724,2.48226
0.61,1,0.477872,0.00548128,2.36787,2.42935
0.63,1,0.435524,-0.0367203,2.28624,2.37364
0.65,1,0.401475,-0.0709842,2.29169,2.32582
0.67,1,0.382255,-0.0914293,2.29646,2.29747
0.69,1,0.381444,-0.0937061,2.32359,2.29625
0.71,1,0.398224,-0.0775478,2.41907,2.3211
0.73,1,0.430699,-0.0468205,2.46397,2.36704
0.75,1,0.467971,-0.00984001,2.46311,2.41666
0.77,1,0.502393,0.0243726,2.5139,2.45993
0.79,1,0.528683,0.0510842,2.48824,2.4915
0.81,1,0.544775,0.067802,2.48424,2.51024
0.83,1,0.548424,0.0724878,2.4812,2.51444
0.85,1,0.539756,0.0641751,2.4792,2.50444
0.87,1,0.520447,0.0457641,2.40823,2.48174
0.89,1,0.493851,0.019275,2.40869,2.4494
0.91,1,0.464543,-0.00987266,2.33588,2.41223
0.93,1,0.43864,-0.03619,2.36155,2.37787
0.95,1,0.419534,-0.0556812,2.36611,2.35155
0.97,1,0.411216,-0.0644809,2.36979,2.3398
0.99,1,0.415885,-0.0600497,2.37184,2.34642
