x,rho,E,F,T,Tr
0.01,1,0.343459,-0.154452,2.37563,2.23682
0.03,1,0.429027,-0.0601139,2.48996,2.36474
0.05,1,0.5257,0.0341414,2.58498,2.48797
0.07,1,0.608291,0.116751,2.66476,2.58041
0.09,1,0.662585,0.172946,2.65875,2.63616
0.11,1,0.682119,0.196633,2.59687,2.65538
0.13,1,0.664872,0.18433,2.59032,2.63843
0.15,1,0.615141,0.139095,2.51022,2.58765
0.17,1,0.544823,0.0728675,2.41089,2.5103
0.19,1,0.466123,-0.00332535,2.3062,2.41427
0.21,1,0.392229,-0.0759042,2.21831,2.31231
0.23,1,0.336365,-0.132429,2.17481,2.22517
0.25,1,0.308209,-0.162276,2.18272,2.17707
0.27,1,0.31319,-0.160171,2.24472,2.18582
0.29,1,0.349122,-0.127181,2.33351,2.24598
0.31,1,0.406836,-0.0726942,2.42437,2.33355
0.33,1,0.473036,-0.00839755,2.50196,2.42318
0.35,1,0.534316,0.0517666,2.5903,2.49811
0.37,1,0.579677,0.0976173,2.58531,2.54952
0.39,1,0.604998,0.124597,2.58094,2.57691
0.41,1,0.607721,0.129769,2.51732,2.57981
0.43,1,0.587325,0.112425,2.51356,2.55789
0.45,1,0.546966,0.0746637,2.45247,2.51276
0.47,1,0.497324,0.0269646,2.38331,2.4537
0.49,1,0.44488,-0.0241276,2.31736,2.38628
0.51,1,0.399215,-0.0695969,2.2562,2.32254
0.53,1,0.368681,-0.100312,2.26089,2.2768
0.55,1,0.358265,-0.112245,2.3255,2.26054
0.57,1,0.370501,-0.101762,2.3293,2.2796
0.59,1,0.403823,-0.0702077,2.39053,2.32921
0.61,1,0.447419,-0.0283731,2.44915,2.38968
0.63,1,0.491406,0.0149493,2.51551,2.44637
0.65,1,0.527517,0.0504638,2.51102,2.49012
0.67,1,0.551894,0.075197,2.5069,2.5184
0.69,1,0.56264,0.0866679,2.50341,2.53057
0.71,1,0.557279,0.0829318,2.50101,2.52452
0.73,1,0.538387,0.0647788,2.46383,2.50285
0.75,1,0.508244,0.0364074,2.37399,2.46706
0.77,1,0.473364,0.0022276,2.37478,2.4236
0.79,1,0.439514,-0.0312243,2.33154,2.37906
0.81,1,0.412825,-0.057532,2.31753,2.34209
0.83,1,0.39723,-0.0734777,2.34021,2.31965
0.85,1,0.396661,-0.0742176,2.34272,2.31882
0.87,1,0.411467,-0.0602783,2.41893,2.34016
0.89,1,0.4378,-0.0346004,2.41896,2.37673
0.91,1,0.467663,-0.0052898,2.47733,2.41627
0.93,1,0.495196,0.0216581,2.47404,2.45107
0.95,1,0.516439,0.0426362,2.49565,2.47694
0.97,1,0.529431,0.055267,2.49369,2.49238
0.99,1,0.532385,0.0581327,2.43735,2.49585
