x,rho,E,F,T,Tr
0.01,1,0.600104,0.082522,2.66287,2.57169
0.03,1,0.661642,0.166564,2.6438,2.63522
0.05,1,0.697295,0.206677,2.63584,2.67003
0.07,1,0.69229,0.207293,2.62801,2.66522
0.09,1,0.649896,0.170927,2.55241,2.62345
0.11,1,0.580587,0.106796,2.45164,2.55052
0.13,1,0.497265,0.0269833,2.33857,2.45363
0.15,1,0.414673,-0.0543182,2.23477,2.3447
0.17,1,0.346825,-0.122766,2.18327,2.24228
0.19,1,0.305672,-0.166378,2.19324,2.17258
0.21,1,0.297807,-0.177755,2.20316,2.15847
0.23,1,0.325229,-0.154272,2.29224,2.20652
0.25,1,0.379813,-0.103599,2.39206,2.29379
0.27,1,0.449018,-0.0372592,2.48144,2.39181
0.29,1,0.517853,0.0302118,2.56354,2.47864
0.31,1,0.573639,0.0868572,2.55841,2.54285
0.33,1,0.610626,0.126236,2.55307,2.58289
0.35,1,0.622764,0.141766,2.54727,2.59563
0.37,1,0.607663,0.130575,2.54177,2.57975
0.39,1,0.570542,0.097112,2.48156,2.53941
0.41,1,0.520097,0.0496174,2.40893,2.48132
0.43,1,0.463829,-0.00521088,2.33569,2.4113
0.45,1,0.41153,-0.0576618,2.28405,2.34025
0.47,1,0.372338,-0.0980979,2.28995,2.28242
0.49,1,0.352928,-0.120183,2.29661,2.25208
0.51,1,0.358205,-0.117809,2.30314,2.26045
0.53,1,0.387612,-0.0916901,2.36709,2.30548
0.55,1,0.431182,-0.0502121,2.4322,2.3677
0.57,1,0.479292,-0.00364154,2.53526,2.43115
0.59,1,0.521459,0.038611,2.53209,2.48294
0.61,1,0.552878,0.0712503,2.52854,2.51953
0.63,1,0.570059,0.0913514,2.52424,2.53888
0.65,1,0.569666,0.0934109,2.51958,2.53844
0.67,1,0.552613,0.0794266,2.44338,2.51922
0.69,1,0.524272,0.0528762,2.44037,2.48628
0.71,1,0.487332,0.0174725,2.34672,2.44128
0.73,1,0.450559,-0.0192509,2.3144,2.39386
0.75,1,0.419011,-0.0515745,2.31814,2.35081
0.77,1,0.39781,-0.0750121,2.32297,2.32049
0.79,1,0.391947,-0.0832244,2.32831,2.3119
0.81,1,0.403486,-0.0740856,2.40522,2.32873
0.83,1,0.42868,-0.0513511,2.40802,2.36426
0.85,1,0.460484,-0.0203909,2.46373,2.40694
0.87,1,0.491056,0.00984827,2.46273,2.44593
0.89,1,0.516154,0.0362649,2.46196,2.4766
0.91,1,0.533102,0.0549603,2.48636,2.49669
0.93,1,0.539418,0.063846,2.48282,2.50405
0.95,1,0.533853,0.0604607,2.47895,2.49757
0.97,1,0.518091,0.0467313,2.42003,2.47892
0.99,1,0.496381,0.0261721,2.41825,2.45254
