x,rho,E,F,T,Tr
0.01,1,0.443758,-0.064277,2.51204,2.38478
0.03,1,0.534842,0.0405084,2.59599,2.49872
0.05,1,0.618357,0.124596,2.67255,2.59102
0.07,1,0.672031,0.180814,2.66602,2.64551
0.09,1,0.689359,0.202594,2.59779,2.6624
0.11,1,0.668856,0.187438,2.59086,2.64238
0.13,1,0.615493,0.138923,2.50668,2.58802
0.15,1,0.541874,0.0693597,2.40337,2.50689
0.17,1,0.460852,-0.00960146,2.29583,2.40742
0.19,1,0.385902,-0.0836851,2.16148,2.30293
0.21,1,0.330358,-0.140288,2.17119,2.21517
0.23,1,0.304181,-0.168856,2.18019,2.16992
0.25,1,0.312011,-0.164135,2.24733,2.18376
0.27,1,0.350902,-0.128535,2.33967,2.24884
0.29,1,0.411123,-0.07136,2.43266,2.33967
0.31,1,0.479208,-0.00487322,2.51067,2.43104
0.33,1,0.541465,0.0567792,2.59563,2.50642
0.35,1,0.586573,0.103041,2.59021,2.55707
0.37,1,0.610395,0.129056,2.58517,2.58264
0.39,1,0.611409,0.132943,2.51714,2.58371
0.41,1,0.589081,0.113969,2.51293,2.5598
0.43,1,0.546379,0.0739243,2.44903,2.51209
0.45,1,0.494853,0.0240128,2.37745,2.45065
0.47,1,0.441114,-0.0288788,2.31028,2.38122
0.49,1,0.395005,-0.0755755,2.25224,2.31639
0.51,1,0.365263,-0.106311,2.25812,2.2715
0.53,1,0.357153,-0.116738,2.32892,2.25879
0.55,1,0.371831,-0.103911,2.33378,2.28164
0.57,1,0.407004,-0.0707222,2.39688,2.33379
0.59,1,0.452068,-0.0270319,2.45719,2.39587
0.61,1,0.496909,0.0175961,2.53944,2.45319
0.63,1,0.533054,0.0538679,2.51407,2.49663
0.65,1,0.556431,0.0788726,2.50969,2.52356
0.67,1,0.565842,0.0893907,2.50549,2.53417
0.69,1,0.559096,0.0850664,2.50217,2.52658
0.71,1,0.539124,0.0657732,2.46233,2.50371
0.73,1,0.507435,0.0353857,2.36988,2.46608
0.75,1,0.471735,-9.71224e-05,2.37113,2.42151
0.77,1,0.437369,-0.0347816,2.31187,2.37615
0.79,1,0.411088,-0.0617595,2.31696,2.33962
0.81,1,0.39687,-0.0771311,2.34198,2.31912
0.83,1,0.39804,-0.0771269,2.34574,2.32083
0.85,1,0.414082,-0.0620475,2.42462,2.34387
0.87,1,0.441642,-0.0348654,2.4252,2.38193
0.89,1,0.472326,-0.00428992,2.47889,2.42227
0.91,1,0.499786,0.023721,2.47671,2.45673
0.93,1,0.520287,0.0452161,2.47344,2.48155
0.95,1,0.532276,0.0580855,2.49672,2.49572
0.97,1,0.533984,0.0605126,2.43806,2.49772
0.99,1,0.52543,0.052511,2.43626,2.48765
