x,rho,E,F,T,Tr
0.01,1,0.493809,-0.0179263,2.56502,2.44935
0.03,1,0.579822,0.0848577,2.64928,2.54968
0.05,1,0.651558,0.157882,2.64134,2.62512
0.07,1,0.688817,0.19938,2.63343,2.66187
0.09,1,0.686833,0.202493,2.62596,2.65995
0.11,1,0.648216,0.169352,2.55459,2.62175
0.13,1,0.58283,0.108652,2.45825,2.55298
0.15,1,0.502652,0.0318228,2.34901,2.46024
0.17,1,0.421896,-0.0475795,2.2465,2.35485
0.19,1,0.354322,-0.115522,2.18579,2.2543
0.21,1,0.311986,-0.159833,2.19565,2.18371
0.23,1,0.301709,-0.173278,2.20496,2.1655
0.25,1,0.325905,-0.152279,2.28932,2.20767
0.27,1,0.377458,-0.104285,2.38585,2.29023
0.29,1,0.444043,-0.0400645,2.47417,2.38516
0.31,1,0.511328,0.0259449,2.56319,2.47079
0.33,1,0.566613,0.0816517,2.55764,2.53503
0.35,1,0.603901,0.120917,2.55196,2.57574
0.37,1,0.617573,0.137686,2.54637,2.5902
0.39,1,0.604864,0.128363,2.5412,2.57677
0.41,1,0.570474,0.0969962,2.48397,2.53934
0.43,1,0.52267,0.0513782,2.4142,2.48438
0.45,1,0.468245,-0.00182653,2.34272,2.41702
0.47,1,0.416857,-0.0533183,2.28343,2.34778
0.49,1,0.377406,-0.0934701,2.29027,2.29015
0.51,1,0.35675,-0.116267,2.29699,2.25815
0.53,1,0.35991,-0.115417,2.30275,2.26313
0.55,1,0.386779,-0.09108,2.36366,2.30424
0.57,1,0.42803,-0.0513125,2.42714,2.36336
0.59,1,0.474873,-0.00565489,2.4803,2.42553
0.61,1,0.516514,0.0364763,2.53043,2.47703
0.63,1,0.547494,0.0680897,2.52608,2.51337
0.65,1,0.565462,0.0881283,2.52156,2.53374
0.67,1,0.56637,0.0912352,2.5176,2.53476
0.69,1,0.551361,0.0782739,2.48489,2.5178
0.71,1,0.525103,0.053168,2.44286,2.48727
0.73,1,0.489914,0.0188023,2.39309,2.44451
0.75,1,0.454083,-0.0173979,2.315,2.39853
0.77,1,0.422881,-0.0490946,2.31984,2.35622
0.79,1,0.401275,-0.0724193,2.32519,2.32553
0.81,1,0.394138,-0.0810447,2.32998,2.31512
0.83,1,0.403845,-0.0728166,2.4035,2.32925
0.85,1,0.426892,-0.0510673,2.40531,2.36179
0.87,1,0.457342,-0.0207142,2.4657,2.40282
0.89,1,0.486756,0.00888972,2.46479,2.44056
0.91,1,0.511711,0.035097,2.46314,2.47126
0.93,1,0.528787,0.0533398,2.48441,2.49162
0.95,1,0.536056,0.0622157,2.48058,2.50014
0.97,1,0.532016,0.059262,2.4776,2.49541
0.99,1,0.518119,0.0460597,2.42096,2.47896
