x,rho,E,F,T,Tr
0.01,1,0.591017,0.0968049,2.44296,2.5619
0.03,1,0.483149,0.0124167,2.30062,2.43603
0.05,1,0.390001,-0.079292,2.1814,2.30902
0.07,1,0.317155,-0.152581,2.10179,2.1927
0.09,1,0.276967,-0.195013,2.11236,2.11967
0.11,1,0.275498,-0.199665,2.18177,2.11686
0.13,1,0.312046,-0.167073,2.2897,2.18382
0.15,1,0.377413,-0.105322,2.40397,2.29016
0.17,1,0.457452,-0.028251,2.5025,2.40297
0.19,1,0.535949,0.0490865,2.57403,2.50001
0.21,1,0.598362,0.111951,2.62481,2.56982
0.23,1,0.634671,0.150522,2.6193,2.60795
0.25,1,0.64349,0.162658,2.55273,2.61696
0.27,1,0.622775,0.14606,2.54742,2.59564
0.29,1,0.576308,0.102993,2.47533,2.5458
0.31,1,0.515746,0.0455578,2.39029,2.47611
0.33,1,0.450556,-0.0182173,2.30408,2.39386
0.35,1,0.391635,-0.0767871,2.22083,2.31144
0.37,1,0.350058,-0.119295,2.21823,2.24748
0.39,1,0.332574,-0.138336,2.28763,2.21888
0.41,1,0.343937,-0.129836,2.29333,2.23759
0.43,1,0.37994,-0.0959406,2.36878,2.29398
0.45,1,0.43148,-0.0467617,2.44216,2.36811
0.47,1,0.486688,0.00740799,2.50185,2.44047
0.49,1,0.53452,0.0549478,2.55988,2.49835
0.51,1,0.567213,0.0886704,2.55529,2.5357
0.53,1,0.583513,0.106052,2.55118,2.55372
0.55,1,0.580745,0.105805,2.4886,2.55069
0.57,1,0.560376,0.0872871,2.48568,2.52803
0.59,1,0.523997,0.0526553,2.43235,2.48596
0.61,1,0.481597,0.0116592,2.37239,2.43407
0.63,1,0.439086,-0.0307511,2.28239,2.37848
0.65,1,0.403721,-0.0660473,2.2876,2.32907
0.67,1,0.382478,-0.0883786,2.29229,2.29781
0.69,1,0.378566,-0.0934186,2.31586,2.29191
0.71,1,0.392963,-0.079831,2.41,2.31339
0.73,1,0.424122,-0.0504371,2.45619,2.35795
0.75,1,0.460962,-0.0141554,2.45563,2.40756
0.77,1,0.496238,0.0208371,2.51324,2.45236
0.79,1,0.523338,0.0485426,2.48908,2.48518
0.81,1,0.541115,0.066538,2.50548,2.50602
0.83,1,0.546464,0.0729264,2.48195,2.51219
0.85,1,0.539219,0.0660609,2.48002,2.50382
0.87,1,0.521087,0.048775,2.40997,2.4825
0.89,1,0.495238,0.0230785,2.41037,2.45112
0.91,1,0.46613,-0.00579024,2.34997,2.41428
0.93,1,0.439617,-0.032544,2.35455,2.3792
0.95,1,0.419355,-0.0529859,2.35927,2.35129
0.97,1,0.409149,-0.063533,2.36293,2.33686
0.99,1,0.412053,-0.0607872,2.36493,2.34099
