x,rho,E,F,T,Tr
0.01,1,0.4176,-0.0885338,2.48095,2.34883
0.03,1,0.509255,0.0154887,2.57264,2.46829
0.05,1,0.597776,0.103616,2.62976,2.56919
0.07,1,0.660313,0.168095,2.62193,2.6339
0.09,1,0.687796,0.199451,2.61449,2.66089
0.11,1,0.6764,0.193125,2.60756,2.6498
0.13,1,0.630951,0.152674,2.53071,2.60412
0.15,1,0.56205,0.088317,2.4318,2.52991
0.17,1,0.482162,0.0111299,2.32195,2.43478
0.19,1,0.405317,-0.0651046,2.20073,2.33136
0.21,1,0.344292,-0.126444,2.21027,2.23817
0.23,1,0.309778,-0.163194,2.21997,2.17984
0.25,1,0.307829,-0.167897,2.2283,2.1764
0.27,1,0.3393,-0.139579,2.31577,2.23001
0.29,1,0.394774,-0.0872128,2.40957,2.31605
0.31,1,0.461726,-0.02246,2.49245,2.40856
0.33,1,0.52583,0.0406363,2.59853,2.48813
0.35,1,0.575987,0.0912131,2.59332,2.54545
0.37,1,0.606999,0.124053,2.58855,2.57904
0.39,1,0.614058,0.134186,2.53161,2.58651
0.41,1,0.596819,0.119567,2.527,2.56816
0.43,1,0.558605,0.084301,2.46739,2.52603
0.45,1,0.509438,0.0368328,2.39551,2.46851
0.47,1,0.456038,-0.01528,2.29606,2.40111
0.49,1,0.408005,-0.0631512,2.30261,2.33522
0.51,1,0.373019,-0.0989539,2.30908,2.28346
0.53,1,0.357891,-0.115908,2.31475,2.25995
0.55,1,0.366601,-0.109001,2.31958,2.27358
0.57,1,0.397595,-0.0803024,2.38107,2.32018
0.59,1,0.440384,-0.0386499,2.44304,2.38023
0.61,1,0.485919,0.00579562,2.52604,2.43951
0.63,1,0.52424,0.0443865,2.52177,2.48625
0.65,1,0.55184,0.0728166,2.51728,2.51834
0.67,1,0.566018,0.0883459,2.51302,2.53436
0.69,1,0.563175,0.0871371,2.50981,2.53118
0.71,1,0.545721,0.0707464,2.43343,2.51133
0.73,1,0.517148,0.0435284,2.38346,2.47779
0.75,1,0.482098,0.00863973,2.3853,2.4347
0.77,1,0.447426,-0.0257458,2.32532,2.38969
0.79,1,0.418845,-0.0549144,2.33072,2.35058
0.81,1,0.400068,-0.0743578,2.33561,2.32378
0.83,1,0.396617,-0.0786241,2.37294,2.31875
0.85,1,0.409448,-0.0666229,2.41536,2.33728
0.87,1,0.434511,-0.0421501,2.41589,2.37226
0.89,1,0.464599,-0.0119265,2.48634,2.4123
0.91,1,0.493043,0.0164968,2.48391,2.4484
0.93,1,0.515592,0.0396709,2.48029,2.47593
0.95,1,0.530807,0.0555456,2.47634,2.49399
0.97,1,0.535827,0.0610624,2.47331,2.49987
0.99,1,0.529535,0.0551024,2.44635,2.4925
