x,rho,E,F,T,Tr
0.01,1,0.718507,0.207863,2.63971,2.6901
0.03,1,0.650897,0.170574,2.53844,2.62446
0.05,1,0.568689,0.0938479,2.42327,2.53735
0.07,1,0.475456,0.00457449,2.29862,2.42627
0.09,1,0.387702,-0.081505,2.18866,2.30561
0.11,1,0.32003,-0.149356,2.12373,2.19765
0.13,1,0.284334,-0.187193,2.13289,2.13363
0.15,1,0.286122,-0.188655,2.20227,2.13697
0.17,1,0.323978,-0.154791,2.30586,2.2044
0.19,1,0.388652,-0.0944525,2.4138,2.30702
0.21,1,0.465676,-0.0206093,2.50801,2.41369
0.23,1,0.539673,0.051563,2.62012,2.50434
0.25,1,0.596902,0.108771,2.61512,2.56825
0.27,1,0.629206,0.143156,2.61049,2.60231
0.29,1,0.635261,0.152488,2.54299,2.60855
0.31,1,0.613564,0.135035,2.53813,2.58599
0.33,1,0.567751,0.0928452,2.46821,2.5363
0.35,1,0.509268,0.0380886,2.38698,2.4683
0.37,1,0.447206,-0.022092,2.30558,2.3894
0.39,1,0.391714,-0.0765267,2.22506,2.31155
0.41,1,0.353623,-0.115046,2.22991,2.25318
0.43,1,0.339255,-0.131116,2.30066,2.22994
0.45,1,0.352149,-0.121164,2.30561,2.25083
0.47,1,0.388577,-0.0875645,2.37766,2.30691
0.49,1,0.438918,-0.0405074,2.44707,2.37825
0.51,1,0.491539,0.0104758,2.50283,2.44653
0.53,1,0.536539,0.0541535,2.55233,2.5007
0.55,1,0.566474,0.084472,2.54897,2.53487
0.57,1,0.580212,0.099545,2.54611,2.55011
0.59,1,0.576358,0.0977324,2.48421,2.54586
0.61,1,0.555425,0.0796189,2.48156,2.52242
0.63,1,0.519747,0.0461914,2.42979,2.4809
0.65,1,0.478656,0.00748467,2.37326,2.43034
0.67,1,0.43781,-0.0316396,2.29421,2.37675
0.69,1,0.405101,-0.0640176,2.31819,2.33105
0.71,1,0.385456,-0.0835031,2.32117,2.30226
0.73,1,0.383509,-0.0872247,2.36535,2.29935
0.75,1,0.399095,-0.0731061,2.36766,2.32237
0.77,1,0.430059,-0.0448496,2.45726,2.36616
0.79,1,0.465736,-0.0111582,2.45778,2.41377
0.81,1,0.499826,0.0209667,2.50688,2.45678
0.83,1,0.525324,0.0458599,2.48337,2.48753
0.85,1,0.541716,0.0618282,2.48144,2.50671
0.87,1,0.545809,0.0669547,2.48021,2.51143
0.89,1,0.53768,0.0597856,2.47889,2.50203
0.91,1,0.519145,0.0432475,2.41221,2.48018
0.93,1,0.493385,0.0194915,2.41161,2.44883
0.95,1,0.464865,-0.00708754,2.36159,2.41264
0.97,1,0.439068,-0.0312427,2.36525,2.37845
0.99,1,0.419972,-0.0494963,2.36725,2.35216
