x,rho,E,F,T,Tr
0.01,1,0.633172,0.136385,2.50251,2.60641
0.03,1,0.52976,0.0590278,2.36481,2.49276
0.05,1,0.433449,-0.034804,2.2356,2.37081
0.07,1,0.349842,-0.1177,2.12161,2.24714
0.09,1,0.293323,-0.175482,2.13287,2.1503
0.11,1,0.272458,-0.199037,2.14316,2.11099
0.13,1,0.291018,-0.184086,2.2354,2.14606
0.15,1,0.343237,-0.135548,2.34873,2.23645
0.17,1,0.417328,-0.0649799,2.45548,2.34845
0.19,1,0.497464,0.0129777,2.53951,2.45387
0.21,1,0.568112,0.0827552,2.5901,2.5367
0.23,1,0.61759,0.133838,2.58353,2.59022
0.25,1,0.641042,0.159901,2.5777,2.61447
0.27,1,0.633191,0.155763,2.57215,2.60642
0.29,1,0.598253,0.124393,2.51054,2.5697
0.31,1,0.544638,0.0743093,2.4314,2.51009
0.33,1,0.481242,0.013042,2.34338,2.43362
0.35,1,0.41864,-0.0483474,2.24099,2.35029
0.37,1,0.367912,-0.0987631,2.24883,2.27561
0.39,1,0.338095,-0.130011,2.25594,2.22803
0.41,1,0.334841,-0.135149,2.26182,2.22265
0.43,1,0.359806,-0.11267,2.33033,2.26297
0.45,1,0.40453,-0.0701716,2.4058,2.33023
0.47,1,0.458909,-0.0179575,2.47284,2.40488
0.49,1,0.510322,0.0327393,2.55099,2.46958
0.51,1,0.550568,0.0728724,2.54589,2.51689
0.53,1,0.576458,0.0998422,2.54151,2.54597
0.55,1,0.583086,0.107882,2.53791,2.55326
0.57,1,0.569776,0.0966044,2.45971,2.53856
0.59,1,0.54093,0.0699019,2.45769,2.5058
0.61,1,0.501397,0.0317327,2.39984,2.45871
0.63,1,0.458366,-0.009997,2.34712,2.40417
0.65,1,0.419292,-0.0487119,2.29126,2.35121
0.67,1,0.39004,-0.0779499,2.32943,2.30908
0.69,1,0.376516,-0.0921499,2.33355,2.2888
0.71,1,0.382974,-0.0871503,2.33644,2.29855
0.73,1,0.40699,-0.0639419,2.3848,2.33377
0.75,1,0.441224,-0.0310668,2.4795,2.38137
0.77,1,0.477645,0.00449254,2.47661,2.42906
0.79,1,0.509231,0.0355843,2.47275,2.46826
0.81,1,0.531886,0.0583942,2.4688,2.49526
0.83,1,0.544109,0.0708478,2.46562,2.50948
0.85,1,0.542997,0.0702734,2.46361,2.50819
0.87,1,0.529327,0.0571571,2.46259,2.49225
0.89,1,0.507089,0.0354757,2.38964,2.46566
0.91,1,0.47951,0.00866945,2.39066,2.43142
0.93,1,0.450544,-0.0200296,2.34109,2.39384
0.95,1,0.426819,-0.0432229,2.34578,2.36169
0.97,1,0.411075,-0.0588065,2.34916,2.3396
0.99,1,0.407486,-0.0622618,2.35088,2.33448
