x,rho,E,F,T,Tr
0.01,1,0.666886,0.150037,2.66796,2.64043
0.03,1,0.698524,0.20853,2.6489,2.6712
0.05,1,0.700075,0.215788,2.64089,2.67268
0.07,1,0.662092,0.184466,2.56852,2.63567
0.09,1,0.594563,0.122615,2.46843,2.56573
0.11,1,0.510188,0.0426526,2.35288,2.46941
0.13,1,0.424304,-0.0412854,2.24086,2.3582
0.15,1,0.351312,-0.114177,2.16199,2.24949
0.17,1,0.304288,-0.163249,2.17161,2.17011
0.19,1,0.290475,-0.180593,2.18146,2.14506
0.21,1,0.313009,-0.162262,2.26887,2.1855
0.23,1,0.365,-0.114575,2.3717,2.27109
0.25,1,0.434441,-0.0486383,2.46739,2.37216
0.27,1,0.506145,0.0210916,2.57215,2.46451
0.29,1,0.566268,0.0813585,2.56708,2.53464
0.31,1,0.607506,0.124635,2.56196,2.57958
0.33,1,0.624155,0.144902,2.55636,2.59708
0.35,1,0.612795,0.137786,2.55059,2.58518
0.37,1,0.577776,0.107152,2.49155,2.54742
0.39,1,0.527831,0.0605812,2.41786,2.49049
0.41,1,0.470109,0.0052213,2.34025,2.41942
0.43,1,0.414832,-0.0493709,2.26721,2.34493
0.45,1,0.371851,-0.093233,2.27279,2.28167
0.47,1,0.348332,-0.119298,2.27872,2.24471
0.49,1,0.349667,-0.121111,2.28548,2.24685
0.51,1,0.376232,-0.0979977,2.34973,2.28837
0.53,1,0.419281,-0.0580984,2.41795,2.35119
0.55,1,0.468881,-0.0105567,2.47657,2.41784
0.57,1,0.514077,0.0340516,2.53484,2.47411
0.59,1,0.547865,0.0685883,2.53171,2.5138
0.61,1,0.568188,0.091296,2.52797,2.53679
0.63,1,0.570625,0.0964349,2.52361,2.53951
0.65,1,0.555479,0.085079,2.44944,2.52248
0.67,1,0.527927,0.0601925,2.4456,2.49061
0.69,1,0.490593,0.0251872,2.39381,2.44535
0.71,1,0.45224,-0.0124922,2.33644,2.39609
0.73,1,0.418146,-0.0464906,2.30627,2.3496
0.75,1,0.394276,-0.0722058,2.31008,2.31532
0.77,1,0.385348,-0.0833802,2.31495,2.3021
0.79,1,0.394717,-0.0771806,2.39193,2.31597
0.81,1,0.418981,-0.0557578,2.39553,2.35077
0.83,1,0.451392,-0.025577,2.46562,2.39497
0.85,1,0.483637,0.00554401,2.46361,2.43664
0.87,1,0.51106,0.0330969,2.46259,2.47047
0.89,1,0.529701,0.0532236,2.46165,2.4927
0.91,1,0.537995,0.0640533,2.45992,2.5024
0.93,1,0.534242,0.0629625,2.45704,2.49802
0.95,1,0.519259,0.0509508,2.42232,2.48032
0.97,1,0.497251,0.0310731,2.41958,2.45361
0.99,1,0.471882,0.00687988,2.35088,2.4217
