x,rho,E,F,T,Tr
0.01,1,0.652593,0.136371,2.67671,2.62617
0.03,1,0.691758,0.201489,2.65761,2.66471
0.05,1,0.70128,0.216608,2.64965,2.67383
0.07,1,0.67071,0.192406,2.58378,2.64421
0.09,1,0.608397,0.136018,2.48887,2.58053
0.11,1,0.526619,0.0589216,2.37545,2.48906
0.13,1,0.440249,-0.0250028,2.25936,2.38005
0.15,1,0.364086,-0.100841,2.15021,2.26967
0.17,1,0.311401,-0.155093,2.15972,2.18269
0.19,1,0.29088,-0.179019,2.16964,2.1458
0.21,1,0.306459,-0.167332,2.25029,2.17397
0.23,1,0.353348,-0.124873,2.35142,2.25275
0.25,1,0.419866,-0.0616569,2.44852,2.35201
0.27,1,0.492143,0.00832411,2.52513,2.44728
0.29,1,0.555377,0.0712099,2.57502,2.52237
0.31,1,0.599961,0.117352,2.5697,2.57153
0.33,1,0.621414,0.142409,2.56428,2.59422
0.35,1,0.615406,0.140356,2.55839,2.58793
0.37,1,0.584694,0.11412,2.5034,2.55502
0.39,1,0.537647,0.0704368,2.432,2.50199
0.41,1,0.480895,0.0163937,2.35294,2.43318
0.43,1,0.424737,-0.039066,2.25649,2.3588
0.45,1,0.378619,-0.0855237,2.26221,2.29199
0.47,1,0.351175,-0.115483,2.26829,2.24927
0.49,1,0.347406,-0.121977,2.27511,2.24322
0.51,1,0.369593,-0.10343,2.33605,2.2782
0.53,1,0.409716,-0.0661874,2.40486,2.33766
0.55,1,0.458821,-0.0193561,2.46648,2.40476
0.57,1,0.505621,0.0265004,2.53782,2.46387
0.59,1,0.54154,0.0629673,2.5347,2.50651
0.61,1,0.563743,0.0874408,2.53116,2.53181
0.63,1,0.569197,0.0957725,2.5268,2.53792
0.65,1,0.558274,0.0877771,2.45814,2.52565
0.67,1,0.533468,0.0665662,2.40567,2.49712
0.69,1,0.49739,0.0324453,2.40136,2.45378
0.71,1,0.458681,-0.00512532,2.32693,2.40458
0.73,1,0.423426,-0.040665,2.32962,2.35698
0.75,1,0.397629,-0.0678321,2.33287,2.32023
0.77,1,0.385744,-0.0821354,2.33714,2.30269
0.79,1,0.391727,-0.0793192,2.3421,2.31157
0.81,1,0.41305,-0.0604879,2.38643,2.34241
0.83,1,0.444075,-0.0317546,2.47136,2.3852
0.85,1,0.477329,0.000295474,2.46931,2.42866
0.87,1,0.505435,0.0284873,2.46819,2.46364
0.89,1,0.52549,0.0501447,2.46702,2.48773
0.91,1,0.535608,0.0623856,2.46504,2.49962
0.93,1,0.534177,0.0638036,2.46188,2.49794
0.95,1,0.521581,0.0540889,2.45817,2.48309
0.97,1,0.501075,0.0355348,2.42446,2.45831
0.99,1,0.476166,0.0118542,2.34578,2.42717
