x,rho,E,F,T,Tr
0.01,1,0.362231,-0.120551,2.14357,2.26677
0.03,1,0.2898,-0.181879,2.09673,2.14381
0.05,1,0.261135,-0.213905,2.10901,2.08871
0.07,1,0.274,-0.205466,2.20236,2.11397
0.09,1,0.324316,-0.159767,2.3241,2.20497
0.11,1,0.400877,-0.0875305,2.4425,2.32495
0.13,1,0.487502,-0.00366672,2.53876,2.44149
0.15,1,0.566805,0.0748387,2.61521,2.53524
0.17,1,0.624993,0.134737,2.60873,2.59795
0.19,1,0.655559,0.168808,2.60218,2.62914
0.21,1,0.652411,0.17051,2.5955,2.62598
0.23,1,0.618825,0.141808,2.53316,2.59151
0.25,1,0.563334,0.0907812,2.45036,2.53135
0.27,1,0.495629,0.0259285,2.35751,2.45161
0.29,1,0.427113,-0.0414503,2.27232,2.36209
0.31,1,0.369647,-0.099305,2.22529,2.27829
0.33,1,0.33395,-0.137212,2.23337,2.22117
0.35,1,0.326048,-0.148369,2.24148,2.20791
0.37,1,0.348511,-0.129616,2.31319,2.245
0.39,1,0.394124,-0.0877,2.39556,2.3151
0.41,1,0.451919,-0.0323862,2.4715,2.39567
0.43,1,0.508919,0.0235961,2.56905,2.46788
0.45,1,0.554666,0.0696621,2.56502,2.52156
0.47,1,0.584998,0.102436,2.56036,2.55535
0.49,1,0.595213,0.115514,2.55531,2.56643
0.51,1,0.583522,0.107869,2.47766,2.55373
0.53,1,0.554899,0.0818631,2.47325,2.52182
0.55,1,0.513124,0.0429156,2.41374,2.47296
0.57,1,0.46705,-0.00237123,2.35314,2.41547
0.59,1,0.423328,-0.0457794,2.27872,2.35684
0.61,1,0.390458,-0.0800769,2.28376,2.3097
0.63,1,0.373663,-0.0992239,2.28956,2.28445
0.65,1,0.377561,-0.0979356,2.37339,2.29038
0.67,1,0.401254,-0.077454,2.42799,2.3255
0.69,1,0.437701,-0.0434264,2.43035,2.3766
0.71,1,0.477446,-0.00459428,2.49016,2.4288
0.73,1,0.512823,0.0307664,2.4882,2.4726
0.75,1,0.53816,0.0576221,2.48608,2.50259
0.77,1,0.552176,0.0739217,2.48311,2.51873
0.79,1,0.552223,0.076806,2.4793,2.51878
0.81,1,0.538988,0.0659801,2.47535,2.50355
0.83,1,0.515874,0.0450475,2.39727,2.47627
0.85,1,0.486118,0.0165885,2.39594,2.43976
0.87,1,0.454958,-0.0147978,2.33405,2.39969
0.89,1,0.428867,-0.0416831,2.3366,2.36452
0.91,1,0.411408,-0.0613508,2.34053,2.34007
0.93,1,0.406457,-0.0686132,2.34532,2.333
0.95,1,0.415943,-0.0619063,2.4074,2.3465
0.97,1,0.43608,-0.0438695,2.41155,2.3744
0.99,1,0.46282,-0.018366,2.48045,2.40999
