x,rho,E,F,T,Tr
0.01,1,0.599792,0.105216,2.45525,2.57135
0.03,1,0.492453,0.0219569,2.31378,2.44767
0.05,1,0.398345,-0.0703354,2.19583,2.32127
0.07,1,0.32333,-0.145734,2.15143,2.2033
0.09,1,0.279557,-0.191485,2.10916,2.12461
0.11,1,0.273981,-0.200292,2.17274,2.11393
0.13,1,0.307065,-0.171012,2.27844,2.17505
0.15,1,0.37014,-0.111727,2.39299,2.27905
0.17,1,0.449268,-0.0355628,2.49325,2.39215
0.19,1,0.528243,0.0418614,2.56739,2.49098
0.21,1,0.592287,0.106246,2.62508,2.56327
0.23,1,0.632142,0.148103,2.61972,2.60534
0.25,1,0.643758,0.163009,2.55808,2.61723
0.27,1,0.625227,0.148603,2.55271,2.59819
0.29,1,0.581024,0.107654,2.48259,2.551
0.31,1,0.521833,0.0514084,2.39902,2.48339
0.33,1,0.456969,-0.0119557,2.3156,2.40233
0.35,1,0.397463,-0.0709073,2.21343,2.31999
0.37,1,0.353931,-0.114912,2.21955,2.25367
0.39,1,0.333496,-0.136998,2.28095,2.22041
0.41,1,0.341352,-0.13182,2.28668,2.23338
0.43,1,0.375615,-0.0997398,2.36112,2.28743
0.45,1,0.425988,-0.0517043,2.43517,2.36054
0.47,1,0.481242,0.00227936,2.4965,2.43362
0.49,1,0.529936,0.0505577,2.56096,2.49297
0.51,1,0.564312,0.0856606,2.55643,2.53245
0.53,1,0.582555,0.105276,2.55244,2.55268
0.55,1,0.581774,0.106582,2.49305,2.55182
0.57,1,0.562692,0.0894412,2.49007,2.53063
0.59,1,0.527458,0.0561751,2.43791,2.49005
0.61,1,0.48589,0.0155952,2.38097,2.43947
0.63,1,0.443165,-0.0263706,2.28132,2.38398
0.65,1,0.407111,-0.0626525,2.2866,2.33394
0.67,1,0.383544,-0.0865226,2.29112,2.2994
0.69,1,0.377475,-0.0936163,2.35318,2.29025
0.71,1,0.39072,-0.0818581,2.3559,2.31008
0.73,1,0.420765,-0.0531623,2.40579,2.35327
0.75,1,0.456769,-0.017657,2.45117,2.40207
0.77,1,0.492616,0.0174935,2.51441,2.44787
0.79,1,0.520739,0.0460595,2.49134,2.48208
0.81,1,0.539678,0.0651712,2.50681,2.50435
0.83,1,0.546551,0.0730317,2.4842,2.51229
0.85,1,0.540175,0.0672321,2.48225,2.50493
0.87,1,0.522957,0.050541,2.41318,2.48472
0.89,1,0.497818,0.0257598,2.41359,2.45431
0.91,1,0.468666,-0.00295491,2.34687,2.41756
0.93,1,0.442032,-0.0297959,2.3514,2.38246
0.95,1,0.420998,-0.0509809,2.38723,2.35359
0.97,1,0.409296,-0.062931,2.3599,2.33707
0.99,1,0.410745,-0.0615155,2.36183,2.33913
