x,rho,E,F,T,Tr
0.01,1,0.623299,0.124606,2.48809,2.59618
0.03,1,0.518252,0.044915,2.34907,2.47912
0.05,1,0.422456,-0.0486567,2.22373,2.35563
0.07,1,0.341548,-0.129076,2.13394,2.2337
0.09,1,0.289363,-0.182797,2.14526,2.143
0.11,1,0.273924,-0.201336,2.15542,2.11382
0.13,1,0.297647,-0.181186,2.25277,2.15818
0.15,1,0.354001,-0.128757,2.36677,2.25379
0.17,1,0.430206,-0.0557798,2.47289,2.36636
0.19,1,0.510081,0.0219913,2.59246,2.46929
0.21,1,0.5783,0.0897351,2.5857,2.548
0.23,1,0.625354,0.138459,2.5792,2.59832
0.25,1,0.644836,0.160697,2.57331,2.61833
0.27,1,0.632962,0.152518,2.568,2.60619
0.29,1,0.594662,0.11774,2.50359,2.56584
0.31,1,0.538896,0.0654263,2.42293,2.50344
0.33,1,0.474736,0.00331131,2.33654,2.42535
0.35,1,0.413057,-0.0573629,2.25309,2.34242
0.37,1,0.364986,-0.105801,2.26079,2.27107
0.39,1,0.338329,-0.133984,2.26774,2.22842
0.41,1,0.338873,-0.135247,2.27383,2.22931
0.43,1,0.367289,-0.109289,2.34441,2.27464
0.45,1,0.414477,-0.0647268,2.4209,2.34443
0.47,1,0.468997,-0.0119449,2.5244,2.41799
0.49,1,0.519263,0.0374247,2.55116,2.48032
0.51,1,0.558324,0.0767599,2.54637,2.52571
0.53,1,0.58217,0.101753,2.54181,2.55225
0.55,1,0.586104,0.107205,2.53814,2.55655
0.57,1,0.570126,0.0933426,2.45611,2.53895
0.59,1,0.539233,0.0644581,2.45423,2.50383
0.61,1,0.498671,0.0253369,2.39709,2.45536
0.63,1,0.455925,-0.0167152,2.34526,2.40096
0.65,1,0.417756,-0.054341,2.29939,2.34905
0.67,1,0.390426,-0.0821708,2.34018,2.30965
0.69,1,0.379465,-0.0939055,2.30873,2.29327
0.71,1,0.388499,-0.0861332,2.34718,2.3068
0.73,1,0.414443,-0.0611236,2.39579,2.34438
0.75,1,0.449777,-0.0270596,2.47867,2.39282
0.77,1,0.485806,0.00826418,2.47593,2.43937
0.79,1,0.516269,0.0384281,2.47234,2.47674
0.81,1,0.538,0.0603746,2.4685,2.5024
0.83,1,0.548689,0.0714299,2.46535,2.51474
0.85,1,0.545791,0.0689566,2.4634,2.51141
0.87,1,0.530281,0.0544084,2.46247,2.49338
0.89,1,0.506972,0.0312315,2.42601,2.46551
0.91,1,0.478887,0.00381363,2.34481,2.43063
0.93,1,0.450762,-0.0240538,2.34958,2.39413
0.95,1,0.428037,-0.0465285,2.35421,2.36337
0.97,1,0.413573,-0.0609661,2.35765,2.34315
0.99,1,0.411891,-0.0626006,2.35943,2.34076
