x,rho,E,F,T,Tr
0.01,1,0.308443,-0.186379,2.31128,2.17749
0.03,1,0.384908,-0.102841,2.43389,2.30145
0.05,1,0.480601,-0.0103899,2.54331,2.43281
0.07,1,0.570658,0.0783879,2.63826,2.53954
0.09,1,0.638982,0.14742,2.63078,2.61236
0.11,1,0.675754,0.187427,2.62372,2.64916
0.13,1,0.675318,0.191335,2.61718,2.64873
0.15,1,0.640083,0.16103,2.55063,2.61349
0.17,1,0.579267,0.10478,2.4602,2.54907
0.19,1,0.503783,0.0328522,2.35709,2.46163
0.21,1,0.426828,-0.0421395,2.25945,2.3617
0.23,1,0.361673,-0.106946,2.19759,2.2659
0.25,1,0.319986,-0.149694,2.20598,2.19758
0.27,1,0.308669,-0.163469,2.21354,2.17788
0.29,1,0.330495,-0.144303,2.29177,2.2154
0.31,1,0.379014,-0.0994585,2.38288,2.29258
0.33,1,0.442125,-0.0388599,2.4676,2.38258
0.35,1,0.506466,0.0233185,2.55612,2.4649
0.37,1,0.55924,0.0759125,2.5503,2.52674
0.39,1,0.595429,0.112963,2.54522,2.56666
0.41,1,0.609593,0.129268,2.54075,2.58179
0.43,1,0.598712,0.121008,2.53682,2.57019
0.45,1,0.566811,0.092116,2.48348,2.53525
0.47,1,0.521854,0.0497174,2.41765,2.48341
0.49,1,0.47017,-0.000156706,2.34947,2.4195
0.51,1,0.42065,-0.0485361,2.29039,2.35311
0.53,1,0.382251,-0.0867167,2.29627,2.29746
0.55,1,0.361346,-0.108547,2.30118,2.26539
0.57,1,0.363288,-0.108343,2.30518,2.26842
0.59,1,0.387666,-0.085317,2.3622,2.30556
0.61,1,0.427016,-0.0484501,2.47421,2.36196
0.63,1,0.471704,-0.00549734,2.47377,2.42147
0.65,1,0.512041,0.0339375,2.52299,2.47165
0.67,1,0.541721,0.0633026,2.4913,2.50672
0.69,1,0.559793,0.0818251,2.48795,2.52737
0.71,1,0.561868,0.0848838,2.48557,2.52971
0.73,1,0.548665,0.0729875,2.48374,2.51471
0.75,1,0.524159,0.0499242,2.39896,2.48615
0.77,1,0.491022,0.0184632,2.3972,2.44589
0.79,1,0.456031,-0.0156986,2.32138,2.4011
0.81,1,0.425272,-0.0453453,2.32615,2.35954
0.83,1,0.403713,-0.0667281,2.32964,2.32905
0.85,1,0.39575,-0.0747932,2.33172,2.31748
0.87,1,0.403976,-0.0671374,2.40039,2.32943
0.89,1,0.425343,-0.046964,2.40089,2.35964
0.91,1,0.454281,-0.0190259,2.46509,2.39879
0.93,1,0.483182,0.00857864,2.46212,2.43607
0.95,1,0.508059,0.0326023,2.48148,2.46683
0.97,1,0.525349,0.0492036,2.47858,2.48756
0.99,1,0.533348,0.0568502,2.47704,2.49697
