x,rho,E,F,T,Tr
0.01,1,0.616529,0.0986313,2.65178,2.58911
0.03,1,0.672083,0.17786,2.63285,2.64556
0.05,1,0.700592,0.211091,2.62497,2.67318
0.07,1,0.688105,0.204516,2.61712,2.66119
0.09,1,0.639544,0.161775,2.5357,2.61294
0.11,1,0.566128,0.0933447,2.43076,2.53449
0.13,1,0.481267,0.011728,2.31425,2.43365
0.15,1,0.400071,-0.068518,2.18703,2.32378
0.17,1,0.336263,-0.133053,2.19661,2.22501
0.19,1,0.300635,-0.171648,2.20631,2.16357
0.21,1,0.299273,-0.176683,2.21605,2.16112
0.23,1,0.332791,-0.147356,2.30966,2.21924
0.25,1,0.391316,-0.092533,2.40934,2.31097
0.27,1,0.461879,-0.0245222,2.4951,2.40876
0.29,1,0.529813,0.0423747,2.6077,2.49283
0.31,1,0.583165,0.096308,2.60281,2.55334
0.33,1,0.614877,0.130857,2.59767,2.58737
0.35,1,0.621994,0.141627,2.53796,2.59482
0.37,1,0.603169,0.126916,2.53238,2.57496
0.39,1,0.562397,0.0897284,2.46865,2.5303
0.41,1,0.509683,0.0400822,2.39232,2.4688
0.43,1,0.453197,-0.0152701,2.32036,2.39736
0.45,1,0.402452,-0.0661379,2.24117,2.32723
0.47,1,0.366322,-0.10376,2.24688,2.27315
0.49,1,0.351299,-0.121815,2.30631,2.24947
0.51,1,0.361079,-0.115198,2.31298,2.26497
0.53,1,0.394007,-0.0851292,2.37878,2.31493
0.55,1,0.439703,-0.0421298,2.49533,2.37931
0.57,1,0.487904,0.00498225,2.49535,2.442
0.59,1,0.529174,0.0464276,2.52743,2.49207
0.61,1,0.556971,0.0761674,2.52391,2.52418
0.63,1,0.570983,0.0925382,2.51969,2.5399
0.65,1,0.567405,0.092345,2.51508,2.53592
0.67,1,0.548866,0.0760155,2.43405,2.51494
0.69,1,0.517063,0.0474287,2.43126,2.47769
0.71,1,0.480099,0.010819,2.37883,2.43217
0.73,1,0.443245,-0.0254971,2.3016,2.38409
0.75,1,0.413736,-0.0566569,2.30539,2.34338
0.77,1,0.394458,-0.0773312,2.31029,2.31559
0.79,1,0.391808,-0.0827727,2.36788,2.31169
0.81,1,0.406035,-0.0712875,2.37212,2.3324
0.83,1,0.434009,-0.0455204,2.41576,2.37157
0.85,1,0.465813,-0.0146261,2.48652,2.41387
0.87,1,0.49664,0.0157821,2.48522,2.45285
0.89,1,0.51957,0.0401385,2.48381,2.48069
0.91,1,0.534974,0.0574006,2.48136,2.49888
0.93,1,0.539188,0.0641343,2.47796,2.50378
0.95,1,0.531479,0.0589369,2.47428,2.49478
0.97,1,0.514188,0.0436162,2.44554,2.47424
0.99,1,0.49162,0.0221763,2.41212,2.44663
