x,rho,E,F,T,Tr
0.01,1,0.494738,0.00643288,2.31132,2.4505
0.03,1,0.390531,-0.0796525,2.17724,2.30981
0.05,1,0.315503,-0.15549,2.09171,2.18984
0.07,1,0.273605,-0.199885,2.10335,2.11321
0.09,1,0.271266,-0.205855,2.17359,2.10868
0.11,1,0.307799,-0.173643,2.2843,2.17635
0.13,1,0.374118,-0.111156,2.40192,2.28514
0.15,1,0.455947,-0.0323186,2.50358,2.40099
0.17,1,0.53675,0.0474271,2.5777,2.50095
0.19,1,0.601476,0.112844,2.63147,2.57316
0.21,1,0.639521,0.153602,2.62562,2.61291
0.23,1,0.64919,0.16702,2.55901,2.62274
0.25,1,0.628383,0.150796,2.5531,2.60146
0.27,1,0.581128,0.107176,2.47951,2.55111
0.29,1,0.519188,0.0483575,2.39235,2.48023
0.31,1,0.452371,-0.017261,2.30341,2.39627
0.33,1,0.391665,-0.0777273,2.21469,2.31148
0.35,1,0.348606,-0.122171,2.22293,2.24515
0.37,1,0.330299,-0.142568,2.28315,2.21507
0.39,1,0.341647,-0.134683,2.28977,2.23386
0.41,1,0.377926,-0.100603,2.36737,2.29094
0.43,1,0.43066,-0.0506257,2.44282,2.36698
0.45,1,0.487206,0.00517259,2.50473,2.44112
0.47,1,0.536586,0.0545371,2.56562,2.50076
0.49,1,0.570475,0.0898878,2.56091,2.53934
0.51,1,0.587141,0.108676,2.55631,2.55768
0.53,1,0.584801,0.108965,2.49324,2.55513
0.55,1,0.564106,0.0905677,2.48958,2.53222
0.57,1,0.526833,0.0555355,2.43511,2.48931
0.59,1,0.483711,0.0133168,2.37299,2.43673
0.61,1,0.440034,-0.0303553,2.27894,2.37976
0.63,1,0.403602,-0.067164,2.28435,2.32889
0.65,1,0.381897,-0.0908354,2.28968,2.29693
0.67,1,0.37746,-0.0966615,2.35612,2.29023
0.69,1,0.392469,-0.0840577,2.4103,2.31267
0.71,1,0.424209,-0.0538489,2.41225,2.35807
0.73,1,0.461935,-0.0166541,2.45812,2.40883
0.75,1,0.49806,0.0195374,2.51825,2.45461
0.77,1,0.525998,0.0485608,2.5146,2.48833
0.79,1,0.543951,0.067842,2.5106,2.50929
0.81,1,0.549199,0.0751466,2.50688,2.51532
0.83,1,0.541768,0.0688296,2.48337,2.50677
0.85,1,0.523336,0.0516257,2.41186,2.48517
0.87,1,0.496697,0.0252185,2.41152,2.45293
0.89,1,0.467217,-0.00442794,2.34896,2.41569
0.91,1,0.439987,-0.0326569,2.35232,2.3797
0.93,1,0.419571,-0.0541928,2.35689,2.3516
0.95,1,0.409582,-0.0658178,2.36159,2.33747
0.97,1,0.412769,-0.0637392,2.36525,2.34201
0.99,1,0.42821,-0.0489914,2.43148,2.36361
