x,rho,E,F,T,Tr
0.01,1,0.720753,0.209243,2.64456,2.69221
0.03,1,0.655561,0.174416,2.54553,2.62915
0.05,1,0.574798,0.0993477,2.43194,2.54414
0.07,1,0.482062,0.0105251,2.30742,2.43465
0.09,1,0.39364,-0.0761757,2.19546,2.31439
0.11,1,0.324396,-0.145682,2.12232,2.20511
0.13,1,0.286279,-0.185623,2.13166,2.13727
0.15,1,0.285608,-0.189777,2.19714,2.13601
0.17,1,0.321238,-0.158208,2.29943,2.19972
0.19,1,0.384298,-0.0992179,2.40755,2.30053
0.21,1,0.460763,-0.0260619,2.50081,2.4073
0.23,1,0.535241,0.0465254,2.56835,2.49919
0.25,1,0.594021,0.10513,2.61612,2.56514
0.27,1,0.628388,0.141243,2.61162,2.60147
0.29,1,0.636277,0.152411,2.5475,2.60959
0.31,1,0.616175,0.136344,2.54261,2.58873
0.33,1,0.571601,0.0957294,2.47415,2.54059
0.35,1,0.51404,0.0416603,2.39344,2.47406
0.37,1,0.451952,-0.0181628,2.31219,2.39571
0.39,1,0.396148,-0.0728976,2.22743,2.31807
0.41,1,0.357039,-0.112279,2.23189,2.25861
0.43,1,0.340567,-0.130435,2.29714,2.23209
0.45,1,0.350894,-0.123,2.30216,2.24882
0.47,1,0.38636,-0.0904548,2.37361,2.30361
0.49,1,0.435945,-0.0440147,2.44349,2.37421
0.51,1,0.488742,0.00687817,2.50019,2.44305
0.53,1,0.534374,0.0510198,2.55405,2.49817
0.55,1,0.565268,0.0824459,2.55073,2.53352
0.57,1,0.580647,0.0987819,2.54778,2.55058
0.59,1,0.577756,0.0981687,2.48805,2.5474
0.61,1,0.557735,0.0810421,2.43649,2.52504
0.63,1,0.522809,0.0486771,2.43426,2.48455
0.65,1,0.482133,0.0100775,2.37753,2.43474
0.67,1,0.44114,-0.0291043,2.29453,2.38125
0.69,1,0.407773,-0.0621337,2.29805,2.33489
0.71,1,0.386999,-0.0825674,2.31983,2.30457
0.73,1,0.383989,-0.0877478,2.36337,2.30007
0.75,1,0.39849,-0.0747673,2.36594,2.32148
0.77,1,0.428809,-0.0470734,2.45566,2.36444
0.79,1,0.464026,-0.0138582,2.45621,2.41155
0.81,1,0.49838,0.0186967,2.4891,2.455
0.83,1,0.524712,0.0440632,2.48613,2.48681
0.85,1,0.541761,0.0607206,2.48414,2.50676
0.87,1,0.546772,0.0668596,2.48297,2.51254
0.89,1,0.539326,0.0603017,2.48148,2.50394
0.91,1,0.521277,0.0442955,2.41552,2.48273
0.93,1,0.496082,0.0211334,2.41492,2.45217
0.95,1,0.467572,-0.00544322,2.39193,2.41615
0.97,1,0.441787,-0.0295361,2.36464,2.38213
0.99,1,0.422054,-0.0483343,2.36659,2.35507
