x,rho,E,F,T,Tr
0.01,1,0.715116,0.19688,2.67302,2.68693
0.03,1,0.709833,0.2209,2.65396,2.68195
0.05,1,0.675191,0.19303,2.584,2.64861
0.07,1,0.6087,0.132482,2.48458,2.58085
0.09,1,0.523149,0.051942,2.36743,2.48495
0.11,1,0.434418,-0.0342804,2.24979,2.37213
0.13,1,0.35741,-0.110637,2.15106,2.25919
0.15,1,0.305735,-0.163773,2.1604,2.17269
0.17,1,0.287489,-0.18525,2.16988,2.13952
0.19,1,0.306453,-0.170475,2.25553,2.17396
0.21,1,0.356688,-0.124773,2.36011,2.25805
0.23,1,0.42641,-0.0589612,2.45857,2.36112
0.25,1,0.500695,0.0126828,2.58307,2.45785
0.27,1,0.564944,0.0761054,2.57771,2.53316
0.29,1,0.609548,0.122284,2.57277,2.58175
0.31,1,0.629995,0.145848,2.5676,2.60313
0.33,1,0.621574,0.141568,2.56213,2.59439
0.35,1,0.588204,0.112666,2.50426,2.55884
0.37,1,0.538263,0.0666962,2.43037,2.50271
0.39,1,0.479233,0.0108066,2.34969,2.43107
0.41,1,0.421828,-0.0457623,2.26145,2.35475
0.43,1,0.375465,-0.0919773,2.26689,2.2872
0.45,1,0.348909,-0.12086,2.27257,2.24564
0.47,1,0.347103,-0.125272,2.27875,2.24273
0.49,1,0.371788,-0.104284,2.34253,2.28158
0.51,1,0.414445,-0.0650017,2.41296,2.34438
0.53,1,0.465459,-0.0167351,2.47483,2.41341
0.55,1,0.513086,0.0294554,2.54216,2.47291
0.57,1,0.549208,0.0656529,2.53919,2.51533
0.59,1,0.571946,0.0901168,2.53613,2.54097
0.61,1,0.576469,0.0972754,2.53239,2.54598
0.63,1,0.563529,0.0873875,2.46012,2.53157
0.65,1,0.536558,0.0640488,2.45669,2.50072
0.67,1,0.498855,0.0289187,2.4027,2.45559
0.69,1,0.458813,-0.00921617,2.33414,2.40475
0.71,1,0.422561,-0.0447285,2.3372,2.35577
0.73,1,0.396726,-0.0716909,2.33976,2.31891
0.75,1,0.385348,-0.0846651,2.34278,2.3021
0.77,1,0.392828,-0.0802644,2.38892,2.31319
0.79,1,0.416395,-0.0597003,2.39225,2.34713
0.81,1,0.448962,-0.0299686,2.475,2.39174
0.83,1,0.483199,0.00217473,2.47179,2.43609
0.85,1,0.51245,0.0305953,2.46979,2.47215
0.87,1,0.532913,0.0515914,2.46871,2.49647
0.89,1,0.542984,0.0631274,2.46774,2.50818
0.91,1,0.540691,0.063307,2.46593,2.50552
0.93,1,0.52659,0.0522999,2.46298,2.48903
0.95,1,0.504649,0.0330165,2.42845,2.46269
0.97,1,0.478412,0.00901944,2.35221,2.43003
0.99,1,0.451362,-0.016656,2.35385,2.39493
