x,rho,E,F,T,Tr
0.01,1,0.592089,0.0746704,2.66752,2.56306
0.03,1,0.656355,0.16078,2.64852,2.62994
0.05,1,0.695216,0.20417,2.64056,2.66803
0.07,1,0.693834,0.208124,2.63269,2.66671
0.09,1,0.654461,0.174853,2.55999,2.62804
0.11,1,0.587255,0.112875,2.4612,2.55781
0.13,1,0.504735,0.0341123,2.34874,2.46279
0.15,1,0.42165,-0.0474893,2.24255,2.3545
0.17,1,0.352065,-0.117461,2.17763,2.2507
0.19,1,0.308363,-0.163403,2.18751,2.17734
0.21,1,0.297499,-0.177838,2.19738,2.15791
0.23,1,0.322023,-0.157253,2.2841,2.20107
0.25,1,0.374564,-0.108669,2.38375,2.28582
0.27,1,0.442761,-0.0431107,2.47495,2.38344
0.29,1,0.512118,0.0247094,2.56774,2.47175
0.31,1,0.569393,0.0823836,2.5627,2.53813
0.33,1,0.607928,0.123234,2.55714,2.58003
0.35,1,0.622242,0.141054,2.55151,2.59508
0.37,1,0.609352,0.132141,2.54584,2.58154
0.39,1,0.574095,0.100448,2.48717,2.54336
0.41,1,0.524777,0.0540434,2.41539,2.48688
0.43,1,0.468727,-0.00043497,2.34126,2.41764
0.45,1,0.415808,-0.0534537,2.27903,2.34631
0.47,1,0.375299,-0.0951851,2.28519,2.28695
0.49,1,0.354047,-0.119075,2.29193,2.25386
0.51,1,0.357027,-0.118733,2.29865,2.25859
0.53,1,0.384464,-0.0943776,2.36132,2.30078
0.55,1,0.427047,-0.054206,2.42689,2.362
0.57,1,0.475319,-0.00756334,2.4822,2.42609
0.59,1,0.518305,0.035796,2.53409,2.47918
0.61,1,0.550271,0.0686815,2.53049,2.51655
0.63,1,0.568755,0.0899018,2.52615,2.53742
0.65,1,0.56994,0.0933921,2.52164,2.53874
0.67,1,0.554373,0.080752,2.44753,2.52123
0.69,1,0.527008,0.0557193,2.39622,2.48952
0.71,1,0.490539,0.0207527,2.39298,2.44529
0.73,1,0.453614,-0.0163576,2.31234,2.39791
0.75,1,0.42148,-0.0491066,2.31616,2.35427
0.77,1,0.39932,-0.07347,2.32099,2.32269
0.79,1,0.39198,-0.0829273,2.32635,2.31194
0.81,1,0.402223,-0.0753551,2.40192,2.3269
0.83,1,0.426188,-0.0535758,2.40491,2.36081
0.85,1,0.457865,-0.0229078,2.46661,2.40351
0.87,1,0.488519,0.00736518,2.46562,2.44277
0.89,1,0.514076,0.0343067,2.46473,2.47411
0.91,1,0.531585,0.0535762,2.46311,2.49491
0.93,1,0.538907,0.0633872,2.48464,2.50346
0.95,1,0.534493,0.0610272,2.4808,2.49831
0.97,1,0.519618,0.0481412,2.42288,2.48075
0.99,1,0.498417,0.0280667,2.42106,2.45505
