x,rho,E,F,T,Tr
0.01,1,0.725612,0.212883,2.6573,2.69673
0.03,1,0.667858,0.185719,2.5651,2.64139
0.05,1,0.592004,0.115797,2.45636,2.56296
0.07,1,0.500802,0.0291546,2.33338,2.45798
0.09,1,0.410679,-0.0585851,2.21918,2.33904
0.11,1,0.336956,-0.132109,2.16185,2.22615
0.13,1,0.292109,-0.178766,2.17125,2.14807
0.15,1,0.283251,-0.190961,2.1807,2.13159
0.17,1,0.311937,-0.166186,2.2777,2.18363
0.19,1,0.370285,-0.112202,2.38632,2.27927
0.21,1,0.44512,-0.0410318,2.48378,2.38661
0.23,1,0.520288,0.0318438,2.57471,2.48155
0.25,1,0.58207,0.0931749,2.56877,2.55214
0.27,1,0.623306,0.136115,2.56348,2.59619
0.29,1,0.637197,0.152892,2.55847,2.61054
0.31,1,0.621177,0.140987,2.55349,2.59397
0.33,1,0.581197,0.104649,2.48881,2.55119
0.35,1,0.525998,0.0533572,2.4105,2.48833
0.37,1,0.464503,-0.00582973,2.3302,2.41217
0.39,1,0.406766,-0.0618428,2.2729,2.33345
0.41,1,0.363656,-0.105162,2.27905,2.269
0.43,1,0.341772,-0.128441,2.28423,2.23406
0.45,1,0.347175,-0.126121,2.28937,2.24284
0.47,1,0.378209,-0.0979932,2.35918,2.29137
0.49,1,0.425535,-0.0538392,2.43079,2.35991
0.51,1,0.478216,-0.00390836,2.48913,2.42978
0.53,1,0.524889,0.0415094,2.55696,2.48701
0.55,1,0.560054,0.0763046,2.53612,2.52766
0.57,1,0.579917,0.0973273,2.53306,2.54978
0.59,1,0.58029,0.0999941,2.5301,2.55019
0.61,1,0.562395,0.0847798,2.44791,2.5303
0.63,1,0.530231,0.0558445,2.44523,2.49332
0.65,1,0.49023,0.0183907,2.38893,2.4449
0.67,1,0.449549,-0.0208861,2.34426,2.39252
0.69,1,0.414273,-0.054859,2.34833,2.34414
0.71,1,0.390263,-0.0795925,2.29841,2.30941
0.73,1,0.382733,-0.0879954,2.31689,2.29819
0.75,1,0.394424,-0.0781926,2.401,2.31554
0.77,1,0.422131,-0.0534347,2.40276,2.35518
0.79,1,0.456804,-0.0206381,2.46925,2.40212
0.81,1,0.491502,0.0115451,2.46542,2.44649
0.83,1,0.519619,0.0386034,2.51274,2.48075
0.85,1,0.539519,0.0578367,2.48926,2.50417
0.87,1,0.547346,0.0668326,2.48821,2.5132
0.89,1,0.542044,0.0627688,2.48666,2.50709
0.91,1,0.525192,0.0480329,2.42281,2.48737
0.93,1,0.501215,0.0263803,2.42172,2.45848
0.95,1,0.472996,0.00043342,2.35606,2.42312
0.97,1,0.446379,-0.024236,2.35948,2.38829
0.99,1,0.425176,-0.0444868,2.39058,2.35941
