x,rho,E,F,T,Tr
0.01,1,0.632428,0.113985,2.69729,2.60564
0.03,1,0.681615,0.187341,2.6793,2.65489
0.05,1,0.702403,0.213518,2.61305,2.6749
0.07,1,0.682957,0.200197,2.60526,2.65619
0.09,1,0.628296,0.151554,2.51838,2.60137
0.11,1,0.551137,0.0793606,2.40994,2.51754
0.13,1,0.465446,-0.00358813,2.29529,2.4134
0.15,1,0.385721,-0.082486,2.19873,2.30266
0.17,1,0.325798,-0.143784,2.15162,2.20749
0.19,1,0.296264,-0.176101,2.16148,2.15566
0.21,1,0.302248,-0.17408,2.23018,2.16647
0.23,1,0.341139,-0.139262,2.32753,2.23303
0.25,1,0.403397,-0.0808814,2.42661,2.3286
0.27,1,0.475198,-0.0115704,2.51089,2.42594
0.29,1,0.541806,0.0543732,2.6058,2.50682
0.31,1,0.591289,0.104945,2.60091,2.56219
0.33,1,0.617897,0.134501,2.59563,2.59054
0.35,1,0.620259,0.140884,2.52768,2.59301
0.37,1,0.597786,0.122701,2.52216,2.5692
0.39,1,0.553512,0.0820439,2.45543,2.52025
0.41,1,0.499155,0.0303304,2.37954,2.45595
0.43,1,0.442368,-0.025577,2.3066,2.38291
0.45,1,0.392732,-0.0753696,2.23993,2.31305
0.47,1,0.360247,-0.10951,2.24587,2.26366
0.49,1,0.35024,-0.122514,2.31699,2.24778
0.51,1,0.36484,-0.111242,2.32324,2.27084
0.53,1,0.401035,-0.0782275,2.39059,2.32518
0.55,1,0.448316,-0.0332044,2.45572,2.39088
0.57,1,0.49653,0.0136307,2.54611,2.45272
0.59,1,0.535537,0.0532436,2.54303,2.49953
0.61,1,0.561056,0.0805494,2.53944,2.52879
0.63,1,0.571315,0.0934043,2.51407,2.54027
0.65,1,0.564991,0.0905547,2.50969,2.53321
0.67,1,0.544337,0.0722973,2.42426,2.50974
0.69,1,0.510388,0.0412856,2.42163,2.46966
0.71,1,0.472684,0.00402793,2.3708,2.42273
0.73,1,0.43591,-0.0322594,2.30328,2.37416
0.75,1,0.407787,-0.061986,2.30711,2.33491
0.77,1,0.392232,-0.0795668,2.31187,2.31232
0.79,1,0.392936,-0.0816049,2.37506,2.31335
0.81,1,0.409498,-0.0677036,2.42124,2.33735
0.83,1,0.439277,-0.0404326,2.42291,2.37874
0.85,1,0.471855,-0.00875698,2.48144,2.42166
0.87,1,0.501789,0.0209397,2.48021,2.45919
0.89,1,0.523718,0.0442219,2.47889,2.48563
0.91,1,0.536429,0.0593539,2.47671,2.50057
0.93,1,0.538233,0.0635864,2.47344,2.50267
0.95,1,0.528598,0.0567413,2.44091,2.4914
0.97,1,0.510309,0.0404204,2.43806,2.46956
0.99,1,0.486508,0.01774,2.36725,2.44025
