x,rho,E,F,T,Tr
0.01,1,0.375475,-0.124189,2.42524,2.28721
0.03,1,0.465496,-0.0237623,2.53158,2.41346
0.05,1,0.559565,0.0689857,2.64965,2.52711
0.07,1,0.633445,0.143605,2.64181,2.60669
0.09,1,0.67613,0.189555,2.63428,2.64953
0.11,1,0.681042,0.198945,2.62726,2.65433
0.13,1,0.649617,0.172583,2.56314,2.62317
0.15,1,0.590373,0.118065,2.47329,2.5612
0.17,1,0.514428,0.0456867,2.36817,2.47453
0.19,1,0.435023,-0.0316429,2.26435,2.37295
0.21,1,0.365961,-0.100366,2.17949,2.27259
0.23,1,0.319496,-0.147929,2.18864,2.19674
0.25,1,0.303412,-0.166717,2.19695,2.16855
0.27,1,0.321019,-0.15174,2.27365,2.19935
0.29,1,0.367113,-0.109074,2.36675,2.27437
0.31,1,0.430039,-0.0484855,2.45628,2.36613
0.33,1,0.496455,0.016027,2.56428,2.45263
0.35,1,0.552757,0.072107,2.55839,2.51939
0.37,1,0.591971,0.112863,2.5527,2.56293
0.39,1,0.609638,0.132623,2.5744,2.58184
0.41,1,0.602065,0.127688,2.49419,2.57379
0.43,1,0.572415,0.101174,2.49065,2.54149
0.45,1,0.527993,0.0588934,2.4242,2.49068
0.47,1,0.47552,0.0081978,2.35279,2.42635
0.49,1,0.424162,-0.0424926,2.27511,2.358
0.51,1,0.383,-0.0839204,2.28179,2.29859
0.53,1,0.358903,-0.109189,2.28765,2.26155
0.55,1,0.357371,-0.11223,2.29268,2.25913
0.57,1,0.379474,-0.0918829,2.34938,2.29328
0.59,1,0.417763,-0.0555572,2.41163,2.34906
0.61,1,0.462859,-0.0111173,2.46674,2.41004
0.63,1,0.505357,0.0304965,2.5268,2.46355
0.65,1,0.537222,0.0625009,2.52243,2.5015
0.67,1,0.556875,0.083048,2.49246,2.52407
0.69,1,0.560801,0.0885672,2.51538,2.5285
0.71,1,0.549943,0.0786279,2.48662,2.51618
0.73,1,0.526949,0.0567344,2.39972,2.48945
0.75,1,0.493463,0.0245323,2.40003,2.44892
0.77,1,0.458061,-0.010786,2.33714,2.40377
0.79,1,0.425951,-0.0424682,2.3421,2.36049
0.81,1,0.402744,-0.0662664,2.32015,2.32766
0.83,1,0.392332,-0.0767545,2.32351,2.31246
0.85,1,0.398583,-0.0714087,2.3917,2.32162
0.87,1,0.418583,-0.0519825,2.39267,2.35021
0.89,1,0.447134,-0.023739,2.46702,2.3893
0.91,1,0.477018,0.00556426,2.46504,2.42826
0.93,1,0.502363,0.0312204,2.46188,2.45989
0.95,1,0.520852,0.0497493,2.45817,2.48222
0.97,1,0.530093,0.0591834,2.47751,2.49316
0.99,1,0.52887,0.0579915,2.47604,2.49172
