x,rho,E,F,T,Tr
0.01,1,0.669306,0.165819,2.55521,2.64282
0.03,1,0.574104,0.0982971,2.42671,2.54337
0.05,1,0.478472,0.00645255,2.29869,2.43011
0.07,1,0.388242,-0.0822782,2.18485,2.30641
0.09,1,0.318341,-0.152399,2.11475,2.19475
0.11,1,0.280867,-0.191904,2.1245,2.12709
0.13,1,0.281569,-0.194279,2.19449,2.12842
0.15,1,0.319327,-0.160516,2.30034,2.19645
0.17,1,0.384582,-0.0989837,2.41122,2.30096
0.19,1,0.463162,-0.0233092,2.50607,2.41043
0.21,1,0.539392,0.0511939,2.62583,2.50402
0.23,1,0.598986,0.110873,2.62032,2.57049
0.25,1,0.632932,0.146894,2.61532,2.60616
0.27,1,0.640017,0.157078,2.54753,2.61342
0.29,1,0.618469,0.139607,2.54269,2.59114
0.31,1,0.572152,0.0965393,2.47156,2.5412
0.33,1,0.512438,0.0403293,2.38862,2.47213
0.35,1,0.448856,-0.0216492,2.30551,2.3916
0.37,1,0.391702,-0.0779139,2.23162,2.31154
0.39,1,0.35219,-0.118258,2.22535,2.2509
0.41,1,0.336594,-0.135256,2.29663,2.22555
0.43,1,0.349212,-0.125294,2.30185,2.24612
0.45,1,0.385636,-0.0912312,2.3754,2.30253
0.47,1,0.436631,-0.0428545,2.44651,2.37515
0.49,1,0.490615,0.00961592,2.5038,2.44538
0.51,1,0.537037,0.0549549,2.55663,2.50128
0.53,1,0.568081,0.0867745,2.55265,2.53667
0.55,1,0.582908,0.102527,2.54929,2.55306
0.57,1,0.579518,0.101021,2.48665,2.54934
0.59,1,0.558699,0.0824619,2.4843,2.52613
0.61,1,0.522583,0.048179,2.43179,2.48428
0.63,1,0.48082,0.0082313,2.37384,2.43308
0.65,1,0.439307,-0.0326163,2.29059,2.37878
0.67,1,0.405137,-0.0659473,2.29511,2.33111
0.69,1,0.3849,-0.086476,2.31924,2.30143
0.71,1,0.382272,-0.0904919,2.3222,2.29749
0.73,1,0.397419,-0.0761622,2.3665,2.31992
0.75,1,0.428355,-0.0469806,2.45862,2.36381
0.77,1,0.464594,-0.0119167,2.45823,2.41229
0.79,1,0.499243,0.0216143,2.51104,2.45606
0.81,1,0.525715,0.0474857,2.50728,2.48799
0.83,1,0.542663,0.0641333,2.48376,2.50781
0.85,1,0.547274,0.0695272,2.48184,2.51312
0.87,1,0.539714,0.0621095,2.48055,2.50439
0.89,1,0.521473,0.0449552,2.41223,2.48296
0.91,1,0.495623,0.0201149,2.4127,2.4516
0.93,1,0.466978,-0.00769628,2.39034,2.41538
0.95,1,0.440556,-0.0330445,2.36273,2.38047
0.97,1,0.420845,-0.0519003,2.3663,2.35338
0.99,1,0.411379,-0.0609438,2.39935,2.34003
