x,rho,E,F,T,Tr
0.01,1,0.579506,0.0638141,2.67307,2.54933
0.03,1,0.647439,0.152774,2.654,2.62096
0.05,1,0.691,0.200594,2.64607,2.66398
0.07,1,0.694647,0.209535,2.63826,2.66749
0.09,1,0.659773,0.180757,2.56953,2.63336
0.11,1,0.595716,0.122061,2.47366,2.56697
0.13,1,0.514602,0.0449359,2.36211,2.47474
0.15,1,0.431039,-0.0369438,2.25276,2.3675
0.17,1,0.359169,-0.108926,2.16839,2.26197
0.19,1,0.311868,-0.158218,2.17832,2.18351
0.21,1,0.296603,-0.176925,2.1882,2.15628
0.23,1,0.316791,-0.160553,2.27109,2.19207
0.25,1,0.366184,-0.115102,2.37028,2.27293
0.27,1,0.433045,-0.0511833,2.46401,2.37025
0.29,1,0.502887,0.0169971,2.57254,2.46053
0.31,1,0.561962,0.0762782,2.56736,2.52981
0.33,1,0.602711,0.119106,2.56187,2.57448
0.35,1,0.620149,0.140165,2.55612,2.5929
0.37,1,0.610761,0.134276,2.5503,2.58303
0.39,1,0.577985,0.105473,2.49421,2.54765
0.41,1,0.530536,0.06063,2.4234,2.49368
0.43,1,0.474799,0.00696539,2.34822,2.42543
0.45,1,0.421083,-0.0466953,2.27093,2.35371
0.47,1,0.378527,-0.0901644,2.27718,2.29185
0.49,1,0.354581,-0.116572,2.2837,2.25471
0.51,1,0.354451,-0.119366,2.29039,2.2545
0.53,1,0.379092,-0.0977288,2.3516,2.2927
0.55,1,0.420188,-0.0592141,2.4178,2.35246
0.57,1,0.468172,-0.0125524,2.47513,2.41692
0.59,1,0.512185,0.0314277,2.53532,2.47183
0.61,1,0.545076,0.0653981,2.53179,2.51059
0.63,1,0.565456,0.0878385,2.5274,2.53373
0.65,1,0.568301,0.0937853,2.52299,2.53692
0.67,1,0.555134,0.0831508,2.4913,2.52209
0.69,1,0.529715,0.0598263,2.39999,2.49271
0.71,1,0.494108,0.0259425,2.39884,2.44972
0.73,1,0.456979,-0.0114332,2.33792,2.40235
0.75,1,0.423618,-0.0453171,2.34096,2.35725
0.77,1,0.400276,-0.0707102,2.31609,2.32408
0.79,1,0.390796,-0.0821703,2.32138,2.3102
0.81,1,0.398852,-0.0767019,2.39444,2.32201
0.83,1,0.421291,-0.0562515,2.3976,2.354
0.85,1,0.452102,-0.0267467,2.46898,2.39591
0.87,1,0.483294,0.00421958,2.46789,2.43621
0.89,1,0.509731,0.0318304,2.46691,2.46886
0.91,1,0.528082,0.0518394,2.46509,2.49079
0.93,1,0.536408,0.0627305,2.46212,2.50055
0.95,1,0.533626,0.0619017,2.48148,2.4973
0.97,1,0.520198,0.0503397,2.42479,2.48144
0.99,1,0.499825,0.0310542,2.42292,2.45678
