x,rho,E,F,T,Tr
0.01,1,0.426307,-0.0579738,2.21998,2.36098
0.03,1,0.334116,-0.135406,2.11334,2.22145
0.05,1,0.27966,-0.192045,2.12572,2.1248
0.07,1,0.263768,-0.211637,2.13772,2.09395
0.09,1,0.288504,-0.191067,2.2416,2.14141
0.11,1,0.347562,-0.136658,2.36251,2.24347
0.13,1,0.427493,-0.0601561,2.47507,2.36262
0.15,1,0.511561,0.0222064,2.60111,2.47108
0.17,1,0.583892,0.0945667,2.59476,2.55414
0.19,1,0.633622,0.146636,2.58817,2.60687
0.21,1,0.653898,0.170656,2.58134,2.62748
0.23,1,0.641117,0.162501,2.57498,2.61454
0.25,1,0.600316,0.126113,2.50671,2.57191
0.27,1,0.541224,0.0707041,2.42099,2.50614
0.29,1,0.473491,0.00488651,2.32923,2.42376
0.31,1,0.4086,-0.0594282,2.24011,2.33607
0.33,1,0.358158,-0.110865,2.24779,2.26037
0.35,1,0.330535,-0.14095,2.25583,2.21547
0.37,1,0.331794,-0.143121,2.26352,2.21758
0.39,1,0.361724,-0.116238,2.3395,2.26598
0.41,1,0.411369,-0.0695335,2.4206,2.34002
0.43,1,0.468593,-0.0137742,2.52832,2.41747
0.45,1,0.521591,0.0385056,2.52442,2.4831
0.47,1,0.562316,0.0810059,2.52032,2.53021
0.49,1,0.587474,0.108017,2.5156,2.55805
0.51,1,0.591351,0.115094,2.51059,2.56226
0.53,1,0.57419,0.10056,2.45694,2.54346
0.55,1,0.540236,0.0697255,2.45379,2.505
0.57,1,0.49788,0.0287666,2.39264,2.45438
0.59,1,0.45296,-0.0158425,2.31912,2.39705
0.61,1,0.413112,-0.056196,2.32365,2.34249
0.63,1,0.384769,-0.0863199,2.29358,2.30124
0.65,1,0.373927,-0.0995728,2.29958,2.28485
0.67,1,0.383793,-0.0920193,2.34183,2.29978
0.69,1,0.411614,-0.0663037,2.44293,2.34037
0.71,1,0.449093,-0.0303878,2.44407,2.39191
0.73,1,0.487163,0.00764769,2.47672,2.44107
0.75,1,0.518355,0.0395385,2.47482,2.47924
0.77,1,0.540802,0.0638539,2.47216,2.50565
0.79,1,0.551346,0.0764024,2.46865,2.51778
0.81,1,0.54736,0.0745479,2.46484,2.51322
0.83,1,0.530459,0.0598065,2.46178,2.49359
0.85,1,0.505617,0.0356857,2.42224,2.46387
0.87,1,0.475831,0.00635644,2.33842,2.42675
0.89,1,0.446874,-0.0234236,2.34091,2.38895
0.91,1,0.423533,-0.0481021,2.34467,2.35713
0.93,1,0.409274,-0.0645672,2.34936,2.33703
0.95,1,0.408392,-0.0672849,2.354,2.33577
0.97,1,0.421241,-0.0563075,2.41872,2.35393
0.99,1,0.442881,-0.0358012,2.42056,2.3836
