x,rho,E,F,T,Tr
0.01,1,0.703591,0.184415,2.68485,2.67603
0.03,1,0.710336,0.219863,2.66577,2.68242
0.05,1,0.687016,0.202861,2.60573,2.66013
0.07,1,0.62873,0.151057,2.51454,2.60182
0.09,1,0.547737,0.0753986,2.4018,2.51365
0.11,1,0.459202,-0.010121,2.28385,2.40526
0.13,1,0.378073,-0.0901804,2.18677,2.29116
0.15,1,0.318416,-0.151124,2.1466,2.19488
0.17,1,0.290459,-0.181785,2.15629,2.14503
0.19,1,0.299163,-0.177111,2.23025,2.16092
0.21,1,0.34127,-0.139501,2.33166,2.23324
0.23,1,0.40651,-0.0784581,2.43332,2.33308
0.25,1,0.480743,-0.00711012,2.51821,2.43299
0.27,1,0.548617,0.0596966,2.60994,2.51466
0.29,1,0.598415,0.110202,2.60523,2.56988
0.31,1,0.624639,0.139483,2.60031,2.59758
0.33,1,0.624993,0.143689,2.52734,2.59795
0.35,1,0.599717,0.123145,2.52196,2.57127
0.37,1,0.553246,0.0803698,2.45225,2.51994
0.39,1,0.496275,0.0268845,2.3741,2.4524
0.41,1,0.437741,-0.0302118,2.30064,2.37665
0.43,1,0.387346,-0.0803665,2.25413,2.30508
0.45,1,0.354969,-0.114368,2.25967,2.25533
0.47,1,0.346207,-0.126003,2.26591,2.24128
0.49,1,0.363909,-0.111796,2.32446,2.26939
0.51,1,0.402094,-0.0772348,2.39423,2.32672
0.53,1,0.451501,-0.0307609,2.46052,2.39511
0.55,1,0.500887,0.0171053,2.54784,2.45808
0.57,1,0.540709,0.0565926,2.54497,2.50555
0.59,1,0.566296,0.0835456,2.54183,2.53468
0.61,1,0.575546,0.095172,2.53823,2.54496
0.63,1,0.568135,0.0912504,2.47404,2.53673
0.65,1,0.545844,0.072118,2.42212,2.51147
0.67,1,0.509548,0.0391992,2.41922,2.46864
0.69,1,0.470145,0.00139345,2.32292,2.41946
0.71,1,0.432426,-0.0356848,2.32586,2.36941
0.73,1,0.403428,-0.065264,2.3051,2.32864
0.75,1,0.388464,-0.0822169,2.30901,2.30674
0.77,1,0.39084,-0.0826323,2.33662,2.31026
0.79,1,0.409208,-0.0671359,2.42401,2.33694
0.81,1,0.440532,-0.0390657,2.42579,2.38043
0.83,1,0.474877,-0.00645075,2.48129,2.42553
0.85,1,0.50534,0.0228149,2.4792,2.46353
0.87,1,0.528109,0.0459327,2.47806,2.49082
0.89,1,0.540668,0.060326,2.47681,2.5055
0.91,1,0.54181,0.0636205,2.47476,2.50682
0.93,1,0.531173,0.0560819,2.44145,2.49442
0.95,1,0.51153,0.0391733,2.43869,2.47104
0.97,1,0.486098,0.0159137,2.36916,2.43973
0.99,1,0.45947,-0.00936521,2.34908,2.40561
