x,rho,E,F,T,Tr
0.01,1,0.669567,0.150135,2.66833,2.64308
0.03,1,0.700476,0.207964,2.64928,2.67307
0.05,1,0.701243,0.21447,2.64134,2.6738
0.07,1,0.662595,0.182439,2.56847,2.63617
0.09,1,0.594691,0.119992,2.46816,2.56587
0.11,1,0.510051,0.0398551,2.35291,2.46925
0.13,1,0.424247,-0.0439834,2.24168,2.35812
0.15,1,0.351722,-0.116584,2.16643,2.25015
0.17,1,0.305313,-0.165108,2.17583,2.17194
0.19,1,0.292248,-0.181744,2.18579,2.14832
0.21,1,0.315483,-0.162701,2.27355,2.18981
0.23,1,0.36804,-0.114534,2.37612,2.27581
0.25,1,0.43768,-0.0483051,2.47123,2.37657
0.27,1,0.509364,0.0213824,2.57337,2.46842
0.29,1,0.569261,0.0814521,2.5683,2.53799
0.31,1,0.610175,0.124346,2.56319,2.58241
0.33,1,0.626335,0.144113,2.55764,2.59934
0.35,1,0.614486,0.136491,2.55196,2.58696
0.37,1,0.579138,0.105367,2.49274,2.54892
0.39,1,0.528868,0.0586107,2.4192,2.49172
0.41,1,0.471121,0.00313437,2.34205,2.42072
0.43,1,0.416038,-0.051316,2.27192,2.34663
0.45,1,0.373488,-0.0948531,2.27745,2.28418
0.47,1,0.350465,-0.120535,2.28343,2.24814
0.49,1,0.352377,-0.121833,2.29027,2.2512
0.51,1,0.379484,-0.0983317,2.35454,2.2933
0.53,1,0.422596,-0.0579777,2.42251,2.35582
0.55,1,0.472324,-0.0104743,2.4804,2.42226
0.57,1,0.517405,0.0340319,2.53732,2.4781
0.59,1,0.551167,0.0682829,2.53404,2.51757
0.61,1,0.571049,0.0908434,2.53043,2.53998
0.63,1,0.573172,0.095618,2.52608,2.54233
0.65,1,0.557769,0.0838786,2.4517,2.52508
0.67,1,0.529987,0.0587896,2.44791,2.49303
0.69,1,0.492485,0.0236319,2.3965,2.44771
0.71,1,0.454143,-0.0139878,2.30824,2.39861
0.73,1,0.420267,-0.0477748,2.31117,2.35257
0.75,1,0.396733,-0.0732557,2.315,2.31892
0.77,1,0.388284,-0.0839644,2.31984,2.30648
0.79,1,0.398059,-0.0773908,2.39693,2.32086
0.81,1,0.422383,-0.0559093,2.40049,2.35553
0.83,1,0.455208,-0.0253363,2.4687,2.40002
0.85,1,0.487292,0.00547583,2.46671,2.44123
0.87,1,0.514428,0.0330834,2.4657,2.47453
0.89,1,0.533009,0.0528845,2.46479,2.49658
0.91,1,0.54103,0.0636227,2.46314,2.50592
0.93,1,0.536994,0.0622052,2.48441,2.50123
0.95,1,0.521924,0.0500049,2.42552,2.48349
0.97,1,0.499894,0.0301536,2.42278,2.45686
0.99,1,0.4743,0.00574487,2.35594,2.42479
