x,rho,E,F,T,Tr
0.01,1,0.4143,-0.0702079,2.20663,2.34418
0.03,1,0.325215,-0.145141,2.12421,2.2065
0.05,1,0.275175,-0.19759,2.13651,2.11624
0.07,1,0.26469,-0.212408,2.14834,2.09578
0.09,1,0.294403,-0.186997,2.25708,2.15227
0.11,1,0.35715,-0.128833,2.3785,2.25878
0.13,1,0.438815,-0.0502095,2.48779,2.37811
0.15,1,0.522647,0.0317598,2.59463,2.48435
0.17,1,0.59264,0.102085,2.63821,2.56365
0.19,1,0.639374,0.151186,2.63248,2.61276
0.21,1,0.655449,0.171292,2.57531,2.62903
0.23,1,0.638928,0.159615,2.56896,2.61231
0.25,1,0.59497,0.119922,2.49783,2.56617
0.27,1,0.533773,0.0625927,2.41066,2.49747
0.29,1,0.465678,-0.00401587,2.3203,2.4137
0.31,1,0.401769,-0.0673423,2.2499,2.32625
0.33,1,0.354022,-0.116725,2.25727,2.25382
0.35,1,0.329477,-0.14359,2.26526,2.2137
0.37,1,0.334482,-0.142096,2.27292,2.22205
0.39,1,0.367538,-0.111908,2.35049,2.27503
0.41,1,0.419131,-0.0635218,2.4295,2.35098
0.43,1,0.477075,-0.00679521,2.49664,2.42833
0.45,1,0.529815,0.0451852,2.57275,2.49283
0.47,1,0.567822,0.0849207,2.56828,2.53638
0.49,1,0.589734,0.108661,2.5636,2.5605
0.51,1,0.590805,0.11328,2.50614,2.56167
0.53,1,0.572156,0.0977294,2.50178,2.54121
0.55,1,0.536453,0.064695,2.44765,2.5006
0.57,1,0.493079,0.0230404,2.38766,2.44845
0.59,1,0.448187,-0.0215009,2.33174,2.39071
0.61,1,0.409416,-0.0608616,2.33139,2.33724
0.63,1,0.383296,-0.0894263,2.33625,2.29903
0.65,1,0.374748,-0.100197,2.30472,2.28611
0.67,1,0.387056,-0.0903647,2.34922,2.30465
0.69,1,0.416885,-0.0625801,2.44992,2.34782
0.71,1,0.45514,-0.0258734,2.45105,2.39993
0.73,1,0.493248,0.0119016,2.52441,2.44866
0.75,1,0.523285,0.0432569,2.52155,2.48511
0.77,1,0.544174,0.0656595,2.52005,2.50955
0.79,1,0.552466,0.0766205,2.46537,2.51906
0.81,1,0.546965,0.0731166,2.49142,2.51276
0.83,1,0.52904,0.057425,2.42252,2.49192
0.85,1,0.503071,0.032348,2.4189,2.46076
0.87,1,0.472925,0.00247641,2.3432,2.42303
0.89,1,0.444573,-0.0266468,2.34559,2.38587
0.91,1,0.421962,-0.0506605,2.34919,2.35494
0.93,1,0.409005,-0.0656627,2.35375,2.33665
0.95,1,0.409996,-0.0669864,2.35826,2.33806
0.97,1,0.424486,-0.0543923,2.39173,2.35845
0.99,1,0.447411,-0.0325821,2.42696,2.38967
