x,rho,E,F,T,Tr
0.01,1,0.2821,-0.199388,2.10536,2.12942
0.03,1,0.253869,-0.220963,2.10779,2.07402
0.05,1,0.273173,-0.206275,2.21152,2.11237
0.07,1,0.329806,-0.154737,2.33875,2.21425
0.09,1,0.411201,-0.0778178,2.45863,2.33978
0.11,1,0.500564,0.00859503,2.55316,2.45769
0.13,1,0.58032,0.0876384,2.61245,2.55022
0.15,1,0.637096,0.146227,2.60613,2.61043
0.17,1,0.663828,0.17662,2.59973,2.6374
0.19,1,0.655491,0.173559,2.59314,2.62908
0.21,1,0.616559,0.139752,2.5252,2.58914
0.23,1,0.556329,0.084352,2.43712,2.52345
0.25,1,0.485204,0.0163034,2.33814,2.43861
0.27,1,0.415237,-0.0520656,2.22078,2.3455
0.29,1,0.358851,-0.108783,2.22799,2.26147
0.31,1,0.325753,-0.144131,2.23531,2.20741
0.33,1,0.322255,-0.15122,2.24315,2.20146
0.35,1,0.349523,-0.127804,2.32057,2.24662
0.37,1,0.39921,-0.0821512,2.40533,2.32253
0.39,1,0.45943,-0.0245777,2.47978,2.40556
0.41,1,0.517416,0.0318085,2.53678,2.47811
0.43,1,0.562969,0.0777081,2.53297,2.53094
0.45,1,0.592479,0.108784,2.52902,2.56348
0.47,1,0.600041,0.119845,2.52481,2.57162
0.49,1,0.584748,0.108402,2.47105,2.55508
0.51,1,0.551092,0.0788482,2.4665,2.51749
0.53,1,0.507415,0.0373367,2.4012,2.46605
0.55,1,0.459102,-0.00878683,2.30777,2.40513
0.57,1,0.41527,-0.0521348,2.31164,2.34555
0.59,1,0.382942,-0.0854141,2.31597,2.2985
0.61,1,0.368345,-0.102519,2.32003,2.27628
0.63,1,0.375364,-0.098465,2.37639,2.28704
0.65,1,0.402851,-0.0743921,2.38078,2.32781
0.67,1,0.441835,-0.0383094,2.43744,2.38219
0.69,1,0.483099,0.00109304,2.48489,2.43596
0.71,1,0.518389,0.0355472,2.51212,2.47928
0.73,1,0.543667,0.0618824,2.48072,2.50897
0.75,1,0.557004,0.077078,2.47881,2.52421
0.77,1,0.55475,0.0778844,2.47605,2.52166
0.79,1,0.538631,0.0647493,2.47243,2.50314
0.81,1,0.513018,0.0419946,2.39169,2.47283
0.83,1,0.481184,0.0123261,2.38982,2.43354
0.85,1,0.449097,-0.0189085,2.3356,2.39192
0.87,1,0.422917,-0.0451742,2.33735,2.35627
0.89,1,0.405895,-0.0639446,2.33984,2.3322
0.91,1,0.402748,-0.0692803,2.34366,2.32766
0.93,1,0.41473,-0.0604318,2.41092,2.34478
0.95,1,0.437236,-0.0408152,2.41398,2.37597
0.97,1,0.465706,-0.014664,2.4776,2.41373
0.99,1,0.491514,0.00979784,2.47602,2.4465
