x,rho,E,F,T,Tr
0.01,1,0.531837,0.0406206,2.36172,2.4952
0.03,1,0.424292,-0.0467515,2.22113,2.35818
0.05,1,0.340838,-0.13008,2.12188,2.23254
0.07,1,0.286455,-0.186347,2.13394,2.1376
0.09,1,0.269343,-0.206604,2.14526,2.10493
0.11,1,0.292254,-0.187512,2.24426,2.14833
0.13,1,0.348899,-0.135032,2.3613,2.24562
0.15,1,0.426367,-0.0607792,2.47124,2.36106
0.17,1,0.508348,0.0193627,2.59904,2.46719
0.19,1,0.579116,0.0899426,2.59246,2.5489
0.21,1,0.628187,0.140994,2.5857,2.60126
0.23,1,0.649071,0.165128,2.5792,2.62261
0.25,1,0.637811,0.157982,2.57331,2.61117
0.27,1,0.599273,0.123154,2.50781,2.5708
0.29,1,0.54256,0.0697441,2.4253,2.50769
0.31,1,0.476931,0.00589783,2.33618,2.42815
0.33,1,0.413437,-0.0567622,2.2449,2.34295
0.35,1,0.363655,-0.107272,2.25309,2.269
0.37,1,0.335689,-0.137151,2.26079,2.22406
0.39,1,0.335675,-0.139862,2.26774,2.22403
0.41,1,0.36393,-0.114258,2.34024,2.26943
0.43,1,0.411385,-0.0688295,2.41924,2.34004
0.45,1,0.467084,-0.0146401,2.52859,2.41552
0.47,1,0.519163,0.0364861,2.5244,2.4802
0.49,1,0.559447,0.0776613,2.55116,2.52698
0.51,1,0.584271,0.104284,2.54637,2.55455
0.53,1,0.588753,0.111063,2.54181,2.55944
0.55,1,0.572948,0.0974608,2.45858,2.54209
0.57,1,0.541524,0.0680963,2.45611,2.50649
0.59,1,0.500321,0.0281192,2.39733,2.45739
0.61,1,0.456548,-0.015194,2.32162,2.40178
0.63,1,0.417494,-0.0545393,2.29349,2.34868
0.65,1,0.389285,-0.0839382,2.29939,2.30796
0.67,1,0.377689,-0.0968809,2.34018,2.29058
0.69,1,0.386348,-0.0898634,2.39236,2.3036
0.71,1,0.412592,-0.0648861,2.44234,2.34176
0.73,1,0.448621,-0.0300018,2.48055,2.39129
0.75,1,0.485529,0.00682709,2.47867,2.43902
0.77,1,0.51665,0.0383614,2.47593,2.4772
0.79,1,0.538791,0.0616988,2.47234,2.50332
0.81,1,0.549822,0.0738722,2.4685,2.51604
0.83,1,0.546872,0.0721844,2.46535,2.51266
0.85,1,0.531386,0.0575714,2.4634,2.49468
0.87,1,0.507842,0.034154,2.38871,2.46657
0.89,1,0.479246,0.00587128,2.34101,2.43109
0.91,1,0.450588,-0.0234601,2.34481,2.3939
0.93,1,0.427561,-0.0471892,2.34958,2.36271
0.95,1,0.412965,-0.0630059,2.35421,2.34228
0.97,1,0.411209,-0.0655178,2.35765,2.33979
0.99,1,0.42267,-0.0545663,2.42005,2.35593
