x,rho,E,F,T,Tr
0.01,1,0.474876,-0.0125189,2.28477,2.42553
0.03,1,0.373334,-0.0968268,2.15789,2.28395
0.05,1,0.303643,-0.167694,2.09856,2.16896
0.07,1,0.269003,-0.205221,2.1103,2.10427
0.09,1,0.274653,-0.203499,2.19186,2.11523
0.11,1,0.318089,-0.164369,2.30707,2.19431
0.13,1,0.389067,-0.0972149,2.42385,2.30764
0.15,1,0.47263,-0.0163757,2.52195,2.42266
0.17,1,0.551391,0.0616458,2.61696,2.51783
0.19,1,0.611617,0.122917,2.61026,2.58393
0.21,1,0.645793,0.160499,2.60359,2.6193
0.23,1,0.648543,0.166979,2.59707,2.62208
0.25,1,0.620599,0.143853,2.54106,2.59337
0.27,1,0.570544,0.0972948,2.46343,2.53942
0.29,1,0.506233,0.0361453,2.37466,2.46461
0.31,1,0.439518,-0.0299047,2.28848,2.37906
0.33,1,0.381025,-0.0883518,2.22282,2.29562
0.35,1,0.342318,-0.128966,2.23108,2.23496
0.37,1,0.329516,-0.144254,2.23883,2.21376
0.39,1,0.346533,-0.130464,2.30371,2.2418
0.41,1,0.387104,-0.0924508,2.38266,2.30472
0.43,1,0.441823,-0.0402557,2.45663,2.38217
0.45,1,0.498105,0.0154995,2.51464,2.45466
0.47,1,0.545347,0.0628973,2.56311,2.5109
0.49,1,0.575823,0.0955118,2.55826,2.54527
0.51,1,0.588714,0.11051,2.5534,2.5594
0.53,1,0.58229,0.107197,2.4835,2.55239
0.55,1,0.558646,0.085643,2.47984,2.52607
0.57,1,0.519102,0.0480598,2.42324,2.48013
0.59,1,0.474738,0.00466223,2.36201,2.42535
0.61,1,0.431654,-0.0387417,2.28038,2.36835
0.63,1,0.3975,-0.0736974,2.28587,2.32004
0.65,1,0.378352,-0.0945491,2.2915,2.29158
0.67,1,0.378503,-0.096222,2.36421,2.29181
0.69,1,0.39756,-0.0795214,2.42019,2.32013
0.71,1,0.431415,-0.0472224,2.42195,2.36802
0.73,1,0.469902,-0.0092834,2.51796,2.41915
0.75,1,0.504617,0.0255161,2.51518,2.46265
0.77,1,0.530926,0.0532955,2.48913,2.49413
0.79,1,0.546473,0.0704823,2.48526,2.5122
0.81,1,0.549164,0.0751936,2.48129,2.51528
0.83,1,0.53924,0.0667202,2.47809,2.50384
0.85,1,0.518976,0.0474839,2.40301,2.47998
0.87,1,0.491209,0.0200395,2.40277,2.44612
0.89,1,0.461068,-0.0104674,2.3321,2.4077
0.91,1,0.434773,-0.0377472,2.3361,2.37261
0.93,1,0.416141,-0.0580199,2.34085,2.34678
0.95,1,0.408861,-0.0666756,2.36708,2.33644
0.97,1,0.415102,-0.0620824,2.40409,2.34531
0.99,1,0.43239,-0.045676,2.40608,2.36936
