x,rho,E,F,T,Tr
0.01,1,0.654455,0.136053,2.67748,2.62804
0.03,1,0.693285,0.200867,2.65837,2.66618
0.05,1,0.702483,0.21557,2.65043,2.67498
0.07,1,0.671584,0.191008,2.5844,2.64507
0.09,1,0.609015,0.134361,2.48944,2.58118
0.11,1,0.527132,0.0571124,2.37617,2.48967
0.13,1,0.440802,-0.0268044,2.26065,2.3808
0.15,1,0.364866,-0.102526,2.1534,2.27088
0.17,1,0.312486,-0.156502,2.16293,2.18459
0.19,1,0.292369,-0.180088,2.17291,2.14854
0.21,1,0.308328,-0.168027,2.25373,2.17728
0.23,1,0.355506,-0.125268,2.35468,2.25618
0.25,1,0.422173,-0.0618714,2.45142,2.35523
0.27,1,0.494537,0.00805925,2.52762,2.45025
0.29,1,0.557686,0.070848,2.57649,2.52499
0.31,1,0.602113,0.116848,2.57115,2.57384
0.33,1,0.623345,0.141662,2.56584,2.59623
0.35,1,0.617156,0.139302,2.55999,2.58976
0.37,1,0.586221,0.112871,2.50504,2.55668
0.39,1,0.53899,0.0691112,2.43374,2.50355
0.41,1,0.482229,0.0150017,2.35498,2.43486
0.43,1,0.426183,-0.0404272,2.26036,2.36081
0.45,1,0.380254,-0.0867397,2.26591,2.29446
0.47,1,0.353084,-0.116475,2.27208,2.25232
0.49,1,0.349626,-0.12269,2.27891,2.24679
0.51,1,0.372084,-0.103895,2.33981,2.28203
0.53,1,0.412402,-0.0665303,2.40836,2.34149
0.55,1,0.461637,-0.0197422,2.46969,2.40844
0.57,1,0.50821,0.0262287,2.54016,2.46702
0.59,1,0.544152,0.0625475,2.5371,2.50952
0.61,1,0.566327,0.0868787,2.53346,2.53471
0.63,1,0.571594,0.095094,2.52929,2.54058
0.65,1,0.560328,0.0869942,2.46065,2.52797
0.67,1,0.535514,0.065495,2.40831,2.49951
0.69,1,0.499455,0.0313858,2.40581,2.45632
0.71,1,0.460757,-0.0062037,2.33099,2.4073
0.73,1,0.425476,-0.0417214,2.33363,2.35983
0.75,1,0.39992,-0.068635,2.3369,2.32356
0.77,1,0.388275,-0.0826773,2.34117,2.30646
0.79,1,0.394476,-0.0796344,2.34607,2.31562
0.81,1,0.415854,-0.060719,2.39044,2.34637
0.83,1,0.447081,-0.0317594,2.47432,2.38923
0.85,1,0.480205,0.000146748,2.47228,2.43231
0.87,1,0.508278,0.0283001,2.47113,2.4671
0.89,1,0.52823,0.0498488,2.46993,2.49096
0.91,1,0.538226,0.0619714,2.46796,2.50266
0.93,1,0.536663,0.0632586,2.46483,2.50085
0.95,1,0.524009,0.0534873,2.46113,2.48597
0.97,1,0.503473,0.034904,2.42751,2.46125
0.99,1,0.478496,0.0111594,2.35004,2.43014
