x,rho,E,F,T,Tr
0.01,1,0.712081,0.193151,2.67723,2.68407
0.03,1,0.710467,0.220831,2.65815,2.68255
0.05,1,0.679348,0.19625,2.59117,2.65268
0.07,1,0.615267,0.138364,2.49431,2.58778
0.09,1,0.531053,0.0591848,2.37826,2.49428
0.11,1,0.442207,-0.0269436,2.25908,2.38269
0.13,1,0.363857,-0.10462,2.14649,2.26931
0.15,1,0.309569,-0.160178,2.15588,2.17947
0.17,1,0.288364,-0.18468,2.16548,2.14115
0.19,1,0.304087,-0.172934,2.2479,2.16976
0.21,1,0.351987,-0.129732,2.35157,2.25057
0.23,1,0.420339,-0.0652486,2.45125,2.35267
0.25,1,0.494799,0.0064483,2.53016,2.45058
0.27,1,0.560111,0.0711136,2.58179,2.52773
0.29,1,0.606381,0.118617,2.57673,2.57839
0.31,1,0.62906,0.144329,2.57155,2.60216
0.33,1,0.623178,0.142357,2.5661,2.59606
0.35,1,0.591725,0.115608,2.51023,2.56266
0.37,1,0.543329,0.0708718,2.43737,2.50858
0.39,1,0.484851,0.0155666,2.35643,2.43817
0.41,1,0.426952,-0.0411526,2.25761,2.36187
0.43,1,0.379314,-0.0885757,2.2632,2.29304
0.45,1,0.350853,-0.119146,2.26874,2.24876
0.47,1,0.346869,-0.125841,2.27491,2.24235
0.49,1,0.36949,-0.106966,2.33715,2.27804
0.51,1,0.410725,-0.069041,2.40752,2.3391
0.53,1,0.46141,-0.0213804,2.4709,2.40815
0.55,1,0.509754,0.0256177,2.54428,2.46889
0.57,1,0.547465,0.0627699,2.5413,2.51334
0.59,1,0.570636,0.0879114,2.53828,2.53952
0.61,1,0.576755,0.0963685,2.53467,2.5463
0.63,1,0.565434,0.0883952,2.46498,2.53371
0.65,1,0.539903,0.0664878,2.46144,2.50461
0.67,1,0.502629,0.0319019,2.40913,2.46022
0.69,1,0.462575,-0.00623392,2.35734,2.40967
0.71,1,0.425883,-0.0425289,2.33396,2.36039
0.73,1,0.399256,-0.069974,2.33664,2.3226
0.75,1,0.386664,-0.0842417,2.33991,2.30407
0.77,1,0.392716,-0.0813628,2.34404,2.31303
0.79,1,0.414474,-0.0623062,2.38976,2.34442
0.81,1,0.446798,-0.0328281,2.47878,2.38885
0.83,1,0.481201,-0.000503238,2.47561,2.43357
0.85,1,0.51063,0.0280821,2.47353,2.46995
0.87,1,0.531879,0.0496558,2.47241,2.49525
0.89,1,0.542574,0.0621266,2.47125,2.5077
0.91,1,0.541394,0.0633489,2.46942,2.50634
0.93,1,0.5287,0.0534311,2.4358,2.49152
0.95,1,0.507426,0.035064,2.39956,2.46607
0.97,1,0.481178,0.0111739,2.35124,2.43354
0.99,1,0.454099,-0.0145857,2.35288,2.39855
