x,rho,E,F,T,Tr
0.01,1,0.683529,0.163913,2.65673,2.65675
0.03,1,0.705811,0.214016,2.63773,2.67814
0.05,1,0.697642,0.211969,2.62976,2.67036
0.07,1,0.651473,0.17211,2.54983,2.62504
0.09,1,0.578209,0.104367,2.44467,2.5479
0.11,1,0.491642,0.0216118,2.32783,2.44666
0.13,1,0.407025,-0.0613113,2.22277,2.33382
0.15,1,0.338832,-0.129959,2.18142,2.22924
0.17,1,0.298803,-0.172512,2.19091,2.16027
0.19,1,0.29339,-0.181643,2.20073,2.15042
0.21,1,0.323825,-0.155341,2.29457,2.20414
0.23,1,0.381531,-0.101971,2.39739,2.29638
0.25,1,0.453646,-0.0337325,2.48799,2.39795
0.27,1,0.524144,0.0353092,2.55462,2.48613
0.29,1,0.580931,0.092394,2.60848,2.5509
0.31,1,0.617246,0.131095,2.60365,2.58986
0.33,1,0.627695,0.145058,2.54784,2.60075
0.35,1,0.610302,0.132558,2.54227,2.58254
0.37,1,0.570598,0.0967233,2.47879,2.53948
0.39,1,0.517501,0.0471616,2.40354,2.47822
0.41,1,0.459466,-0.00922452,2.27951,2.40561
0.43,1,0.405866,-0.0620475,2.28472,2.33215
0.45,1,0.366624,-0.102447,2.29004,2.27361
0.47,1,0.348408,-0.123634,2.29606,2.24483
0.49,1,0.355738,-0.119503,2.30261,2.25655
0.51,1,0.387489,-0.0914267,2.36935,2.30529
0.53,1,0.43334,-0.0484828,2.43646,2.37066
0.55,1,0.483111,-0.000513618,2.53587,2.43598
0.57,1,0.526528,0.0422973,2.53278,2.48895
0.59,1,0.557559,0.0744328,2.52983,2.52484
0.61,1,0.574266,0.0935201,2.52604,2.54355
0.63,1,0.572771,0.0947615,2.52177,2.54189
0.65,1,0.554294,0.0798608,2.44164,2.52114
0.67,1,0.523213,0.0516826,2.43592,2.48503
0.69,1,0.484943,0.0154894,2.34873,2.43828
0.71,1,0.446873,-0.0216091,2.2987,2.38895
0.73,1,0.414745,-0.0541777,2.3015,2.3448
0.75,1,0.393408,-0.0769918,2.32071,2.31405
0.77,1,0.388726,-0.0844927,2.32532,2.30713
0.79,1,0.401759,-0.0743438,2.40592,2.32623
0.81,1,0.429299,-0.050369,2.40933,2.36511
0.83,1,0.462522,-0.0188026,2.45222,2.4096
0.85,1,0.494632,0.0120798,2.48907,2.45037
0.87,1,0.519802,0.0376689,2.48793,2.48097
0.89,1,0.536977,0.0562008,2.48634,2.50121
0.91,1,0.542591,0.064596,2.48391,2.50772
0.93,1,0.535767,0.0605922,2.48029,2.4998
0.95,1,0.518489,0.0463852,2.41906,2.4794
0.97,1,0.49537,0.0255354,2.41643,2.45129
0.99,1,0.468871,0.000259581,2.39082,2.41783
