x,rho,E,F,T,Tr
0.01,1,0.50054,-0.00924396,2.57103,2.45766
0.03,1,0.585443,0.0927045,2.64397,2.55583
0.05,1,0.654872,0.163877,2.63595,2.62846
0.07,1,0.689302,0.202558,2.62805,2.66234
0.09,1,0.684198,0.202729,2.62051,2.6574
0.11,1,0.642903,0.166955,2.54653,2.61636
0.13,1,0.575681,0.104392,2.44822,2.54511
0.15,1,0.494761,0.0266739,2.33818,2.45053
0.17,1,0.414376,-0.0524593,2.23738,2.34428
0.19,1,0.348246,-0.119088,2.188,2.24457
0.21,1,0.308048,-0.1614,2.19784,2.17679
0.23,1,0.300366,-0.172251,2.20713,2.16309
0.25,1,0.327164,-0.148884,2.29384,2.2098
0.27,1,0.380421,-0.0990811,2.39092,2.29471
0.29,1,0.447645,-0.03404,2.4778,2.38998
0.31,1,0.514393,0.0316506,2.5575,2.47449
0.33,1,0.568413,0.0863926,2.55206,2.53704
0.35,1,0.60439,0.124375,2.54627,2.57627
0.37,1,0.616221,0.139102,2.54056,2.58878
0.39,1,0.601527,0.127856,2.53561,2.57321
0.41,1,0.565424,0.095033,2.47682,2.5337
0.43,1,0.51668,0.0484274,2.40598,2.47723
0.45,1,0.462001,-0.00503917,2.33502,2.40892
0.47,1,0.411128,-0.056128,2.28453,2.33968
0.49,1,0.372711,-0.0952345,2.2911,2.28299
0.51,1,0.353809,-0.116627,2.29775,2.25348
0.53,1,0.358607,-0.11378,2.30359,2.26108
0.55,1,0.387274,-0.0880372,2.36547,2.30497
0.57,1,0.429479,-0.0471933,2.43114,2.36536
0.59,1,0.47618,-0.00162822,2.5296,2.42719
0.61,1,0.516791,0.0395403,2.52601,2.47737
0.63,1,0.547313,0.0710353,2.52179,2.51316
0.65,1,0.56415,0.0901913,2.51716,2.53227
0.67,1,0.563921,0.0917531,2.51303,2.53201
0.69,1,0.547564,0.0777816,2.43814,2.51345
0.71,1,0.520379,0.0517285,2.43604,2.48166
0.73,1,0.484551,0.0166886,2.38636,2.43779
0.75,1,0.448806,-0.0194004,2.31301,2.39153
0.77,1,0.418214,-0.0507535,2.31789,2.34969
0.79,1,0.397341,-0.0731622,2.32311,2.31981
0.81,1,0.391541,-0.080725,2.32787,2.3113
0.83,1,0.402436,-0.0713074,2.40286,2.32721
0.85,1,0.426186,-0.0488324,2.40472,2.36081
0.87,1,0.457067,-0.0180893,2.45965,2.40246
0.89,1,0.48629,0.0113968,2.45885,2.43997
0.91,1,0.510834,0.0372232,2.48325,2.4702
0.93,1,0.527411,0.0550526,2.47971,2.49
0.95,1,0.533886,0.0632744,2.47572,2.4976
0.97,1,0.528869,0.0594085,2.4727,2.49172
0.99,1,0.514067,0.0453418,2.41499,2.4741
