x,rho,E,F,T,Tr
0.01,1,0.279838,-0.210413,2.24533,2.12514
0.03,1,0.343286,-0.141318,2.3711,2.23653
0.05,1,0.433644,-0.0549204,2.49217,2.37107
0.07,1,0.527804,0.0366531,2.58364,2.49046
0.09,1,0.607362,0.11609,2.65875,2.57943
0.11,1,0.658826,0.169337,2.6531,2.63241
0.13,1,0.676768,0.190959,2.59032,2.65016
0.15,1,0.658833,0.177928,2.58426,2.63242
0.17,1,0.60928,0.133137,2.5053,2.58146
0.19,1,0.540133,0.0685106,2.4079,2.50488
0.21,1,0.463358,-0.00567267,2.30587,2.41069
0.23,1,0.391586,-0.0758719,2.17481,2.31136
0.25,1,0.33774,-0.130096,2.18272,2.22744
0.27,1,0.311207,-0.158245,2.19006,2.18235
0.29,1,0.317352,-0.155118,2.25154,2.19304
0.31,1,0.35355,-0.122042,2.33855,2.25307
0.33,1,0.410638,-0.0684589,2.427,2.33898
0.35,1,0.475523,-0.0059132,2.50206,2.42635
0.37,1,0.534963,0.0521043,2.58531,2.49886
0.39,1,0.578516,0.0958039,2.58094,2.54824
0.41,1,0.602392,0.121243,2.57708,2.57413
0.43,1,0.604137,0.125577,2.51356,2.576
0.45,1,0.583657,0.108018,2.50985,2.55388
0.47,1,0.543546,0.0709859,2.44994,2.50883
0.49,1,0.49471,0.0245936,2.3822,2.45047
0.51,1,0.44335,-0.0247898,2.3182,2.38423
0.53,1,0.399075,-0.0685946,2.26089,2.32234
0.55,1,0.369899,-0.097841,2.26466,2.27867
0.57,1,0.360439,-0.108625,2.3293,2.26396
0.59,1,0.373327,-0.0979266,2.33271,2.28394
0.61,1,0.40653,-0.0666822,2.39277,2.33311
0.63,1,0.449562,-0.0259787,2.44963,2.39254
0.65,1,0.492822,0.0154956,2.51102,2.44813
0.67,1,0.527827,0.0494193,2.5069,2.49049
0.69,1,0.551124,0.0731697,2.50341,2.51753
0.71,1,0.5613,0.0835549,2.50101,2.52907
0.73,1,0.555323,0.0797092,2.46383,2.52231
0.75,1,0.536153,0.0618814,2.46208,2.50025
0.77,1,0.506459,0.0338547,2.37478,2.46489
0.79,1,0.471887,0.00132958,2.33154,2.4217
0.81,1,0.43863,-0.0306664,2.31753,2.37786
0.83,1,0.412561,-0.0557372,2.34021,2.34171
0.85,1,0.39778,-0.0708526,2.34272,2.32045
0.87,1,0.397864,-0.0711007,2.3445,2.32057
0.89,1,0.413029,-0.0571901,2.41896,2.34238
0.91,1,0.439349,-0.0325205,2.41931,2.37883
0.93,1,0.469061,-0.00435475,2.47404,2.41807
0.95,1,0.496224,0.0211018,2.49565,2.45234
0.97,1,0.517043,0.040926,2.49369,2.47767
0.99,1,0.529515,0.0528305,2.49296,2.49248
