x,rho,E,F,T,Tr
0.01,1,0.255943,-0.227982,2.09503,2.07825
0.03,1,0.26177,-0.217038,2.18101,2.08998
0.05,1,0.312067,-0.17173,2.30917,2.18385
0.07,1,0.391034,-0.097616,2.43526,2.31055
0.09,1,0.482224,-0.0099177,2.53902,2.43486
0.11,1,0.56724,0.0737511,2.62774,2.53573
0.13,1,0.631101,0.138528,2.62122,2.60427
0.15,1,0.665706,0.176277,2.61479,2.63926
0.17,1,0.664818,0.18006,2.60841,2.63838
0.19,1,0.631158,0.151585,2.54485,2.60433
0.21,1,0.573373,0.0989692,2.45884,2.54256
0.23,1,0.501977,0.0311926,2.36083,2.45942
0.25,1,0.428903,-0.0396095,2.26883,2.36457
0.27,1,0.367142,-0.101164,2.21121,2.27442
0.29,1,0.327655,-0.141933,2.21851,2.21063
0.31,1,0.317321,-0.155343,2.22593,2.19299
0.33,1,0.338778,-0.137374,2.30029,2.22916
0.35,1,0.385475,-0.0948296,2.38703,2.30229
0.37,1,0.44602,-0.0376051,2.46743,2.38781
0.39,1,0.506894,0.0213249,2.54927,2.46542
0.41,1,0.55686,0.0705961,2.54481,2.52405
0.43,1,0.590768,0.105762,2.56896,2.56163
0.45,1,0.603587,0.120859,2.56487,2.57541
0.47,1,0.592801,0.11366,2.48544,2.56383
0.49,1,0.56252,0.0873338,2.48154,2.53044
0.51,1,0.519187,0.0473293,2.41861,2.48023
0.53,1,0.470034,0.000359689,2.35378,2.41932
0.55,1,0.422832,-0.0450885,2.29997,2.35615
0.57,1,0.387002,-0.081731,2.30388,2.30457
0.59,1,0.3675,-0.102548,2.27883,2.27497
0.61,1,0.370012,-0.102681,2.36312,2.27885
0.63,1,0.393936,-0.0817856,2.36954,2.31482
0.65,1,0.431841,-0.0468953,2.47304,2.3686
0.67,1,0.474582,-0.00683516,2.4955,2.42515
0.69,1,0.513194,0.0303099,2.51882,2.47304
0.71,1,0.541169,0.0582913,2.48987,2.50608
0.73,1,0.557565,0.0757369,2.48796,2.52485
0.75,1,0.558747,0.0792827,2.48584,2.52619
0.77,1,0.545654,0.0688623,2.48287,2.51125
0.79,1,0.52177,0.0478312,2.40089,2.48331
0.81,1,0.489622,0.0185519,2.39907,2.44414
0.83,1,0.456,-0.0134641,2.33039,2.40106
0.85,1,0.427155,-0.0414555,2.33255,2.36215
0.87,1,0.407144,-0.0619719,2.33427,2.33399
0.89,1,0.400429,-0.0700976,2.33681,2.3243
0.91,1,0.409325,-0.0637692,2.40185,2.33711
0.93,1,0.430322,-0.0455767,2.40545,2.36652
0.95,1,0.458809,-0.0197565,2.46234,2.40475
0.97,1,0.486579,0.00580339,2.48174,2.44034
0.99,1,0.510138,0.0282159,2.48026,2.46935
