x,rho,E,F,T,Tr
0.01,1,0.707509,0.188603,2.68144,2.67975
0.03,1,0.710439,0.220622,2.66243,2.68252
0.05,1,0.683563,0.200211,2.59917,2.65678
0.07,1,0.622726,0.145511,2.50535,2.59559
0.09,1,0.540167,0.0682489,2.39126,2.50492
0.11,1,0.45132,-0.0175583,2.26993,2.39487
0.13,1,0.371453,-0.0966733,2.14083,2.28106
0.15,1,0.314005,-0.155071,2.15002,2.18724
0.17,1,0.28915,-0.183132,2.15962,2.14261
0.19,1,0.300902,-0.175168,2.23773,2.16405
0.21,1,0.345767,-0.1351,2.34015,2.24056
0.23,1,0.412368,-0.0723714,2.44114,2.34144
0.25,1,0.486798,-0.000901778,2.52279,2.44061
0.27,1,0.553513,0.0648533,2.58574,2.52025
0.29,1,0.601793,0.114352,2.5807,2.57349
0.31,1,0.626869,0.142377,2.59915,2.59989
0.33,1,0.624117,0.143407,2.52166,2.59704
0.35,1,0.595515,0.11952,2.51649,2.56676
0.37,1,0.548368,0.0764992,2.44541,2.51437
0.39,1,0.49077,0.0220034,2.36333,2.44558
0.41,1,0.432462,-0.0349389,2.25194,2.36946
0.43,1,0.383253,-0.0838642,2.25724,2.29897
0.45,1,0.352736,-0.116536,2.26294,2.25177
0.47,1,0.346056,-0.125943,2.26937,2.24103
0.49,1,0.365925,-0.109549,2.32965,2.27253
0.51,1,0.405548,-0.0734473,2.39974,2.3317
0.53,1,0.455554,-0.0263249,2.46488,2.40047
0.55,1,0.504481,0.0213017,2.54599,2.46248
0.57,1,0.543255,0.0597737,2.54304,2.50849
0.59,1,0.567662,0.0856497,2.53981,2.5362
0.61,1,0.575413,0.0959128,2.53623,2.54482
0.63,1,0.566658,0.0901954,2.46939,2.53508
0.65,1,0.542924,0.0701054,2.41674,2.50811
0.67,1,0.506196,0.0360068,2.41397,2.46457
0.69,1,0.466243,-0.00188397,2.32571,2.41443
0.71,1,0.428926,-0.038505,2.32892,2.3646
0.73,1,0.400909,-0.0671353,2.33177,2.325
0.75,1,0.386963,-0.0831737,2.33504,2.30451
0.77,1,0.390896,-0.0819712,2.33935,2.31034
0.79,1,0.411083,-0.0647126,2.42629,2.33961
0.81,1,0.442653,-0.0362434,2.42878,2.38329
0.83,1,0.477406,-0.00340385,2.47809,2.42875
0.85,1,0.507002,0.0252675,2.47601,2.46555
0.87,1,0.529212,0.0478985,2.47479,2.49212
0.89,1,0.54111,0.0612219,2.47366,2.50601
0.91,1,0.541162,0.0637278,2.47165,2.50607
0.93,1,0.529488,0.0551162,2.46855,2.49244
0.95,1,0.50905,0.0375642,2.43558,2.46804
0.97,1,0.483375,0.0140029,2.39999,2.43631
0.99,1,0.456186,-0.0118831,2.35007,2.4013
