x,rho,E,F,T,Tr
0.01,1,0.290325,-0.201909,2.27141,2.14478
0.03,1,0.359313,-0.126591,2.3967,2.26219
0.05,1,0.452508,-0.0375596,2.51299,2.39645
0.07,1,0.545347,0.0535485,2.59764,2.5109
0.09,1,0.621074,0.129257,2.64281,2.59387
0.11,1,0.666947,0.177745,2.63594,2.64049
0.13,1,0.677292,0.192064,2.62943,2.65067
0.15,1,0.651675,0.171539,2.57172,2.62524
0.17,1,0.597915,0.122447,2.48783,2.56934
0.19,1,0.525907,0.0545321,2.38753,2.48822
0.21,1,0.448586,-0.020385,2.28424,2.39124
0.23,1,0.378984,-0.0888846,2.18249,2.29254
0.25,1,0.329793,-0.1388,2.19076,2.21423
0.27,1,0.309278,-0.161372,2.19824,2.17896
0.29,1,0.321892,-0.151659,2.26713,2.20084
0.31,1,0.363191,-0.113595,2.35632,2.26827
0.33,1,0.42301,-0.0569389,2.44345,2.3564
0.35,1,0.488098,0.00630434,2.51431,2.44224
0.37,1,0.545724,0.0624524,2.5834,2.51134
0.39,1,0.585493,0.103051,2.57863,2.55589
0.41,1,0.605003,0.124043,2.57466,2.57692
0.43,1,0.602285,0.124075,2.50323,2.57402
0.45,1,0.578229,0.102952,2.49982,2.54792
0.47,1,0.535283,0.0628064,2.43733,2.49924
0.49,1,0.484975,0.014833,2.36904,2.43832
0.51,1,0.434117,-0.03478,2.30731,2.37172
0.53,1,0.3914,-0.0766845,2.26157,2.31109
0.55,1,0.365533,-0.103115,2.26559,2.27192
0.57,1,0.361028,-0.10924,2.3409,2.26489
0.59,1,0.378806,-0.0934545,2.34443,2.29227
0.61,1,0.414525,-0.0597559,2.40491,2.34449
0.63,1,0.4585,-0.0177125,2.46049,2.40434
0.65,1,0.50103,0.0232308,2.50598,2.45826
0.67,1,0.534026,0.0554496,2.50166,2.49777
0.69,1,0.554775,0.0766936,2.49798,2.52168
0.71,1,0.561508,0.0838803,2.49574,2.5293
0.73,1,0.553134,0.0774282,2.45588,2.51982
0.75,1,0.531991,0.057709,2.45445,2.49538
0.77,1,0.500231,0.0277927,2.36688,2.45728
0.79,1,0.465568,-0.00554234,2.33839,2.41356
0.81,1,0.432685,-0.036989,2.34321,2.36976
0.83,1,0.408558,-0.0608245,2.34696,2.33601
0.85,1,0.396622,-0.0726744,2.32585,2.31876
0.87,1,0.400094,-0.0697743,2.38876,2.32382
0.89,1,0.417734,-0.0534162,2.38966,2.34902
0.91,1,0.445464,-0.0269872,2.47293,2.38707
0.93,1,0.474895,0.000767959,2.46975,2.42555
0.95,1,0.501309,0.0259948,2.4862,2.4586
0.97,1,0.520627,0.0443867,2.48348,2.48195
0.99,1,0.531278,0.0545568,2.4821,2.49455
