x,rho,E,F,T,Tr
0.01,1,0.256004,-0.22733,2.09334,2.07837
0.03,1,0.261008,-0.217233,2.17836,2.08845
0.05,1,0.310587,-0.172631,2.30628,2.18126
0.07,1,0.389104,-0.0989803,2.43266,2.30769
0.09,1,0.480188,-0.0114062,2.53703,2.43228
0.11,1,0.565465,0.0724002,2.62831,2.53374
0.13,1,0.629715,0.137606,2.62178,2.60284
0.15,1,0.664868,0.176022,2.6154,2.63843
0.17,1,0.664656,0.180461,2.60888,2.63822
0.19,1,0.631625,0.152546,2.54583,2.60481
0.21,1,0.574261,0.100344,2.46021,2.54354
0.23,1,0.503056,0.0327944,2.36229,2.46074
0.25,1,0.429917,-0.0380254,2.26978,2.36596
0.27,1,0.367837,-0.09986,2.2095,2.27549
0.29,1,0.327859,-0.14117,2.21678,2.21097
0.31,1,0.316783,-0.155007,2.22428,2.19206
0.33,1,0.337737,-0.137717,2.29793,2.22744
0.35,1,0.383952,-0.0955498,2.38477,2.30001
0.37,1,0.444337,-0.0385029,2.46556,2.38556
0.39,1,0.505493,0.0204414,2.57682,2.46371
0.41,1,0.555726,0.0699188,2.57269,2.52276
0.43,1,0.589712,0.105252,2.56872,2.56048
0.45,1,0.602676,0.120693,2.56459,2.57444
0.47,1,0.592491,0.114009,2.48602,2.56349
0.49,1,0.563003,0.0882946,2.48205,2.53098
0.51,1,0.519672,0.0483183,2.41935,2.48081
0.53,1,0.470479,0.00154049,2.35427,2.4199
0.55,1,0.423182,-0.0440372,2.29824,2.35664
0.57,1,0.387131,-0.0810499,2.30229,2.30476
0.59,1,0.36706,-0.102005,2.27777,2.27429
0.61,1,0.369303,-0.102723,2.36133,2.27776
0.63,1,0.392848,-0.0822099,2.36775,2.31322
0.65,1,0.430497,-0.0475149,2.47167,2.36676
0.67,1,0.473201,-0.00755957,2.49559,2.42339
0.69,1,0.511963,0.0298062,2.49228,2.47156
0.71,1,0.540201,0.0580553,2.48982,2.50496
0.73,1,0.556679,0.0756612,2.48794,2.52385
0.75,1,0.558306,0.0794703,2.48577,2.52569
0.77,1,0.545392,0.0693613,2.48281,2.51095
0.79,1,0.521692,0.048413,2.40092,2.48322
0.81,1,0.489784,0.0193489,2.39905,2.44435
0.83,1,0.456003,-0.0127441,2.3292,2.40106
0.85,1,0.426995,-0.0408611,2.33133,2.36193
0.87,1,0.40685,-0.06152,2.333,2.33357
0.89,1,0.39986,-0.0699209,2.33555,2.32348
0.91,1,0.408413,-0.0638647,2.40037,2.3358
0.93,1,0.429143,-0.0459705,2.40292,2.3649
0.95,1,0.457656,-0.0201832,2.46211,2.40324
0.97,1,0.485443,0.00537961,2.48145,2.43891
0.99,1,0.509122,0.027907,2.47997,2.46812
