x,rho,E,F,T,Tr
0.01,1,0.718297,0.207004,2.63871,2.68991
0.03,1,0.64997,0.169067,2.53693,2.62352
0.05,1,0.567323,0.0919369,2.42137,2.53582
0.07,1,0.474014,0.00251765,2.29674,2.42443
0.09,1,0.386483,-0.0833706,2.18758,2.3038
0.11,1,0.319311,-0.150749,2.12512,2.19642
0.13,1,0.284296,-0.187934,2.13428,2.13356
0.15,1,0.286843,-0.188655,2.20463,2.13832
0.17,1,0.325359,-0.154147,2.30855,2.20675
0.19,1,0.390464,-0.0933863,2.41633,2.30971
0.21,1,0.467616,-0.0193941,2.51005,2.41621
0.23,1,0.541481,0.0526229,2.62048,2.50644
0.25,1,0.59831,0.10954,2.61547,2.56976
0.27,1,0.630076,0.143482,2.61082,2.60321
0.29,1,0.6357,0.152162,2.54236,2.609
0.31,1,0.613406,0.134334,2.53761,2.58582
0.33,1,0.567297,0.0916634,2.46725,2.5358
0.35,1,0.508553,0.0367297,2.38606,2.46743
0.37,1,0.446497,-0.0234663,2.30575,2.38845
0.39,1,0.391297,-0.0777891,2.23925,2.31094
0.41,1,0.353583,-0.116029,2.23054,2.25312
0.43,1,0.339653,-0.131686,2.30287,2.23059
0.45,1,0.353452,-0.121013,2.30786,2.25291
0.47,1,0.390071,-0.0870359,2.38006,2.30912
0.49,1,0.440567,-0.0397636,2.44911,2.38048
0.51,1,0.49313,0.011215,2.50447,2.44851
0.53,1,0.537962,0.0547183,2.55282,2.50236
0.55,1,0.567761,0.0846749,2.54942,2.53631
0.57,1,0.581138,0.0994037,2.54671,2.55112
0.59,1,0.576827,0.0973338,2.48424,2.54638
0.61,1,0.555598,0.0789416,2.48149,2.52262
0.63,1,0.519722,0.0452494,2.42955,2.48087
0.65,1,0.478605,0.00632617,2.37321,2.43028
0.67,1,0.437706,-0.032654,2.29546,2.37661
0.69,1,0.40539,-0.0648649,2.31994,2.33147
0.71,1,0.385979,-0.0839436,2.32289,2.30305
0.73,1,0.384504,-0.0873417,2.36748,2.30084
0.75,1,0.400363,-0.072983,2.36973,2.32421
0.77,1,0.43141,-0.0441825,2.45896,2.36801
0.79,1,0.467351,-0.0106733,2.51132,2.41586
0.81,1,0.501051,0.0211497,2.48694,2.45828
0.83,1,0.526529,0.0462499,2.48381,2.48896
0.85,1,0.542775,0.0619463,2.48194,2.50794
0.87,1,0.546647,0.0668334,2.48056,2.5124
0.89,1,0.538279,0.0594027,2.47931,2.50273
0.91,1,0.519627,0.0425178,2.41259,2.48076
0.93,1,0.493861,0.0188627,2.39116,2.44942
0.95,1,0.465213,-0.00774889,2.36346,2.41309
0.97,1,0.439498,-0.0318826,2.36707,2.37903
0.99,1,0.420545,-0.0499991,2.36908,2.35296
