x,rho,E,F,T,Tr
0.01,1,0.586905,0.0725841,2.66796,2.55743
0.03,1,0.652285,0.159572,2.6489,2.62586
0.05,1,0.692535,0.204353,2.64089,2.66546
0.07,1,0.69261,0.209877,2.63296,2.66553
0.09,1,0.654574,0.177964,2.56124,2.62816
0.11,1,0.588345,0.116903,2.46306,2.559
0.13,1,0.506183,0.0386203,2.35056,2.46455
0.15,1,0.422873,-0.0431077,2.24289,2.35621
0.17,1,0.352505,-0.113759,2.17161,2.2514
0.19,1,0.307658,-0.160781,2.18146,2.1761
0.21,1,0.295314,-0.176526,2.19136,2.15393
0.23,1,0.31849,-0.157279,2.27715,2.195
0.25,1,0.370046,-0.109656,2.37708,2.2789
0.27,1,0.437829,-0.0445312,2.46929,2.37677
0.29,1,0.507283,0.023404,2.56708,2.46589
0.31,1,0.564965,0.0815292,2.56196,2.53318
0.33,1,0.604282,0.123028,2.55636,2.57615
0.35,1,0.619536,0.141854,2.55059,2.59226
0.37,1,0.607734,0.133824,2.54488,2.57982
0.39,1,0.573124,0.103079,2.48682,2.54228
0.41,1,0.524265,0.0571978,2.41492,2.48627
0.43,1,0.468334,0.00284306,2.33997,2.41713
0.45,1,0.415056,-0.0503925,2.27279,2.34524
0.47,1,0.373846,-0.0927124,2.27872,2.28473
0.49,1,0.351614,-0.117387,2.28548,2.24998
0.51,1,0.353744,-0.11822,2.2921,2.25338
0.53,1,0.380222,-0.0946509,2.35485,2.29441
0.55,1,0.42231,-0.0549603,2.42076,2.35542
0.57,1,0.470398,-0.00826214,2.47688,2.41979
0.59,1,0.513789,0.0352181,2.53171,2.47376
0.61,1,0.546105,0.0684621,2.52797,2.51177
0.63,1,0.565064,0.0902532,2.52361,2.5333
0.65,1,0.566951,0.0943965,2.51897,2.53541
0.67,1,0.552026,0.0823643,2.4456,2.51855
0.69,1,0.525167,0.057722,2.39381,2.48734
0.71,1,0.488951,0.0230659,2.39265,2.44331
0.73,1,0.451933,-0.0140376,2.30627,2.39569
0.75,1,0.41935,-0.0471762,2.31008,2.35129
0.77,1,0.396668,-0.0720084,2.31495,2.31883
0.79,1,0.388534,-0.0822173,2.32033,2.30685
0.81,1,0.398071,-0.0753085,2.39553,2.32087
0.83,1,0.421673,-0.0537254,2.39857,2.35454
0.85,1,0.453016,-0.0236874,2.46361,2.39712
0.87,1,0.483783,0.00692156,2.46259,2.43682
0.89,1,0.509746,0.0340916,2.46165,2.46888
0.91,1,0.527469,0.0535437,2.45992,2.49006
0.93,1,0.535098,0.0637996,2.45704,2.49902
0.95,1,0.531258,0.0619851,2.47738,2.49452
0.97,1,0.516791,0.0494265,2.41958,2.47737
0.99,1,0.495765,0.029516,2.41772,2.45177
