x,rho,E,F,T,Tr
0.01,1,0.253668,-0.232751,2.13885,2.07361
0.03,1,0.283561,-0.19809,2.25021,2.13218
0.05,1,0.352948,-0.133757,2.38242,2.25211
0.07,1,0.442209,-0.0485735,2.49894,2.38269
0.09,1,0.533707,0.0403671,2.5859,2.49739
0.11,1,0.609803,0.116199,2.65443,2.58202
0.13,1,0.657533,0.165987,2.64907,2.63112
0.15,1,0.672675,0.184948,2.58379,2.64614
0.17,1,0.65286,0.170631,2.57772,2.62643
0.19,1,0.602847,0.125454,2.49896,2.57462
0.21,1,0.534532,0.0618148,2.40301,2.49836
0.23,1,0.459541,-0.0105076,2.30093,2.40571
0.25,1,0.390177,-0.0783418,2.18635,2.30928
0.27,1,0.339273,-0.129938,2.19367,2.22997
0.29,1,0.315429,-0.155677,2.20082,2.18971
0.31,1,0.323854,-0.150641,2.26294,2.20419
0.33,1,0.36118,-0.116922,2.34846,2.26513
0.35,1,0.418067,-0.063815,2.43431,2.34949
0.37,1,0.481673,-0.00289165,2.50622,2.43416
0.39,1,0.538942,0.0530265,2.58233,2.5035
0.41,1,0.58,0.0945544,2.57852,2.54987
0.43,1,0.601751,0.117786,2.57465,2.57345
0.45,1,0.601644,0.120987,2.51026,2.57334
0.47,1,0.580459,0.10289,2.50632,2.55038
0.49,1,0.540029,0.0662714,2.44714,2.50476
0.51,1,0.492069,0.0206665,2.38063,2.44719
0.53,1,0.442046,-0.0272886,2.31948,2.38247
0.55,1,0.399506,-0.0692359,2.26796,2.32296
0.57,1,0.372628,-0.0968108,2.27131,2.28287
0.59,1,0.365106,-0.106035,2.33713,2.27126
0.61,1,0.379319,-0.0947183,2.34105,2.29305
0.63,1,0.413159,-0.0636538,2.40001,2.34256
0.65,1,0.455731,-0.0238858,2.45497,2.4007
0.67,1,0.497642,0.0162632,2.50849,2.45409
0.69,1,0.5313,0.0485706,2.50517,2.49457
0.71,1,0.553066,0.0712017,2.50263,2.51974
0.73,1,0.56158,0.0805891,2.52165,2.52938
0.75,1,0.554698,0.0760245,2.46373,2.5216
0.77,1,0.534798,0.0585357,2.4615,2.49867
0.79,1,0.505018,0.0310604,2.37677,2.46314
0.81,1,0.470948,-0.000324853,2.34075,2.4205
0.83,1,0.438629,-0.031435,2.34454,2.37786
0.85,1,0.413928,-0.055384,2.34709,2.34365
0.87,1,0.400802,-0.0692262,2.34886,2.32484
0.89,1,0.402448,-0.0688965,2.35091,2.32723
0.91,1,0.41855,-0.0547955,2.42356,2.35017
0.93,1,0.445121,-0.0310822,2.47631,2.38661
0.95,1,0.474602,-0.00400758,2.49823,2.42518
0.97,1,0.500765,0.0203647,2.49626,2.45793
0.99,1,0.520642,0.0393146,2.49551,2.48197
