x,rho,E,F,T,Tr
0.01,1,0.668776,0.165102,2.55434,2.6423
0.03,1,0.573435,0.0972764,2.42566,2.54263
0.05,1,0.477693,0.00541683,2.29777,2.42912
0.07,1,0.387549,-0.0831932,2.18421,2.30538
0.09,1,0.317925,-0.153101,2.11537,2.19403
0.11,1,0.280807,-0.192284,2.12512,2.12698
0.13,1,0.281898,-0.194288,2.19565,2.12904
0.15,1,0.319995,-0.160192,2.30168,2.19759
0.17,1,0.385474,-0.0984355,2.41248,2.30229
0.19,1,0.464127,-0.0226776,2.50711,2.41169
0.21,1,0.540279,0.0517639,2.62599,2.50505
0.23,1,0.599688,0.111277,2.62048,2.57124
0.25,1,0.633416,0.147018,2.61547,2.60666
0.27,1,0.640188,0.156954,2.54717,2.6136
0.29,1,0.618363,0.139259,2.54236,2.59103
0.31,1,0.571852,0.0959744,2.47103,2.54087
0.33,1,0.512038,0.0396303,2.38803,2.47165
0.35,1,0.44856,-0.0224935,2.30513,2.3912
0.37,1,0.391384,-0.0784993,2.23236,2.31107
0.39,1,0.352085,-0.118632,2.23925,2.25073
0.41,1,0.336713,-0.135526,2.29767,2.22575
0.43,1,0.349745,-0.125148,2.30287,2.24698
0.45,1,0.386338,-0.0909538,2.37647,2.30358
0.47,1,0.4375,-0.0425449,2.44749,2.37633
0.49,1,0.491377,0.010007,2.50467,2.44633
0.51,1,0.537702,0.0552727,2.55683,2.50205
0.53,1,0.568577,0.0870013,2.55282,2.53722
0.55,1,0.583213,0.102584,2.54942,2.5534
0.57,1,0.579751,0.100785,2.48644,2.5496
0.59,1,0.558755,0.0821027,2.48424,2.5262
0.61,1,0.522443,0.0477646,2.43159,2.48411
0.63,1,0.480573,0.00775429,2.37361,2.43277
0.65,1,0.43914,-0.0331165,2.29121,2.37855
0.67,1,0.405284,-0.0663928,2.29546,2.33132
0.69,1,0.385046,-0.086663,2.31994,2.30165
0.71,1,0.382705,-0.0905675,2.32289,2.29815
0.73,1,0.397841,-0.075996,2.36748,2.32054
0.75,1,0.429062,-0.0467745,2.45935,2.36478
0.77,1,0.465375,-0.0115833,2.45896,2.41331
0.79,1,0.499772,0.0217328,2.51132,2.45671
0.81,1,0.526248,0.0476267,2.48694,2.48862
0.83,1,0.543097,0.0642697,2.48381,2.50831
0.85,1,0.547616,0.069595,2.48194,2.51351
0.87,1,0.539876,0.0620313,2.48056,2.50458
0.89,1,0.521443,0.0447437,2.41216,2.48292
0.91,1,0.49573,0.0198568,2.41259,2.45173
0.93,1,0.466869,-0.008017,2.39116,2.41524
0.95,1,0.4407,-0.0332867,2.36346,2.38066
0.97,1,0.421047,-0.0521913,2.36707,2.35366
0.99,1,0.411668,-0.0611712,2.36908,2.34044
