x,rho,E,F,T,Tr
0.01,1,0.303401,-0.178586,2.08559,2.16853
0.03,1,0.259776,-0.214236,2.08789,2.08599
0.05,1,0.263574,-0.214794,2.17189,2.09357
0.07,1,0.307236,-0.176218,2.29336,2.17535
0.09,1,0.380624,-0.107499,2.41759,2.29501
0.11,1,0.468436,-0.0231814,2.52297,2.41726
0.13,1,0.552637,0.0596036,2.62935,2.51925
0.15,1,0.618166,0.125822,2.62304,2.59082
0.17,1,0.655966,0.167091,2.61661,2.62955
0.19,1,0.66041,0.176026,2.60994,2.63399
0.21,1,0.632284,0.153299,2.55225,2.60549
0.23,1,0.579774,0.105569,2.47141,2.54962
0.25,1,0.511966,0.0416889,2.37741,2.47156
0.27,1,0.44095,-0.0276301,2.28482,2.381
0.29,1,0.378478,-0.0896642,2.20893,2.29177
0.31,1,0.336592,-0.133491,2.21648,2.22555
0.33,1,0.321679,-0.151041,2.2245,2.20048
0.35,1,0.338396,-0.138588,2.292,2.22853
0.37,1,0.380253,-0.100229,2.37589,2.29445
0.39,1,0.437685,-0.0462755,2.45503,2.37658
0.41,1,0.497726,0.0121067,2.51769,2.45419
0.43,1,0.548717,0.0625462,2.57185,2.51477
0.45,1,0.582404,0.097863,2.56782,2.55251
0.47,1,0.597048,0.115164,2.56341,2.56841
0.49,1,0.590686,0.112868,2.49223,2.56154
0.51,1,0.565732,0.0914173,2.48756,2.53404
0.53,1,0.524124,0.0533283,2.4277,2.48611
0.55,1,0.477309,0.00799185,2.3618,2.42863
0.57,1,0.430876,-0.0372903,2.2723,2.36728
0.59,1,0.394048,-0.0748699,2.27667,2.31499
0.61,1,0.373107,-0.0979428,2.28147,2.2836
0.63,1,0.372447,-0.101208,2.35628,2.28259
0.65,1,0.392357,-0.085059,2.36122,2.3125
0.67,1,0.427727,-0.052189,2.41947,2.36294
0.69,1,0.468992,-0.0131194,2.49913,2.41798
0.71,1,0.506955,0.0237899,2.49675,2.46549
0.73,1,0.535503,0.0531207,2.51835,2.49949
0.75,1,0.552535,0.0717374,2.51569,2.51913
0.77,1,0.555568,0.0776916,2.48938,2.52258
0.79,1,0.545229,0.070322,2.48554,2.51077
0.81,1,0.523646,0.0515662,2.40832,2.48554
0.83,1,0.493354,0.0235167,2.40614,2.44879
0.85,1,0.461139,-0.00773156,2.32898,2.4078
0.87,1,0.432574,-0.0364476,2.33073,2.36961
0.89,1,0.412025,-0.0582396,2.33343,2.34095
0.91,1,0.404154,-0.068706,2.33736,2.32969
0.93,1,0.410602,-0.0649115,2.36439,2.33893
0.95,1,0.429316,-0.0489741,2.43455,2.36513
0.97,1,0.456177,-0.0246723,2.48534,2.40129
0.99,1,0.483394,0.00115385,2.48395,2.43633
