x,rho,E,F,T,Tr
0.01,1,0.276802,-0.2141,2.23628,2.11935
0.03,1,0.337998,-0.147684,2.36186,2.22787
0.05,1,0.427144,-0.0623968,2.48604,2.36214
0.07,1,0.521398,0.0288379,2.61712,2.48287
0.09,1,0.602329,0.109106,2.65967,2.57407
0.11,1,0.65717,0.165538,2.65428,2.63076
0.13,1,0.677746,0.189991,2.59624,2.65111
0.15,1,0.661942,0.179055,2.59002,2.63552
0.17,1,0.614473,0.136606,2.51318,2.58694
0.19,1,0.54667,0.0733371,2.4169,2.51242
0.21,1,0.470088,-0.00029581,2.31463,2.41939
0.23,1,0.398012,-0.0710131,2.22522,2.32079
0.25,1,0.342999,-0.126179,2.2333,2.23607
0.27,1,0.313889,-0.157091,2.24086,2.18703
0.29,1,0.316976,-0.157141,2.24777,2.19239
0.31,1,0.351415,-0.125907,2.33344,2.24966
0.33,1,0.407143,-0.0735577,2.42214,2.33399
0.35,1,0.47177,-0.0114396,2.4984,2.42155
0.37,1,0.53185,0.0470764,2.58762,2.49522
0.39,1,0.576876,0.0921937,2.58324,2.54643
0.41,1,0.602943,0.11927,2.57938,2.57472
0.43,1,0.606371,0.125349,2.51907,2.57837
0.45,1,0.587069,0.109221,2.51553,2.55761
0.47,1,0.548377,0.0733556,2.45665,2.51438
0.49,1,0.499976,0.0278049,2.38978,2.45696
0.51,1,0.448868,-0.0215292,2.32507,2.39161
0.53,1,0.403924,-0.065691,2.26301,2.32936
0.55,1,0.373173,-0.0964768,2.26676,2.2837
0.57,1,0.361836,-0.10892,2.32752,2.26615
0.59,1,0.373369,-0.099774,2.3308,2.284
0.61,1,0.40535,-0.0697191,2.39031,2.33141
0.63,1,0.447881,-0.0298051,2.4475,2.3903
0.65,1,0.490989,0.0117142,2.51508,2.44585
0.67,1,0.527225,0.046534,2.51097,2.48978
0.69,1,0.551416,0.0710984,2.5076,2.51786
0.71,1,0.562806,0.0829915,2.50523,2.53076
0.73,1,0.557902,0.079883,2.50299,2.52523
0.75,1,0.539514,0.0629058,2.46751,2.50416
0.77,1,0.510612,0.0361545,2.38081,2.46993
0.79,1,0.476113,0.00354648,2.38077,2.42711
0.81,1,0.442787,-0.0284302,2.31921,2.38347
0.83,1,0.41637,-0.0539714,2.34039,2.3471
0.85,1,0.400187,-0.0703429,2.34281,2.32395
0.87,1,0.399109,-0.0719005,2.34475,2.32239
0.89,1,0.41344,-0.0590084,2.41843,2.34296
0.91,1,0.439354,-0.0349172,2.4191,2.37884
0.93,1,0.46875,-0.00690564,2.47796,2.41767
0.95,1,0.496167,0.0188127,2.47428,2.45227
0.97,1,0.517351,0.0387658,2.49669,2.47804
0.99,1,0.531095,0.0518329,2.46956,2.49433
