x,rho,E,F,T,Tr
0.01,1,0.395823,-0.0883082,2.18077,2.31759
0.03,1,0.311973,-0.159197,2.08158,2.18369
0.05,1,0.269037,-0.204931,2.09337,2.10433
0.07,1,0.26656,-0.211464,2.16576,2.09947
0.09,1,0.303817,-0.179026,2.27992,2.16928
0.11,1,0.371638,-0.115402,2.40113,2.28135
0.13,1,0.455634,-0.034741,2.50578,2.40058
0.15,1,0.538804,0.0472164,2.5822,2.50334
0.17,1,0.605617,0.114843,2.63784,2.57757
0.19,1,0.645026,0.157273,2.63185,2.61852
0.21,1,0.654977,0.171425,2.56409,2.62856
0.23,1,0.633489,0.155081,2.5577,2.60673
0.25,1,0.584873,0.110547,2.4821,2.55521
0.27,1,0.521002,0.0502614,2.39237,2.4824
0.29,1,0.452182,-0.0171062,2.30044,2.39602
0.31,1,0.389786,-0.079352,2.20875,2.3087
0.33,1,0.345472,-0.12518,2.21674,2.24009
0.35,1,0.326917,-0.14644,2.22481,2.20938
0.37,1,0.338658,-0.138493,2.28593,2.22896
0.39,1,0.375916,-0.104109,2.36595,2.28789
0.41,1,0.430144,-0.0531585,2.44382,2.36627
0.43,1,0.488399,0.00396769,2.50775,2.44262
0.45,1,0.539415,0.0547448,2.57037,2.50405
0.47,1,0.574361,0.0914171,2.56601,2.54365
0.49,1,0.591293,0.111084,2.56129,2.56219
0.51,1,0.588806,0.111757,2.49704,2.5595
0.53,1,0.567351,0.093259,2.49266,2.53586
0.55,1,0.528898,0.0575512,2.43644,2.49175
0.57,1,0.484342,0.0143748,2.37228,2.43753
0.59,1,0.439134,-0.0302954,2.27557,2.37854
0.61,1,0.401902,-0.0684374,2.28043,2.32644
0.63,1,0.379852,-0.0929855,2.28576,2.29385
0.65,1,0.375518,-0.0994086,2.35394,2.28728
0.67,1,0.391093,-0.086958,2.35661,2.31064
0.69,1,0.42388,-0.0559795,2.41292,2.35761
0.71,1,0.463117,-0.0184032,2.50235,2.41037
0.73,1,0.500227,0.018414,2.52147,2.45727
0.75,1,0.529167,0.0486577,2.51868,2.49207
0.77,1,0.547454,0.0686267,2.51519,2.51332
0.79,1,0.552512,0.0766447,2.51115,2.51911
0.81,1,0.544523,0.0707454,2.4867,2.50995
0.83,1,0.525153,0.0536566,2.41331,2.48733
0.85,1,0.49731,0.0270708,2.41177,2.45368
0.87,1,0.466924,-0.00351124,2.34908,2.41531
0.89,1,0.438758,-0.0324211,2.35113,2.37803
0.91,1,0.417948,-0.0547216,2.35439,2.34932
0.93,1,0.408239,-0.0671052,2.39151,2.33555
0.95,1,0.411861,-0.0656403,2.36367,2.34072
0.97,1,0.428232,-0.0512633,2.43164,2.36364
0.99,1,0.452785,-0.0279884,2.43348,2.39681
