x,rho,E,F,T,Tr
0.01,1,0.724355,0.206755,2.65673,2.69556
0.03,1,0.705552,0.218133,2.63773,2.6779
0.05,1,0.659279,0.178539,2.55709,2.63287
0.07,1,0.584487,0.109695,2.44988,2.55479
0.09,1,0.49557,0.0249739,2.32978,2.45153
0.11,1,0.408274,-0.0603114,2.22035,2.33561
0.13,1,0.337429,-0.131246,2.17198,2.22693
0.15,1,0.295119,-0.175618,2.18142,2.15358
0.17,1,0.288235,-0.186123,2.19091,2.14091
0.19,1,0.318136,-0.160526,2.28657,2.19439
0.21,1,0.376321,-0.106724,2.39247,2.2885
0.23,1,0.449677,-0.0367895,2.48632,2.39269
0.25,1,0.522592,0.0340047,2.56826,2.48429
0.27,1,0.582086,0.0928165,2.6127,2.55216
0.29,1,0.620735,0.133435,2.60848,2.59351
0.31,1,0.63263,0.148622,2.55316,2.60585
0.33,1,0.615743,0.136446,2.54784,2.58828
0.35,1,0.575666,0.10036,2.48361,2.5451
0.37,1,0.521246,0.0501234,2.40666,2.48269
0.39,1,0.461394,-0.00762934,2.32887,2.40813
0.41,1,0.405697,-0.061981,2.27951,2.33191
0.43,1,0.364927,-0.103952,2.28472,2.27098
0.45,1,0.344844,-0.125897,2.29004,2.23907
0.47,1,0.35129,-0.122445,2.29606,2.24946
0.49,1,0.383076,-0.0944989,2.36423,2.2987
0.51,1,0.42974,-0.051009,2.43353,2.36572
0.53,1,0.481281,-0.00211164,2.49105,2.43367
0.55,1,0.526588,0.0420601,2.53587,2.48902
0.57,1,0.559093,0.0752479,2.53278,2.52658
0.59,1,0.57721,0.0951225,2.52983,2.5468
0.61,1,0.576447,0.0970651,2.52604,2.54596
0.63,1,0.5583,0.0820894,2.44468,2.52568
0.65,1,0.526612,0.0534722,2.44164,2.48905
0.67,1,0.487356,0.0168146,2.3447,2.44131
0.69,1,0.447706,-0.0211546,2.34873,2.39007
0.71,1,0.414018,-0.0544103,2.2987,2.34378
0.73,1,0.391377,-0.0779981,2.3015,2.31105
0.75,1,0.385497,-0.085959,2.32071,2.30233
0.77,1,0.397908,-0.0759335,2.40324,2.32064
0.79,1,0.425814,-0.0515383,2.40592,2.3603
0.81,1,0.460028,-0.0196706,2.46527,2.40634
0.83,1,0.493697,0.0116031,2.5127,2.44921
0.85,1,0.520211,0.0378073,2.48907,2.48145
0.87,1,0.538706,0.0566632,2.48793,2.50322
0.89,1,0.545452,0.0651967,2.48634,2.51102
0.91,1,0.539245,0.0612545,2.48391,2.50385
0.93,1,0.521868,0.0469749,2.42139,2.48343
0.95,1,0.49799,0.0259398,2.41906,2.45452
0.97,1,0.470384,0.000566801,2.35979,2.41977
0.99,1,0.445003,-0.0235406,2.39082,2.38645
