x,rho,E,F,T,Tr
0.01,1,0.26235,-0.22624,2.18837,2.09113
0.03,1,0.310131,-0.173388,2.31069,2.18046
0.05,1,0.391705,-0.0963951,2.43961,2.31154
0.07,1,0.485446,-0.00616448,2.54482,2.43891
0.09,1,0.572513,0.0794916,2.63076,2.5416
0.11,1,0.637619,0.145332,2.62373,2.61097
0.13,1,0.671887,0.182744,2.61721,2.64536
0.15,1,0.669706,0.185008,2.61091,2.64322
0.17,1,0.633864,0.154282,2.54471,2.60712
0.19,1,0.573672,0.0988796,2.45563,2.54289
0.21,1,0.499767,0.0286474,2.35494,2.45671
0.23,1,0.424887,-0.0440542,2.2611,2.35901
0.25,1,0.362058,-0.106453,2.20752,2.2665
0.27,1,0.322456,-0.146991,2.21509,2.20181
0.29,1,0.313071,-0.159291,2.2221,2.18561
0.31,1,0.336037,-0.139376,2.29962,2.22463
0.33,1,0.384587,-0.0947663,2.3886,2.30097
0.35,1,0.446758,-0.0354664,2.47039,2.3888
0.37,1,0.509252,0.0247889,2.5506,2.46828
0.39,1,0.56015,0.0750948,2.54553,2.52777
0.41,1,0.594528,0.110417,2.54109,2.56569
0.43,1,0.607236,0.125301,2.53717,2.57929
0.45,1,0.59535,0.116474,2.53329,2.56658
0.47,1,0.563285,0.0877323,2.48035,2.5313
0.49,1,0.518751,0.0463017,2.41575,2.47971
0.51,1,0.468115,-0.00213757,2.34962,2.41685
0.53,1,0.420027,-0.048821,2.29791,2.35224
0.55,1,0.383232,-0.085401,2.30273,2.29894
0.57,1,0.363701,-0.105822,2.30684,2.26907
0.59,1,0.366881,-0.104837,2.31068,2.27401
0.61,1,0.392057,-0.0818878,2.36936,2.31206
0.63,1,0.431091,-0.0455212,2.47511,2.36757
0.65,1,0.474936,-0.00427604,2.52365,2.42561
0.67,1,0.514209,0.0334285,2.51959,2.47427
0.69,1,0.542711,0.0616241,2.48866,2.50786
0.71,1,0.559642,0.0790825,2.48632,2.5272
0.73,1,0.560701,0.0816174,2.4845,2.52839
0.75,1,0.546936,0.0697625,2.48241,2.51273
0.77,1,0.522314,0.0472443,2.39796,2.48396
0.79,1,0.489363,0.0167047,2.39723,2.44382
0.81,1,0.454916,-0.0160402,2.32763,2.39963
0.83,1,0.425231,-0.0443967,2.33114,2.35949
0.85,1,0.404585,-0.0647986,2.33323,2.33031
0.87,1,0.39774,-0.0721951,2.33496,2.32039
0.89,1,0.406901,-0.0644485,2.4024,2.33364
0.91,1,0.428637,-0.0447771,2.40367,2.3642
0.93,1,0.457506,-0.0179625,2.46298,2.40304
0.95,1,0.48596,0.00841245,2.48241,2.43956
0.97,1,0.510276,0.0312277,2.4795,2.46952
0.99,1,0.526833,0.0470247,2.47796,2.48931
