x,rho,E,F,T,Tr
0.01,1,0.55235,0.0371835,2.6165,2.51892
0.03,1,0.627552,0.132209,2.66605,2.6006
0.05,1,0.6811,0.189107,2.65817,2.65439
0.07,1,0.696065,0.208953,2.65036,2.66885
0.09,1,0.671713,0.190439,2.5911,2.64519
0.11,1,0.615575,0.13945,2.50279,2.5881
0.13,1,0.538446,0.066896,2.39553,2.50292
0.15,1,0.454878,-0.0145159,2.28101,2.39958
0.17,1,0.378849,-0.0900945,2.15545,2.29233
0.19,1,0.323708,-0.146689,2.1652,2.20394
0.21,1,0.299053,-0.174259,2.175,2.16072
0.23,1,0.309464,-0.167531,2.24718,2.17929
0.25,1,0.35128,-0.129618,2.34347,2.24944
0.27,1,0.414071,-0.0700125,2.43891,2.34385
0.29,1,0.484296,-0.00166664,2.51755,2.43747
0.31,1,0.547459,0.0612216,2.60009,2.51333
0.33,1,0.592729,0.107865,2.59472,2.56375
0.35,1,0.615711,0.133904,2.58935,2.58825
0.37,1,0.614664,0.136558,2.51687,2.58715
0.39,1,0.590169,0.115599,2.51174,2.56098
0.41,1,0.545053,0.0738165,2.44511,2.51056
0.43,1,0.491437,0.02191,2.36776,2.44641
0.45,1,0.436406,-0.0322837,2.25861,2.37484
0.47,1,0.390038,-0.0795706,2.26491,2.30908
0.49,1,0.360514,-0.110899,2.25199,2.26408
0.51,1,0.353636,-0.120384,2.32935,2.2532
0.53,1,0.371606,-0.105535,2.33491,2.2813
0.55,1,0.408458,-0.0709214,2.40083,2.33587
0.57,1,0.455268,-0.0257624,2.46212,2.40009
0.59,1,0.501184,0.0198957,2.54153,2.45845
0.61,1,0.537551,0.0567041,2.53779,2.50188
0.63,1,0.560408,0.0819308,2.51128,2.52806
0.65,1,0.568276,0.0922301,2.50684,2.53689
0.67,1,0.56054,0.0868341,2.50242,2.52821
0.69,1,0.538771,0.0673416,2.41634,2.5033
0.71,1,0.505446,0.0352513,2.41457,2.46366
0.73,1,0.468146,-0.00169317,2.36553,2.41689
0.75,1,0.43317,-0.0371323,2.30818,2.37042
0.77,1,0.407061,-0.064775,2.3354,2.33387
0.79,1,0.393792,-0.0799808,2.34043,2.31461
0.81,1,0.396828,-0.0791856,2.34524,2.31906
0.83,1,0.414523,-0.062986,2.42713,2.34449
0.85,1,0.444013,-0.0351686,2.47903,2.38512
0.87,1,0.475734,-0.00375353,2.47775,2.42662
0.89,1,0.503289,0.0248318,2.47641,2.46102
0.91,1,0.523786,0.0467617,2.47422,2.48571
0.93,1,0.534803,0.0600911,2.47106,2.49868
0.95,1,0.535288,0.0623149,2.48748,2.49924
0.97,1,0.525171,0.0538772,2.43537,2.48735
0.99,1,0.507022,0.0367083,2.43357,2.46557
