x,rho,E,F,T,Tr
0.01,1,0.280939,-0.210582,2.24761,2.12723
0.03,1,0.344698,-0.141156,2.37325,2.23883
0.05,1,0.435226,-0.0545957,2.49402,2.37323
0.07,1,0.529414,0.0369328,2.58511,2.49236
0.09,1,0.608823,0.11619,2.6595,2.58098
0.11,1,0.659976,0.169195,2.6539,2.63356
0.13,1,0.677597,0.190475,2.59058,2.65097
0.15,1,0.659307,0.177175,2.58451,2.63289
0.17,1,0.609501,0.132116,2.50536,2.5817
0.19,1,0.540244,0.0673048,2.40798,2.50501
0.21,1,0.463476,-0.00691184,2.30615,2.41084
0.23,1,0.391795,-0.077054,2.1767,2.31167
0.25,1,0.33811,-0.131148,2.18469,2.22806
0.27,1,0.311971,-0.158932,2.19205,2.18369
0.29,1,0.318514,-0.155433,2.25379,2.19505
0.31,1,0.354978,-0.122106,2.3408,2.25534
0.33,1,0.41223,-0.0683678,2.42906,2.34124
0.35,1,0.477153,-0.00578474,2.5039,2.42843
0.37,1,0.536572,0.0522123,2.58626,2.50074
0.39,1,0.579977,0.0957699,2.5819,2.54985
0.41,1,0.603559,0.120834,2.57805,2.57538
0.43,1,0.605129,0.124959,2.51429,2.57705
0.45,1,0.584515,0.107284,2.51068,2.55482
0.47,1,0.544131,0.0702253,2.45075,2.5095
0.49,1,0.495401,0.0236113,2.38296,2.45132
0.51,1,0.443947,-0.0256299,2.31948,2.38503
0.53,1,0.399926,-0.0694422,2.26294,2.32357
0.55,1,0.370875,-0.098457,2.26671,2.28018
0.57,1,0.361625,-0.108942,2.33173,2.26582
0.59,1,0.374775,-0.0980743,2.33496,2.28615
0.61,1,0.408206,-0.0667207,2.39499,2.33551
0.63,1,0.451362,-0.0260323,2.45171,2.39493
0.65,1,0.49446,0.0155582,2.51218,2.45016
0.67,1,0.529475,0.0493293,2.5081,2.49243
0.69,1,0.552582,0.0730586,2.50478,2.51919
0.71,1,0.562656,0.0832433,2.50233,2.53059
0.73,1,0.556584,0.0792091,2.465,2.52374
0.75,1,0.537262,0.0613012,2.46341,2.50154
0.77,1,0.507426,0.0333704,2.37626,2.46607
0.79,1,0.472875,0.00066526,2.37654,2.42297
0.81,1,0.439601,-0.0314869,2.31983,2.37917
0.83,1,0.413671,-0.0563523,2.34259,2.34329
0.85,1,0.399194,-0.0711759,2.3451,2.32251
0.87,1,0.39947,-0.0712368,2.34688,2.32291
0.89,1,0.414716,-0.0572387,2.42125,2.34476
0.91,1,0.44114,-0.0324614,2.42159,2.38125
0.93,1,0.470848,-0.0042888,2.47564,2.42037
0.95,1,0.497985,0.0211509,2.49727,2.45451
0.97,1,0.518685,0.0408662,2.49531,2.47963
0.99,1,0.531015,0.0526349,2.49457,2.49424
