x,rho,E,F,T,Tr
0.01,1,0.730098,0.214337,2.68125,2.70089
0.03,1,0.691506,0.206427,2.60635,2.66447
0.05,1,0.629508,0.150908,2.51097,2.60263
0.07,1,0.545023,0.071661,2.3942,2.51053
0.09,1,0.453726,-0.0165045,2.27328,2.39806
0.11,1,0.371168,-0.0977199,2.1322,2.28063
0.13,1,0.311445,-0.158133,2.14171,2.18276
0.15,1,0.284951,-0.187458,2.15095,2.13478
0.17,1,0.295842,-0.180148,2.22998,2.1549
0.19,1,0.340772,-0.139815,2.33485,2.23243
0.21,1,0.408491,-0.0759747,2.4387,2.33592
0.23,1,0.485011,-0.00286388,2.52326,2.43837
0.25,1,0.554006,0.0650533,2.59105,2.52081
0.27,1,0.604664,0.116162,2.58564,2.57656
0.29,1,0.631428,0.145616,2.58064,2.60461
0.31,1,0.629489,0.147288,2.52622,2.60261
0.33,1,0.600639,0.123021,2.52141,2.57226
0.35,1,0.552908,0.0791246,2.44909,2.51956
0.37,1,0.493868,0.0233728,2.3685,2.44943
0.39,1,0.433703,-0.0349901,2.24685,2.37115
0.41,1,0.382468,-0.0853503,2.25277,2.29779
0.43,1,0.350455,-0.119082,2.25832,2.24812
0.45,1,0.342555,-0.128994,2.26415,2.23534
0.47,1,0.362124,-0.112729,2.32508,2.2666
0.49,1,0.402173,-0.076035,2.39694,2.32683
0.51,1,0.45337,-0.0278807,2.46405,2.39759
0.53,1,0.504025,0.0208553,2.54951,2.46192
0.55,1,0.544479,0.060395,2.5462,2.5099
0.57,1,0.570186,0.0873417,2.54326,2.53902
0.59,1,0.579155,0.0979643,2.54005,2.54894
0.61,1,0.570724,0.0923282,2.47241,2.53962
0.63,1,0.546837,0.0716311,2.46945,2.51262
0.65,1,0.509357,0.0369177,2.41684,2.46841
0.67,1,0.468336,-0.00177012,2.36261,2.41713
0.69,1,0.429623,-0.0394285,2.32672,2.36556
0.71,1,0.400176,-0.0685853,2.32999,2.32394
0.73,1,0.385026,-0.0849931,2.33291,2.30162
0.75,1,0.3882,-0.0838568,2.33619,2.30635
0.77,1,0.408192,-0.0663792,2.42551,2.33549
0.79,1,0.440498,-0.0373082,2.42737,2.38039
0.81,1,0.476205,-0.00358609,2.48176,2.42722
0.83,1,0.507296,0.0257272,2.47857,2.46591
0.85,1,0.530613,0.0486516,2.47641,2.49377
0.87,1,0.543561,0.0621177,2.47526,2.50884
0.89,1,0.544505,0.0643765,2.47419,2.50993
0.91,1,0.533256,0.0555858,2.47231,2.49687
0.93,1,0.512793,0.0374844,2.43881,2.47256
0.95,1,0.486271,0.0135237,2.36849,2.43995
0.97,1,0.458146,-0.0124205,2.34969,2.40388
0.99,1,0.434322,-0.0351431,2.35114,2.372
