x,rho,E,F,T,Tr
0.01,1,0.435037,-0.0725302,2.50199,2.37297
0.03,1,0.526516,0.0321693,2.58905,2.48894
0.05,1,0.611882,0.117727,2.67217,2.58421
0.07,1,0.668428,0.17655,2.66587,2.64195
0.09,1,0.68903,0.201605,2.60376,2.66208
0.11,1,0.671722,0.189535,2.59674,2.6452
0.13,1,0.620956,0.143628,2.51499,2.59374
0.15,1,0.548887,0.0756503,2.41318,2.51497
0.17,1,0.46817,-0.00276927,2.30557,2.41692
0.19,1,0.392339,-0.0776914,2.2147,2.31247
0.21,1,0.334877,-0.13629,2.16864,2.22271
0.23,1,0.305828,-0.167323,2.17763,2.17286
0.25,1,0.310615,-0.165718,2.24088,2.18131
0.27,1,0.346979,-0.132508,2.33192,2.24252
0.29,1,0.405731,-0.0768596,2.42521,2.33196
0.31,1,0.473461,-0.0108309,2.505,2.42372
0.33,1,0.536543,0.0514551,2.59684,2.50071
0.35,1,0.583412,0.0993545,2.59148,2.55361
0.37,1,0.609501,0.12752,2.5865,2.5817
0.39,1,0.612507,0.133427,2.52221,2.58487
0.41,1,0.591872,0.115999,2.51789,2.56282
0.43,1,0.550749,0.0773731,2.45544,2.5171
0.45,1,0.499843,0.0284581,2.38464,2.4568
0.47,1,0.446258,-0.0243503,2.31668,2.38813
0.49,1,0.399541,-0.0714971,2.25295,2.32301
0.51,1,0.368175,-0.103474,2.25877,2.27601
0.53,1,0.357568,-0.116357,2.32426,2.25944
0.55,1,0.369731,-0.105887,2.32904,2.27842
0.57,1,0.403902,-0.0740813,2.3916,2.32933
0.59,1,0.448198,-0.0309902,2.453,2.39072
0.61,1,0.493361,0.0137612,2.521,2.4488
0.63,1,0.530467,0.0508344,2.51674,2.4936
0.65,1,0.555129,0.0769353,2.51244,2.52209
0.67,1,0.566082,0.0890776,2.50837,2.53444
0.69,1,0.560738,0.0856544,2.50505,2.52843
0.71,1,0.541701,0.067435,2.42471,2.50669
0.73,1,0.510911,0.03826,2.37563,2.47029
0.75,1,0.475369,0.00267312,2.37556,2.42616
0.77,1,0.44073,-0.0319459,2.31151,2.3807
0.79,1,0.413601,-0.0597494,2.31662,2.34319
0.81,1,0.398157,-0.0763926,2.3208,2.321
0.83,1,0.397759,-0.0776992,2.34374,2.32042
0.85,1,0.412578,-0.0637811,2.42169,2.34174
0.87,1,0.439594,-0.037327,2.42226,2.37916
0.89,1,0.470005,-0.0071226,2.48165,2.41929
0.91,1,0.497942,0.0212548,2.47944,2.45446
0.93,1,0.519139,0.0434947,2.47604,2.48018
0.95,1,0.532101,0.0570863,2.49777,2.49551
0.97,1,0.53481,0.0606051,2.44126,2.49868
0.99,1,0.526968,0.0532706,2.46737,2.48947
