x,rho,E,F,T,Tr
0.01,1,0.699503,0.179656,2.69775,2.67214
0.03,1,0.709942,0.218799,2.61989,2.68205
0.05,1,0.690409,0.205674,2.61207,2.66341
0.07,1,0.634631,0.156288,2.52346,2.60791
0.09,1,0.555391,0.0822652,2.41234,2.52238
0.11,1,0.466983,-0.00266561,2.29441,2.41539
0.13,1,0.384773,-0.0836027,2.19394,2.30124
0.15,1,0.322901,-0.146655,2.14345,2.20257
0.17,1,0.292058,-0.180158,2.15306,2.14797
0.19,1,0.297613,-0.178716,2.22303,2.15811
0.21,1,0.336972,-0.143696,2.32304,2.22618
0.23,1,0.400536,-0.084329,2.42505,2.32446
0.25,1,0.474345,-0.0135541,2.51212,2.42485
0.27,1,0.543231,0.0542518,2.61082,2.50846
0.29,1,0.594968,0.10652,2.6062,2.56617
0.31,1,0.622765,0.137308,2.60129,2.59563
0.33,1,0.625774,0.144127,2.53258,2.59876
0.35,1,0.602952,0.125822,2.52711,2.57473
0.37,1,0.557583,0.0844909,2.45892,2.52487
0.39,1,0.501565,0.0316913,2.381,2.45891
0.41,1,0.442919,-0.0254626,2.30538,2.38365
0.43,1,0.391579,-0.0765591,2.23537,2.31135
0.45,1,0.357744,-0.111962,2.24072,2.25972
0.47,1,0.346661,-0.125409,2.31326,2.24201
0.49,1,0.361707,-0.114033,2.31911,2.26595
0.51,1,0.398622,-0.0808775,2.38829,2.32168
0.53,1,0.447235,-0.0351418,2.45583,2.38944
0.55,1,0.496927,0.0129292,2.54942,2.45321
0.57,1,0.537876,0.0535357,2.54671,2.50226
0.59,1,0.564749,0.0814448,2.54352,2.53294
0.61,1,0.575498,0.0948811,2.53995,2.54491
0.63,1,0.569411,0.0921536,2.51438,2.53815
0.65,1,0.548312,0.0739174,2.42716,2.51431
0.67,1,0.513018,0.0423648,2.42421,2.47283
0.69,1,0.474063,0.00456501,2.37154,2.42449
0.71,1,0.435785,-0.0323975,2.32289,2.37399
0.73,1,0.40632,-0.0626201,2.3048,2.3328
0.75,1,0.390052,-0.0807934,2.30834,2.3091
0.77,1,0.390371,-0.0830564,2.37276,2.30957
0.79,1,0.407182,-0.0691811,2.42047,2.33404
0.81,1,0.437973,-0.0416604,2.42221,2.37697
0.83,1,0.471972,-0.00944203,2.48381,2.42181
0.85,1,0.503191,0.0204006,2.48194,2.4609
0.87,1,0.526473,0.0441421,2.48056,2.48889
0.89,1,0.540131,0.0594037,2.47931,2.50488
0.91,1,0.542289,0.0638504,2.47728,2.50737
0.93,1,0.532406,0.057208,2.44632,2.49587
0.95,1,0.513389,0.0409862,2.44148,2.47328
0.97,1,0.488492,0.0183154,2.36707,2.44273
0.99,1,0.461851,-0.00696068,2.36908,2.40872
