x,rho,E,F,T,Tr
0.01,1,0.552376,0.0596634,2.38996,2.51895
0.03,1,0.443966,-0.0274941,2.24439,2.38506
0.05,1,0.356488,-0.114164,2.10901,2.25773
0.07,1,0.295534,-0.176584,2.12094,2.15434
0.09,1,0.2705,-0.204589,2.13206,2.10719
0.11,1,0.28553,-0.193452,2.2226,2.13587
0.13,1,0.335774,-0.14709,2.33799,2.2242
0.15,1,0.409942,-0.0766138,2.44886,2.33799
0.17,1,0.492103,0.00343282,2.53787,2.44723
0.19,1,0.565985,0.0767805,2.60218,2.53433
0.21,1,0.619231,0.13152,2.5955,2.59194
0.23,1,0.646231,0.161506,2.58902,2.61974
0.25,1,0.641412,0.160462,2.58305,2.61484
0.27,1,0.608015,0.131167,2.52252,2.58012
0.29,1,0.554842,0.0813181,2.44316,2.52176
0.31,1,0.490547,0.0191534,2.35578,2.4453
0.33,1,0.426006,-0.0444551,2.23337,2.36056
0.35,1,0.372574,-0.0983373,2.24148,2.28278
0.37,1,0.339934,-0.132657,2.24942,2.23105
0.39,1,0.333993,-0.140936,2.25656,2.22124
0.41,1,0.356897,-0.120658,2.32504,2.25838
0.43,1,0.401023,-0.0788374,2.40249,2.32516
0.45,1,0.456203,-0.0255103,2.47262,2.40133
0.47,1,0.509425,0.0275066,2.56036,2.46849
0.49,1,0.551997,0.0696569,2.55531,2.51852
0.51,1,0.579651,0.0993677,2.55023,2.54949
0.53,1,0.588375,0.109586,2.54606,2.55903
0.55,1,0.576554,0.1005,2.46993,2.54608
0.57,1,0.548943,0.0748019,2.46729,2.51503
0.59,1,0.509176,0.03651,2.41075,2.46819
0.61,1,0.465378,-0.00655239,2.35322,2.41331
0.63,1,0.424646,-0.047618,2.28956,2.35868
0.65,1,0.393998,-0.0787502,2.29532,2.31491
0.67,1,0.37887,-0.0952957,2.33115,2.29237
0.69,1,0.38354,-0.0920015,2.33526,2.2994
0.71,1,0.4064,-0.07054,2.4318,2.33292
0.73,1,0.440712,-0.0373004,2.43235,2.38068
0.75,1,0.478189,-5.08775e-05,2.48608,2.42975
0.77,1,0.511091,0.0328373,2.48311,2.47051
0.79,1,0.534711,0.0575025,2.4793,2.49857
0.81,1,0.547778,0.0715208,2.47535,2.5137
0.83,1,0.547716,0.0725754,2.47216,2.51362
0.85,1,0.535022,0.060659,2.4702,2.49893
0.87,1,0.513254,0.0393419,2.39589,2.47312
0.89,1,0.485421,0.011746,2.39673,2.43888
0.91,1,0.456083,-0.0181984,2.34053,2.40117
0.93,1,0.431673,-0.0429517,2.34532,2.36837
0.95,1,0.415243,-0.0603872,2.34988,2.34551
0.97,1,0.410711,-0.0654779,2.35325,2.33908
0.99,1,0.419495,-0.0570831,2.4135,2.35149
