x,rho,E,F,T,Tr
0.01,1,0.729434,0.215121,2.67302,2.70027
0.03,1,0.683277,0.199822,2.59144,2.65651
0.05,1,0.615819,0.138363,2.49056,2.58836
0.07,1,0.528208,0.0559682,2.37077,2.49094
0.09,1,0.436909,-0.0326403,2.24891,2.37552
0.11,1,0.357157,-0.111348,2.14147,2.25879
0.13,1,0.303095,-0.166667,2.15106,2.16798
0.15,1,0.28297,-0.189635,2.1604,2.13106
0.17,1,0.300768,-0.175616,2.24697,2.16381
0.19,1,0.351006,-0.129762,2.35398,2.249
0.21,1,0.421854,-0.0629193,2.45554,2.35479
0.23,1,0.498257,0.0106908,2.53545,2.45485
0.25,1,0.565147,0.0764191,2.58307,2.53339
0.27,1,0.61196,0.124337,2.57771,2.5843
0.29,1,0.634214,0.149279,2.57277,2.60748
0.31,1,0.626761,0.145729,2.5676,2.59978
0.33,1,0.593508,0.116655,2.50922,2.56459
0.35,1,0.542741,0.0698377,2.43412,2.5079
0.37,1,0.482375,0.0125102,2.35098,2.43505
0.39,1,0.422843,-0.0453931,2.25534,2.35617
0.41,1,0.374423,-0.0931225,2.26145,2.28561
0.43,1,0.346238,-0.123256,2.26689,2.24133
0.45,1,0.343155,-0.128416,2.27257,2.23632
0.47,1,0.367442,-0.107678,2.3372,2.27488
0.49,1,0.410361,-0.0677013,2.4095,2.33858
0.51,1,0.462656,-0.0184339,2.47335,2.40977
0.53,1,0.511891,0.0291931,2.54567,2.47147
0.55,1,0.549844,0.0665398,2.54216,2.51606
0.57,1,0.57417,0.0918635,2.53919,2.54344
0.59,1,0.579865,0.0996138,2.53613,2.54972
0.61,1,0.567316,0.0898744,2.46306,2.53582
0.63,1,0.540237,0.0660451,2.46012,2.505
0.65,1,0.501988,0.0301802,2.4066,2.45943
0.67,1,0.460654,-0.00877038,2.33002,2.40716
0.69,1,0.422942,-0.0453494,2.33414,2.35631
0.71,1,0.395471,-0.0728331,2.3372,2.31707
0.73,1,0.382879,-0.0864793,2.33976,2.29841
0.75,1,0.389543,-0.0822099,2.34278,2.30834
0.77,1,0.412847,-0.0612064,2.38892,2.34212
0.79,1,0.445883,-0.0309469,2.47897,2.38763
0.81,1,0.481308,0.00216321,2.475,2.4337
0.83,1,0.511816,0.0312366,2.47179,2.47138
0.85,1,0.533557,0.0526367,2.46979,2.49722
0.87,1,0.544771,0.0644021,2.46871,2.51024
0.89,1,0.543338,0.0645349,2.46774,2.50859
0.91,1,0.529824,0.0530527,2.46593,2.49284
0.93,1,0.507868,0.0334609,2.39728,2.4666
0.95,1,0.480883,0.00908145,2.34884,2.43316
0.97,1,0.452589,-0.0171926,2.35221,2.39656
0.99,1,0.429931,-0.0388492,2.35385,2.36598
