x,rho,E,F,T,Tr
0.01,1,0.64128,0.141836,2.51391,2.61471
0.03,1,0.539068,0.0662309,2.37778,2.50364
0.05,1,0.442629,-0.0275358,2.24703,2.38326
0.07,1,0.357496,-0.111745,2.11858,2.25933
0.09,1,0.298343,-0.172128,2.12962,2.15944
0.11,1,0.274169,-0.198821,2.13999,2.1143
0.13,1,0.289447,-0.187214,2.22828,2.14316
0.15,1,0.339094,-0.14136,2.34066,2.22968
0.17,1,0.411794,-0.0722839,2.44851,2.34062
0.19,1,0.49199,0.00555849,2.53484,2.44709
0.21,1,0.563582,0.0765426,2.59546,2.53163
0.23,1,0.615082,0.129025,2.58896,2.58759
0.25,1,0.641001,0.157586,2.58289,2.61442
0.27,1,0.635908,0.15596,2.57751,2.60922
0.29,1,0.603232,0.126843,2.5182,2.57503
0.31,1,0.551125,0.0783121,2.44082,2.51753
0.33,1,0.488316,0.0178659,2.35229,2.44251
0.35,1,0.425327,-0.0437982,2.23874,2.35962
0.37,1,0.373242,-0.0956691,2.24668,2.28381
0.39,1,0.341522,-0.128705,2.2537,2.23366
0.41,1,0.335903,-0.136176,2.2598,2.22441
0.43,1,0.35862,-0.115919,2.32647,2.2611
0.45,1,0.40182,-0.0747512,2.40199,2.32632
0.47,1,0.456126,-0.0230575,2.4701,2.40122
0.49,1,0.508055,0.0282628,2.55434,2.46683
0.51,1,0.549407,0.0687389,2.54923,2.51556
0.53,1,0.57611,0.0971091,2.545,2.54559
0.55,1,0.58432,0.106416,2.54144,2.55461
0.57,1,0.57289,0.0971346,2.46671,2.54202
0.59,1,0.545979,0.0721912,2.4647,2.51163
0.61,1,0.506793,0.0348232,2.40944,2.4653
0.63,1,0.463897,-0.00690806,2.35329,2.41139
0.65,1,0.423979,-0.0465271,2.2929,2.35775
0.67,1,0.393883,-0.0762216,2.29771,2.31475
0.69,1,0.379197,-0.0918066,2.33236,2.29286
0.71,1,0.383854,-0.0880899,2.33535,2.29987
0.73,1,0.406173,-0.0669785,2.4297,2.33259
0.75,1,0.440012,-0.0346395,2.42986,2.37973
0.77,1,0.476719,0.00135663,2.48208,2.42788
0.79,1,0.508905,0.0328343,2.47828,2.46786
0.81,1,0.532279,0.056257,2.4742,2.49572
0.83,1,0.545225,0.0693502,2.47098,2.51076
0.85,1,0.545243,0.0699317,2.46898,2.51078
0.87,1,0.53279,0.0580154,2.46789,2.49632
0.89,1,0.511372,0.0371703,2.39542,2.47085
0.91,1,0.483983,0.0106293,2.39635,2.43708
0.93,1,0.454913,-0.0180795,2.34255,2.39963
0.95,1,0.430754,-0.0415988,2.34717,2.36711
0.97,1,0.414228,-0.0578768,2.35054,2.34407
0.99,1,0.409565,-0.0623583,2.35219,2.33745
