x,rho,E,F,T,Tr
0.01,1,0.673528,0.156498,2.66309,2.64698
0.03,1,0.701306,0.211536,2.64397,2.67386
0.05,1,0.698766,0.214937,2.63595,2.67143
0.07,1,0.657346,0.179973,2.5603,2.63093
0.09,1,0.587316,0.1156,2.45796,2.55788
0.11,1,0.501907,0.0343798,2.34158,2.45933
0.13,1,0.416388,-0.0492017,2.2321,2.34712
0.15,1,0.345304,-0.120455,2.16862,2.23981
0.17,1,0.301107,-0.166891,2.1781,2.16442
0.19,1,0.290791,-0.18087,2.188,2.14564
0.21,1,0.316649,-0.159208,2.27845,2.19183
0.23,1,0.371108,-0.109106,2.38158,2.28053
0.25,1,0.441605,-0.0419414,2.47529,2.38188
0.27,1,0.512834,0.0274913,2.56767,2.47261
0.29,1,0.571564,0.0863349,2.5626,2.54055
0.31,1,0.611061,0.128013,2.5575,2.58335
0.33,1,0.625081,0.145837,2.55206,2.59804
0.35,1,0.611086,0.136207,2.54627,2.58337
0.37,1,0.573969,0.103441,2.48531,2.54322
0.39,1,0.522714,0.0555435,2.41065,2.48443
0.41,1,0.464844,-0.000461427,2.33402,2.41262
0.43,1,0.410214,-0.0544882,2.27288,2.33837
0.45,1,0.36866,-0.096855,2.27837,2.27676
0.47,1,0.347297,-0.120945,2.28453,2.24304
0.49,1,0.351112,-0.120318,2.2911,2.24917
0.51,1,0.379934,-0.0951243,2.35667,2.29397
0.53,1,0.423988,-0.0536594,2.42445,2.35776
0.55,1,0.473857,-0.00625824,2.48097,2.42423
0.57,1,0.51801,0.037645,2.53297,2.47883
0.59,1,0.551279,0.0713551,2.5296,2.5177
0.61,1,0.570141,0.0928707,2.52601,2.53897
0.63,1,0.570835,0.0963634,2.52179,2.53974
0.65,1,0.554016,0.0832813,2.44505,2.52082
0.67,1,0.525074,0.0571857,2.4412,2.48723
0.69,1,0.487109,0.021511,2.3875,2.441
0.71,1,0.448768,-0.0161897,2.30628,2.39148
0.73,1,0.415351,-0.0494389,2.30922,2.34566
0.75,1,0.392782,-0.0742061,2.31301,2.31313
0.77,1,0.385545,-0.0836356,2.31789,2.3024
0.79,1,0.396553,-0.0757492,2.39667,2.31866
0.81,1,0.421767,-0.0535906,2.39998,2.35467
0.83,1,0.454925,-0.022372,2.46265,2.39964
0.85,1,0.48691,0.00813174,2.46054,2.44075
0.87,1,0.513585,0.0353669,2.45965,2.47351
0.89,1,0.531756,0.0548189,2.45885,2.49511
0.91,1,0.539086,0.0647599,2.48325,2.50366
0.93,1,0.533996,0.0623333,2.47971,2.49773
0.95,1,0.517928,0.0492271,2.4195,2.47873
0.97,1,0.49534,0.028835,2.41679,2.45125
0.99,1,0.469506,0.00419356,2.35353,2.41864
