x,rho,E,F,T,Tr
0.01,1,0.270781,-0.217429,2.21958,2.10773
0.03,1,0.328037,-0.154883,2.34501,2.21127
0.05,1,0.415153,-0.0720241,2.46978,2.34538
0.07,1,0.509405,0.01925,2.56618,2.46847
0.09,1,0.592568,0.101476,2.61526,2.56357
0.11,1,0.650554,0.161089,2.60822,2.62411
0.13,1,0.675409,0.189602,2.60177,2.64882
0.15,1,0.663373,0.18239,2.59537,2.63694
0.17,1,0.619286,0.143313,2.52136,2.592
0.19,1,0.553626,0.0821758,2.42676,2.52038
0.21,1,0.477594,0.00933574,2.32296,2.42899
0.23,1,0.404399,-0.0621782,2.21399,2.33004
0.25,1,0.346739,-0.119642,2.22238,2.24214
0.27,1,0.314294,-0.153638,2.22988,2.18774
0.29,1,0.313492,-0.157323,2.23673,2.18634
0.31,1,0.344529,-0.12937,2.32045,2.23856
0.33,1,0.398366,-0.079292,2.40951,2.3213
0.35,1,0.462293,-0.0178731,2.48813,2.4093
0.37,1,0.523229,0.0408145,2.58682,2.48505
0.39,1,0.570179,0.087877,2.58252,2.53901
0.41,1,0.599609,0.118258,2.57885,2.57116
0.43,1,0.605604,0.126976,2.52275,2.57756
0.45,1,0.588143,0.112414,2.51897,2.55878
0.47,1,0.551103,0.078785,2.46161,2.5175
0.49,1,0.503845,0.0341074,2.39301,2.4617
0.51,1,0.452652,-0.0147018,2.30333,2.39664
0.53,1,0.40714,-0.059668,2.3092,2.33398
0.55,1,0.373703,-0.0926444,2.31397,2.28451
0.57,1,0.359974,-0.108241,2.31806,2.26323
0.59,1,0.36887,-0.100982,2.32172,2.27709
0.61,1,0.399257,-0.073351,2.38044,2.3226
0.63,1,0.440743,-0.0339992,2.43911,2.38072
0.65,1,0.483845,0.00733169,2.51505,2.4369
0.67,1,0.520237,0.0423518,2.51095,2.48149
0.69,1,0.547273,0.069445,2.50779,2.51312
0.71,1,0.561078,0.0832662,2.50533,2.52882
0.73,1,0.557528,0.0817658,2.47126,2.52481
0.75,1,0.539829,0.0655314,2.4695,2.50453
0.77,1,0.512028,0.0400564,2.38402,2.47164
0.79,1,0.477959,0.00810387,2.38381,2.42946
0.81,1,0.444553,-0.0239744,2.33049,2.38585
0.83,1,0.416765,-0.0507508,2.36741,2.34766
0.85,1,0.398817,-0.0686504,2.33659,2.32196
0.87,1,0.395894,-0.0720872,2.33829,2.31769
0.89,1,0.408927,-0.0603716,2.41099,2.33654
0.91,1,0.433389,-0.0377858,2.41181,2.37072
0.93,1,0.463114,-0.0098378,2.47773,2.41037
0.95,1,0.490571,0.0158497,2.47385,2.44533
0.97,1,0.512891,0.0369392,2.47081,2.47268
0.99,1,0.527717,0.0510904,2.46916,2.49036
