x,rho,E,F,T,Tr
0.01,1,0.364235,-0.137611,2.40837,2.2699
0.03,1,0.453015,-0.0394574,2.51678,2.39712
0.05,1,0.548337,0.05434,2.60334,2.51434
0.07,1,0.626235,0.132463,2.64967,2.59924
0.09,1,0.673391,0.182578,2.64234,2.64684
0.11,1,0.683965,0.197268,2.63542,2.65717
0.13,1,0.657601,0.175989,2.57619,2.63119
0.15,1,0.602235,0.12519,2.49017,2.57397
0.17,1,0.528172,0.0550747,2.38733,2.49089
0.19,1,0.448896,-0.0221416,2.2814,2.39165
0.21,1,0.377804,-0.0926434,2.1771,2.29075
0.23,1,0.327638,-0.143783,2.18624,2.2106
0.25,1,0.30684,-0.166823,2.19461,2.17465
0.27,1,0.319865,-0.156742,2.26565,2.19737
0.29,1,0.362142,-0.11756,2.3572,2.26663
0.31,1,0.42335,-0.0592182,2.44635,2.35687
0.33,1,0.490136,0.00584214,2.51855,2.44478
0.35,1,0.548863,0.0638831,2.5894,2.51494
0.37,1,0.589748,0.105838,2.58421,2.56052
0.39,1,0.610021,0.127872,2.57956,2.58225
0.41,1,0.606604,0.127466,2.5064,2.57862
0.43,1,0.581745,0.105051,2.50265,2.55179
0.45,1,0.538102,0.0640636,2.43867,2.50252
0.47,1,0.486621,0.0143563,2.36656,2.44039
0.49,1,0.43458,-0.0366933,2.30632,2.37235
0.51,1,0.391526,-0.0799922,2.25921,2.31127
0.53,1,0.364992,-0.107394,2.2644,2.27108
0.55,1,0.360216,-0.113426,2.34215,2.26361
0.57,1,0.378785,-0.0968804,2.34566,2.29224
0.59,1,0.415315,-0.062273,2.4076,2.34561
0.61,1,0.460077,-0.0186424,2.46442,2.40641
0.63,1,0.503515,0.0236752,2.53368,2.4613
0.65,1,0.536795,0.0573074,2.50667,2.501
0.67,1,0.558136,0.0791128,2.50234,2.5255
0.69,1,0.564686,0.0867371,2.49878,2.53287
0.71,1,0.556156,0.0798497,2.49642,2.52325
0.73,1,0.534816,0.059265,2.45631,2.49869
0.75,1,0.502482,0.0282144,2.3666,2.46004
0.77,1,0.467236,-0.00659768,2.33781,2.41571
0.79,1,0.434012,-0.0390584,2.34272,2.37158
0.81,1,0.409614,-0.064147,2.3475,2.33752
0.83,1,0.397443,-0.0764359,2.32732,2.31996
0.85,1,0.401186,-0.073223,2.39196,2.3254
0.87,1,0.419302,-0.0558687,2.39293,2.35122
0.89,1,0.447185,-0.0283142,2.47636,2.38937
0.91,1,0.477082,0.000850694,2.47428,2.42834
0.93,1,0.503311,0.0270726,2.47115,2.46105
0.95,1,0.52291,0.0464907,2.48795,2.48467
0.97,1,0.533519,0.0571645,2.48521,2.49717
0.99,1,0.533743,0.057405,2.48381,2.49744
