x,rho,E,F,T,Tr
0.01,1,0.655623,0.136366,2.67749,2.62921
0.03,1,0.694152,0.200809,2.65838,2.66701
0.05,1,0.702906,0.215184,2.65053,2.67538
0.07,1,0.6716,0.190309,2.58416,2.64508
0.09,1,0.608778,0.133378,2.48896,2.58093
0.11,1,0.52679,0.0559551,2.37568,2.48926
0.13,1,0.440532,-0.028012,2.26052,2.38043
0.15,1,0.36477,-0.103598,2.15485,2.27073
0.17,1,0.312652,-0.157298,2.16452,2.18488
0.19,1,0.292882,-0.180536,2.17448,2.14949
0.21,1,0.309233,-0.168154,2.25557,2.17888
0.23,1,0.356678,-0.125102,2.35656,2.25803
0.25,1,0.423531,-0.061563,2.45309,2.35713
0.27,1,0.495897,0.00840398,2.52897,2.45194
0.29,1,0.5589,0.0710358,2.57682,2.52636
0.31,1,0.603121,0.116804,2.5715,2.57491
0.33,1,0.624181,0.141458,2.5662,2.5971
0.35,1,0.617726,0.138851,2.56037,2.59036
0.37,1,0.586579,0.112203,2.50527,2.55707
0.39,1,0.539196,0.0683081,2.43395,2.50379
0.41,1,0.482393,0.0141426,2.35536,2.43507
0.43,1,0.426412,-0.0412553,2.2621,2.36112
0.45,1,0.38064,-0.0874446,2.26762,2.29504
0.47,1,0.353693,-0.116977,2.2738,2.2533
0.49,1,0.350511,-0.122937,2.28064,2.24821
0.51,1,0.373215,-0.103906,2.34163,2.28376
0.53,1,0.413693,-0.06639,2.4101,2.34332
0.55,1,0.462978,-0.0195549,2.47122,2.41019
0.57,1,0.509502,0.0263663,2.54094,2.46858
0.59,1,0.545323,0.0625691,2.53789,2.51087
0.61,1,0.567359,0.0867593,2.53426,2.53586
0.63,1,0.572484,0.0948336,2.5301,2.54157
0.65,1,0.561059,0.0865726,2.46128,2.5288
0.67,1,0.536122,0.0649509,2.40898,2.50022
0.69,1,0.499991,0.030765,2.4065,2.45698
0.71,1,0.46129,-0.00683847,2.3328,2.40799
0.73,1,0.426,-0.0421783,2.33544,2.36055
0.75,1,0.400808,-0.0691633,2.3387,2.32485
0.77,1,0.389181,-0.0828618,2.34288,2.30781
0.79,1,0.395524,-0.0796917,2.38852,2.31715
0.81,1,0.417094,-0.0607658,2.39229,2.34812
0.83,1,0.448529,-0.0315354,2.47522,2.39116
0.85,1,0.481436,0.000163414,2.47319,2.43386
0.87,1,0.509551,0.0283576,2.47205,2.46864
0.89,1,0.529419,0.0498205,2.47087,2.49236
0.91,1,0.539313,0.0618454,2.46891,2.50393
0.93,1,0.537641,0.0630272,2.46579,2.50198
0.95,1,0.524868,0.0531385,2.46211,2.48699
0.97,1,0.504267,0.0344938,2.42854,2.46222
0.99,1,0.479274,0.0107331,2.35179,2.43113
