x,rho,E,F,T,Tr
0.01,1,0.72638,0.209057,2.65081,2.69744
0.03,1,0.703281,0.21656,2.6319,2.67574
0.05,1,0.653624,0.17335,2.54791,2.6272
0.07,1,0.576651,0.101999,2.43859,2.54618
0.09,1,0.486968,0.0162358,2.31821,2.44082
0.11,1,0.400411,-0.0683497,2.17004,2.32428
0.13,1,0.331732,-0.137139,2.17982,2.21747
0.15,1,0.29257,-0.178731,2.1891,2.14891
0.17,1,0.289144,-0.185619,2.19855,2.1426
0.19,1,0.322443,-0.156835,2.29649,2.20178
0.21,1,0.382856,-0.100735,2.40227,2.29837
0.23,1,0.457159,-0.0301138,2.49404,2.40258
0.25,1,0.529708,0.0406196,2.56154,2.4927
0.27,1,0.587562,0.0985483,2.61237,2.55814
0.29,1,0.622924,0.135985,2.60778,2.59579
0.31,1,0.632107,0.148564,2.54793,2.60531
0.33,1,0.613343,0.134416,2.54269,2.58575
0.35,1,0.571258,0.0962225,2.47671,2.54021
0.37,1,0.515934,0.0444527,2.39904,2.47634
0.39,1,0.455916,-0.0134918,2.27966,2.40095
0.41,1,0.401102,-0.0670168,2.23216,2.32528
0.43,1,0.361728,-0.107167,2.23667,2.26598
0.45,1,0.344072,-0.126758,2.29617,2.23781
0.47,1,0.353043,-0.121067,2.30178,2.25226
0.49,1,0.3866,-0.0907748,2.37106,2.30397
0.51,1,0.434482,-0.0462983,2.43965,2.37222
0.53,1,0.486286,0.0028262,2.49595,2.43997
0.55,1,0.530819,0.0464979,2.55204,2.49401
0.57,1,0.561815,0.0777733,2.54938,2.52965
0.59,1,0.577745,0.0955494,2.52724,2.54739
0.61,1,0.57538,0.0961569,2.52375,2.54478
0.63,1,0.556528,0.0800507,2.44,2.52367
0.65,1,0.522844,0.0504589,2.43702,2.48459
0.67,1,0.483553,0.0129644,2.38104,2.43653
0.69,1,0.443644,-0.0246895,2.29704,2.38462
0.71,1,0.411158,-0.0574637,2.29945,2.33972
0.73,1,0.389699,-0.0792816,2.30232,2.30857
0.75,1,0.3858,-0.0858502,2.36126,2.30278
0.77,1,0.399625,-0.0743489,2.36484,2.32314
0.79,1,0.428812,-0.0482949,2.45272,2.36444
0.81,1,0.463059,-0.0164821,2.49142,2.4103
0.83,1,0.496861,0.0153157,2.48843,2.45313
0.85,1,0.522421,0.0404411,2.48645,2.48409
0.87,1,0.539642,0.0579749,2.48516,2.50431
0.89,1,0.545032,0.0652916,2.48376,2.51054
0.91,1,0.537838,0.060165,2.48134,2.50221
0.93,1,0.519981,0.0452012,2.41784,2.48118
0.95,1,0.495656,0.0235384,2.4159,2.45164
0.97,1,0.467905,-0.00220465,2.39173,2.41658
0.99,1,0.443028,-0.0259135,2.36386,2.3838
