x,rho,E,F,T,Tr
0.01,1,0.721186,0.209763,2.64578,2.69261
0.03,1,0.656628,0.175703,2.54733,2.63022
0.05,1,0.576299,0.101104,2.43409,2.54579
0.07,1,0.483695,0.0124515,2.30966,2.43671
0.09,1,0.395027,-0.0742778,2.19719,2.31643
0.11,1,0.325366,-0.144085,2.12135,2.20676
0.13,1,0.286625,-0.184827,2.13042,2.13791
0.15,1,0.285028,-0.189787,2.19511,2.13493
0.17,1,0.319994,-0.158814,2.29692,2.19759
0.19,1,0.382665,-0.100336,2.4051,2.29809
0.21,1,0.458984,-0.0273865,2.4988,2.40498
0.23,1,0.533668,0.045187,2.56697,2.49735
0.25,1,0.592831,0.104147,2.61599,2.56386
0.27,1,0.627774,0.140883,2.61161,2.60083
0.29,1,0.636176,0.152581,2.5484,2.60949
0.31,1,0.616477,0.136929,2.54344,2.58905
0.33,1,0.572298,0.0967335,2.47532,2.54137
0.35,1,0.514935,0.0429419,2.3948,2.47514
0.37,1,0.452955,-0.0168274,2.31333,2.39704
0.39,1,0.396986,-0.0716644,2.22695,2.31929
0.41,1,0.357386,-0.111535,2.23142,2.25915
0.43,1,0.340346,-0.130278,2.29544,2.23173
0.45,1,0.350173,-0.123217,2.30053,2.24767
0.47,1,0.385214,-0.0910775,2.37174,2.3019
0.49,1,0.434604,-0.0448871,2.44177,2.37238
0.51,1,0.487423,0.00596514,2.4989,2.44139
0.53,1,0.533232,0.0503442,2.55394,2.49684
0.55,1,0.564546,0.0820242,2.55067,2.53272
0.57,1,0.580277,0.0986798,2.54776,2.55018
0.59,1,0.577727,0.0983925,2.4886,2.54737
0.61,1,0.557935,0.0815316,2.43742,2.52527
0.63,1,0.523209,0.0494282,2.43497,2.48502
0.65,1,0.482435,0.0111659,2.37815,2.43512
0.67,1,0.441754,-0.0283493,2.29389,2.38208
0.69,1,0.407874,-0.0613517,2.29702,2.33503
0.71,1,0.387007,-0.0823303,2.31887,2.30458
0.73,1,0.383524,-0.0877174,2.32166,2.29937
0.75,1,0.39772,-0.0749092,2.36439,2.32036
0.77,1,0.427699,-0.0476461,2.45418,2.3629
0.79,1,0.463039,-0.0143014,2.45486,2.41027
0.81,1,0.497319,0.0180404,2.50873,2.45369
0.83,1,0.523957,0.0436214,2.4862,2.48591
0.85,1,0.541236,0.0605089,2.48417,2.50616
0.87,1,0.546499,0.0668522,2.4831,2.51223
0.89,1,0.539168,0.0605921,2.48165,2.50376
0.91,1,0.521383,0.044715,2.41579,2.48285
0.93,1,0.496201,0.0217232,2.41514,2.45231
0.95,1,0.467661,-0.00476957,2.3909,2.41626
0.97,1,0.44181,-0.0290345,2.36355,2.38216
0.99,1,0.422027,-0.0478942,2.34337,2.35503
