x,rho,E,F,T,Tr
0.01,1,0.72937,0.214824,2.68136,2.70022
0.03,1,0.691578,0.207678,2.60709,2.66454
0.05,1,0.630167,0.152788,2.51219,2.60331
0.07,1,0.546003,0.0739095,2.3956,2.51166
0.09,1,0.454714,-0.014196,2.27437,2.39936
0.11,1,0.371855,-0.0956544,2.1298,2.28168
0.13,1,0.311581,-0.156587,2.13927,2.183
0.15,1,0.28432,-0.186528,2.14851,2.1336
0.17,1,0.294435,-0.17993,2.22669,2.15233
0.19,1,0.338795,-0.140243,2.3314,2.22918
0.21,1,0.406164,-0.0768038,2.43563,2.33258
0.23,1,0.482514,-0.00370708,2.52085,2.43522
0.25,1,0.551763,0.06443,2.59071,2.51825
0.27,1,0.602879,0.115903,2.58538,2.57465
0.29,1,0.630086,0.145719,2.58027,2.60322
0.31,1,0.628614,0.147997,2.52625,2.6017
0.33,1,0.600291,0.124161,2.52136,2.57189
0.35,1,0.552896,0.0805884,2.44927,2.51955
0.37,1,0.493866,0.0252095,2.36859,2.44942
0.39,1,0.433671,-0.0333443,2.2935,2.37111
0.41,1,0.382212,-0.0841311,2.25005,2.29741
0.43,1,0.349633,-0.117989,2.25549,2.2468
0.45,1,0.341225,-0.128452,2.26118,2.23317
0.47,1,0.360287,-0.112722,2.32185,2.26372
0.49,1,0.399985,-0.0763991,2.39376,2.32366
0.51,1,0.451011,-0.028467,2.46134,2.39446
0.53,1,0.501782,0.0203767,2.54842,2.45918
0.55,1,0.542498,0.0603622,2.54512,2.50762
0.57,1,0.568467,0.0873615,2.54221,2.5371
0.59,1,0.577518,0.098402,2.53899,2.54714
0.61,1,0.569736,0.0930919,2.47174,2.53852
0.63,1,0.546046,0.0727994,2.46873,2.51171
0.65,1,0.508626,0.0382026,2.41599,2.46752
0.67,1,0.467661,-0.000453908,2.36136,2.41626
0.69,1,0.428769,-0.0382228,2.32379,2.36438
0.71,1,0.399011,-0.0676747,2.32686,2.32224
0.73,1,0.383651,-0.0843182,2.32978,2.29956
0.75,1,0.386344,-0.0835099,2.33312,2.30359
0.77,1,0.406045,-0.0664673,2.4236,2.33241
0.79,1,0.438121,-0.0374455,2.42453,2.37717
0.81,1,0.473884,-0.00376454,2.48037,2.42426
0.83,1,0.505041,0.0255962,2.47715,2.46316
0.85,1,0.528536,0.0487715,2.47505,2.49132
0.87,1,0.54158,0.0624169,2.47381,2.50655
0.89,1,0.542603,0.0649722,2.47266,2.50774
0.91,1,0.531752,0.0562119,2.47062,2.4951
0.93,1,0.511534,0.0384503,2.40261,2.47104
0.95,1,0.484941,0.01458,2.36509,2.43828
0.97,1,0.456698,-0.0115468,2.34672,2.40198
0.99,1,0.432765,-0.0343767,2.3482,2.36987
