x,rho,E,F,T,Tr
0.01,1,0.398881,-0.105911,2.45726,2.32205
0.03,1,0.49033,-0.0031716,2.55563,2.44503
0.05,1,0.581739,0.0874799,2.64056,2.55178
0.07,1,0.649758,0.156847,2.63269,2.62331
0.09,1,0.684238,0.195077,2.62526,2.65744
0.11,1,0.680337,0.195845,2.61823,2.65364
0.13,1,0.641092,0.16169,2.54722,2.61452
0.15,1,0.576462,0.101484,2.45245,2.54597
0.17,1,0.498085,0.0262401,2.34611,2.45464
0.19,1,0.419684,-0.0507648,2.24815,2.35175
0.21,1,0.354668,-0.115941,2.19738,2.25485
0.23,1,0.31456,-0.157497,2.20676,2.1882
0.25,1,0.306176,-0.168706,2.215,2.17347
0.27,1,0.331556,-0.146363,2.29807,2.21718
0.29,1,0.382986,-0.0981053,2.39193,2.29857
0.31,1,0.448406,-0.034973,2.47669,2.391
0.33,1,0.51365,0.028974,2.55714,2.47359
0.35,1,0.566796,0.0821667,2.55151,2.53523
0.37,1,0.602225,0.119152,2.54584,2.57396
0.39,1,0.614445,0.133896,2.54078,2.58692
0.41,1,0.601053,0.12319,2.53633,2.5727
0.43,1,0.566651,0.0915107,2.48006,2.53507
0.45,1,0.519574,0.0465001,2.41195,2.48069
0.47,1,0.466266,-0.00519857,2.34316,2.41446
0.49,1,0.416421,-0.0547912,2.29193,2.34717
0.51,1,0.378682,-0.0930397,2.29865,2.29208
0.53,1,0.359476,-0.113939,2.3044,2.26245
0.55,1,0.363457,-0.111437,2.30941,2.26869
0.57,1,0.390531,-0.0862268,2.36862,2.30981
0.59,1,0.4313,-0.0467698,2.48168,2.36786
0.61,1,0.477076,-0.00270249,2.53049,2.42833
0.63,1,0.517426,0.0375986,2.52615,2.47813
0.65,1,0.546997,0.0679104,2.52164,2.5128
0.67,1,0.564138,0.0861744,2.51767,2.53226
0.69,1,0.56466,0.0877641,2.4847,2.53284
0.71,1,0.549576,0.0741744,2.44251,2.51576
0.73,1,0.523492,0.0492061,2.39285,2.48536
0.75,1,0.488905,0.0154745,2.3934,2.44325
0.77,1,0.453876,-0.0196459,2.32099,2.39826
0.79,1,0.423721,-0.0497958,2.32635,2.35739
0.81,1,0.402751,-0.0714126,2.33114,2.32767
0.83,1,0.396299,-0.0785515,2.3346,2.31829
0.85,1,0.4062,-0.0692647,2.40671,2.33263
0.87,1,0.42887,-0.0473135,2.40741,2.36452
0.89,1,0.458793,-0.0175402,2.46473,2.40473
0.91,1,0.487516,0.0109379,2.46311,2.44151
0.93,1,0.511845,0.0356828,2.48464,2.47142
0.95,1,0.528566,0.0526557,2.4808,2.49136
0.97,1,0.535672,0.0602359,2.47782,2.49969
0.99,1,0.531585,0.0563701,2.47623,2.49491
