x,rho,E,F,T,Tr
0.01,1,0.287923,-0.205429,2.26499,2.14033
0.03,1,0.355287,-0.131866,2.39029,2.25583
0.05,1,0.447733,-0.0435506,2.5079,2.3901
0.07,1,0.541102,0.0477171,2.59447,2.506
0.09,1,0.618204,0.124484,2.64581,2.59086
0.11,1,0.66581,0.174759,2.63904,2.63936
0.13,1,0.678336,0.19113,2.63255,2.65169
0.15,1,0.654774,0.172563,2.57676,2.62836
0.17,1,0.602453,0.125073,2.49447,2.5742
0.19,1,0.531301,0.0580864,2.39501,2.49458
0.21,1,0.45411,-0.016683,2.29113,2.39857
0.23,1,0.383845,-0.0858074,2.18203,2.29986
0.25,1,0.333243,-0.137045,2.19033,2.21999
0.27,1,0.310923,-0.161205,2.19784,2.18185
0.29,1,0.321735,-0.153438,2.26434,2.20057
0.31,1,0.361591,-0.11688,2.35283,2.26577
0.33,1,0.420722,-0.0611766,2.44031,2.35321
0.35,1,0.485837,0.00189652,2.51251,2.43941
0.37,1,0.544008,0.0588682,2.58552,2.50936
0.39,1,0.584992,0.10038,2.58099,2.55534
0.41,1,0.60572,0.122397,2.57698,2.57768
0.43,1,0.604403,0.123849,2.50813,2.57628
0.45,1,0.58151,0.103917,2.50474,2.55153
0.47,1,0.53927,0.0647423,2.44313,2.50388
0.49,1,0.489611,0.0170219,2.37494,2.44413
0.51,1,0.438335,-0.0324336,2.31278,2.37746
0.53,1,0.395141,-0.0752225,2.26404,2.31659
0.55,1,0.368337,-0.102474,2.26794,2.27627
0.57,1,0.362395,-0.10965,2.34005,2.26703
0.59,1,0.379023,-0.0953581,2.34333,2.2926
0.61,1,0.414039,-0.0624915,2.40378,2.34381
0.63,1,0.457669,-0.0206825,2.45902,2.40325
0.65,1,0.500446,0.0204077,2.50971,2.45754
0.67,1,0.534018,0.0531281,2.50549,2.49776
0.69,1,0.555582,0.0752189,2.5019,2.5226
0.71,1,0.563388,0.0833282,2.49938,2.53142
0.73,1,0.555808,0.0775308,2.46063,2.52286
0.75,1,0.535174,0.0583991,2.4593,2.49911
0.77,1,0.504144,0.029091,2.3722,2.46207
0.79,1,0.469379,-0.00387071,2.33917,2.41848
0.81,1,0.436645,-0.0355873,2.34416,2.37516
0.83,1,0.411788,-0.059516,2.34791,2.34061
0.85,1,0.399123,-0.0723806,2.35047,2.32241
0.87,1,0.40164,-0.0706919,2.35209,2.32606
0.89,1,0.418439,-0.0547566,2.39007,2.35001
0.91,1,0.445639,-0.0291086,2.47691,2.3873
0.93,1,0.475419,-0.000922903,2.47363,2.42622
0.95,1,0.501875,0.024086,2.49762,2.45929
0.97,1,0.521702,0.0430362,2.49565,2.48323
0.99,1,0.532741,0.0535762,2.49484,2.49626
