x,rho,E,F,T,Tr
0.01,1,0.572699,0.079677,2.41771,2.54181
0.03,1,0.464131,-0.00629925,2.27504,2.41169
0.05,1,0.373409,-0.0960262,2.16289,2.28406
0.07,1,0.305912,-0.164509,2.10879,2.173
0.09,1,0.272789,-0.200161,2.11981,2.11163
0.11,1,0.279143,-0.197246,2.19997,2.12382
0.13,1,0.322445,-0.157969,2.31211,2.20179
0.15,1,0.392282,-0.0917713,2.42548,2.31239
0.17,1,0.473811,-0.012826,2.52042,2.42417
0.19,1,0.550157,0.0627747,2.60994,2.51642
0.21,1,0.608219,0.12161,2.60326,2.58034
0.23,1,0.640722,0.15721,2.59677,2.61414
0.25,1,0.642787,0.162471,2.59071,2.61624
0.27,1,0.615095,0.139062,2.53563,2.5876
0.29,1,0.56606,0.0932574,2.45972,2.53441
0.31,1,0.503392,0.0334572,2.37325,2.46115
0.33,1,0.438332,-0.0306575,2.29006,2.37746
0.35,1,0.38156,-0.0872025,2.22918,2.29642
0.37,1,0.344144,-0.126051,2.23704,2.23793
0.39,1,0.332117,-0.140106,2.24399,2.21812
0.41,1,0.349168,-0.125674,2.3074,2.24605
0.43,1,0.389064,-0.0878813,2.38403,2.30763
0.45,1,0.442583,-0.03662,2.45567,2.3832
0.47,1,0.497347,0.0174343,2.5624,2.45373
0.49,1,0.543104,0.0628596,2.55738,2.50832
0.51,1,0.572559,0.0940454,2.55265,2.54165
0.53,1,0.584827,0.107778,2.54842,2.55516
0.55,1,0.578577,0.103734,2.47925,2.54831
0.57,1,0.555232,0.082417,2.47659,2.5222
0.59,1,0.516633,0.0453025,2.42126,2.47718
0.61,1,0.473249,0.00309673,2.36204,2.42345
0.63,1,0.431147,-0.0388922,2.28426,2.36765
0.65,1,0.397741,-0.0723341,2.28972,2.32039
0.67,1,0.379603,-0.0921289,2.29435,2.29347
0.69,1,0.379869,-0.0927936,2.32379,2.29388
0.71,1,0.398399,-0.0757354,2.42012,2.32135
0.73,1,0.431406,-0.0440388,2.42193,2.36801
0.75,1,0.468963,-0.00689474,2.514,2.41794
0.77,1,0.502748,0.0266554,2.51046,2.46036
0.79,1,0.528444,0.0531274,2.48432,2.49121
0.81,1,0.543633,0.0690943,2.48037,2.50893
0.83,1,0.546349,0.0728109,2.47715,2.51205
0.85,1,0.536884,0.0638682,2.47505,2.5011
0.87,1,0.517106,0.044821,2.40171,2.47774
0.89,1,0.489862,0.0177837,2.40227,2.44444
0.91,1,0.460617,-0.0117184,2.33424,2.40711
0.93,1,0.434689,-0.0376329,2.33899,2.3725
0.95,1,0.416385,-0.0568352,2.36509,2.34712
0.97,1,0.409101,-0.064487,2.34672,2.33679
0.99,1,0.414809,-0.058988,2.40408,2.3449
