x,rho,E,F,T,Tr
0.01,1,0.254588,-0.229542,2.1,2.07549
0.03,1,0.264153,-0.214918,2.19082,2.09472
0.05,1,0.317603,-0.166491,2.32024,2.19347
0.07,1,0.398442,-0.0903432,2.44523,2.32142
0.09,1,0.490003,-0.00217049,2.54627,2.44462
0.11,1,0.574035,0.0805131,2.62358,2.54329
0.13,1,0.635976,0.143365,2.61701,2.60929
0.15,1,0.667646,0.178466,2.61071,2.64118
0.17,1,0.66371,0.179273,2.60437,2.63728
0.19,1,0.627329,0.14818,2.5384,2.60037
0.21,1,0.567787,0.093623,2.45062,2.53634
0.23,1,0.495494,0.0250015,2.35226,2.45144
0.25,1,0.42273,-0.0455446,2.26209,2.35601
0.27,1,0.362478,-0.105897,2.21621,2.26716
0.29,1,0.325214,-0.144614,2.22325,2.2065
0.31,1,0.31762,-0.155427,2.23082,2.1935
0.33,1,0.341666,-0.134832,2.30742,2.23389
0.35,1,0.390122,-0.0904454,2.39427,2.3092
0.37,1,0.451272,-0.0324192,2.47309,2.39481
0.39,1,0.511834,0.0260387,2.54558,2.4714
0.41,1,0.560647,0.0744198,2.54113,2.52833
0.43,1,0.593126,0.108205,2.53718,2.56418
0.45,1,0.604166,0.121856,2.53332,2.57603
0.47,1,0.591317,0.112709,2.48031,2.56222
0.49,1,0.559198,0.0842438,2.47642,2.5267
0.51,1,0.515153,0.0434651,2.413,2.4754
0.53,1,0.465657,-0.00367189,2.34896,2.41367
0.55,1,0.41916,-0.0488878,2.30391,2.35102
0.57,1,0.384258,-0.0842711,2.30796,2.30047
0.59,1,0.366357,-0.103622,2.31184,2.2732
0.61,1,0.370744,-0.101924,2.31658,2.27997
0.63,1,0.39679,-0.0792952,2.37431,2.31901
0.65,1,0.435535,-0.043474,2.43135,2.37365
0.67,1,0.478128,-0.00329674,2.51995,2.42967
0.69,1,0.515846,0.0329724,2.48882,2.47623
0.71,1,0.543033,0.0603613,2.48652,2.50823
0.73,1,0.558693,0.0771117,2.48469,2.52612
0.75,1,0.558729,0.0792958,2.48261,2.52617
0.77,1,0.544222,0.0674396,2.47973,2.50961
0.79,1,0.519255,0.0454016,2.39751,2.48031
0.81,1,0.486947,0.0157363,2.39575,2.4408
0.83,1,0.453333,-0.0161415,2.33212,2.39754
0.85,1,0.424987,-0.0436326,2.33422,2.35915
0.87,1,0.405776,-0.0634485,2.33595,2.33202
0.89,1,0.400242,-0.070423,2.33849,2.32403
0.91,1,0.410388,-0.0627315,2.40471,2.33862
0.93,1,0.432366,-0.0435556,2.40712,2.36932
0.95,1,0.461052,-0.0175955,2.48289,2.40768
0.97,1,0.488673,0.00785438,2.47998,2.44296
0.99,1,0.511954,0.0300538,2.47843,2.47155
