x,rho,E,F,T,Tr
0.01,1,0.648184,0.129117,2.68144,2.62172
0.03,1,0.69039,0.196741,2.66243,2.66339
0.05,1,0.703247,0.214885,2.65454,2.67571
0.07,1,0.675621,0.193734,2.59163,2.64903
0.09,1,0.615566,0.13965,2.49907,2.58809
0.11,1,0.535114,0.0637924,2.38714,2.49904
0.13,1,0.448797,-0.0198916,2.27044,2.39152
0.15,1,0.371608,-0.0967302,2.15002,2.2813
0.17,1,0.316672,-0.152959,2.15962,2.19187
0.19,1,0.293688,-0.179403,2.16948,2.15096
0.21,1,0.306547,-0.170407,2.24687,2.17413
0.23,1,0.351312,-0.130081,2.34682,2.24949
0.25,1,0.416878,-0.0682457,2.44448,2.34781
0.27,1,0.489058,0.00179719,2.52303,2.44344
0.29,1,0.553272,0.0655964,2.5807,2.51997
0.31,1,0.59936,0.113033,2.59915,2.57089
0.33,1,0.622611,0.139343,2.59379,2.59547
0.35,1,0.618674,0.139768,2.51649,2.59136
0.37,1,0.590299,0.115836,2.51103,2.56112
0.39,1,0.544057,0.0730676,2.44108,2.50942
0.41,1,0.487981,0.0195646,2.36194,2.44209
0.43,1,0.431702,-0.0361219,2.25724,2.36841
0.45,1,0.384637,-0.0835858,2.26294,2.30104
0.47,1,0.355566,-0.114821,2.26937,2.25627
0.49,1,0.350105,-0.123285,2.27611,2.24756
0.51,1,0.370369,-0.106429,2.33554,2.2794
0.53,1,0.409336,-0.0703823,2.40375,2.33712
0.55,1,0.458044,-0.0239705,2.46628,2.40374
0.57,1,0.505336,0.022352,2.54304,2.46352
0.59,1,0.542174,0.0596457,2.53981,2.50724
0.61,1,0.565185,0.0845814,2.53623,2.53343
0.63,1,0.57178,0.0943395,2.532,2.54079
0.65,1,0.562707,0.0879444,2.50353,2.53065
0.67,1,0.53923,0.0678021,2.41397,2.50383
0.69,1,0.503527,0.034305,2.4093,2.46131
0.71,1,0.464905,-0.00314755,2.32892,2.4127
0.73,1,0.429321,-0.0389753,2.33177,2.36514
0.75,1,0.402784,-0.0669516,2.33504,2.32771
0.77,1,0.389899,-0.0822076,2.33935,2.30887
0.79,1,0.394449,-0.0804697,2.34436,2.31558
0.81,1,0.414602,-0.0628985,2.42878,2.3446
0.83,1,0.445195,-0.0347459,2.47809,2.38671
0.85,1,0.478653,-0.00255969,2.47601,2.43034
0.87,1,0.506863,0.0256923,2.47479,2.46538
0.89,1,0.527741,0.0479254,2.47366,2.49039
0.91,1,0.538446,0.0610436,2.47165,2.50292
0.93,1,0.537884,0.0632134,2.46855,2.50227
0.95,1,0.526372,0.0542239,2.43558,2.48877
0.97,1,0.506536,0.0365415,2.39999,2.46498
0.99,1,0.481852,0.0130748,2.35007,2.43439
