x,rho,E,F,T,Tr
0.01,1,0.698317,0.191352,2.60162,2.671
0.03,1,0.615364,0.137514,2.48544,2.58788
0.05,1,0.524398,0.0514626,2.36156,2.48643
0.07,1,0.430738,-0.0396182,2.23766,2.36709
0.09,1,0.35011,-0.119398,2.13704,2.24757
0.11,1,0.296566,-0.174184,2.14737,2.15621
0.13,1,0.278149,-0.195197,2.15695,2.12193
0.15,1,0.298647,-0.17866,2.24823,2.15999
0.17,1,0.351458,-0.129678,2.35882,2.24973
0.19,1,0.424828,-0.0599859,2.46184,2.35893
0.21,1,0.50299,0.0156754,2.59115,2.46066
0.23,1,0.570892,0.082517,2.58478,2.5398
0.25,1,0.618067,0.13097,2.5788,2.59072
0.27,1,0.639351,0.15481,2.57337,2.61274
0.29,1,0.630091,0.149213,2.5683,2.60323
0.31,1,0.594623,0.117552,2.50724,2.56579
0.33,1,0.541576,0.0681276,2.42951,2.50655
0.35,1,0.479177,0.00860648,2.34469,2.431
0.37,1,0.41849,-0.0507489,2.25357,2.35008
0.39,1,0.370003,-0.098851,2.26059,2.27883
0.41,1,0.34207,-0.128101,2.26651,2.23455
0.43,1,0.340545,-0.131713,2.27192,2.23206
0.45,1,0.366454,-0.10849,2.33936,2.27335
0.47,1,0.41121,-0.0664261,2.41271,2.33979
0.49,1,0.464564,-0.0154164,2.47721,2.41225
0.51,1,0.514705,0.0331883,2.5483,2.47486
0.53,1,0.553501,0.0712578,2.54386,2.52024
0.55,1,0.577906,0.0965527,2.54031,2.54757
0.57,1,0.583235,0.103255,2.53732,2.55342
0.59,1,0.569013,0.0916454,2.45996,2.53771
0.61,1,0.540199,0.0652121,2.45772,2.50495
0.63,1,0.500874,0.0279498,2.40338,2.45807
0.65,1,0.458865,-0.0125488,2.3504,2.40482
0.67,1,0.420557,-0.0493032,2.30109,2.35298
0.69,1,0.392996,-0.077241,2.33833,2.31344
0.71,1,0.380709,-0.0897353,2.30824,2.29514
0.73,1,0.388186,-0.0838364,2.38991,2.30633
0.75,1,0.412545,-0.0611438,2.39147,2.34169
0.77,1,0.447067,-0.0286123,2.47951,2.38921
0.79,1,0.482472,0.00512962,2.47579,2.43517
0.81,1,0.51329,0.0347708,2.47187,2.47316
0.83,1,0.535195,0.056185,2.4687,2.49913
0.85,1,0.546597,0.0675962,2.46671,2.51234
0.87,1,0.54472,0.0664539,2.4657,2.51018
0.89,1,0.530567,0.053393,2.46479,2.49371
0.91,1,0.508153,0.0321613,2.3942,2.46695
0.93,1,0.480622,0.00648454,2.34617,2.43283
0.95,1,0.45208,-0.0205601,2.35084,2.39588
0.97,1,0.429034,-0.0424923,2.35422,2.36474
0.99,1,0.41393,-0.0569399,2.35594,2.34365
