x,rho,E,F,T,Tr
0.01,1,0.363339,-0.138337,2.40705,2.2685
0.03,1,0.452055,-0.0403697,2.51569,2.39585
0.05,1,0.547438,0.0534812,2.60266,2.51331
0.07,1,0.625592,0.131763,2.64999,2.59857
0.09,1,0.673055,0.182181,2.6427,2.64651
0.11,1,0.683976,0.197246,2.63581,2.65718
0.13,1,0.657962,0.176299,2.57686,2.63155
0.15,1,0.602859,0.125753,2.49109,2.57463
0.17,1,0.528934,0.0557916,2.38838,2.49179
0.19,1,0.449657,-0.021405,2.28229,2.39267
0.21,1,0.378434,-0.0920164,2.17669,2.29171
0.23,1,0.328031,-0.143374,2.18581,2.21126
0.25,1,0.306874,-0.166667,2.19418,2.17471
0.27,1,0.319617,-0.156947,2.26478,2.19694
0.29,1,0.361668,-0.118048,2.35628,2.26589
0.31,1,0.422721,-0.0598447,2.44554,2.356
0.33,1,0.489473,0.00518805,2.51798,2.44396
0.35,1,0.548359,0.0633701,2.58959,2.51436
0.37,1,0.58946,0.105529,2.58439,2.56021
0.39,1,0.609861,0.127675,2.57974,2.58208
0.41,1,0.606767,0.127591,2.50695,2.5788
0.43,1,0.582143,0.105457,2.5032,2.55222
0.45,1,0.538516,0.0645326,2.43931,2.503
0.47,1,0.487113,0.0148894,2.36713,2.44101
0.49,1,0.435107,-0.0362267,2.30681,2.37307
0.51,1,0.391913,-0.0796221,2.25908,2.31185
0.53,1,0.365182,-0.107237,2.26432,2.27137
0.55,1,0.360204,-0.113479,2.34158,2.26359
0.57,1,0.378545,-0.0971302,2.34514,2.29187
0.59,1,0.414846,-0.0625736,2.40705,2.34495
0.61,1,0.459628,-0.0190425,2.46387,2.40582
0.63,1,0.503111,0.0233077,2.53388,2.46081
0.65,1,0.536529,0.0569713,2.50701,2.50069
0.67,1,0.557936,0.078953,2.50264,2.52527
0.69,1,0.564691,0.0866907,2.49913,2.53288
0.71,1,0.556304,0.0799478,2.49675,2.52342
0.73,1,0.535053,0.0595112,2.45674,2.49897
0.75,1,0.5029,0.0284533,2.36705,2.46055
0.77,1,0.4675,-0.0061371,2.33732,2.41605
0.79,1,0.434462,-0.0388714,2.34231,2.37219
0.81,1,0.409753,-0.063815,2.34714,2.33772
0.83,1,0.397551,-0.0762832,2.35105,2.32012
0.85,1,0.401047,-0.0733025,2.39136,2.3252
0.87,1,0.419028,-0.0560283,2.39234,2.35084
0.89,1,0.446766,-0.0286998,2.47667,2.38881
0.91,1,0.47689,0.000652333,2.47463,2.4281
0.93,1,0.503126,0.0268332,2.49186,2.46083
0.95,1,0.522799,0.0463189,2.4881,2.48453
0.97,1,0.53345,0.0570772,2.48534,2.49709
0.99,1,0.533738,0.057379,2.48395,2.49743
