x,rho,E,F,T,Tr
0.01,1,0.599543,0.103813,2.45493,2.57109
0.03,1,0.492293,0.020323,2.31348,2.44747
0.05,1,0.398269,-0.0719229,2.19628,2.32116
0.07,1,0.323383,-0.147005,2.10064,2.20339
0.09,1,0.27993,-0.192388,2.11083,2.12532
0.11,1,0.274889,-0.20077,2.17493,2.11568
0.13,1,0.308327,-0.171163,2.28075,2.17728
0.15,1,0.371667,-0.111638,2.39513,2.28139
0.17,1,0.45089,-0.0353846,2.4952,2.3943
0.19,1,0.529911,0.0420815,2.56908,2.49294
0.21,1,0.593867,0.106382,2.62588,2.56498
0.23,1,0.633244,0.147764,2.62054,2.60648
0.25,1,0.644657,0.162345,2.55856,2.61815
0.27,1,0.625993,0.147766,2.55328,2.59898
0.29,1,0.581522,0.106659,2.48311,2.55154
0.31,1,0.522264,0.0502523,2.39954,2.4839
0.33,1,0.457321,-0.0130394,2.3165,2.40279
0.35,1,0.397964,-0.0719143,2.2152,2.32072
0.37,1,0.354681,-0.115775,2.22123,2.25487
0.39,1,0.334544,-0.137585,2.28329,2.22216
0.41,1,0.342695,-0.132127,2.28908,2.23557
0.43,1,0.377201,-0.0998177,2.36347,2.28984
0.45,1,0.427699,-0.0516638,2.43733,2.3629
0.47,1,0.482964,0.00232801,2.4984,2.43579
0.49,1,0.531583,0.0505341,2.5622,2.49491
0.51,1,0.565842,0.085526,2.55768,2.53417
0.53,1,0.583903,0.10496,2.5537,2.55415
0.55,1,0.582937,0.106078,2.49408,2.55309
0.57,1,0.563701,0.088775,2.49112,2.53177
0.59,1,0.528434,0.0553277,2.43899,2.4912
0.61,1,0.486835,0.0146959,2.38217,2.44066
0.63,1,0.444036,-0.0272991,2.2836,2.38515
0.65,1,0.407809,-0.0633547,2.289,2.33494
0.67,1,0.384961,-0.0871709,2.29315,2.30153
0.69,1,0.378882,-0.0936896,2.35547,2.29238
0.71,1,0.392341,-0.0819994,2.40725,2.31248
0.73,1,0.422487,-0.0532696,2.40834,2.35567
0.75,1,0.458697,-0.017458,2.45322,2.4046
0.77,1,0.494353,0.0174368,2.51584,2.45003
0.79,1,0.522518,0.0459882,2.51187,2.4842
0.81,1,0.54125,0.064921,2.50833,2.50617
0.83,1,0.547915,0.0726136,2.48577,2.51385
0.85,1,0.541478,0.0667629,2.48381,2.50644
0.87,1,0.524264,0.0500584,2.41485,2.48627
0.89,1,0.498955,0.0251122,2.41527,2.45571
0.91,1,0.469924,-0.00350563,2.34943,2.41918
0.93,1,0.44325,-0.0303962,2.35394,2.3841
0.95,1,0.422419,-0.0513983,2.38973,2.35558
0.97,1,0.410877,-0.0631987,2.36242,2.33932
0.99,1,0.412508,-0.06161,2.36436,2.34164
