x,rho,E,F,T,Tr
0.01,1,0.726158,0.208879,2.65131,2.69724
0.03,1,0.703603,0.216651,2.63246,2.67605
0.05,1,0.654312,0.173771,2.54893,2.62789
0.07,1,0.57735,0.102867,2.43987,2.54695
0.09,1,0.487705,0.0172241,2.31923,2.44175
0.11,1,0.401108,-0.0674755,2.16945,2.32529
0.13,1,0.33222,-0.136486,2.17882,2.21829
0.15,1,0.292798,-0.178427,2.18816,2.14933
0.17,1,0.289039,-0.185695,2.19773,2.1424
0.19,1,0.321999,-0.157229,2.29547,2.20103
0.21,1,0.38219,-0.101369,2.40125,2.29737
0.23,1,0.456404,-0.0308505,2.49318,2.40159
0.25,1,0.528987,0.0398994,2.56096,2.49186
0.27,1,0.587077,0.0979637,2.6125,2.55762
0.29,1,0.622815,0.135763,2.60795,2.59568
0.31,1,0.632234,0.14862,2.54851,2.60544
0.33,1,0.61353,0.134685,2.54323,2.58595
0.35,1,0.571692,0.0966543,2.47733,2.54069
0.37,1,0.516407,0.0450615,2.39977,2.47691
0.39,1,0.456467,-0.0129293,2.2791,2.40167
0.41,1,0.401556,-0.0665291,2.23211,2.32594
0.43,1,0.36198,-0.106792,2.23672,2.26638
0.45,1,0.344087,-0.126627,2.29554,2.23784
0.47,1,0.352851,-0.121217,2.30111,2.25195
0.49,1,0.386208,-0.0911411,2.37035,2.30339
0.51,1,0.434006,-0.0468042,2.43898,2.37157
0.53,1,0.485781,0.00228948,2.49549,2.43934
0.55,1,0.530405,0.0460543,2.55219,2.49352
0.57,1,0.561583,0.0775306,2.54955,2.52939
0.59,1,0.577721,0.0955066,2.52753,2.54736
0.61,1,0.575497,0.0962675,2.52402,2.54491
0.63,1,0.556686,0.0803177,2.44052,2.52385
0.65,1,0.523238,0.050727,2.43744,2.48506
0.67,1,0.483909,0.0133819,2.38157,2.43698
0.69,1,0.444024,-0.0243766,2.29689,2.38514
0.71,1,0.411451,-0.0572608,2.29933,2.34014
0.73,1,0.389748,-0.0790372,2.30233,2.30865
0.75,1,0.385711,-0.0858074,2.3609,2.30265
0.77,1,0.399428,-0.0745192,2.36435,2.32285
0.79,1,0.428603,-0.0487399,2.45215,2.36415
0.81,1,0.462757,-0.0168327,2.45387,2.4099
0.83,1,0.496519,0.0150548,2.48869,2.45271
0.85,1,0.522054,0.0400741,2.48675,2.48365
0.87,1,0.539572,0.0578945,2.48545,2.50423
0.89,1,0.545114,0.0653663,2.48404,2.51063
0.91,1,0.538122,0.0604483,2.4816,2.50254
0.93,1,0.520188,0.0454133,2.41823,2.48143
0.95,1,0.495845,0.0237439,2.41627,2.45187
0.97,1,0.468207,-0.00188901,2.39134,2.41697
0.99,1,0.443191,-0.0257293,2.36361,2.38402
