x,rho,E,F,T,Tr
0.01,1,0.715199,0.205345,2.63287,2.687
0.03,1,0.644346,0.164515,2.52835,2.61783
0.05,1,0.560083,0.0856547,2.41125,2.52769
0.07,1,0.466444,-0.00425957,2.28653,2.41469
0.09,1,0.37982,-0.0893596,2.18006,2.2938
0.11,1,0.314689,-0.154882,2.12719,2.18843
0.13,1,0.282251,-0.189375,2.13645,2.12971
0.15,1,0.287939,-0.187327,2.21064,2.14036
0.17,1,0.329011,-0.150315,2.31642,2.21291
0.19,1,0.395713,-0.0878493,2.42404,2.31743
0.21,1,0.473358,-0.0131582,2.51568,2.42359
0.23,1,0.54625,0.0582177,2.61957,2.51194
0.25,1,0.601299,0.113389,2.61447,2.57297
0.27,1,0.631505,0.145854,2.60972,2.60469
0.29,1,0.634725,0.152227,2.53715,2.608
0.31,1,0.610359,0.132215,2.53245,2.5826
0.33,1,0.562908,0.0881339,2.46074,2.53088
0.35,1,0.50341,0.0323071,2.37899,2.46117
0.37,1,0.441411,-0.0279757,2.29981,2.38162
0.39,1,0.386951,-0.0814153,2.24165,2.30449
0.41,1,0.350872,-0.118481,2.24752,2.24879
0.43,1,0.338793,-0.132052,2.25312,2.22918
0.45,1,0.354712,-0.118801,2.31215,2.25492
0.47,1,0.392939,-0.0836697,2.38476,2.31336
0.49,1,0.443942,-0.0352671,2.4556,2.38503
0.51,1,0.496603,0.0152525,2.55497,2.45281
0.53,1,0.540236,0.0578003,2.55094,2.505
0.55,1,0.568844,0.0869502,2.54762,2.53752
0.57,1,0.580739,0.100103,2.54464,2.55068
0.59,1,0.57515,0.0967354,2.47966,2.54452
0.61,1,0.553101,0.0771285,2.47709,2.51978
0.63,1,0.515986,0.0428624,2.42463,2.4764
0.65,1,0.474724,0.00326306,2.36789,2.42534
0.67,1,0.433824,-0.0355985,2.29534,2.37132
0.69,1,0.402117,-0.0672948,2.2989,2.32675
0.71,1,0.384008,-0.0851827,2.30177,2.3001
0.73,1,0.384114,-0.0865877,2.37033,2.30026
0.75,1,0.401509,-0.0714331,2.37238,2.32587
0.77,1,0.433504,-0.0413758,2.42083,2.37088
0.79,1,0.469475,-0.0076139,2.50913,2.4186
0.81,1,0.502642,0.023672,2.48405,2.46023
0.83,1,0.527559,0.0481359,2.48098,2.49017
0.85,1,0.542811,0.0629411,2.47903,2.50798
0.87,1,0.545547,0.0668437,2.47775,2.51113
0.89,1,0.536463,0.0586914,2.47641,2.50061
0.91,1,0.517176,0.0413578,2.40769,2.47783
0.93,1,0.49084,0.0169197,2.40723,2.44566
0.95,1,0.462291,-0.00982004,2.36433,2.4093
0.97,1,0.436906,-0.0336566,2.36798,2.37552
0.99,1,0.418621,-0.0511349,2.37004,2.35027
