x,rho,E,F,T,Tr
0.01,1,0.323041,-0.173964,2.33957,2.2028
0.03,1,0.403899,-0.0853773,2.45898,2.32932
0.05,1,0.500436,0.00823651,2.56167,2.45753
0.07,1,0.58778,0.0947032,2.62831,2.55838
0.09,1,0.65083,0.158994,2.62081,2.62439
0.11,1,0.680518,0.192175,2.6138,2.65382
0.13,1,0.672557,0.188723,2.60734,2.64602
0.15,1,0.630785,0.15197,2.53494,2.60394
0.17,1,0.565577,0.0911862,2.4404,2.53387
0.19,1,0.488395,0.0170324,2.33644,2.44261
0.21,1,0.41253,-0.0571521,2.20203,2.34167
0.23,1,0.351107,-0.1185,2.21121,2.24917
0.25,1,0.314826,-0.15611,2.21961,2.18866
0.27,1,0.310196,-0.163339,2.22697,2.18057
0.29,1,0.338568,-0.138109,2.31026,2.22881
0.31,1,0.391284,-0.0887589,2.40177,2.31092
0.33,1,0.456088,-0.026492,2.48227,2.40117
0.35,1,0.518991,0.0349533,2.54737,2.48
0.37,1,0.569145,0.0850297,2.54187,2.53786
0.39,1,0.601872,0.118863,2.53683,2.57358
0.41,1,0.611125,0.130479,2.53236,2.58341
0.43,1,0.5955,0.117341,2.5285,2.56674
0.45,1,0.559661,0.0846654,2.47189,2.52722
0.47,1,0.51259,0.039575,2.40146,2.47232
0.49,1,0.460309,-0.0106781,2.29551,2.40671
0.51,1,0.412581,-0.0578256,2.30204,2.34174
0.53,1,0.37702,-0.093409,2.30804,2.28956
0.55,1,0.360422,-0.111465,2.31285,2.26394
0.57,1,0.366725,-0.106285,2.3169,2.27377
0.59,1,0.395553,-0.0798089,2.37572,2.3172
0.61,1,0.436728,-0.0401277,2.43669,2.37528
0.63,1,0.481424,0.00251328,2.52401,2.43385
0.65,1,0.519385,0.0401198,2.51935,2.48047
0.67,1,0.548055,0.0686098,2.51531,2.51401
0.69,1,0.563435,0.0846921,2.51216,2.53147
0.71,1,0.561985,0.0844165,2.50972,2.52984
0.73,1,0.545722,0.0692481,2.47719,2.51133
0.75,1,0.519013,0.0440937,2.38969,2.48002
0.77,1,0.484654,0.0109322,2.39005,2.43792
0.79,1,0.450288,-0.0224921,2.32742,2.3935
0.81,1,0.421299,-0.0508046,2.33214,2.35401
0.83,1,0.401721,-0.0703602,2.3357,2.32618
0.85,1,0.396901,-0.0753877,2.33798,2.31917
0.87,1,0.408209,-0.0644937,2.40957,2.33551
0.89,1,0.431697,-0.0423096,2.46169,2.36841
0.91,1,0.461437,-0.0135569,2.48601,2.40818
0.93,1,0.489633,0.0136733,2.48247,2.44416
0.95,1,0.51314,0.0366262,2.47859,2.47298
0.97,1,0.529024,0.0520539,2.47558,2.4919
0.99,1,0.535183,0.057948,2.47395,2.49912
