x,rho,E,F,T,Tr
0.01,1,0.338561,-0.14312,2.1123,2.2288
0.03,1,0.27595,-0.195888,2.11469,2.11772
0.05,1,0.258827,-0.216956,2.1271,2.08408
0.07,1,0.283153,-0.197185,2.23338,2.13141
0.09,1,0.342743,-0.142419,2.3578,2.23565
0.11,1,0.424363,-0.064687,2.47208,2.35828
0.13,1,0.511131,0.0196548,2.60734,2.47055
0.15,1,0.586366,0.0946013,2.60102,2.55684
0.17,1,0.638061,0.148914,2.5947,2.61142
0.19,1,0.659628,0.174558,2.5881,2.63321
0.21,1,0.647252,0.167152,2.58129,2.62078
0.23,1,0.605867,0.130544,2.51182,2.57784
0.25,1,0.545257,0.0741354,2.42409,2.5108
0.27,1,0.475454,0.0068847,2.32925,2.42627
0.29,1,0.408488,-0.0592266,2.23416,2.33591
0.31,1,0.356257,-0.112513,2.24155,2.25737
0.33,1,0.327346,-0.143952,2.24922,2.21011
0.35,1,0.327888,-0.146937,2.25726,2.21102
0.37,1,0.3581,-0.120384,2.33487,2.26028
0.39,1,0.408824,-0.0732836,2.41896,2.33639
0.41,1,0.467758,-0.0163653,2.53236,2.41639
0.43,1,0.522841,0.0374919,2.5285,2.48458
0.45,1,0.565242,0.0812666,2.52462,2.5335
0.47,1,0.591526,0.109564,2.52043,2.56245
0.49,1,0.595835,0.117773,2.51579,2.5671
0.51,1,0.57839,0.103507,2.51085,2.5481
0.53,1,0.543576,0.0723326,2.45707,2.50886
0.55,1,0.500218,0.0306542,2.39394,2.45726
0.57,1,0.453426,-0.014575,2.3169,2.39766
0.59,1,0.412271,-0.0560604,2.32061,2.3413
0.61,1,0.382886,-0.0873853,2.32512,2.29842
0.63,1,0.371198,-0.101498,2.29484,2.28067
0.65,1,0.380968,-0.0947162,2.38628,2.29553
0.67,1,0.409667,-0.0691759,2.44212,2.33759
0.69,1,0.448568,-0.032707,2.4442,2.39122
0.71,1,0.487999,0.00597468,2.50972,2.44211
0.73,1,0.520504,0.0386528,2.47719,2.4818
0.75,1,0.543922,0.063902,2.4753,2.50926
0.77,1,0.554983,0.0772854,2.47267,2.52192
0.79,1,0.550703,0.0762416,2.46918,2.51704
0.81,1,0.533637,0.0614184,2.46527,2.49731
0.83,1,0.5078,0.0376635,2.38637,2.46652
0.85,1,0.476703,0.00813943,2.33798,2.42786
0.87,1,0.446477,-0.0223433,2.33964,2.38842
0.89,1,0.422247,-0.0477064,2.37326,2.35534
0.91,1,0.407372,-0.0650071,2.34594,2.33431
0.93,1,0.40626,-0.0685403,2.35059,2.33272
0.95,1,0.419609,-0.0580469,2.41699,2.35165
0.97,1,0.442436,-0.0374452,2.41986,2.383
0.99,1,0.469743,-0.0114038,2.47395,2.41895
