x,rho,E,F,T,Tr
0.01,1,0.331975,-0.166282,2.35567,2.21788
0.03,1,0.415054,-0.0751201,2.47291,2.34524
0.05,1,0.511716,0.0188408,2.57159,2.47126
0.07,1,0.597251,0.103653,2.62193,2.56862
0.09,1,0.656954,0.165137,2.61449,2.63054
0.11,1,0.682456,0.194334,2.60756,2.65571
0.13,1,0.670041,0.18684,2.60099,2.64355
0.15,1,0.624803,0.146393,2.52513,2.59775
0.17,1,0.557502,0.0829773,2.42831,2.52478
0.19,1,0.479436,0.00787905,2.32235,2.43133
0.21,1,0.404538,-0.0657392,2.21027,2.33024
0.23,1,0.345609,-0.124632,2.21997,2.24031
0.25,1,0.312637,-0.159374,2.2283,2.18485
0.27,1,0.311878,-0.162851,2.23561,2.18352
0.29,1,0.343723,-0.134109,2.32134,2.23725
0.31,1,0.398687,-0.0824336,2.4127,2.32177
0.33,1,0.464284,-0.0191728,2.49285,2.41189
0.35,1,0.526614,0.0417532,2.59332,2.48906
0.37,1,0.57465,0.0902445,2.58855,2.54397
0.39,1,0.604455,0.120974,2.58415,2.57634
0.41,1,0.610632,0.129831,2.527,2.58289
0.43,1,0.593163,0.114932,2.52326,2.56422
0.45,1,0.555304,0.0800537,2.46469,2.52229
0.47,1,0.506886,0.0338081,2.3948,2.46541
0.49,1,0.454709,-0.0166778,2.30261,2.39936
0.51,1,0.408148,-0.0627607,2.30908,2.33542
0.53,1,0.37428,-0.0969006,2.31475,2.28539
0.55,1,0.360204,-0.112648,2.31958,2.26359
0.57,1,0.369301,-0.104918,2.3237,2.27775
0.59,1,0.400182,-0.076271,2.38353,2.32395
0.61,1,0.442361,-0.0355133,2.44358,2.3829
0.63,1,0.48678,0.007531,2.52177,2.44059
0.65,1,0.524131,0.0442424,2.51728,2.48612
0.67,1,0.550882,0.0713092,2.51302,2.51725
0.69,1,0.564542,0.0855198,2.50981,2.53271
0.71,1,0.561302,0.0836981,2.5075,2.52907
0.73,1,0.543911,0.0669955,2.47283,2.50925
0.75,1,0.515605,0.0404655,2.3853,2.47594
0.77,1,0.4811,0.00692439,2.38592,2.43344
0.79,1,0.447048,-0.0262765,2.33072,2.38919
0.81,1,0.418935,-0.0537476,2.33561,2.35071
0.83,1,0.400815,-0.0720648,2.37294,2.32486
0.85,1,0.397716,-0.0753815,2.34161,2.32036
0.87,1,0.410611,-0.0629609,2.41589,2.33894
0.89,1,0.43546,-0.0390989,2.41597,2.37355
0.91,1,0.465334,-0.00998796,2.48391,2.41325
0.93,1,0.493187,0.0170689,2.48029,2.44858
0.95,1,0.515548,0.0388899,2.47634,2.47588
0.97,1,0.530568,0.0535061,2.47331,2.49371
0.99,1,0.535447,0.0581953,2.44635,2.49943
