x,rho,E,F,T,Tr
0.01,1,0.330306,-0.167453,2.35278,2.21509
0.03,1,0.413035,-0.0767156,2.47042,2.34238
0.05,1,0.509687,0.0172039,2.5698,2.46881
0.07,1,0.595549,0.10229,2.62285,2.56679
0.09,1,0.655789,0.164277,2.6154,2.62937
0.11,1,0.682032,0.194101,2.60848,2.65529
0.13,1,0.670374,0.187255,2.60193,2.64387
0.15,1,0.625737,0.147389,2.52664,2.59872
0.17,1,0.558502,0.0846488,2.43015,2.52591
0.19,1,0.480618,0.00961375,2.32352,2.43283
0.21,1,0.405568,-0.0641508,2.20863,2.33173
0.23,1,0.346312,-0.123468,2.2178,2.24145
0.25,1,0.312796,-0.158789,2.22633,2.18513
0.27,1,0.311319,-0.162827,2.23384,2.18254
0.29,1,0.34248,-0.134573,2.31909,2.23522
0.31,1,0.397067,-0.0832873,2.41025,2.31941
0.33,1,0.462543,-0.0202788,2.49093,2.40963
0.35,1,0.525109,0.040696,2.59305,2.48728
0.37,1,0.573624,0.0895845,2.5883,2.54284
0.39,1,0.603811,0.12074,2.58401,2.57565
0.41,1,0.610467,0.130019,2.52764,2.58272
0.43,1,0.593324,0.11546,2.52387,2.56439
0.45,1,0.555803,0.0809332,2.46559,2.52285
0.47,1,0.507671,0.0348466,2.3956,2.46636
0.49,1,0.45544,-0.0156063,2.301,2.40032
0.51,1,0.408582,-0.0618707,2.30752,2.33605
0.53,1,0.374349,-0.0961971,2.31334,2.2855
0.55,1,0.359927,-0.112382,2.31807,2.26316
0.57,1,0.368358,-0.104896,2.32217,2.2763
0.59,1,0.399149,-0.0767755,2.38165,2.32244
0.61,1,0.441171,-0.0361336,2.44184,2.3813
0.63,1,0.485404,0.00653751,2.52175,2.43886
0.65,1,0.522589,0.0431981,2.51704,2.48429
0.67,1,0.550266,0.071216,2.51302,2.51654
0.69,1,0.564407,0.0858711,2.50985,2.53256
0.71,1,0.56145,0.0842131,2.50742,2.52924
0.73,1,0.543957,0.0674338,2.47317,2.5093
0.75,1,0.5158,0.0410939,2.38582,2.47618
0.77,1,0.481394,0.00770278,2.38637,2.43381
0.79,1,0.447412,-0.0254171,2.32972,2.38967
0.81,1,0.418994,-0.0531474,2.33456,2.35079
0.83,1,0.400573,-0.0717558,2.37147,2.32451
0.85,1,0.397128,-0.0753948,2.34052,2.3195
0.87,1,0.409848,-0.063167,2.41461,2.33785
0.89,1,0.434419,-0.0395838,2.41471,2.37213
0.91,1,0.464337,-0.0104596,2.48381,2.41196
0.93,1,0.492164,0.0165533,2.48018,2.44731
0.95,1,0.514788,0.0386091,2.47622,2.47496
0.97,1,0.529976,0.0533795,2.4732,2.49302
0.99,1,0.535053,0.0582568,2.44629,2.49897
