x,rho,E,F,T,Tr
0.01,1,0.694233,0.17461,2.69682,2.66709
0.03,1,0.70886,0.21745,2.62631,2.68103
0.05,1,0.693303,0.208137,2.61849,2.6662
0.07,1,0.640842,0.161887,2.53287,2.61426
0.09,1,0.563471,0.0899806,2.4238,2.53151
0.11,1,0.475559,0.0056701,2.30587,2.4264
0.13,1,0.392376,-0.0761367,2.20234,2.31253
0.15,1,0.328193,-0.14127,2.14024,2.21153
0.17,1,0.294102,-0.177924,2.14977,2.15172
0.19,1,0.295854,-0.180003,2.21509,2.15492
0.21,1,0.332242,-0.148036,2.31311,2.21832
0.23,1,0.394034,-0.0907646,2.41549,2.31497
0.25,1,0.467103,-0.020593,2.50486,2.41554
0.27,1,0.536946,0.0476689,2.61177,2.50118
0.29,1,0.590571,0.102016,2.60713,2.56141
0.31,1,0.621203,0.13523,2.60225,2.594
0.33,1,0.626632,0.144545,2.53803,2.59965
0.35,1,0.605751,0.128304,2.53258,2.57772
0.37,1,0.562176,0.088879,2.46599,2.53005
0.39,1,0.507168,0.0371315,2.38876,2.46575
0.41,1,0.448501,-0.019703,2.31262,2.39113
0.43,1,0.396582,-0.0714364,2.23643,2.3187
0.45,1,0.361139,-0.10824,2.24152,2.26506
0.47,1,0.347375,-0.124514,2.30705,2.24317
0.49,1,0.359258,-0.116539,2.31313,2.26211
0.51,1,0.3944,-0.0844372,2.38184,2.31551
0.53,1,0.442227,-0.0397266,2.44765,2.38272
0.55,1,0.492194,0.00836411,2.55089,2.44735
0.57,1,0.534082,0.0500291,2.54795,2.49783
0.59,1,0.562332,0.0791929,2.54489,2.53023
0.61,1,0.574894,0.094676,2.52105,2.54424
0.63,1,0.57065,0.0931456,2.51681,2.53953
0.65,1,0.55038,0.0761922,2.43189,2.51667
0.67,1,0.516532,0.0457548,2.42897,2.47706
0.69,1,0.477871,0.00832939,2.37488,2.42934
0.71,1,0.439344,-0.028763,2.31968,2.37883
0.73,1,0.409135,-0.0601379,2.32247,2.33684
0.75,1,0.391011,-0.0795024,2.30746,2.31051
0.77,1,0.389632,-0.083654,2.36866,2.30847
0.79,1,0.405394,-0.0712399,2.37275,2.33147
0.81,1,0.435049,-0.0444923,2.41911,2.37299
0.83,1,0.468526,-0.0127409,2.48637,2.41738
0.85,1,0.500358,0.0176035,2.48442,2.45743
0.87,1,0.524309,0.0421628,2.48325,2.48633
0.89,1,0.539104,0.058271,2.48175,2.50368
0.91,1,0.542424,0.0640773,2.47957,2.50753
0.93,1,0.533493,0.0582067,2.47631,2.49714
0.95,1,0.515285,0.0427137,2.44607,2.47556
0.97,1,0.491008,0.0207666,2.36433,2.44587
0.99,1,0.464302,-0.00455363,2.36627,2.41191
