x,rho,E,F,T,Tr
0.01,1,0.525882,0.0119585,2.59333,2.48819
0.03,1,0.606776,0.111056,2.6319,2.57881
0.05,1,0.669212,0.176064,2.62392,2.64273
0.07,1,0.694912,0.206266,2.61626,2.66774
0.09,1,0.680728,0.19759,2.60876,2.65402
0.11,1,0.631814,0.154195,2.52793,2.60501
0.13,1,0.559667,0.0864503,2.42489,2.52723
0.15,1,0.477031,0.0065756,2.3126,2.42828
0.17,1,0.398541,-0.0712096,2.19855,2.32156
0.19,1,0.33756,-0.132984,2.2082,2.22715
0.21,1,0.304146,-0.168899,2.21791,2.16986
0.23,1,0.304678,-0.171962,2.22685,2.17081
0.25,1,0.338923,-0.141302,2.31877,2.22939
0.27,1,0.397088,-0.086544,2.41537,2.31944
0.29,1,0.466219,-0.0196855,2.49951,2.4144
0.31,1,0.53189,0.0450087,2.6029,2.49527
0.33,1,0.582321,0.0963526,2.5978,2.55242
0.35,1,0.611927,0.128686,2.59271,2.58426
0.37,1,0.617596,0.137684,2.53191,2.59023
0.39,1,0.59829,0.122172,2.52671,2.56974
0.41,1,0.557818,0.0847842,2.46407,2.52513
0.43,1,0.506421,0.0356507,2.39176,2.46484
0.45,1,0.4515,-0.0184282,2.32056,2.39511
0.47,1,0.402782,-0.0679344,2.24734,2.32771
0.49,1,0.368571,-0.103365,2.25365,2.27663
0.51,1,0.354891,-0.119287,2.31458,2.2552
0.53,1,0.365618,-0.111594,2.32025,2.27205
0.55,1,0.398461,-0.0807651,2.38683,2.32144
0.57,1,0.44319,-0.0379764,2.49659,2.38402
0.59,1,0.489522,0.00798447,2.52724,2.44402
0.61,1,0.529122,0.047796,2.52375,2.49201
0.63,1,0.555395,0.0761417,2.51961,2.52239
0.65,1,0.568459,0.090945,2.51497,2.53709
0.67,1,0.564316,0.0895259,2.51078,2.53246
0.69,1,0.545869,0.0725355,2.43066,2.5115
0.71,1,0.515022,0.0438076,2.42884,2.47524
0.73,1,0.478878,0.00769117,2.37867,2.43062
0.75,1,0.443391,-0.0278629,2.30627,2.38429
0.77,1,0.414875,-0.0574624,2.31092,2.34499
0.79,1,0.397248,-0.0769972,2.31575,2.31967
0.81,1,0.395292,-0.0808202,2.33789,2.31681
0.83,1,0.409331,-0.0683539,2.41711,2.33711
0.85,1,0.436588,-0.0425829,2.41885,2.37509
0.87,1,0.467547,-0.0117084,2.48516,2.41612
0.89,1,0.496864,0.0179007,2.48376,2.45313
0.91,1,0.518966,0.041382,2.48134,2.47997
0.93,1,0.533163,0.0573297,2.47796,2.49676
0.95,1,0.537036,0.0627109,2.47428,2.50128
0.97,1,0.529368,0.0566604,2.44558,2.4923
0.99,1,0.512857,0.0410047,2.44214,2.47264
