x,rho,E,F,T,Tr
0.01,1,0.396764,-0.0874472,2.18185,2.31897
0.03,1,0.312633,-0.158556,2.08137,2.18484
0.05,1,0.26933,-0.204633,2.09313,2.10491
0.07,1,0.266442,-0.211556,2.16489,2.09924
0.09,1,0.303335,-0.179475,2.27879,2.16841
0.11,1,0.370899,-0.116099,2.40002,2.28021
0.13,1,0.454785,-0.0355332,2.50487,2.39946
0.15,1,0.538035,0.0464582,2.58158,2.50244
0.17,1,0.605042,0.114258,2.63784,2.57696
0.19,1,0.644732,0.156941,2.63187,2.61822
0.21,1,0.65501,0.171381,2.5647,2.62859
0.23,1,0.63378,0.155341,2.55832,2.60703
0.25,1,0.585378,0.111059,2.4829,2.55576
0.27,1,0.521642,0.0509056,2.39327,2.48316
0.29,1,0.452859,-0.0164381,2.30126,2.39691
0.31,1,0.390424,-0.0787638,2.2083,2.30965
0.33,1,0.346005,-0.124794,2.21632,2.24095
0.35,1,0.327039,-0.146303,2.22453,2.20959
0.37,1,0.338405,-0.138683,2.28525,2.22854
0.39,1,0.375483,-0.104537,2.36513,2.28723
0.41,1,0.429588,-0.0537116,2.44311,2.36551
0.43,1,0.487722,0.00350724,2.50721,2.44177
0.45,1,0.538969,0.0542363,2.57055,2.50353
0.47,1,0.574021,0.0911573,2.56605,2.54328
0.49,1,0.591299,0.110992,2.56139,2.5622
0.51,1,0.588928,0.111872,2.49746,2.55963
0.53,1,0.567548,0.093553,2.49312,2.53608
0.55,1,0.529252,0.0579473,2.43696,2.49217
0.57,1,0.484818,0.0147951,2.37282,2.43813
0.59,1,0.439593,-0.0298686,2.27536,2.37916
0.61,1,0.402286,-0.0681082,2.28034,2.32699
0.63,1,0.38002,-0.0928424,2.28569,2.2941
0.65,1,0.37546,-0.0994639,2.35341,2.28719
0.67,1,0.390843,-0.0871783,2.35605,2.31027
0.69,1,0.423475,-0.0563608,2.41238,2.35705
0.71,1,0.462683,-0.0188055,2.50263,2.40981
0.73,1,0.499918,0.0181126,2.52165,2.45689
0.75,1,0.528901,0.0484065,2.51885,2.49175
0.77,1,0.547356,0.0685232,2.51536,2.51321
0.79,1,0.552529,0.0766604,2.51132,2.51913
0.81,1,0.544658,0.0708649,2.48694,2.51011
0.83,1,0.525356,0.0538528,2.41367,2.48757
0.85,1,0.497592,0.0273372,2.41213,2.45403
0.87,1,0.467221,-0.00322097,2.34886,2.4157
0.89,1,0.439037,-0.0321516,2.35091,2.37841
0.91,1,0.418113,-0.0545497,2.35417,2.34955
0.93,1,0.408268,-0.0670689,2.39116,2.3356
0.95,1,0.41176,-0.0657201,2.36346,2.34057
0.97,1,0.42807,-0.0514026,2.43139,2.36342
0.99,1,0.452517,-0.0282295,2.43322,2.39646
