x,rho,E,F,T,Tr
0.01,1,0.33799,-0.144054,2.11342,2.22786
0.03,1,0.275736,-0.196507,2.11582,2.11731
0.05,1,0.259023,-0.217182,2.12823,2.08447
0.07,1,0.28371,-0.196988,2.23485,2.13246
0.09,1,0.343676,-0.141974,2.35932,2.23717
0.11,1,0.425525,-0.0640203,2.47539,2.3599
0.13,1,0.512225,0.0203306,2.60706,2.47188
0.15,1,0.587138,0.0949747,2.60084,2.55768
0.17,1,0.638734,0.149192,2.5944,2.61211
0.19,1,0.659994,0.174538,2.58786,2.63358
0.21,1,0.647305,0.166819,2.58105,2.62083
0.23,1,0.605664,0.129951,2.51137,2.57762
0.25,1,0.544888,0.0733651,2.42351,2.51037
0.27,1,0.47502,0.00603229,2.32883,2.42571
0.29,1,0.40814,-0.0600091,2.23529,2.33541
0.31,1,0.356168,-0.113063,2.24267,2.25723
0.33,1,0.327476,-0.144295,2.25034,2.21033
0.35,1,0.328324,-0.146991,2.25837,2.21176
0.37,1,0.35872,-0.120101,2.3361,2.26126
0.39,1,0.409652,-0.072893,2.41996,2.33757
0.41,1,0.468649,-0.0158409,2.53228,2.41754
0.43,1,0.523863,0.037936,2.57802,2.4858
0.45,1,0.566135,0.0813886,2.57408,2.5345
0.47,1,0.591903,0.109342,2.52039,2.56286
0.49,1,0.595909,0.11739,2.51576,2.56718
0.51,1,0.578532,0.103184,2.51083,2.54826
0.53,1,0.543572,0.0718572,2.45697,2.50886
0.55,1,0.500144,0.0301059,2.39392,2.45717
0.57,1,0.453362,-0.015127,2.31798,2.39758
0.59,1,0.412281,-0.0565502,2.32168,2.34131
0.61,1,0.383044,-0.0877393,2.32617,2.29865
0.63,1,0.371559,-0.101658,2.2957,2.28123
0.65,1,0.381537,-0.0946757,2.38734,2.29639
0.67,1,0.410392,-0.068985,2.44306,2.33863
0.69,1,0.449354,-0.0324564,2.44513,2.39226
0.71,1,0.488767,0.00621052,2.50996,2.44308
0.73,1,0.521222,0.0388444,2.47734,2.48266
0.75,1,0.544466,0.06409,2.47546,2.50989
0.77,1,0.555561,0.0771901,2.47284,2.52258
0.79,1,0.551035,0.0761027,2.46925,2.51742
0.81,1,0.533797,0.0612153,2.46542,2.4975
0.83,1,0.507929,0.0373354,2.38657,2.46668
0.85,1,0.476859,0.00780504,2.3388,2.42806
0.87,1,0.446689,-0.0226994,2.37278,2.38871
0.89,1,0.422513,-0.0480314,2.37432,2.35571
0.91,1,0.407721,-0.0651819,2.34676,2.33481
0.93,1,0.406716,-0.0686215,2.35141,2.33337
0.95,1,0.420201,-0.0579897,2.41778,2.35248
0.97,1,0.443218,-0.0372102,2.42065,2.38405
0.99,1,0.47038,-0.0113083,2.4743,2.41977
