x,rho,E,F,T,Tr
0.01,1,0.46414,-0.0230792,2.27043,2.4117
0.03,1,0.36435,-0.106142,2.14831,2.27008
0.05,1,0.297874,-0.174097,2.10388,2.15859
0.07,1,0.267326,-0.207702,2.11575,2.10098
0.09,1,0.277289,-0.201663,2.20293,2.12029
0.11,1,0.324432,-0.158901,2.31993,2.20517
0.13,1,0.39772,-0.0893581,2.43575,2.32036
0.15,1,0.481909,-0.00787134,2.53082,2.43446
0.17,1,0.559387,0.0691946,2.61291,2.52691
0.19,1,0.617232,0.128318,2.60622,2.58984
0.21,1,0.648621,0.163102,2.59954,2.62216
0.23,1,0.647822,0.166359,2.59312,2.62135
0.25,1,0.616926,0.140124,2.53423,2.58952
0.27,1,0.564678,0.0914103,2.45473,2.53286
0.29,1,0.499426,0.0289976,2.36531,2.45629
0.31,1,0.432829,-0.0369006,2.28134,2.36996
0.33,1,0.375897,-0.0940908,2.22839,2.28786
0.35,1,0.339604,-0.132375,2.23663,2.23051
0.37,1,0.329755,-0.144643,2.24441,2.21416
0.39,1,0.349847,-0.127884,2.31188,2.24714
0.41,1,0.392707,-0.0878442,2.39134,2.31302
0.43,1,0.448394,-0.0345741,2.46614,2.39098
0.45,1,0.504048,0.0208524,2.56617,2.46195
0.47,1,0.550064,0.0665705,2.56168,2.51631
0.49,1,0.579358,0.0984448,2.55669,2.54917
0.51,1,0.590497,0.111682,2.55195,2.56133
0.53,1,0.581077,0.105569,2.4785,2.55106
0.55,1,0.555059,0.08186,2.47491,2.52201
0.57,1,0.514979,0.0437347,2.41735,2.47519
0.59,1,0.470397,-0.000312379,2.35681,2.41979
0.61,1,0.427705,-0.0431311,2.2823,2.36291
0.63,1,0.395109,-0.0770068,2.28823,2.31655
0.65,1,0.37769,-0.0963689,2.29385,2.29058
0.67,1,0.38025,-0.0961971,2.37066,2.29445
0.69,1,0.401251,-0.0772286,2.37476,2.32549
0.71,1,0.436164,-0.0437945,2.42775,2.37451
0.73,1,0.474537,-0.0057366,2.49177,2.4251
0.75,1,0.50875,0.0288519,2.48961,2.46767
0.77,1,0.533998,0.0554766,2.48665,2.49774
0.79,1,0.54839,0.0715973,2.48278,2.5144
0.81,1,0.549727,0.0749145,2.47878,2.51593
0.83,1,0.538454,0.0649538,2.47561,2.50293
0.85,1,0.516952,0.0448293,2.39977,2.47756
0.87,1,0.488616,0.0168067,2.39953,2.44289
0.89,1,0.458477,-0.0139048,2.33496,2.40431
0.91,1,0.432946,-0.0402235,2.33882,2.37012
0.93,1,0.415136,-0.0599288,2.36705,2.34536
0.95,1,0.409139,-0.0674181,2.34809,2.33684
0.97,1,0.416971,-0.0611493,2.4073,2.34795
0.99,1,0.435501,-0.0435974,2.41026,2.37361
