x,rho,E,F,T,Tr
0.01,1,0.717972,0.206765,2.63801,2.6896
0.03,1,0.649317,0.168473,2.53592,2.62286
0.05,1,0.566475,0.0911121,2.42017,2.53488
0.07,1,0.47311,0.00163399,2.29554,2.42327
0.09,1,0.385689,-0.0841607,2.1867,2.30261
0.11,1,0.318763,-0.151305,2.12545,2.19548
0.13,1,0.284073,-0.188157,2.13461,2.13314
0.15,1,0.287016,-0.18853,2.20545,2.13864
0.17,1,0.325869,-0.153719,2.3096,2.20761
0.19,1,0.391175,-0.0927444,2.41734,2.31076
0.21,1,0.468372,-0.0186703,2.51083,2.41718
0.23,1,0.54213,0.0533012,2.62045,2.50719
0.25,1,0.598721,0.110101,2.61542,2.5702
0.27,1,0.630288,0.14375,2.61068,2.60343
0.29,1,0.635654,0.152137,2.5417,2.60896
0.31,1,0.613097,0.134087,2.53705,2.5855
0.33,1,0.566788,0.091215,2.46649,2.53523
0.35,1,0.508033,0.036079,2.3852,2.4668
0.37,1,0.445986,-0.024158,2.30513,2.38777
0.39,1,0.390764,-0.0783065,2.23964,2.31015
0.41,1,0.353186,-0.11653,2.2456,2.25249
0.43,1,0.339516,-0.131941,2.25103,2.23037
0.45,1,0.353824,-0.12069,2.30852,2.2535
0.47,1,0.390536,-0.086666,2.38085,2.30981
0.49,1,0.44103,-0.0390833,2.4498,2.38111
0.51,1,0.493634,0.0117304,2.55668,2.44914
0.53,1,0.538278,0.0549676,2.55269,2.50273
0.55,1,0.567974,0.0849418,2.54924,2.53655
0.57,1,0.581133,0.0994433,2.54652,2.55112
0.59,1,0.576689,0.09722,2.48377,2.54623
0.61,1,0.555347,0.0787135,2.48104,2.52233
0.63,1,0.519369,0.0449021,2.42901,2.48045
0.65,1,0.478196,0.0059256,2.37271,2.42976
0.67,1,0.437324,-0.0330511,2.2956,2.37609
0.69,1,0.405096,-0.065174,2.32032,2.33105
0.71,1,0.385881,-0.0840737,2.32327,2.3029
0.73,1,0.384593,-0.0872768,2.36801,2.30097
0.75,1,0.400616,-0.072762,2.37024,2.32457
0.77,1,0.43178,-0.0438305,2.45929,2.36852
0.79,1,0.467723,-0.0103146,2.51115,2.41634
0.81,1,0.501314,0.0214222,2.4867,2.45861
0.83,1,0.526741,0.0464697,2.48357,2.48921
0.85,1,0.542935,0.0619434,2.48169,2.50812
0.87,1,0.546688,0.0667398,2.48031,2.51244
0.89,1,0.538173,0.0592638,2.47916,2.5026
0.91,1,0.519318,0.0424811,2.4123,2.48039
0.93,1,0.493501,0.018606,2.41044,2.44897
0.95,1,0.464843,-0.00816771,2.36367,2.41261
0.97,1,0.439275,-0.0321312,2.36729,2.37873
0.99,1,0.420457,-0.0501191,2.36931,2.35284
