x,rho,E,F,T,Tr
0.01,1,0.262446,-0.220697,2.08224,2.09133
0.03,1,0.255964,-0.221475,2.15132,2.07829
0.05,1,0.295848,-0.186862,2.27325,2.15491
0.07,1,0.367567,-0.119738,2.40168,2.27507
0.09,1,0.456452,-0.0348028,2.51158,2.40165
0.11,1,0.54441,0.0510348,2.63904,2.50982
0.13,1,0.615227,0.121956,2.63255,2.58774
0.15,1,0.657776,0.167296,2.62628,2.63136
0.17,1,0.66679,0.180802,2.57063,2.64033
0.19,1,0.641927,0.161425,2.56437,2.61537
0.21,1,0.590623,0.114949,2.48422,2.56147
0.23,1,0.522243,0.0510126,2.38889,2.48387
0.25,1,0.449065,-0.0198722,2.29143,2.39188
0.27,1,0.383244,-0.0848209,2.19784,2.29895
0.29,1,0.337071,-0.132285,2.20504,2.22634
0.31,1,0.318099,-0.153642,2.21269,2.19433
0.33,1,0.331071,-0.144406,2.2782,2.21637
0.35,1,0.371136,-0.108093,2.3631,2.28058
0.37,1,0.428762,-0.0545118,2.44575,2.36437
0.39,1,0.490706,0.00529495,2.51313,2.4455
0.41,1,0.544935,0.0583932,2.57698,2.51043
0.43,1,0.581923,0.0965979,2.57327,2.55198
0.45,1,0.599713,0.116246,2.56917,2.57127
0.47,1,0.596401,0.116658,2.5009,2.56771
0.49,1,0.573143,0.0969323,2.49674,2.5423
0.51,1,0.531726,0.0592251,2.43696,2.49507
0.53,1,0.483835,0.0139318,2.36854,2.43689
0.55,1,0.43557,-0.032876,2.26794,2.3737
0.57,1,0.395726,-0.0727247,2.27157,2.31745
0.59,1,0.371755,-0.097718,2.27583,2.28153
0.61,1,0.368339,-0.103659,2.34715,2.27627
0.63,1,0.386079,-0.0894759,2.3515,2.30319
0.65,1,0.420882,-0.0574168,2.41183,2.35343
0.67,1,0.463279,-0.0181895,2.50549,2.41058
0.69,1,0.503023,0.0202823,2.5019,2.4607
0.71,1,0.534198,0.0509342,2.49938,2.49797
0.73,1,0.553491,0.0714488,2.51989,2.52022
0.75,1,0.558859,0.0788904,2.5172,2.52631
0.77,1,0.550243,0.0726796,2.45724,2.51652
0.79,1,0.528994,0.0550645,2.41397,2.49186
0.81,1,0.498504,0.0271399,2.41173,2.45515
0.83,1,0.465398,-0.00422064,2.34791,2.41333
0.85,1,0.434689,-0.0336514,2.35047,2.3725
0.87,1,0.412485,-0.0566545,2.35209,2.3416
0.89,1,0.40193,-0.0684489,2.33215,2.32648
0.91,1,0.406309,-0.0667136,2.39185,2.33279
0.93,1,0.424183,-0.0518951,2.39491,2.35803
0.95,1,0.451209,-0.0274753,2.43214,2.39473
0.97,1,0.479646,-0.00127213,2.49565,2.4316
0.99,1,0.504297,0.0220793,2.49484,2.46225
