x,rho,E,F,T,Tr
0.01,1,0.306774,-0.186011,2.30841,2.17453
0.03,1,0.382998,-0.102766,2.43136,2.29858
0.05,1,0.478587,-0.0103907,2.54122,2.43025
0.07,1,0.568712,0.0784793,2.63754,2.53737
0.09,1,0.637234,0.147724,2.63006,2.61057
0.11,1,0.674355,0.187997,2.62295,2.64779
0.13,1,0.674194,0.1923,2.61642,2.64763
0.15,1,0.639196,0.162355,2.54997,2.61258
0.17,1,0.578554,0.106341,2.45948,2.54828
0.19,1,0.50319,0.0344699,2.35612,2.4609
0.21,1,0.426166,-0.0405625,2.258,2.36078
0.23,1,0.360779,-0.10551,2.19439,2.2645
0.25,1,0.318784,-0.148513,2.20287,2.19551
0.27,1,0.307145,-0.162665,2.21036,2.17519
0.29,1,0.328601,-0.143803,2.2886,2.21222
0.31,1,0.376822,-0.0991366,2.37987,2.28926
0.33,1,0.439868,-0.038684,2.46488,2.37953
0.35,1,0.504208,0.023535,2.55467,2.46215
0.37,1,0.55705,0.0762372,2.54885,2.52427
0.39,1,0.593424,0.113423,2.54375,2.5645
0.41,1,0.607824,0.129928,2.5392,2.57992
0.43,1,0.597167,0.121885,2.53529,2.56853
0.45,1,0.565463,0.0931432,2.48196,2.53374
0.47,1,0.520662,0.0507952,2.41603,2.48199
0.49,1,0.468833,0.00107324,2.34758,2.41778
0.51,1,0.419263,-0.0474239,2.28694,2.35117
0.53,1,0.380734,-0.0858025,2.29299,2.29518
0.55,1,0.359549,-0.107831,2.29775,2.26256
0.57,1,0.361116,-0.107794,2.30177,2.26503
0.59,1,0.385312,-0.0850198,2.35871,2.30205
0.61,1,0.424629,-0.0483817,2.47124,2.35865
0.63,1,0.469132,-0.00530837,2.471,2.41816
0.65,1,0.509666,0.0341214,2.52076,2.46878
0.67,1,0.539416,0.0636777,2.48918,2.50405
0.69,1,0.557517,0.0823151,2.48577,2.52479
0.71,1,0.55979,0.0854862,2.48335,2.52736
0.73,1,0.546735,0.0737177,2.48152,2.5125
0.75,1,0.522377,0.0506995,2.39645,2.48403
0.77,1,0.489275,0.0193269,2.39651,2.44371
0.79,1,0.454194,-0.0148501,2.31778,2.39868
0.81,1,0.423241,-0.0446648,2.32252,2.35672
0.83,1,0.401591,-0.0661193,2.32601,2.32599
0.85,1,0.393417,-0.074387,2.32808,2.31406
0.87,1,0.401438,-0.0669256,2.39691,2.32577
0.89,1,0.422704,-0.0468612,2.39743,2.35597
0.91,1,0.451629,-0.0189369,2.46253,2.39528
0.93,1,0.480651,0.00877357,2.45954,2.43287
0.95,1,0.505478,0.0327412,2.47884,2.4637
0.97,1,0.522823,0.0493919,2.47593,2.48456
0.99,1,0.530896,0.0571078,2.47439,2.4941
