x,rho,E,F,T,Tr
0.01,1,0.504648,0.0159029,2.32501,2.46268
0.03,1,0.399255,-0.0706036,2.19233,2.3226
0.05,1,0.321978,-0.148647,2.14169,2.20099
0.07,1,0.276477,-0.19638,2.10064,2.11873
0.09,1,0.269887,-0.206375,2.16475,2.10599
0.11,1,0.302803,-0.177554,2.27281,2.16746
0.13,1,0.366777,-0.1177,2.39061,2.27385
0.15,1,0.447604,-0.0398689,2.49419,2.38993
0.17,1,0.528885,0.0400213,2.57101,2.49174
0.19,1,0.595272,0.107037,2.63163,2.56649
0.21,1,0.636823,0.15086,2.62588,2.61015
0.23,1,0.649388,0.167166,2.56443,2.62293
0.25,1,0.630993,0.153251,2.55856,2.60416
0.27,1,0.586003,0.111899,2.48707,2.55644
0.29,1,0.525334,0.0544577,2.40134,2.48754
0.31,1,0.458852,-0.0106902,2.31516,2.4048
0.33,1,0.397733,-0.0716898,2.26091,2.32038
0.35,1,0.352908,-0.117666,2.2152,2.25204
0.37,1,0.33156,-0.141196,2.27638,2.21718
0.39,1,0.339066,-0.136646,2.28329,2.22963
0.41,1,0.373725,-0.104556,2.35956,2.28454
0.43,1,0.425143,-0.0557043,2.43585,2.35937
0.45,1,0.481692,-0.000141014,2.49926,2.43419
0.47,1,0.531887,0.0499112,2.56696,2.49526
0.49,1,0.567497,0.0867358,2.5622,2.53602
0.51,1,0.586398,0.107772,2.55768,2.55688
0.53,1,0.585903,0.109808,2.49785,2.55634
0.55,1,0.566415,0.0928444,2.49408,2.53481
0.57,1,0.530593,0.0589805,2.44052,2.49374
0.59,1,0.488085,0.0174508,2.38202,2.44222
0.61,1,0.444287,-0.0260707,2.32883,2.38549
0.63,1,0.407178,-0.0639713,2.2836,2.33404
0.65,1,0.383328,-0.089059,2.289,2.29908
0.67,1,0.376896,-0.0970393,2.35154,2.28937
0.69,1,0.390364,-0.0858818,2.35547,2.30956
0.71,1,0.420653,-0.0564684,2.40725,2.35311
0.73,1,0.457829,-0.0202908,2.5028,2.40346
0.75,1,0.494286,0.0160583,2.51963,2.44994
0.77,1,0.523297,0.0461102,2.51584,2.48513
0.79,1,0.542512,0.0663401,2.51187,2.50763
0.81,1,0.549354,0.0751393,2.50833,2.5155
0.83,1,0.542936,0.0698437,2.48577,2.50812
0.85,1,0.525279,0.0534328,2.41529,2.48748
0.87,1,0.499356,0.0279928,2.41485,2.4562
0.89,1,0.470102,-0.00175212,2.34603,2.41941
0.91,1,0.442688,-0.0298727,2.34943,2.38334
0.93,1,0.421472,-0.0520109,2.35394,2.35426
0.95,1,0.409963,-0.0652183,2.38973,2.33802
0.97,1,0.411688,-0.0645436,2.36242,2.34047
0.99,1,0.426123,-0.0506956,2.42807,2.36072
