x,rho,E,F,T,Tr
0.01,1,0.49316,0.00416271,2.30924,2.44855
0.03,1,0.389159,-0.0817295,2.17598,2.30777
0.05,1,0.314632,-0.157067,2.09313,2.18833
0.07,1,0.273542,-0.200862,2.10467,2.11309
0.09,1,0.271942,-0.205987,2.17619,2.10999
0.11,1,0.309167,-0.173037,2.2872,2.17876
0.13,1,0.375994,-0.11007,2.40463,2.288
0.15,1,0.458005,-0.0310172,2.50585,2.40369
0.17,1,0.538664,0.048638,2.57935,2.50317
0.19,1,0.603013,0.113721,2.63187,2.5748
0.21,1,0.64052,0.15398,2.62599,2.61393
0.23,1,0.649591,0.166814,2.55832,2.62314
0.25,1,0.628252,0.150044,2.55243,2.60133
0.27,1,0.580563,0.105978,2.47849,2.55049
0.29,1,0.518413,0.0468636,2.39119,2.47931
0.31,1,0.451512,-0.0187797,2.30262,2.39513
0.33,1,0.390969,-0.0790372,2.21632,2.31045
0.35,1,0.34849,-0.123231,2.22453,2.24496
0.37,1,0.330656,-0.143035,2.23236,2.21567
0.39,1,0.342646,-0.1344,2.2919,2.23549
0.41,1,0.379363,-0.100009,2.36963,2.29311
0.43,1,0.432347,-0.0498264,2.44489,2.3693
0.45,1,0.488901,0.00595639,2.50644,2.44324
0.47,1,0.538124,0.0551382,2.56605,2.50255
0.49,1,0.571755,0.0902213,2.56139,2.54076
0.51,1,0.588129,0.108552,2.55683,2.55876
0.53,1,0.585276,0.108572,2.49312,2.55565
0.55,1,0.564245,0.0898732,2.48943,2.53238
0.57,1,0.526698,0.0545928,2.43457,2.48915
0.59,1,0.483449,0.0121918,2.37272,2.4364
0.61,1,0.439955,-0.0316114,2.28034,2.37965
0.63,1,0.403816,-0.0681178,2.28569,2.3292
0.65,1,0.38234,-0.0913495,2.29121,2.2976
0.67,1,0.378343,-0.0967541,2.35605,2.29157
0.69,1,0.393662,-0.0839069,2.41238,2.31442
0.71,1,0.425792,-0.0535053,2.41434,2.36027
0.73,1,0.463545,-0.0159994,2.45992,2.41093
0.75,1,0.499539,0.019816,2.51885,2.45643
0.77,1,0.527298,0.0489339,2.51536,2.48986
0.79,1,0.545089,0.0678761,2.51132,2.51061
0.81,1,0.550073,0.0749605,2.48694,2.51632
0.83,1,0.542268,0.0685432,2.48381,2.50735
0.85,1,0.523768,0.0509059,2.41213,2.48569
0.87,1,0.497028,0.0245929,2.41192,2.45333
0.89,1,0.467311,-0.00519477,2.35091,2.41581
0.91,1,0.440347,-0.0332904,2.35417,2.38018
0.93,1,0.420115,-0.054758,2.39116,2.35236
0.95,1,0.410449,-0.0660985,2.36346,2.33871
0.97,1,0.413862,-0.0637501,2.36707,2.34356
0.99,1,0.429548,-0.0487699,2.43322,2.36545
