x,rho,E,F,T,Tr
0.01,1,0.727352,0.214178,2.6632,2.69835
0.03,1,0.67355,0.191233,2.57472,2.647
0.05,1,0.600579,0.124146,2.46855,2.5722
0.07,1,0.510438,0.0388853,2.34651,2.46972
0.09,1,0.419686,-0.0492981,2.22916,2.35176
0.11,1,0.343698,-0.124886,2.1538,2.2372
0.13,1,0.295472,-0.174682,2.16314,2.15422
0.15,1,0.282547,-0.190726,2.17263,2.13027
0.17,1,0.307434,-0.169739,2.26624,2.1757
0.19,1,0.363033,-0.118562,2.37464,2.26803
0.21,1,0.436648,-0.0487806,2.47458,2.37517
0.23,1,0.512427,0.024491,2.57992,2.47212
0.25,1,0.57613,0.0873802,2.57393,2.54561
0.27,1,0.619391,0.132246,2.56865,2.59211
0.29,1,0.636236,0.152006,2.56369,2.60955
0.31,1,0.623255,0.143028,2.55854,2.59614
0.33,1,0.585497,0.109303,2.49602,2.55589
0.35,1,0.53183,0.0594457,2.41853,2.4952
0.37,1,0.470334,0.00100592,2.3371,2.41971
0.39,1,0.411977,-0.0559293,2.26603,2.34088
0.41,1,0.367128,-0.101008,2.27213,2.2744
0.43,1,0.34295,-0.126847,2.27725,2.23599
0.45,1,0.345267,-0.127152,2.28293,2.23975
0.47,1,0.373894,-0.101487,2.35112,2.2848
0.49,1,0.419886,-0.0587801,2.42206,2.35204
0.51,1,0.472371,-0.00905416,2.4827,2.42232
0.53,1,0.519848,0.0370591,2.54184,2.48102
0.55,1,0.556336,0.0731265,2.53818,2.52346
0.57,1,0.577919,0.096042,2.53505,2.54758
0.59,1,0.580398,0.100218,2.53188,2.55031
0.61,1,0.564008,0.0867205,2.45277,2.53211
0.63,1,0.533776,0.0596102,2.45036,2.49748
0.65,1,0.494221,0.0225683,2.39361,2.44986
0.67,1,0.453177,-0.0166318,2.33865,2.39733
0.69,1,0.416956,-0.0513219,2.30756,2.34792
0.71,1,0.391704,-0.0772928,2.34566,2.31154
0.73,1,0.382295,-0.0875915,2.3135,2.29753
0.75,1,0.392338,-0.0797677,2.39568,2.31247
0.77,1,0.418349,-0.0562972,2.39782,2.34988
0.79,1,0.45294,-0.0242459,2.47243,2.39702
0.81,1,0.487478,0.00815537,2.46858,2.44146
0.83,1,0.516627,0.0360372,2.46543,2.47717
0.85,1,0.537136,0.0561342,2.46348,2.5014
0.87,1,0.546356,0.0663065,2.46248,2.51206
0.89,1,0.542662,0.0636652,2.46169,2.50781
0.91,1,0.526726,0.0501012,2.42593,2.48919
0.93,1,0.503179,0.0287933,2.42473,2.46089
0.95,1,0.475606,0.00345158,2.35307,2.42646
0.97,1,0.44825,-0.0219515,2.3565,2.39079
0.99,1,0.426595,-0.0426497,2.35827,2.36138
