x,rho,E,F,T,Tr
0.01,1,0.310341,-0.185775,2.31481,2.18083
0.03,1,0.387242,-0.101692,2.43705,2.30493
0.05,1,0.483132,-0.00915078,2.54575,2.436
0.07,1,0.573005,0.0794155,2.63801,2.54215
0.09,1,0.640821,0.148068,2.63052,2.61424
0.11,1,0.67694,0.187447,2.62358,2.65032
0.13,1,0.675778,0.19068,2.61701,2.64919
0.15,1,0.639948,0.15973,2.54994,2.61335
0.17,1,0.578769,0.102976,2.45924,2.54852
0.19,1,0.503124,0.0308169,2.35625,2.46082
0.21,1,0.426267,-0.0441198,2.25927,2.36092
0.23,1,0.36145,-0.108602,2.20029,2.26555
0.25,1,0.320281,-0.150849,2.20871,2.19808
0.27,1,0.309634,-0.163995,2.21621,2.17958
0.29,1,0.332106,-0.144224,2.29486,2.2181
0.31,1,0.381078,-0.0989486,2.38589,2.2957
0.33,1,0.444392,-0.0381893,2.47016,2.38563
0.35,1,0.508616,0.0239808,2.55637,2.46751
0.37,1,0.561233,0.076342,2.5506,2.52899
0.39,1,0.59706,0.113094,2.54558,2.56842
0.41,1,0.610763,0.128965,2.54113,2.58303
0.43,1,0.599393,0.120281,2.53718,2.57092
0.45,1,0.567243,0.090911,2.48357,2.53573
0.47,1,0.522055,0.0482981,2.41786,2.48365
0.49,1,0.470233,-0.00153104,2.35001,2.41958
0.51,1,0.420888,-0.04984,2.2931,2.35344
0.53,1,0.382864,-0.0878595,2.29912,2.29838
0.55,1,0.362329,-0.109241,2.30391,2.26693
0.57,1,0.364668,-0.108484,2.30796,2.27057
0.59,1,0.389646,-0.0852482,2.36498,2.3085
0.61,1,0.429091,-0.0480331,2.47643,2.36482
0.63,1,0.473759,-0.00503453,2.47606,2.4241
0.65,1,0.514063,0.0342198,2.524,2.47409
0.67,1,0.543596,0.0633883,2.51995,2.50888
0.69,1,0.561388,0.0816789,2.48882,2.52917
0.71,1,0.563079,0.0844431,2.48652,2.53107
0.73,1,0.54961,0.0722742,2.48469,2.51579
0.75,1,0.524962,0.049054,2.39997,2.4871
0.77,1,0.491608,0.01735,2.39823,2.44662
0.79,1,0.456773,-0.0166801,2.32383,2.40207
0.81,1,0.42622,-0.0461576,2.32861,2.36086
0.83,1,0.404844,-0.0673754,2.33212,2.33068
0.85,1,0.397164,-0.0751754,2.33422,2.31955
0.87,1,0.405723,-0.0671842,2.40298,2.33195
0.89,1,0.42737,-0.0467277,2.40347,2.36245
0.91,1,0.456272,-0.018806,2.46633,2.40142
0.93,1,0.485193,0.00884076,2.46339,2.4386
0.95,1,0.509958,0.0327731,2.48289,2.46914
0.97,1,0.527083,0.0492268,2.47998,2.48961
0.99,1,0.534888,0.0566871,2.47843,2.49877
