x,rho,E,F,T,Tr
0.01,1,0.721236,0.210164,2.64618,2.69266
0.03,1,0.656989,0.176487,2.54804,2.63058
0.05,1,0.576866,0.102123,2.43497,2.54642
0.07,1,0.484322,0.0135629,2.31052,2.4375
0.09,1,0.3956,-0.0732234,2.19774,2.31726
0.11,1,0.325733,-0.143186,2.12048,2.20738
0.13,1,0.286556,-0.184235,2.12953,2.13778
0.15,1,0.284501,-0.189625,2.19367,2.13394
0.17,1,0.319208,-0.159024,2.2953,2.19624
0.19,1,0.381622,-0.100744,2.40366,2.29652
0.21,1,0.457933,-0.0279483,2.49755,2.4036
0.23,1,0.532559,0.0447878,2.56608,2.49605
0.25,1,0.591849,0.103937,2.61569,2.5628
0.27,1,0.627164,0.140765,2.61115,2.6002
0.29,1,0.635866,0.152712,2.54841,2.60917
0.31,1,0.616379,0.137342,2.54361,2.58895
0.33,1,0.572398,0.0973544,2.47561,2.54148
0.35,1,0.515153,0.0436722,2.39514,2.4754
0.37,1,0.453228,-0.0160693,2.31356,2.3974
0.39,1,0.397202,-0.0709837,2.2263,2.31961
0.41,1,0.357361,-0.111119,2.23082,2.25912
0.43,1,0.34001,-0.130152,2.29426,2.23118
0.45,1,0.349627,-0.123313,2.29938,2.24679
0.47,1,0.384453,-0.0913733,2.37057,2.30076
0.49,1,0.433728,-0.0452701,2.44068,2.37119
0.51,1,0.486558,0.0055619,2.49795,2.44031
0.53,1,0.532441,0.0499667,2.5537,2.49591
0.55,1,0.563918,0.0817668,2.55042,2.53201
0.57,1,0.579937,0.0986699,2.54755,2.5498
0.59,1,0.577502,0.0985682,2.48862,2.54712
0.61,1,0.55782,0.0817969,2.43751,2.52514
0.63,1,0.523176,0.0498167,2.43502,2.48498
0.65,1,0.482409,0.0116342,2.37819,2.43509
0.67,1,0.441747,-0.0277876,2.29315,2.38207
0.69,1,0.407808,-0.0607812,2.29619,2.33494
0.71,1,0.386589,-0.082039,2.31785,2.30395
0.73,1,0.382906,-0.0876664,2.32056,2.29845
0.75,1,0.396958,-0.0749425,2.36323,2.31925
0.77,1,0.426863,-0.0478266,2.45313,2.36175
0.79,1,0.462194,-0.0145458,2.45383,2.40917
0.81,1,0.496444,0.0178503,2.50833,2.45261
0.83,1,0.523106,0.0435058,2.48577,2.4849
0.85,1,0.540525,0.0605713,2.48381,2.50533
0.87,1,0.545959,0.0671348,2.48265,2.51161
0.89,1,0.538779,0.0608639,2.48112,2.50331
0.91,1,0.520946,0.0450954,2.41526,2.48233
0.93,1,0.49588,0.0220904,2.4146,2.45192
0.95,1,0.467384,-0.00444792,2.38973,2.41591
0.97,1,0.441457,-0.0286555,2.36242,2.38168
0.99,1,0.421559,-0.0476116,2.36436,2.35438
