x,rho,E,F,T,Tr
0.01,1,0.272434,-0.20947,2.12199,2.11094
0.03,1,0.253463,-0.222561,2.12421,2.07319
0.05,1,0.28151,-0.199146,2.23706,2.12831
0.07,1,0.34499,-0.1407,2.36571,2.2393
0.09,1,0.430126,-0.0597252,2.48324,2.36625
0.11,1,0.519382,0.0264971,2.60756,2.48047
0.13,1,0.595355,0.102133,2.60099,2.56658
0.15,1,0.647188,0.156146,2.59463,2.62071
0.17,1,0.666716,0.179902,2.58851,2.64026
0.19,1,0.651294,0.169684,2.58195,2.62486
0.21,1,0.606379,0.129939,2.50872,2.57838
0.23,1,0.542461,0.0705295,2.41732,2.50757
0.25,1,0.470113,0.000986271,2.32057,2.41942
0.27,1,0.401785,-0.066146,2.23561,2.32627
0.29,1,0.349674,-0.119073,2.24268,2.24687
0.31,1,0.321885,-0.14894,2.2499,2.20083
0.33,1,0.325147,-0.149723,2.25727,2.20639
0.35,1,0.358143,-0.120272,2.33881,2.26035
0.37,1,0.411658,-0.0709953,2.42305,2.34043
0.39,1,0.472982,-0.011983,2.49576,2.42311
0.41,1,0.529683,0.0432381,2.58048,2.49267
0.43,1,0.571687,0.0860943,2.57683,2.54069
0.45,1,0.59642,0.112633,2.57275,2.56773
0.47,1,0.599194,0.119002,2.5154,2.57071
0.49,1,0.580684,0.103896,2.51086,2.55062
0.51,1,0.543481,0.0706814,2.45467,2.50875
0.53,1,0.497925,0.0273914,2.38995,2.45444
0.55,1,0.449595,-0.0188534,2.31958,2.39258
0.57,1,0.407726,-0.060593,2.27046,2.33482
0.59,1,0.378205,-0.0910025,2.27419,2.29136
0.61,1,0.367803,-0.10382,2.33139,2.27544
0.63,1,0.379361,-0.0955214,2.33625,2.29311
0.65,1,0.410308,-0.0676798,2.39324,2.33851
0.67,1,0.451175,-0.0301452,2.44807,2.39468
0.69,1,0.491864,0.00933734,2.50981,2.44694
0.71,1,0.525482,0.0420082,2.5075,2.48772
0.73,1,0.548615,0.0664435,2.52441,2.51466
0.75,1,0.558854,0.0785371,2.52155,2.52631
0.77,1,0.55356,0.0760939,2.46873,2.5203
0.79,1,0.534941,0.0609995,2.46537,2.49884
0.81,1,0.507209,0.0358329,2.42298,2.4658
0.83,1,0.474768,0.00550058,2.37294,2.42539
0.85,1,0.443582,-0.0248179,2.34161,2.38454
0.87,1,0.418585,-0.0498956,2.3432,2.35021
0.89,1,0.403864,-0.0664122,2.34559,2.32927
0.91,1,0.40373,-0.068844,2.34919,2.32908
0.93,1,0.418424,-0.0570928,2.41861,2.34999
0.95,1,0.443013,-0.0353825,2.4213,2.38378
0.97,1,0.471696,-0.0089097,2.47331,2.42146
0.99,1,0.497172,0.015256,2.49683,2.45351
