x,rho,E,F,T,Tr
0.01,1,0.687599,0.182268,2.58389,2.6607
0.03,1,0.599261,0.122652,2.46243,2.57078
0.05,1,0.506029,0.0337583,2.33639,2.46437
0.07,1,0.41327,-0.0567464,2.2177,2.34272
0.09,1,0.336608,-0.132932,2.15028,2.22558
0.11,1,0.289121,-0.181932,2.16072,2.14255
0.13,1,0.278266,-0.195932,2.17011,2.12215
0.15,1,0.305779,-0.172175,2.26846,2.17277
0.17,1,0.364107,-0.117992,2.37993,2.2697
0.19,1,0.440035,-0.0453872,2.48102,2.37976
0.21,1,0.517448,0.0298517,2.58129,2.47815
0.23,1,0.581974,0.0938115,2.57494,2.55204
0.25,1,0.625412,0.138792,2.56899,2.59838
0.27,1,0.641042,0.157285,2.56369,2.61447
0.29,1,0.626143,0.146111,2.55867,2.59914
0.31,1,0.586121,0.109729,2.49347,2.55657
0.33,1,0.530191,0.0573408,2.41352,2.49327
0.35,1,0.467181,-0.00341837,2.33059,2.41564
0.37,1,0.407752,-0.0615549,2.26497,2.33486
0.39,1,0.362706,-0.106847,2.2719,2.26752
0.41,1,0.339111,-0.131587,2.27786,2.2297
0.43,1,0.343039,-0.130082,2.28309,2.23613
0.45,1,0.37342,-0.101967,2.3539,2.28408
0.47,1,0.421401,-0.0571679,2.42726,2.35416
0.49,1,0.474741,-0.00567593,2.51579,2.42536
0.51,1,0.522763,0.041143,2.56054,2.48449
0.53,1,0.560059,0.0779031,2.55687,2.52767
0.55,1,0.581349,0.100386,2.53597,2.55135
0.57,1,0.583104,0.103655,2.5329,2.55328
0.59,1,0.565669,0.0882252,2.44958,2.53397
0.61,1,0.533304,0.0586088,2.44795,2.49692
0.63,1,0.493,0.0200501,2.39004,2.44835
0.65,1,0.451029,-0.0202262,2.30084,2.39449
0.67,1,0.414693,-0.0556622,2.34324,2.34473
0.69,1,0.389246,-0.0814409,2.34731,2.3079
0.71,1,0.38023,-0.0906711,2.35015,2.29442
0.73,1,0.391394,-0.0814525,2.3988,2.31108
0.75,1,0.418693,-0.0558196,2.40012,2.35037
0.77,1,0.453724,-0.022104,2.47267,2.39806
0.79,1,0.489199,0.0114138,2.46918,2.44362
0.81,1,0.517866,0.0399011,2.46527,2.47865
0.83,1,0.538948,0.05997,2.51216,2.5035
0.85,1,0.547965,0.0692798,2.48892,2.51391
0.87,1,0.543604,0.0652724,2.48782,2.50889
0.89,1,0.527103,0.0502385,2.42446,2.48963
0.91,1,0.503244,0.0276575,2.4225,2.46097
0.93,1,0.474934,0.000604338,2.35059,2.4256
0.95,1,0.447697,-0.0251906,2.35523,2.39005
0.97,1,0.425624,-0.0462102,2.35865,2.36003
0.99,1,0.412364,-0.0588786,2.38958,2.34143
