x,rho,E,F,T,Tr
0.01,1,0.57071,0.0763025,2.41491,2.5396
0.03,1,0.462115,-0.00984409,2.27256,2.40907
0.05,1,0.371804,-0.0991762,2.16184,2.2816
0.07,1,0.305177,-0.166879,2.11183,2.1717
0.09,1,0.273187,-0.201501,2.12285,2.1124
0.11,1,0.280751,-0.197436,2.20442,2.12687
0.13,1,0.325076,-0.157179,2.31692,2.20627
0.15,1,0.395545,-0.0903195,2.42993,2.31718
0.17,1,0.477274,-0.0111617,2.5239,2.42859
0.19,1,0.553286,0.0641579,2.60994,2.51999
0.21,1,0.610731,0.122336,2.60327,2.583
0.23,1,0.642591,0.157229,2.5968,2.61604
0.25,1,0.643694,0.161685,2.59086,2.61717
0.27,1,0.615177,0.137505,2.53507,2.58769
0.29,1,0.565668,0.0910404,2.45873,2.53397
0.31,1,0.502686,0.0309699,2.37239,2.46029
0.33,1,0.437672,-0.0330991,2.28992,2.37656
0.35,1,0.381321,-0.0892767,2.23277,2.29607
0.37,1,0.344687,-0.127541,2.2405,2.23881
0.39,1,0.333461,-0.140781,2.24756,2.22036
0.41,1,0.351322,-0.125488,2.31153,2.24951
0.43,1,0.391911,-0.0871878,2.38818,2.31184
0.45,1,0.445729,-0.0355644,2.46154,2.38742
0.47,1,0.500298,0.0184773,2.56341,2.45736
0.49,1,0.545705,0.063242,2.5584,2.51131
0.51,1,0.574843,0.0942345,2.5536,2.54419
0.53,1,0.586654,0.107569,2.54951,2.55715
0.55,1,0.579557,0.102743,2.47964,2.54939
0.57,1,0.55563,0.0809187,2.47695,2.52266
0.59,1,0.516923,0.0436756,2.42148,2.47752
0.61,1,0.473548,0.001239,2.36267,2.42383
0.63,1,0.431539,-0.0404889,2.28706,2.36819
0.65,1,0.398787,-0.0737131,2.29271,2.32192
0.67,1,0.380859,-0.0929502,2.2975,2.29537
0.69,1,0.38189,-0.0931248,2.32736,2.29692
0.71,1,0.400992,-0.0754758,2.42366,2.32512
0.73,1,0.434226,-0.0434357,2.42561,2.37187
0.75,1,0.471806,-0.0062705,2.51569,2.4216
0.77,1,0.505422,0.0271515,2.48938,2.46363
0.79,1,0.53081,0.0533666,2.48554,2.494
0.81,1,0.545858,0.068959,2.48159,2.51149
0.83,1,0.548086,0.0725087,2.47839,2.51405
0.85,1,0.538324,0.0630851,2.47624,2.50278
0.87,1,0.518134,0.0437735,2.40294,2.47897
0.89,1,0.490857,0.0167141,2.40358,2.44568
0.91,1,0.461598,-0.0128909,2.33736,2.40839
0.93,1,0.436025,-0.0385791,2.36439,2.37432
0.95,1,0.417845,-0.0576945,2.36885,2.34917
0.97,1,0.410887,-0.0650131,2.34988,2.33933
0.99,1,0.417077,-0.059052,2.40749,2.34809
