x,rho,E,F,T,Tr
0.01,1,0.708652,0.189207,2.68096,2.68083
0.03,1,0.710843,0.220369,2.66196,2.6829
0.05,1,0.683104,0.19929,2.59814,2.65634
0.07,1,0.621659,0.144023,2.5037,2.59447
0.09,1,0.538819,0.0663711,2.38901,2.50335
0.11,1,0.449965,-0.0195445,2.26839,2.39307
0.13,1,0.370316,-0.0983744,2.14242,2.27932
0.15,1,0.313533,-0.156227,2.1517,2.18641
0.17,1,0.28931,-0.183659,2.16126,2.1429
0.19,1,0.301789,-0.174989,2.24012,2.16565
0.21,1,0.347236,-0.134353,2.34271,2.24294
0.23,1,0.414148,-0.0712791,2.44343,2.34396
0.25,1,0.488598,0.000235638,2.52456,2.44286
0.27,1,0.555001,0.0659041,2.58543,2.52194
0.29,1,0.603137,0.114837,2.58039,2.57493
0.31,1,0.627839,0.142501,2.57519,2.6009
0.33,1,0.624345,0.143194,2.52097,2.59727
0.35,1,0.59514,0.118562,2.51576,2.56635
0.37,1,0.547905,0.0752511,2.4445,2.51384
0.39,1,0.490115,0.0206453,2.3627,2.44476
0.41,1,0.431977,-0.0363736,2.25352,2.36879
0.43,1,0.382994,-0.0850122,2.25907,2.29858
0.45,1,0.3528,-0.117152,2.26487,2.25187
0.47,1,0.346634,-0.126102,2.27102,2.24197
0.49,1,0.36701,-0.109238,2.33169,2.27421
0.51,1,0.406957,-0.0727922,2.40183,2.33372
0.53,1,0.457124,-0.0255159,2.46659,2.40254
0.55,1,0.505936,0.0219873,2.54617,2.46425
0.57,1,0.544456,0.0601101,2.54321,2.50987
0.59,1,0.568682,0.0859206,2.54001,2.53734
0.61,1,0.576147,0.0958604,2.53644,2.54563
0.63,1,0.566873,0.0896679,2.4692,2.53532
0.65,1,0.542827,0.0692904,2.41654,2.508
0.67,1,0.506084,0.0351315,2.41375,2.46443
0.69,1,0.466121,-0.00281474,2.32736,2.41427
0.71,1,0.428896,-0.0393517,2.33058,2.36456
0.73,1,0.401166,-0.067861,2.33343,2.32537
0.75,1,0.387433,-0.0834828,2.33669,2.30521
0.77,1,0.391793,-0.0819771,2.34093,2.31167
0.79,1,0.412147,-0.0642352,2.42789,2.34112
0.81,1,0.443883,-0.035748,2.48159,2.38495
0.83,1,0.478655,-0.00306145,2.47839,2.43034
0.85,1,0.508311,0.0257499,2.47624,2.46714
0.87,1,0.530381,0.0480296,2.47505,2.49349
0.89,1,0.54188,0.0613043,2.47395,2.5069
0.91,1,0.541779,0.0634005,2.47207,2.50678
0.93,1,0.530002,0.054736,2.43855,2.49305
0.95,1,0.509369,0.0371064,2.4358,2.46842
0.97,1,0.483453,0.0132504,2.40053,2.43641
0.99,1,0.456558,-0.012354,2.35139,2.40179
