x,rho,E,F,T,Tr
0.01,1,0.269285,-0.211894,2.12672,2.10482
0.03,1,0.253308,-0.222283,2.12914,2.07288
0.05,1,0.284208,-0.196281,2.24468,2.13339
0.07,1,0.349778,-0.135782,2.37368,2.24703
0.09,1,0.435862,-0.0538117,2.48851,2.3741
0.11,1,0.524962,0.0327296,2.57548,2.4871
0.13,1,0.599817,0.107655,2.64859,2.57138
0.15,1,0.648985,0.159034,2.64315,2.62253
0.17,1,0.666094,0.180396,2.58393,2.63964
0.19,1,0.649037,0.168563,2.57739,2.62258
0.21,1,0.602294,0.126969,2.5025,2.57403
0.23,1,0.537221,0.0664367,2.41008,2.5015
0.25,1,0.464576,-0.00344727,2.31398,2.41227
0.27,1,0.396858,-0.0700439,2.23951,2.3191
0.29,1,0.346143,-0.121651,2.24642,2.24117
0.31,1,0.320259,-0.149859,2.25351,2.19805
0.33,1,0.325496,-0.148512,2.26091,2.20698
0.35,1,0.360315,-0.117301,2.34342,2.26377
0.37,1,0.414827,-0.0669127,2.42751,2.34492
0.39,1,0.47644,-0.00770958,2.4991,2.42752
0.41,1,0.532623,0.0471577,2.57906,2.49613
0.43,1,0.57376,0.0888401,2.57543,2.54299
0.45,1,0.596621,0.113944,2.57151,2.56795
0.47,1,0.59809,0.118757,2.51155,2.56953
0.49,1,0.578268,0.10273,2.507,2.54797
0.51,1,0.540193,0.0682996,2.44975,2.50495
0.53,1,0.4938,0.0248224,2.38554,2.44934
0.55,1,0.445595,-0.0219241,2.32497,2.38724
0.57,1,0.403792,-0.0633313,2.26925,2.32917
0.59,1,0.37604,-0.0923214,2.27315,2.28807
0.61,1,0.367108,-0.103553,2.33367,2.27436
0.63,1,0.379874,-0.0940293,2.33855,2.29388
0.65,1,0.411928,-0.0651676,2.44808,2.34081
0.67,1,0.452918,-0.0272763,2.45011,2.39699
0.69,1,0.493602,0.0120282,2.50737,2.4491
0.71,1,0.52695,0.0445773,2.505,2.48945
0.73,1,0.548838,0.0678457,2.5028,2.51491
0.75,1,0.558149,0.0789293,2.51963,2.52551
0.77,1,0.551868,0.0757717,2.46508,2.51837
0.79,1,0.532816,0.0597464,2.46169,2.49635
0.81,1,0.504532,0.0340039,2.37937,2.46254
0.83,1,0.47163,0.0035248,2.3395,2.42137
0.85,1,0.440473,-0.0270009,2.34181,2.38035
0.87,1,0.416358,-0.0513245,2.34364,2.34708
0.89,1,0.402409,-0.066833,2.34603,2.32717
0.91,1,0.403285,-0.0683099,2.34943,2.32844
0.93,1,0.41853,-0.0557879,2.41962,2.35014
0.95,1,0.444088,-0.033371,2.47377,2.38522
0.97,1,0.472625,-0.00724294,2.49602,2.42265
0.99,1,0.498129,0.0170076,2.49538,2.45469
