x,rho,E,F,T,Tr
0.01,1,0.483808,-0.0273146,2.55552,2.43685
0.03,1,0.571157,0.0761976,2.65396,2.5401
0.05,1,0.645412,0.151605,2.64605,2.61891
0.07,1,0.686267,0.19639,2.63824,2.65941
0.09,1,0.688066,0.203226,2.63076,2.66115
0.11,1,0.652763,0.173472,2.56242,2.62634
0.13,1,0.589735,0.11517,2.46826,2.56051
0.15,1,0.510585,0.039544,2.35977,2.4699
0.17,1,0.429453,-0.0400901,2.25496,2.36532
0.19,1,0.360199,-0.1096,2.17982,2.26359
0.21,1,0.315164,-0.156439,2.18971,2.18925
0.23,1,0.301566,-0.173065,2.19912,2.16525
0.25,1,0.322641,-0.155326,2.28055,2.20212
0.27,1,0.371872,-0.109637,2.37682,2.28171
0.29,1,0.437445,-0.0465274,2.46698,2.37625
0.31,1,0.505182,0.0198201,2.5676,2.46334
0.33,1,0.561754,0.0768933,2.56213,2.52958
0.35,1,0.600836,0.11748,2.5564,2.57247
0.37,1,0.616886,0.136651,2.5506,2.58948
0.39,1,0.606803,0.1296,2.54553,2.57883
0.41,1,0.574251,0.100394,2.4903,2.54353
0.43,1,0.527654,0.0561162,2.42131,2.49028
0.45,1,0.473563,0.00341019,2.34885,2.42385
0.47,1,0.421487,-0.0485274,2.27875,2.35428
0.49,1,0.380701,-0.0902184,2.28533,2.29513
0.51,1,0.357976,-0.114789,2.29197,2.26009
0.53,1,0.358767,-0.116214,2.29791,2.26133
0.55,1,0.383427,-0.0937513,2.35763,2.29923
0.57,1,0.423829,-0.0553654,2.42136,2.35754
0.59,1,0.470476,-0.00960206,2.47622,2.41989
0.61,1,0.512954,0.0329352,2.53239,2.47276
0.63,1,0.544469,0.0653656,2.52819,2.50989
0.65,1,0.563739,0.0864365,2.52365,2.53181
0.67,1,0.566213,0.0909819,2.51959,2.53458
0.69,1,0.553032,0.0796913,2.48866,2.5197
0.71,1,0.528283,0.0561198,2.39956,2.49103
0.73,1,0.493624,0.0224698,2.39938,2.44912
0.75,1,0.457605,-0.0139393,2.34278,2.40317
0.77,1,0.425478,-0.0464749,2.31756,2.35983
0.79,1,0.402941,-0.0705586,2.32286,2.32794
0.81,1,0.394104,-0.0806639,2.32763,2.31507
0.83,1,0.402331,-0.0741315,2.39912,2.32706
0.85,1,0.424305,-0.0532321,2.40114,2.3582
0.87,1,0.453935,-0.0238359,2.46871,2.39833
0.89,1,0.484044,0.00633256,2.46774,2.43715
0.91,1,0.509473,0.0330259,2.46593,2.46855
0.93,1,0.527256,0.0519352,2.46298,2.48981
0.95,1,0.535387,0.0615766,2.48241,2.49936
0.97,1,0.53259,0.0597287,2.4795,2.49609
0.99,1,0.519693,0.0474803,2.42383,2.48084
