x,rho,E,F,T,Tr
0.01,1,0.601023,0.0833515,2.66234,2.57267
0.03,1,0.662288,0.167117,2.64327,2.63587
0.05,1,0.697512,0.206935,2.63534,2.67023
0.07,1,0.692077,0.207205,2.62748,2.66502
0.09,1,0.64939,0.170463,2.55153,2.62294
0.11,1,0.579869,0.10608,2.45059,2.54973
0.13,1,0.496444,0.0261794,2.33749,2.45261
0.15,1,0.413898,-0.0550684,2.23393,2.34361
0.17,1,0.34625,-0.12334,2.18399,2.24135
0.19,1,0.305383,-0.166687,2.1939,2.17206
0.21,1,0.297867,-0.177733,2.20382,2.15857
0.23,1,0.325609,-0.153931,2.29319,2.20717
0.25,1,0.38043,-0.103025,2.39304,2.29472
0.27,1,0.44975,-0.036559,2.48218,2.39279
0.29,1,0.518494,0.0308305,2.56306,2.4794
0.31,1,0.574048,0.0872699,2.55793,2.54331
0.33,1,0.610929,0.126547,2.5526,2.58321
0.35,1,0.622809,0.141834,2.5468,2.59567
0.37,1,0.60746,0.130396,2.54131,2.57953
0.39,1,0.570137,0.0967368,2.48092,2.53896
0.41,1,0.519582,0.0491196,2.40822,2.4807
0.43,1,0.463293,-0.0057333,2.33509,2.4106
0.45,1,0.411071,-0.0581246,2.2846,2.33959
0.47,1,0.372021,-0.0984284,2.2905,2.28193
0.49,1,0.352833,-0.120306,2.29715,2.25193
0.51,1,0.358247,-0.117595,2.30366,2.26051
0.53,1,0.388,-0.0914065,2.36765,2.30605
0.55,1,0.43175,-0.049795,2.4351,2.36848
0.57,1,0.479794,-0.00318345,2.53502,2.43178
0.59,1,0.521736,0.0388718,2.53186,2.48327
0.61,1,0.553174,0.0715338,2.52831,2.51986
0.63,1,0.570204,0.0914948,2.52402,2.53904
0.65,1,0.569637,0.0933863,2.51935,2.53841
0.67,1,0.552425,0.0792485,2.44293,2.51901
0.69,1,0.523977,0.0525921,2.43993,2.48593
0.71,1,0.486987,0.0171347,2.34718,2.44085
0.73,1,0.450224,-0.0195876,2.31467,2.39342
0.75,1,0.418801,-0.0519274,2.31841,2.35052
0.77,1,0.397584,-0.0751083,2.32324,2.32016
0.79,1,0.392003,-0.0832615,2.32846,2.31198
0.81,1,0.403619,-0.0738951,2.40551,2.32892
0.83,1,0.428919,-0.0510433,2.40836,2.36459
0.85,1,0.460811,-0.0201022,2.4634,2.40737
0.87,1,0.491411,0.0101511,2.46247,2.44637
0.89,1,0.516458,0.0364713,2.4886,2.47697
0.91,1,0.533279,0.0550509,2.48614,2.49689
0.93,1,0.539451,0.0638724,2.48257,2.50409
0.95,1,0.533717,0.0603192,2.4787,2.49741
0.97,1,0.517893,0.0465348,2.41963,2.47869
0.99,1,0.496193,0.0259841,2.41787,2.4523
