x,rho,E,F,T,Tr
0.01,1,0.504913,0.0175158,2.32512,2.46301
0.03,1,0.399492,-0.0691519,2.19204,2.32294
0.05,1,0.321825,-0.147245,2.13918,2.20073
0.07,1,0.276042,-0.19537,2.15143,2.1179
0.09,1,0.269047,-0.205913,2.16256,2.10435
0.11,1,0.301568,-0.177395,2.2705,2.16525
0.13,1,0.365265,-0.117793,2.38848,2.2715
0.15,1,0.445989,-0.0400544,2.49224,2.38777
0.17,1,0.527212,0.039788,2.56931,2.48976
0.19,1,0.593671,0.106874,2.63085,2.56477
0.21,1,0.635721,0.151193,2.62508,2.60902
0.23,1,0.648563,0.167774,2.56399,2.6221
0.25,1,0.630314,0.154026,2.55808,2.60346
0.27,1,0.58547,0.112966,2.48668,2.55586
0.29,1,0.524902,0.0556686,2.4008,2.48703
0.31,1,0.45848,-0.00952828,2.31426,2.40432
0.33,1,0.397197,-0.0705862,2.25853,2.3196
0.35,1,0.352254,-0.11684,2.21343,2.251
0.37,1,0.330578,-0.140622,2.27393,2.21554
0.39,1,0.337737,-0.136315,2.28095,2.22744
0.41,1,0.372146,-0.104465,2.3572,2.28213
0.43,1,0.423434,-0.0557432,2.43367,2.35699
0.45,1,0.479967,-0.000193326,2.49736,2.432
0.47,1,0.530235,0.0499308,2.56574,2.49332
0.49,1,0.565961,0.0868689,2.56096,2.5343
0.51,1,0.585046,0.108089,2.55643,2.5554
0.53,1,0.584743,0.110318,2.49684,2.55507
0.55,1,0.565416,0.0935221,2.49305,2.53369
0.57,1,0.529703,0.0597781,2.43947,2.4927
0.59,1,0.487229,0.0183,2.38095,2.44115
0.61,1,0.443405,-0.0250862,2.32759,2.3843
0.63,1,0.406265,-0.0629973,2.28132,2.33273
0.65,1,0.382047,-0.0884978,2.2866,2.29716
0.67,1,0.375573,-0.096942,2.34896,2.28736
0.69,1,0.3886,-0.085525,2.35318,2.30694
0.71,1,0.418844,-0.0564971,2.45072,2.35058
0.73,1,0.455841,-0.0204584,2.50126,2.40085
0.75,1,0.492605,0.0161134,2.51825,2.44786
0.77,1,0.521577,0.0461085,2.51441,2.48308
0.79,1,0.540898,0.0665666,2.49134,2.50576
0.81,1,0.547966,0.0755958,2.50681,2.51391
0.83,1,0.541639,0.0703279,2.4842,2.50662
0.85,1,0.523971,0.053925,2.41362,2.48593
0.87,1,0.498234,0.0286629,2.41318,2.45482
0.89,1,0.468856,-0.00118922,2.34346,2.41781
0.91,1,0.441492,-0.0292538,2.34687,2.38173
0.93,1,0.420068,-0.051579,2.3514,2.35229
0.95,1,0.408396,-0.0649375,2.38723,2.33578
0.97,1,0.40993,-0.0644409,2.3599,2.33797
0.99,1,0.424287,-0.0506672,2.42566,2.35818
