x,rho,E,F,T,Tr
0.01,1,0.714469,0.204203,2.63095,2.68632
0.03,1,0.642661,0.162335,2.52566,2.61612
0.05,1,0.557694,0.0829811,2.40807,2.525
0.07,1,0.464079,-0.00719617,2.2833,2.41162
0.09,1,0.377792,-0.0919271,2.1782,2.29073
0.11,1,0.313573,-0.156828,2.12904,2.18648
0.13,1,0.282189,-0.190349,2.13846,2.12959
0.15,1,0.288987,-0.187173,2.21407,2.1423
0.17,1,0.33101,-0.149219,2.32026,2.21627
0.19,1,0.398235,-0.0860644,2.42767,2.32111
0.21,1,0.476099,-0.0111342,2.51832,2.42709
0.23,1,0.548608,0.0598528,2.61985,2.51465
0.25,1,0.603018,0.114373,2.61464,2.5748
0.27,1,0.633003,0.146606,2.60991,2.60623
0.29,1,0.634937,0.151776,2.53593,2.60822
0.31,1,0.609353,0.130604,2.53125,2.58154
0.33,1,0.561883,0.0864468,2.45907,2.52972
0.35,1,0.502157,0.0302712,2.37724,2.45964
0.37,1,0.440243,-0.0300539,2.29872,2.38004
0.39,1,0.386108,-0.0831113,2.24377,2.30324
0.41,1,0.350627,-0.119528,2.2498,2.2484
0.43,1,0.339352,-0.132403,2.25523,2.2301
0.45,1,0.356138,-0.118447,2.31498,2.25718
0.47,1,0.394728,-0.082577,2.38775,2.31599
0.49,1,0.446156,-0.0341098,2.45793,2.38799
0.51,1,0.498603,0.0164685,2.55523,2.45527
0.53,1,0.54199,0.058723,2.55104,2.50703
0.55,1,0.57021,0.0874457,2.54779,2.53904
0.57,1,0.58153,0.100098,2.54491,2.55155
0.59,1,0.575403,0.0962089,2.47906,2.5448
0.61,1,0.552809,0.076313,2.47647,2.51945
0.63,1,0.515637,0.0414569,2.42366,2.47598
0.65,1,0.474099,0.00186496,2.36749,2.42454
0.67,1,0.433364,-0.036894,2.29639,2.37069
0.69,1,0.401984,-0.0682676,2.32405,2.32656
0.71,1,0.384253,-0.0860726,2.32696,2.30047
0.73,1,0.384907,-0.0867904,2.37255,2.30144
0.75,1,0.403269,-0.0706937,2.37454,2.32841
0.77,1,0.435121,-0.0408206,2.42316,2.37309
0.79,1,0.47129,-0.00672701,2.48792,2.42094
0.81,1,0.504158,0.0243138,2.48414,2.46209
0.83,1,0.528887,0.0486447,2.48098,2.49174
0.85,1,0.543908,0.0631955,2.47902,2.50924
0.87,1,0.546348,0.0667801,2.4777,2.51205
0.89,1,0.536858,0.0582,2.47636,2.50107
0.91,1,0.517237,0.0405156,2.40748,2.4779
0.93,1,0.490898,0.0160345,2.40709,2.44573
0.95,1,0.462143,-0.0109303,2.36633,2.4091
0.97,1,0.437129,-0.034433,2.36998,2.37582
0.99,1,0.419045,-0.0517197,2.37204,2.35086
