x,rho,E,F,T,Tr
0.01,1,0.515828,0.00270205,2.58485,2.47621
0.03,1,0.598506,0.103127,2.63773,2.56997
0.05,1,0.664007,0.170738,2.62976,2.63757
0.07,1,0.693403,0.204509,2.62193,2.66629
0.09,1,0.683007,0.199518,2.61449,2.65624
0.11,1,0.637348,0.159143,2.53656,2.61069
0.13,1,0.56707,0.0936065,2.43577,2.53554
0.15,1,0.485087,0.014515,2.32209,2.43846
0.17,1,0.405599,-0.0637642,2.19091,2.33177
0.19,1,0.342411,-0.12764,2.20073,2.23511
0.21,1,0.306465,-0.166619,2.21027,2.17399
0.23,1,0.303485,-0.17281,2.21997,2.16868
0.25,1,0.334783,-0.145216,2.3096,2.22255
0.27,1,0.39087,-0.0923171,2.40636,2.31031
0.29,1,0.459291,-0.0261847,2.48999,2.40538
0.31,1,0.525303,0.0390296,2.60365,2.4875
0.33,1,0.577558,0.0918826,2.59853,2.54718
0.35,1,0.610043,0.126718,2.59332,2.58227
0.37,1,0.618206,0.138029,2.53666,2.59086
0.39,1,0.60073,0.124214,2.53161,2.57236
0.41,1,0.56194,0.0888048,2.47041,2.52979
0.43,1,0.511751,0.0403606,2.39624,2.4713
0.45,1,0.45693,-0.0132468,2.29004,2.40228
0.47,1,0.407471,-0.0630719,2.29606,2.33446
0.49,1,0.371291,-0.100549,2.30261,2.28082
0.51,1,0.355193,-0.118879,2.30908,2.25568
0.53,1,0.36357,-0.112931,2.31475,2.26886
0.55,1,0.394713,-0.0842742,2.37808,2.31596
0.57,1,0.438491,-0.0421211,2.44211,2.37767
0.59,1,0.485331,0.00357912,2.52983,2.43877
0.61,1,0.524988,0.0438215,2.52604,2.48713
0.63,1,0.55356,0.0735788,2.52177,2.5203
0.65,1,0.568182,0.0905917,2.51728,2.53678
0.67,1,0.565644,0.0902553,2.51302,2.53394
0.69,1,0.547839,0.0743865,2.43329,2.51377
0.71,1,0.518399,0.0467893,2.43343,2.47929
0.73,1,0.482473,0.011125,2.38346,2.43517
0.75,1,0.447167,-0.0244658,2.32071,2.38935
0.77,1,0.417863,-0.0551186,2.32532,2.3492
0.79,1,0.398416,-0.0758422,2.33072,2.32138
0.81,1,0.394889,-0.0814373,2.33561,2.31622
0.83,1,0.407965,-0.0699804,2.37294,2.33516
0.85,1,0.433618,-0.0454509,2.41536,2.37104
0.87,1,0.46448,-0.0146562,2.48793,2.41214
0.89,1,0.493763,0.0149749,2.48634,2.44929
0.91,1,0.516636,0.0394427,2.48391,2.47718
0.93,1,0.532162,0.0564719,2.48029,2.49559
0.95,1,0.537116,0.0631721,2.47634,2.50137
0.97,1,0.530455,0.0579148,2.47331,2.49358
0.99,1,0.514531,0.0427711,2.44635,2.47465
