x,rho,E,F,T,Tr
0.01,1,0.727267,0.213799,2.66234,2.69827
0.03,1,0.672724,0.190104,2.57321,2.64619
0.05,1,0.599135,0.122575,2.46658,2.57065
0.07,1,0.508923,0.0369258,2.34427,2.46788
0.09,1,0.418294,-0.0512085,2.22773,2.34981
0.11,1,0.342645,-0.126363,2.15542,2.23549
0.13,1,0.294996,-0.175562,2.16506,2.15335
0.15,1,0.282864,-0.190946,2.17437,2.13086
0.17,1,0.308476,-0.169288,2.26867,2.17754
0.19,1,0.364581,-0.117568,2.37716,2.27044
0.21,1,0.438455,-0.0474855,2.47659,2.37762
0.23,1,0.51413,0.025705,2.5792,2.47417
0.25,1,0.577431,0.088238,2.57331,2.54704
0.27,1,0.620392,0.132817,2.568,2.59315
0.29,1,0.636691,0.152052,2.56306,2.61002
0.31,1,0.623172,0.14253,2.55793,2.59605
0.33,1,0.584975,0.108358,2.49506,2.55532
0.35,1,0.531053,0.0582163,2.41742,2.49428
0.37,1,0.469501,-0.00030448,2.33625,2.41864
0.39,1,0.411296,-0.0571244,2.26774,2.33991
0.41,1,0.366758,-0.10192,2.27383,2.27382
0.43,1,0.343051,-0.127312,2.27895,2.23615
0.45,1,0.345893,-0.127096,2.2846,2.24077
0.47,1,0.374979,-0.100986,2.35299,2.28646
0.49,1,0.421209,-0.0580225,2.42381,2.35389
0.51,1,0.473721,-0.00826245,2.48413,2.42405
0.53,1,0.521078,0.0377584,2.54181,2.48249
0.55,1,0.557376,0.0736462,2.53814,2.52463
0.57,1,0.578648,0.0962591,2.53502,2.54839
0.59,1,0.580752,0.100073,2.53186,2.5507
0.61,1,0.564019,0.0862328,2.45229,2.53212
0.63,1,0.533554,0.0588639,2.44991,2.49722
0.65,1,0.493892,0.0216937,2.39326,2.44946
0.67,1,0.452864,-0.0175061,2.34018,2.39692
0.69,1,0.416768,-0.0520921,2.30873,2.34766
0.71,1,0.391778,-0.0778142,2.34718,2.31165
0.73,1,0.382732,-0.0877607,2.31467,2.29819
0.75,1,0.393124,-0.0795839,2.39716,2.31363
0.77,1,0.419384,-0.0558585,2.39926,2.35133
0.79,1,0.454064,-0.0237047,2.47234,2.39851
0.81,1,0.488646,0.00859878,2.4685,2.44292
0.83,1,0.517489,0.0365366,2.46535,2.4782
0.85,1,0.537979,0.0563346,2.4634,2.50238
0.87,1,0.546917,0.0664341,2.46247,2.51271
0.89,1,0.542928,0.0634392,2.4886,2.50811
0.91,1,0.52684,0.049595,2.42581,2.48932
0.93,1,0.503236,0.028269,2.4246,2.46096
0.95,1,0.475477,0.00273539,2.35421,2.4263
0.97,1,0.448363,-0.022447,2.35765,2.39094
0.99,1,0.42677,-0.0430852,2.35943,2.36162
