x,rho,E,F,T,Tr
0.01,1,0.721976,0.204021,2.66234,2.69335
0.03,1,0.707336,0.219422,2.64327,2.67959
0.05,1,0.66471,0.183337,2.56585,2.63827
0.07,1,0.592369,0.116973,2.46108,2.56336
0.09,1,0.504321,0.0334248,2.3417,2.46228
0.11,1,0.416359,-0.0522689,2.22935,2.34708
0.13,1,0.343452,-0.125088,2.16506,2.2368
0.15,1,0.29817,-0.17232,2.17437,2.15912
0.17,1,0.287712,-0.186294,2.18399,2.13994
0.19,1,0.314263,-0.164036,2.27684,2.18768
0.21,1,0.37016,-0.112716,2.38267,2.27908
0.23,1,0.442675,-0.0439544,2.47878,2.38332
0.25,1,0.516024,0.0272567,2.57331,2.47645
0.27,1,0.576722,0.0876145,2.568,2.54626
0.29,1,0.617606,0.130352,2.56306,2.59024
0.31,1,0.632286,0.148296,2.55793,2.60549
0.33,1,0.617969,0.138225,2.5526,2.59062
0.35,1,0.579656,0.104575,2.49041,2.54949
0.37,1,0.5267,0.055443,2.41394,2.48916
0.39,1,0.466993,-0.00189678,2.33529,2.4154
0.41,1,0.410758,-0.0571435,2.27383,2.33915
0.43,1,0.368079,-0.100374,2.27895,2.27587
0.45,1,0.345903,-0.124546,2.2846,2.24079
0.47,1,0.349878,-0.123689,2.2905,2.24719
0.49,1,0.379468,-0.0977647,2.35769,2.29327
0.51,1,0.425036,-0.0554575,2.42701,2.35922
0.53,1,0.476238,-0.00689744,2.48517,2.42727
0.55,1,0.521942,0.0377785,2.53814,2.48352
0.57,1,0.556634,0.0723409,2.53502,2.52379
0.59,1,0.57642,0.0940707,2.53186,2.54593
0.61,1,0.577246,0.0975425,2.52831,2.54684
0.63,1,0.560132,0.0837749,2.44991,2.52775
0.65,1,0.53007,0.056943,2.44648,2.49313
0.67,1,0.490864,0.0206966,2.39365,2.44569
0.69,1,0.451265,-0.0176098,2.30873,2.3948
0.71,1,0.416743,-0.0513907,2.34718,2.34762
0.73,1,0.393074,-0.0763362,2.31467,2.31356
0.75,1,0.385339,-0.0857575,2.31841,2.30209
0.77,1,0.396546,-0.0775112,2.39926,2.31865
0.79,1,0.422855,-0.0544203,2.40224,2.35618
0.81,1,0.456828,-0.022867,2.4685,2.40215
0.83,1,0.490393,0.00836153,2.46535,2.4451
0.85,1,0.517954,0.0357244,2.4634,2.47876
0.87,1,0.537248,0.0551507,2.46247,2.50153
0.89,1,0.545166,0.064905,2.4886,2.51069
0.91,1,0.540177,0.0620314,2.48614,2.50493
0.93,1,0.523732,0.048616,2.4246,2.48564
0.95,1,0.500293,0.0279729,2.42228,2.45735
0.97,1,0.473123,0.00296047,2.35765,2.42329
0.99,1,0.447193,-0.02167,2.35943,2.38938
