x,rho,E,F,T,Tr
0.01,1,0.345056,-0.13725,2.10718,2.23941
0.03,1,0.27962,-0.192416,2.10955,2.12473
0.05,1,0.259272,-0.216551,2.12188,2.08497
0.07,1,0.280511,-0.199919,2.22484,2.12642
0.09,1,0.337689,-0.147617,2.34879,2.22736
0.11,1,0.418026,-0.071357,2.46438,2.34943
0.13,1,0.50482,0.0131315,2.5545,2.46289
0.15,1,0.581368,0.0892791,2.60542,2.55138
0.17,1,0.634914,0.145049,2.59904,2.6082
0.19,1,0.658999,0.173063,2.59246,2.63259
0.21,1,0.64909,0.168238,2.5857,2.62263
0.23,1,0.609777,0.133791,2.51809,2.58199
0.25,1,0.550521,0.0787776,2.43152,2.51684
0.27,1,0.481218,0.0120141,2.33604,2.43359
0.29,1,0.413703,-0.0545088,2.22969,2.34333
0.31,1,0.360049,-0.109117,2.2371,2.26335
0.33,1,0.32923,-0.142448,2.2449,2.21328
0.35,1,0.327495,-0.147775,2.25309,2.21036
0.37,1,0.355496,-0.123207,2.32925,2.25616
0.39,1,0.404761,-0.0774868,2.41122,2.33056
0.41,1,0.463562,-0.0209607,2.48236,2.41095
0.43,1,0.519489,0.0337009,2.53252,2.48059
0.45,1,0.562706,0.0780563,2.52859,2.53065
0.47,1,0.589953,0.107908,2.5244,2.56074
0.49,1,0.596052,0.117309,2.55116,2.56733
0.51,1,0.580399,0.104623,2.46589,2.55031
0.53,1,0.547103,0.0750826,2.46209,2.51292
0.55,1,0.503982,0.034098,2.39887,2.46187
0.57,1,0.457352,-0.0112285,2.31327,2.40284
0.59,1,0.415553,-0.0534097,2.31758,2.34595
0.61,1,0.385139,-0.085575,2.32162,2.30179
0.63,1,0.37197,-0.101093,2.29349,2.28186
0.65,1,0.380088,-0.0958377,2.38246,2.29421
0.67,1,0.407508,-0.0714358,2.43892,2.33451
0.69,1,0.445756,-0.0357622,2.4847,2.38746
0.71,1,0.485392,0.0028463,2.51219,2.43885
0.73,1,0.518896,0.0364996,2.48055,2.47988
0.75,1,0.542622,0.062095,2.47867,2.50776
0.77,1,0.554663,0.0764345,2.47593,2.52156
0.79,1,0.551669,0.0764556,2.47234,2.51815
0.81,1,0.535429,0.0627645,2.4685,2.49941
0.83,1,0.510295,0.0397471,2.38976,2.46954
0.85,1,0.479614,0.0103407,2.38861,2.43156
0.87,1,0.449001,-0.0205524,2.33853,2.39179
0.89,1,0.424339,-0.0461226,2.34101,2.35825
0.91,1,0.4087,-0.0641524,2.34481,2.33621
0.93,1,0.406594,-0.0686808,2.34958,2.3332
0.95,1,0.4189,-0.0592118,2.41527,2.35066
0.97,1,0.440918,-0.0393761,2.4182,2.38095
0.99,1,0.46831,-0.0132522,2.47623,2.4171
