x,rho,E,F,T,Tr
0.01,1,0.435372,-0.0500051,2.23069,2.37343
0.03,1,0.341164,-0.128972,2.10779,2.23307
0.05,1,0.283757,-0.188386,2.12013,2.13254
0.07,1,0.264335,-0.211387,2.13216,2.09508
0.09,1,0.285698,-0.194287,2.23248,2.13618
0.11,1,0.341908,-0.142349,2.35281,2.23429
0.13,1,0.420514,-0.067541,2.46473,2.35292
0.15,1,0.504813,0.0149236,2.55191,2.46288
0.17,1,0.57877,0.0887517,2.59973,2.54852
0.19,1,0.630287,0.142438,2.59314,2.60343
0.21,1,0.653296,0.169084,2.58638,2.62687
0.23,1,0.643248,0.163714,2.57992,2.61671
0.25,1,0.60479,0.1296,2.51372,2.57669
0.27,1,0.547159,0.0756975,2.42934,2.51299
0.29,1,0.479925,0.0104129,2.33685,2.43195
0.31,1,0.414465,-0.0544132,2.23531,2.34441
0.33,1,0.362548,-0.10734,2.24315,2.26727
0.35,1,0.332657,-0.139368,2.25138,2.21902
0.37,1,0.331234,-0.143935,2.25908,2.21664
0.39,1,0.358891,-0.119369,2.33306,2.26153
0.41,1,0.407067,-0.0741997,2.41259,2.33388
0.43,1,0.464134,-0.0188438,2.53297,2.41169
0.45,1,0.517823,0.0344991,2.52902,2.4786
0.47,1,0.559655,0.0775673,2.52481,2.52721
0.49,1,0.586262,0.10589,2.55118,2.55673
0.51,1,0.591817,0.114402,2.5464,2.56276
0.53,1,0.576245,0.10184,2.46268,2.54574
0.55,1,0.544176,0.0726842,2.45914,2.50955
0.57,1,0.502361,0.0321637,2.39803,2.45989
0.59,1,0.457387,-0.0123099,2.31597,2.40288
0.61,1,0.416872,-0.0531959,2.32003,2.34781
0.63,1,0.387356,-0.0843117,2.29235,2.3051
0.65,1,0.374787,-0.0990929,2.29824,2.28617
0.67,1,0.383053,-0.0934943,2.33865,2.29867
0.69,1,0.409574,-0.0690425,2.39081,2.33746
0.71,1,0.446378,-0.0336382,2.44091,2.38829
0.73,1,0.484438,0.00431517,2.48072,2.43765
0.75,1,0.516641,0.0371246,2.47881,2.47719
0.77,1,0.539598,0.0618769,2.47605,2.50426
0.79,1,0.551231,0.0754235,2.47243,2.51765
0.81,1,0.548433,0.0749353,2.46858,2.51445
0.83,1,0.53281,0.0610026,2.46543,2.49635
0.85,1,0.508722,0.037912,2.38865,2.46764
0.87,1,0.479304,0.00894002,2.38874,2.43116
0.89,1,0.449809,-0.0214946,2.33984,2.39287
0.91,1,0.426059,-0.046403,2.34366,2.36064
0.93,1,0.410928,-0.0636722,2.34845,2.33939
0.95,1,0.408835,-0.067518,2.35307,2.33641
0.97,1,0.420572,-0.0576005,2.41692,2.353
0.99,1,0.441535,-0.0377375,2.41878,2.38179
