x,rho,E,F,T,Tr
0.01,1,0.388485,-0.0952592,2.17214,2.30677
0.03,1,0.306799,-0.164223,2.08361,2.17458
0.05,1,0.266761,-0.207141,2.09554,2.09987
0.07,1,0.267539,-0.210565,2.1727,2.1014
0.09,1,0.30756,-0.175166,2.28893,2.17593
0.11,1,0.377467,-0.10966,2.40989,2.29024
0.13,1,0.462154,-0.027838,2.51438,2.40912
0.15,1,0.544674,0.0533372,2.62733,2.51013
0.17,1,0.609583,0.119095,2.6374,2.58178
0.19,1,0.647558,0.160271,2.63141,2.62109
0.21,1,0.654668,0.171684,2.55899,2.62825
0.23,1,0.630345,0.152556,2.55267,2.60349
0.25,1,0.580402,0.106685,2.4754,2.55031
0.27,1,0.515605,0.0453113,2.38486,2.47594
0.29,1,0.446693,-0.0221957,2.29407,2.38871
0.31,1,0.385108,-0.0835866,2.21144,2.30174
0.33,1,0.342703,-0.128033,2.21947,2.23558
0.35,1,0.326234,-0.147136,2.22775,2.20823
0.37,1,0.340267,-0.136871,2.2912,2.2316
0.39,1,0.3794,-0.100842,2.37189,2.29317
0.41,1,0.434521,-0.0489441,2.44935,2.37227
0.43,1,0.492653,0.0083571,2.51177,2.44792
0.45,1,0.542867,0.058396,2.56922,2.50804
0.47,1,0.576422,0.0938265,2.56468,2.54593
0.49,1,0.591856,0.111715,2.55994,2.5628
0.51,1,0.587617,0.111136,2.49292,2.5582
0.53,1,0.564937,0.0914811,2.48851,2.53315
0.55,1,0.525373,0.0547735,2.43115,2.48759
0.57,1,0.480263,0.0111021,2.36709,2.43238
0.59,1,0.435421,-0.0338563,2.27544,2.3735
0.61,1,0.398709,-0.0713453,2.2801,2.3218
0.63,1,0.377733,-0.0947938,2.28578,2.29064
0.65,1,0.375509,-0.0993502,2.35522,2.28726
0.67,1,0.392846,-0.0850967,2.36021,2.31322
0.69,1,0.426478,-0.0534283,2.41655,2.36122
0.71,1,0.466061,-0.0152939,2.49969,2.41419
0.73,1,0.502744,0.0211712,2.51997,2.46036
0.75,1,0.530991,0.0507615,2.51725,2.49421
0.77,1,0.548229,0.0699058,2.51366,2.51421
0.79,1,0.552113,0.076691,2.50952,2.51865
0.81,1,0.543126,0.0700282,2.48429,2.50834
0.83,1,0.523299,0.0520287,2.41003,2.48513
0.85,1,0.494754,0.0248241,2.40871,2.45052
0.87,1,0.464168,-0.00567808,2.35097,2.41174
0.89,1,0.436487,-0.034537,2.35296,2.37495
0.91,1,0.416282,-0.0562916,2.33532,2.34697
0.93,1,0.407605,-0.0675369,2.36088,2.33465
0.95,1,0.412465,-0.0649636,2.36552,2.34158
0.97,1,0.42958,-0.0497642,2.43397,2.3655
0.99,1,0.45454,-0.0260957,2.46517,2.39913
