x,rho,E,F,T,Tr
0.01,1,0.261686,-0.226112,2.18657,2.08981
0.03,1,0.309104,-0.173632,2.30882,2.17865
0.05,1,0.390437,-0.0968694,2.43794,2.30967
0.07,1,0.484116,-0.00670116,2.5435,2.43724
0.09,1,0.571286,0.0790528,2.63078,2.54024
0.11,1,0.636614,0.145101,2.62372,2.60994
0.13,1,0.671194,0.182824,2.61718,2.64468
0.15,1,0.669352,0.185426,2.61087,2.64287
0.17,1,0.633799,0.155007,2.5449,2.60705
0.19,1,0.573804,0.0998194,2.45593,2.54304
0.21,1,0.499975,0.0296921,2.35518,2.45696
0.23,1,0.42504,-0.0430401,2.26098,2.35922
0.25,1,0.362029,-0.105594,2.20598,2.26646
0.27,1,0.322162,-0.146373,2.21354,2.2013
0.29,1,0.312447,-0.158986,2.22055,2.18452
0.31,1,0.3351,-0.139371,2.29789,2.22308
0.33,1,0.383465,-0.0950022,2.38694,2.29929
0.35,1,0.445507,-0.0357427,2.46901,2.38712
0.37,1,0.50805,0.0245298,2.5503,2.46682
0.39,1,0.559038,0.0749338,2.54522,2.52651
0.41,1,0.593615,0.110385,2.54075,2.56471
0.43,1,0.606446,0.125576,2.53682,2.57846
0.45,1,0.594834,0.116918,2.53286,2.56602
0.47,1,0.563017,0.088279,2.48008,2.531
0.49,1,0.518564,0.0469779,2.41556,2.47949
0.51,1,0.467835,-0.00133985,2.34921,2.41649
0.53,1,0.419707,-0.0481118,2.29627,2.35179
0.55,1,0.382861,-0.0849126,2.30118,2.29838
0.57,1,0.362949,-0.10537,2.30518,2.26789
0.59,1,0.366004,-0.104727,2.30893,2.27265
0.61,1,0.391007,-0.0819992,2.36776,2.31051
0.63,1,0.429874,-0.0456786,2.47377,2.3659
0.65,1,0.473672,-0.00448037,2.52299,2.42399
0.67,1,0.512981,0.0333106,2.4913,2.47279
0.69,1,0.541642,0.0616476,2.48795,2.50663
0.71,1,0.558756,0.0792199,2.48557,2.5262
0.73,1,0.560007,0.0819478,2.48374,2.52761
0.75,1,0.5463,0.0701598,2.48165,2.512
0.77,1,0.52167,0.047646,2.3972,2.48319
0.79,1,0.488923,0.0173189,2.39644,2.44327
0.81,1,0.454337,-0.0155531,2.32615,2.39887
0.83,1,0.424534,-0.0440106,2.32964,2.35852
0.85,1,0.403839,-0.0644615,2.33172,2.32924
0.87,1,0.396853,-0.0719918,2.33344,2.3191
0.89,1,0.405843,-0.0644224,2.40089,2.33212
0.91,1,0.427412,-0.0449159,2.40217,2.36251
0.93,1,0.456349,-0.0180461,2.46212,2.40152
0.95,1,0.484772,0.00829056,2.48148,2.43807
0.97,1,0.509148,0.0311597,2.47858,2.46816
0.99,1,0.52579,0.0470372,2.47704,2.48808
