x,rho,E,F,T,Tr
0.01,1,0.71953,0.204089,2.66309,2.69106
0.03,1,0.706568,0.221027,2.64397,2.67886
0.05,1,0.665266,0.186462,2.56772,2.63882
0.07,1,0.593889,0.121121,2.46355,2.565
0.09,1,0.506223,0.0380369,2.34412,2.4646
0.11,1,0.418055,-0.0478563,2.2303,2.34947
0.13,1,0.344255,-0.121361,2.15922,2.23811
0.15,1,0.29771,-0.169698,2.16862,2.15829
0.17,1,0.285763,-0.185087,2.1781,2.1363
0.19,1,0.310884,-0.164186,2.27004,2.18178
0.21,1,0.365729,-0.113858,2.37605,2.27223
0.23,1,0.437722,-0.0455555,2.47322,2.37663
0.25,1,0.511305,0.025726,2.57304,2.47077
0.27,1,0.572619,0.0866329,2.56767,2.54172
0.29,1,0.614178,0.13005,2.5626,2.58663
0.31,1,0.629868,0.149048,2.5575,2.603
0.33,1,0.616581,0.140025,2.55206,2.58916
0.35,1,0.579155,0.10717,2.49041,2.54894
0.37,1,0.52667,0.0585888,2.4141,2.48912
0.39,1,0.466888,0.00155556,2.33461,2.41526
0.41,1,0.410343,-0.0540116,2.26767,2.33856
0.43,1,0.367057,-0.0979941,2.27288,2.27429
0.45,1,0.343981,-0.123078,2.27837,2.23766
0.47,1,0.346753,-0.123152,2.28453,2.24216
0.49,1,0.375468,-0.0981601,2.35131,2.2872
0.51,1,0.420534,-0.0564133,2.42119,2.35294
0.53,1,0.471761,-0.00791897,2.48028,2.42154
0.55,1,0.517606,0.0372474,2.53602,2.47834
0.57,1,0.55267,0.0720018,2.53297,2.51929
0.59,1,0.57297,0.0943988,2.5296,2.54211
0.61,1,0.574737,0.0983902,2.52601,2.54407
0.63,1,0.558138,0.0853932,2.44833,2.5255
0.65,1,0.528568,0.0590406,2.44505,2.49136
0.67,1,0.489598,0.0230029,2.38944,2.44411
0.69,1,0.449809,-0.0153946,2.30327,2.39287
0.71,1,0.414789,-0.0494978,2.30628,2.34487
0.73,1,0.390697,-0.0748591,2.30922,2.31005
0.75,1,0.382238,-0.0848242,2.31301,2.29744
0.77,1,0.392884,-0.0774125,2.39359,2.31328
0.79,1,0.418297,-0.0549418,2.39667,2.34981
0.81,1,0.452506,-0.0234323,2.46583,2.39645
0.83,1,0.485814,0.00773879,2.46265,2.43938
0.85,1,0.51391,0.0354043,2.46054,2.47391
0.87,1,0.533435,0.0550546,2.45965,2.49708
0.89,1,0.541789,0.0653209,2.45885,2.5068
0.91,1,0.537387,0.0630815,2.48325,2.50169
0.93,1,0.521248,0.0499659,2.42356,2.48269
0.95,1,0.497924,0.0294634,2.4195,2.45444
0.97,1,0.471074,0.00477157,2.35175,2.42066
0.99,1,0.444739,-0.0202432,2.35353,2.38609
