x,rho,E,F,T,Tr
0.01,1,0.562026,0.0462893,2.62392,2.52988
0.03,1,0.634956,0.139352,2.66243,2.60824
0.05,1,0.685107,0.193171,2.65454,2.65828
0.07,1,0.696108,0.209362,2.64678,2.66889
0.09,1,0.668138,0.187223,2.58415,2.64167
0.11,1,0.60903,0.133624,2.49324,2.5812
0.13,1,0.530554,0.0592428,2.38402,2.4937
0.15,1,0.446721,-0.0223741,2.27145,2.38875
0.17,1,0.37213,-0.0969658,2.15962,2.2821
0.19,1,0.319552,-0.151011,2.16948,2.19683
0.21,1,0.298125,-0.175629,2.1794,2.15904
0.23,1,0.311953,-0.165576,2.25558,2.18365
0.25,1,0.356363,-0.12485,2.35299,2.25753
0.27,1,0.42065,-0.0637253,2.44718,2.35311
0.29,1,0.490911,0.00465524,2.52256,2.44575
0.31,1,0.552837,0.0663231,2.59915,2.51948
0.33,1,0.596517,0.11197,2.59379,2.56783
0.35,1,0.618164,0.13659,2.5881,2.59082
0.37,1,0.61369,0.13589,2.51103,2.58612
0.39,1,0.58569,0.111801,2.50608,2.5561
0.41,1,0.540439,0.0692333,2.4377,2.50523
0.43,1,0.485966,0.0166201,2.36134,2.43957
0.45,1,0.431349,-0.0375101,2.26294,2.36793
0.47,1,0.386202,-0.0833982,2.26937,2.30338
0.49,1,0.358535,-0.113231,2.27611,2.26097
0.51,1,0.353845,-0.120401,2.28288,2.25354
0.53,1,0.374219,-0.102888,2.34086,2.2853
0.55,1,0.412636,-0.0670517,2.40692,2.34182
0.57,1,0.459953,-0.0212775,2.46715,2.40624
0.59,1,0.505534,0.0238601,2.53981,2.46376
0.61,1,0.540509,0.0600027,2.53623,2.50531
0.63,1,0.562577,0.0835729,2.532,2.5305
0.65,1,0.568466,0.092537,2.50353,2.5371
0.67,1,0.55916,0.0857417,2.49931,2.52665
0.69,1,0.536204,0.0649874,2.45862,2.50031
0.71,1,0.501733,0.0316982,2.40786,2.45912
0.73,1,0.464482,-0.00513462,2.33177,2.41215
0.75,1,0.430297,-0.0399118,2.33504,2.36648
0.77,1,0.404867,-0.0669099,2.33935,2.33072
0.79,1,0.392725,-0.0811338,2.34436,2.31304
0.81,1,0.397606,-0.0787191,2.34919,2.3202
0.83,1,0.41746,-0.0606124,2.39134,2.34863
0.85,1,0.446988,-0.0324551,2.47601,2.38911
0.87,1,0.478934,-0.000889653,2.47479,2.43069
0.89,1,0.50575,0.0269697,2.47366,2.46403
0.91,1,0.525617,0.0485249,2.47165,2.48788
0.93,1,0.535843,0.060834,2.46855,2.49989
0.95,1,0.535168,0.062234,2.48613,2.4991
0.97,1,0.523927,0.0526458,2.46159,2.48587
0.99,1,0.504969,0.0346541,2.42969,2.46308
