x,rho,E,F,T,Tr
0.01,1,0.72293,0.21302,2.65202,2.69424
0.03,1,0.662659,0.183212,2.55731,2.63623
0.05,1,0.585046,0.111523,2.44669,2.5554
0.07,1,0.493286,0.0240236,2.32291,2.4487
0.09,1,0.403615,-0.0633483,2.2106,2.32891
0.11,1,0.331305,-0.13542,2.16451,2.21676
0.13,1,0.288498,-0.179932,2.174,2.1414
0.15,1,0.282128,-0.189639,2.18306,2.12948
0.17,1,0.313324,-0.16268,2.28223,2.18605
0.19,1,0.373203,-0.106928,2.39129,2.28375
0.21,1,0.448756,-0.0352176,2.4868,2.39147
0.23,1,0.523655,0.0376601,2.55816,2.48555
0.25,1,0.584565,0.0981962,2.61532,2.55488
0.27,1,0.62354,0.138826,2.61084,2.59644
0.29,1,0.635309,0.153586,2.55308,2.6086
0.31,1,0.617851,0.140486,2.5481,2.59049
0.33,1,0.576236,0.102742,2.48185,2.54573
0.35,1,0.520075,0.0505857,2.40251,2.48129
0.37,1,0.458509,-0.00892248,2.32263,2.40435
0.39,1,0.401261,-0.0644185,2.27409,2.32551
0.41,1,0.359518,-0.106927,2.27986,2.26252
0.43,1,0.339142,-0.128631,2.28505,2.22975
0.45,1,0.346299,-0.124539,2.2904,2.24143
0.47,1,0.378667,-0.0948264,2.36102,2.29206
0.49,1,0.426774,-0.0499853,2.43166,2.36163
0.51,1,0.479513,0.000652653,2.49078,2.43143
0.53,1,0.526132,0.0459196,2.55347,2.48849
0.55,1,0.55961,0.0789652,2.55025,2.52716
0.57,1,0.577746,0.0985452,2.54754,2.54739
0.59,1,0.577175,0.0999574,2.52576,2.54676
0.61,1,0.558902,0.0842849,2.44137,2.52636
0.63,1,0.525444,0.0541316,2.43914,2.48767
0.65,1,0.485582,0.0161181,2.38259,2.43909
0.67,1,0.444494,-0.0226984,2.28969,2.38577
0.69,1,0.410044,-0.0566598,2.29291,2.33813
0.71,1,0.386461,-0.079963,2.29543,2.30376
0.73,1,0.380539,-0.08775,2.35342,2.29489
0.75,1,0.392987,-0.0766169,2.3562,2.31343
0.77,1,0.421854,-0.0506998,2.44699,2.35479
0.79,1,0.456673,-0.017993,2.44784,2.40194
0.81,1,0.491565,0.0146359,2.51126,2.44656
0.83,1,0.51836,0.0406711,2.48647,2.47924
0.85,1,0.537598,0.0595112,2.48444,2.50193
0.87,1,0.544762,0.0674464,2.48322,2.51023
0.89,1,0.538698,0.0627447,2.48184,2.50321
0.91,1,0.521241,0.0473704,2.41705,2.48268
0.93,1,0.496817,0.0251687,2.41596,2.45307
0.95,1,0.468531,-0.000950289,2.35358,2.41739
0.97,1,0.442363,-0.0253528,2.38688,2.3829
0.99,1,0.421411,-0.0454314,2.38893,2.35417
