x,rho,E,F,T,Tr
0.01,1,0.414267,-0.0907318,2.47684,2.34413
0.03,1,0.505916,0.0131377,2.56963,2.46423
0.05,1,0.5949,0.101672,2.63092,2.56609
0.07,1,0.658266,0.166913,2.62308,2.63185
0.09,1,0.68682,0.19929,2.61561,2.65994
0.11,1,0.6765,0.194048,2.60868,2.64989
0.13,1,0.632004,0.154474,2.53258,2.6052
0.15,1,0.56371,0.0906951,2.43416,2.53178
0.17,1,0.484007,0.0137195,2.32394,2.43711
0.19,1,0.406707,-0.0624959,2.1975,2.33336
0.21,1,0.345131,-0.124449,2.20721,2.23953
0.23,1,0.309659,-0.161957,2.21657,2.17963
0.25,1,0.306772,-0.167696,2.22492,2.17453
0.27,1,0.33724,-0.140192,2.31198,2.22662
0.29,1,0.392091,-0.0883974,2.40576,2.31211
0.31,1,0.458768,-0.0239017,2.48721,2.40469
0.33,1,0.522999,0.0391549,2.59796,2.48477
0.35,1,0.573643,0.0902688,2.59282,2.54286
0.37,1,0.605859,0.123988,2.58799,2.57783
0.39,1,0.613685,0.134759,2.53198,2.58611
0.41,1,0.5967,0.120533,2.52759,2.56803
0.43,1,0.558997,0.0858156,2.46831,2.52647
0.45,1,0.510144,0.0386926,2.39623,2.46936
0.47,1,0.456739,-0.0134164,2.293,2.40203
0.49,1,0.408432,-0.061668,2.29961,2.33583
0.51,1,0.372951,-0.097849,2.3061,2.28336
0.53,1,0.357142,-0.115366,2.31196,2.25877
0.55,1,0.365054,-0.109066,2.31668,2.27118
0.57,1,0.3956,-0.0809386,2.37798,2.31726
0.59,1,0.437996,-0.0393383,2.43998,2.377
0.61,1,0.483397,0.00462914,2.52567,2.43634
0.63,1,0.521631,0.0431085,2.52124,2.48315
0.65,1,0.550512,0.0725044,2.51659,2.51683
0.67,1,0.565269,0.0887688,2.51251,2.53353
0.69,1,0.562717,0.0879428,2.50936,2.53066
0.71,1,0.54528,0.0715617,2.43162,2.51082
0.73,1,0.517106,0.044727,2.38446,2.47774
0.75,1,0.482152,0.00995276,2.38532,2.43477
0.77,1,0.447508,-0.0243744,2.32295,2.3898
0.79,1,0.418553,-0.0539855,2.3284,2.35017
0.81,1,0.399303,-0.0737857,2.33329,2.32267
0.83,1,0.39537,-0.0785662,2.37022,2.31693
0.85,1,0.407898,-0.0669511,2.41279,2.33507
0.87,1,0.432604,-0.0429071,2.41345,2.36965
0.89,1,0.462748,-0.0127273,2.48562,2.40989
0.91,1,0.491249,0.0156539,2.48318,2.44617
0.93,1,0.514078,0.0391926,2.47966,2.47411
0.95,1,0.529604,0.0552052,2.47579,2.49258
0.97,1,0.534887,0.061115,2.47276,2.49877
0.99,1,0.528813,0.0553541,2.47111,2.49165
