x,rho,E,F,T,Tr
0.01,1,0.654757,0.152688,2.53345,2.62834
0.03,1,0.555485,0.0803958,2.40071,2.52249
0.05,1,0.459132,-0.0127326,2.27273,2.40517
0.07,1,0.371503,-0.0992398,2.1667,2.28114
0.09,1,0.307206,-0.164276,2.12285,2.1753
0.11,1,0.277097,-0.19681,2.13292,2.11992
0.13,1,0.28587,-0.191406,2.21359,2.1365
0.15,1,0.330405,-0.150831,2.32343,2.21525
0.17,1,0.399987,-0.0848348,2.4331,2.32366
0.19,1,0.479974,-0.00768597,2.52373,2.43201
0.21,1,0.553585,0.0650431,2.60327,2.52033
0.23,1,0.608759,0.120562,2.5968,2.58091
0.25,1,0.638861,0.153438,2.59086,2.61224
0.27,1,0.639021,0.156523,2.58543,2.6124
0.29,1,0.61039,0.132018,2.53041,2.58264
0.31,1,0.561477,0.0863934,2.45556,2.52927
0.33,1,0.499857,0.0277383,2.37125,2.45682
0.35,1,0.436513,-0.0344195,2.29175,2.37498
0.37,1,0.381884,-0.0885276,2.2405,2.29691
0.39,1,0.346594,-0.124782,2.24756,2.2419
0.41,1,0.336408,-0.136599,2.25352,2.22525
0.43,1,0.35486,-0.120763,2.31625,2.25515
0.45,1,0.395127,-0.0827079,2.39124,2.31657
0.47,1,0.448205,-0.0323214,2.46213,2.39073
0.49,1,0.501386,0.019945,2.5584,2.45869
0.51,1,0.545081,0.0628257,2.5536,2.5106
0.53,1,0.573351,0.0920425,2.54951,2.54253
0.55,1,0.584257,0.104224,2.54617,2.55454
0.57,1,0.57687,0.0987592,2.47695,2.54642
0.59,1,0.553084,0.0770692,2.47468,2.51976
0.61,1,0.514741,0.0407074,2.42044,2.47491
0.63,1,0.472211,-0.000528964,2.36318,2.42212
0.65,1,0.431282,-0.0408057,2.29271,2.36784
0.67,1,0.399411,-0.0722653,2.2975,2.32282
0.69,1,0.382248,-0.0902149,2.32736,2.29746
0.71,1,0.383762,-0.0895664,2.33058,2.29973
0.73,1,0.403011,-0.0716688,2.42561,2.32804
0.75,1,0.435781,-0.0404369,2.42611,2.37399
0.77,1,0.472723,-0.00440412,2.48938,2.42278
0.79,1,0.505622,0.0273724,2.48554,2.46387
0.81,1,0.530418,0.052273,2.48159,2.49354
0.83,1,0.54513,0.0666743,2.47839,2.51065
0.85,1,0.547094,0.0695139,2.47624,2.51291
0.87,1,0.53709,0.0599357,2.47505,2.50134
0.89,1,0.517136,0.0407274,2.40358,2.47778
0.91,1,0.490105,0.0147393,2.40432,2.44475
0.93,1,0.4612,-0.0137558,2.36439,2.40787
0.95,1,0.436058,-0.0381205,2.36885,2.37436
0.97,1,0.417959,-0.0557651,2.34988,2.34933
0.99,1,0.411255,-0.0621509,2.35139,2.33986
