x,rho,E,F,T,Tr
0.01,1,0.639145,0.121356,2.68478,2.61253
0.03,1,0.685255,0.19237,2.66587,2.65843
0.05,1,0.702356,0.214838,2.65796,2.67486
0.07,1,0.678905,0.197733,2.5986,2.65225
0.09,1,0.622079,0.146804,2.50899,2.59491
0.11,1,0.54333,0.0729283,2.39903,2.50858
0.13,1,0.457432,-0.0105811,2.28447,2.40294
0.15,1,0.378636,-0.0884507,2.14412,2.29201
0.17,1,0.320838,-0.147565,2.15376,2.19904
0.19,1,0.294167,-0.17726,2.16351,2.15184
0.21,1,0.303259,-0.172121,2.23626,2.16828
0.23,1,0.344815,-0.134801,2.33508,2.23902
0.25,1,0.408629,-0.0748142,2.43381,2.33611
0.27,1,0.480802,-0.00510329,2.51612,2.43306
0.29,1,0.546432,0.0600158,2.60426,2.51215
0.31,1,0.594116,0.108994,2.59934,2.56525
0.33,1,0.618782,0.136751,2.59396,2.59147
0.35,1,0.618925,0.140688,2.52177,2.59162
0.37,1,0.594247,0.120641,2.51646,2.56539
0.39,1,0.54857,0.0784014,2.4481,2.5146
0.41,1,0.493298,0.0259872,2.37188,2.44872
0.43,1,0.43644,-0.0296848,2.30093,2.37489
0.45,1,0.387978,-0.0788421,2.25681,2.30602
0.47,1,0.356926,-0.11173,2.24392,2.25843
0.49,1,0.348914,-0.122777,2.32109,2.24565
0.51,1,0.366336,-0.108797,2.32728,2.27317
0.53,1,0.403704,-0.0744524,2.39516,2.32904
0.55,1,0.451748,-0.0288728,2.4593,2.39544
0.57,1,0.499383,0.0180312,2.54365,2.45623
0.59,1,0.537858,0.0563674,2.54049,2.50224
0.61,1,0.561761,0.0829769,2.53677,2.52959
0.63,1,0.570487,0.0940207,2.5323,2.53935
0.65,1,0.562978,0.0897123,2.50598,2.53095
0.67,1,0.541148,0.0707456,2.41832,2.50605
0.69,1,0.506084,0.0385128,2.41286,2.46443
0.71,1,0.467911,0.00110022,2.3638,2.41659
0.73,1,0.43169,-0.0352696,2.30263,2.3684
0.75,1,0.404119,-0.0641879,2.3063,2.32964
0.77,1,0.389992,-0.0806151,2.31129,2.30901
0.79,1,0.392585,-0.0808572,2.33839,2.31284
0.81,1,0.41037,-0.0655089,2.42244,2.3386
0.83,1,0.44081,-0.0376421,2.42492,2.38081
0.85,1,0.473565,-0.00574021,2.47775,2.42385
0.87,1,0.503053,0.0235313,2.47647,2.46074
0.89,1,0.524342,0.0461938,2.47513,2.48637
0.91,1,0.53611,0.0603922,2.47293,2.5002
0.93,1,0.536874,0.0636424,2.46975,2.50109
0.95,1,0.526379,0.0559651,2.43693,2.48878
0.97,1,0.507388,0.0389876,2.4341,2.46602
0.99,1,0.483143,0.0158802,2.36794,2.43602
