x,rho,E,F,T,Tr
0.01,1,0.354976,-0.126495,2.09769,2.25534
0.03,1,0.285105,-0.185463,2.1,2.13507
0.05,1,0.259573,-0.214574,2.11231,2.08558
0.07,1,0.275644,-0.203033,2.20964,2.11713
0.09,1,0.328663,-0.154831,2.33254,2.21233
0.11,1,0.406688,-0.0809686,2.45015,2.33333
0.13,1,0.493463,0.00318771,2.54413,2.44892
0.15,1,0.571697,0.0809152,2.61087,2.5407
0.17,1,0.628212,0.139231,2.60444,2.60129
0.19,1,0.656243,0.171083,2.59781,2.62983
0.21,1,0.650467,0.170336,2.59106,2.62402
0.23,1,0.614711,0.139349,2.52658,2.58719
0.25,1,0.557715,0.0867804,2.44232,2.52502
0.27,1,0.489466,0.0209822,2.34902,2.44395
0.29,1,0.421076,-0.0459406,2.22055,2.3537
0.31,1,0.364972,-0.102699,2.22807,2.27105
0.33,1,0.331083,-0.138848,2.23598,2.21639
0.35,1,0.325501,-0.147858,2.24415,2.20699
0.37,1,0.350009,-0.126806,2.31783,2.2474
0.39,1,0.397012,-0.0833601,2.40013,2.31933
0.41,1,0.455305,-0.0276794,2.47363,2.40014
0.43,1,0.511652,0.0280285,2.53682,2.47118
0.45,1,0.556587,0.0734984,2.53286,2.52374
0.47,1,0.585899,0.105156,2.55773,2.55633
0.49,1,0.594805,0.116845,2.55269,2.56599
0.51,1,0.581343,0.10732,2.47193,2.55135
0.53,1,0.550572,0.079822,2.46766,2.51689
0.55,1,0.508483,0.0400348,2.40433,2.46735
0.57,1,0.462015,-0.0050972,2.30518,2.40894
0.59,1,0.41913,-0.0481537,2.30893,2.35098
0.61,1,0.387181,-0.0818839,2.31389,2.30484
0.63,1,0.371592,-0.0997104,2.28892,2.28128
0.65,1,0.377027,-0.0969782,2.37386,2.28957
0.67,1,0.402371,-0.0747996,2.43009,2.32712
0.69,1,0.439418,-0.0400766,2.43234,2.37893
0.71,1,0.479233,-0.00132174,2.48557,2.43107
0.73,1,0.51382,0.0332974,2.48374,2.4738
0.75,1,0.538415,0.0595769,2.48165,2.50288
0.77,1,0.551964,0.0753018,2.47874,2.51848
0.79,1,0.550816,0.0771832,2.47501,2.51717
0.81,1,0.536327,0.0651973,2.47109,2.50045
0.83,1,0.512391,0.0433829,2.3926,2.47208
0.85,1,0.482426,0.0146834,2.39133,2.43511
0.87,1,0.4513,-0.016605,2.33344,2.39485
0.89,1,0.425632,-0.0431267,2.336,2.36004
0.91,1,0.408862,-0.0622607,2.33985,2.33645
0.93,1,0.404914,-0.0685537,2.34467,2.33079
0.95,1,0.415482,-0.0607631,2.40894,2.34585
0.97,1,0.436428,-0.0419555,2.41199,2.37487
0.99,1,0.463287,-0.016337,2.47704,2.41059
