x,rho,E,F,T,Tr
0.01,1,0.55316,0.0607268,2.39105,2.51985
0.03,1,0.444723,-0.0264035,2.24521,2.38607
0.05,1,0.35707,-0.113225,2.1081,2.25865
0.07,1,0.295783,-0.175901,2.12,2.15479
0.09,1,0.270352,-0.204258,2.13106,2.1069
0.11,1,0.285003,-0.193516,2.22118,2.13488
0.13,1,0.334931,-0.147464,2.33653,2.2228
0.15,1,0.408907,-0.0771592,2.44756,2.33651
0.17,1,0.491046,0.00286667,2.53685,2.44592
0.19,1,0.565039,0.0763229,2.60234,2.53327
0.21,1,0.618518,0.131203,2.59563,2.59119
0.23,1,0.645684,0.161572,2.58913,2.61919
0.25,1,0.64116,0.16083,2.58307,2.61459
0.27,1,0.608102,0.131706,2.52274,2.58021
0.29,1,0.555084,0.0820506,2.44358,2.52204
0.31,1,0.490894,0.0199284,2.35616,2.44573
0.33,1,0.426265,-0.0436739,2.23213,2.36092
0.35,1,0.372589,-0.0976091,2.24037,2.28281
0.37,1,0.339729,-0.132155,2.24832,2.23072
0.39,1,0.3335,-0.140716,2.25534,2.22042
0.41,1,0.356164,-0.120733,2.32366,2.25722
0.43,1,0.400124,-0.0791133,2.40121,2.32386
0.45,1,0.455244,-0.0258299,2.4716,2.40006
0.47,1,0.508548,0.0272906,2.55997,2.46743
0.49,1,0.55122,0.0695405,2.55498,2.51763
0.51,1,0.578883,0.0993308,2.54988,2.54864
0.53,1,0.587783,0.109645,2.54567,2.55838
0.55,1,0.576207,0.10083,2.46984,2.54569
0.57,1,0.548887,0.0753829,2.46722,2.51497
0.59,1,0.509151,0.0370828,2.41072,2.46816
0.61,1,0.465362,-0.00593986,2.35306,2.41329
0.63,1,0.424532,-0.0470645,2.28862,2.35852
0.65,1,0.393663,-0.0782796,2.29439,2.31442
0.67,1,0.378445,-0.0950322,2.33002,2.29172
0.69,1,0.382866,-0.0918953,2.33414,2.29839
0.71,1,0.405603,-0.0706297,2.43072,2.33178
0.73,1,0.439854,-0.03749,2.43128,2.37952
0.75,1,0.47731,-0.000214926,2.48577,2.42863
0.77,1,0.51025,0.0327234,2.48281,2.46949
0.79,1,0.533953,0.0574604,2.47897,2.49768
0.81,1,0.547139,0.0715818,2.475,2.51296
0.83,1,0.547182,0.0727973,2.47179,2.51301
0.85,1,0.534613,0.0609852,2.46979,2.49845
0.87,1,0.512943,0.039733,2.39544,2.47274
0.89,1,0.485144,0.0121687,2.3963,2.43854
0.91,1,0.455788,-0.0177855,2.33944,2.40078
0.93,1,0.43132,-0.0425823,2.34422,2.36789
0.95,1,0.414783,-0.0601132,2.34884,2.34486
0.97,1,0.410104,-0.0653401,2.35221,2.33822
0.99,1,0.418747,-0.057079,2.41236,2.35044
