x,rho,E,F,T,Tr
0.01,1,0.702765,0.194895,2.60935,2.67525
0.03,1,0.62241,0.14381,2.4956,2.59526
0.05,1,0.532717,0.0591947,2.37299,2.49624
0.07,1,0.438912,-0.0319653,2.24729,2.37824
0.09,1,0.356682,-0.11308,2.13206,2.25804
0.11,1,0.30052,-0.170443,2.14247,2.16337
0.13,1,0.27889,-0.194644,2.15209,2.12334
0.15,1,0.296005,-0.181227,2.23995,2.15519
0.17,1,0.346365,-0.134854,2.34965,2.24153
0.19,1,0.418411,-0.0666461,2.45398,2.34997
0.21,1,0.496772,0.00903039,2.53665,2.45302
0.23,1,0.565794,0.0772064,2.58902,2.53411
0.25,1,0.614761,0.126968,2.58305,2.58725
0.27,1,0.638533,0.153172,2.57762,2.6119
0.29,1,0.63185,0.150095,2.57265,2.60504
0.31,1,0.59862,0.120519,2.51359,2.5701
0.33,1,0.546954,0.0726012,2.43728,2.51275
0.35,1,0.485274,0.013648,2.35182,2.4387
0.37,1,0.424045,-0.0459889,2.24942,2.35784
0.39,1,0.373992,-0.0954824,2.25656,2.28495
0.41,1,0.344186,-0.126511,2.26262,2.238
0.43,1,0.340118,-0.132239,2.26804,2.23136
0.45,1,0.364141,-0.111455,2.33367,2.26975
0.47,1,0.407473,-0.0706334,2.40763,2.33446
0.49,1,0.460854,-0.0201007,2.47329,2.40742
0.51,1,0.511324,0.0292185,2.55023,2.47079
0.53,1,0.550847,0.0678963,2.54606,2.51721
0.55,1,0.576399,0.0944074,2.54253,2.54591
0.57,1,0.583195,0.10262,2.53951,2.55338
0.59,1,0.571053,0.0925708,2.46523,2.53998
0.61,1,0.543755,0.0678723,2.46313,2.50907
0.63,1,0.504929,0.0312924,2.40879,2.46303
0.65,1,0.462713,-0.00899018,2.3546,2.40985
0.67,1,0.423896,-0.0468676,2.33115,2.35763
0.69,1,0.395236,-0.075061,2.33526,2.31673
0.71,1,0.381724,-0.0893556,2.33833,2.29667
0.73,1,0.387521,-0.0848604,2.3409,2.30534
0.75,1,0.410524,-0.0633817,2.43251,2.33882
0.77,1,0.443993,-0.0322305,2.48311,2.38509
0.79,1,0.480269,0.00225779,2.4793,2.43239
0.81,1,0.511624,0.0323496,2.47535,2.47115
0.83,1,0.534206,0.0544652,2.47216,2.49798
0.85,1,0.546297,0.0665354,2.4702,2.51199
0.87,1,0.545586,0.066525,2.46909,2.51118
0.89,1,0.532517,0.0545753,2.46812,2.496
0.91,1,0.510757,0.0342521,2.39769,2.4701
0.93,1,0.483488,0.00873299,2.39773,2.43645
0.95,1,0.454647,-0.0186131,2.34988,2.39927
0.97,1,0.431165,-0.0408069,2.35325,2.36768
0.99,1,0.41538,-0.0559044,2.3549,2.3457
