x,rho,E,F,T,Tr
0.01,1,0.729899,0.213455,2.68462,2.7007
0.03,1,0.694803,0.209232,2.61299,2.66764
0.05,1,0.635657,0.156534,2.52013,2.60896
0.07,1,0.552819,0.078939,2.40499,2.51946
0.09,1,0.461584,-0.00868427,2.28385,2.40837
0.11,1,0.377817,-0.090956,2.18252,2.29077
0.13,1,0.315921,-0.153867,2.13797,2.19056
0.15,1,0.286277,-0.185938,2.14738,2.13726
0.17,1,0.294089,-0.182029,2.22219,2.1517
0.19,1,0.336136,-0.144197,2.32603,2.2248
0.21,1,0.402419,-0.0821461,2.43044,2.32719
0.23,1,0.478595,-0.00920778,2.51826,2.43026
0.25,1,0.54888,0.0595889,2.61476,2.51496
0.27,1,0.601011,0.112154,2.61004,2.57266
0.29,1,0.629067,0.142807,2.6053,2.60217
0.31,1,0.630257,0.147377,2.53184,2.6034
0.33,1,0.604761,0.126584,2.52695,2.57666
0.35,1,0.557631,0.0832756,2.45599,2.52492
0.37,1,0.499288,0.0284854,2.37584,2.45612
0.39,1,0.438999,-0.0301056,2.2999,2.37836
0.41,1,0.386642,-0.0815827,2.24927,2.30403
0.43,1,0.352679,-0.116762,2.25487,2.25168
0.45,1,0.342602,-0.128898,2.26048,2.23542
0.47,1,0.359934,-0.11488,2.31949,2.26317
0.49,1,0.398455,-0.0797858,2.39093,2.32143
0.51,1,0.448945,-0.0323891,2.45926,2.39172
0.53,1,0.500008,0.0166669,2.55119,2.457
0.55,1,0.541666,0.0574251,2.54795,2.50665
0.57,1,0.56856,0.0852426,2.54503,2.5372
0.59,1,0.578898,0.0973016,2.54189,2.54866
0.61,1,0.57221,0.0933624,2.47691,2.54127
0.63,1,0.549719,0.073818,2.47381,2.51592
0.65,1,0.512633,0.0402516,2.422,2.47237
0.67,1,0.472194,0.00162869,2.36671,2.4221
0.69,1,0.432585,-0.0359769,2.32359,2.36962
0.71,1,0.402423,-0.0663833,2.32656,2.32719
0.73,1,0.386201,-0.0837496,2.30559,2.30338
0.75,1,0.387602,-0.0842277,2.37406,2.30546
0.77,1,0.405989,-0.0686623,2.42266,2.33233
0.79,1,0.437902,-0.0399138,2.42373,2.37687
0.81,1,0.473184,-0.0066323,2.48424,2.42337
0.83,1,0.505107,0.0233188,2.4812,2.46324
0.85,1,0.528893,0.0470401,2.4792,2.49174
0.87,1,0.542914,0.0612776,2.47797,2.5081
0.89,1,0.544747,0.0647359,2.47667,2.51021
0.91,1,0.534425,0.0568298,2.47463,2.49823
0.93,1,0.514616,0.0394893,2.44151,2.47476
0.95,1,0.488567,0.0160815,2.36611,2.44283
0.97,1,0.460603,-0.00970057,2.36979,2.4071
0.99,1,0.436372,-0.0328514,2.37184,2.37479
