x,rho,E,F,T,Tr
0.01,1,0.626112,0.107417,2.69682,2.59911
0.03,1,0.678063,0.183078,2.67898,2.65142
0.05,1,0.702104,0.212159,2.61849,2.67462
0.07,1,0.685642,0.20187,2.61082,2.6588
0.09,1,0.633491,0.155712,2.52622,2.60673
0.11,1,0.557864,0.0850578,2.41934,2.52519
0.13,1,0.472509,0.0026251,2.30485,2.4225
0.15,1,0.392029,-0.0769542,2.2059,2.31202
0.17,1,0.330255,-0.139819,2.14977,2.215
0.19,1,0.298173,-0.174607,2.15948,2.15913
0.21,1,0.301349,-0.175525,2.22457,2.16485
0.23,1,0.337887,-0.143002,2.32062,2.22769
0.25,1,0.398772,-0.0861941,2.41988,2.3219
0.27,1,0.470004,-0.0173116,2.50581,2.41928
0.29,1,0.537353,0.0490663,2.60713,2.50165
0.31,1,0.588462,0.101247,2.60225,2.55912
0.33,1,0.617227,0.132845,2.59704,2.58984
0.35,1,0.621503,0.141087,2.53258,2.59431
0.37,1,0.600566,0.124375,2.52703,2.57218
0.39,1,0.557677,0.085203,2.46169,2.52498
0.41,1,0.504091,0.0343127,2.38647,2.462
0.43,1,0.447341,-0.0213542,2.31319,2.38958
0.45,1,0.397332,-0.0715993,2.24152,2.3198
0.47,1,0.36377,-0.107056,2.24734,2.26918
0.49,1,0.351191,-0.12207,2.31313,2.2493
0.51,1,0.363406,-0.11328,2.31935,2.26861
0.53,1,0.398506,-0.0813855,2.38611,2.32151
0.55,1,0.444978,-0.0369475,2.45208,2.38642
0.57,1,0.493401,0.00995701,2.54795,2.44885
0.59,1,0.533198,0.0503485,2.54489,2.4968
0.61,1,0.560032,0.0785396,2.52105,2.52764
0.63,1,0.571752,0.0930689,2.51681,2.54076
0.65,1,0.566669,0.0911942,2.51251,2.53509
0.67,1,0.546839,0.0736785,2.42897,2.51262
0.69,1,0.513887,0.0436877,2.42637,2.47388
0.71,1,0.476421,0.00665528,2.37532,2.4275
0.73,1,0.439484,-0.0297953,2.32247,2.37902
0.75,1,0.410545,-0.0600894,2.30746,2.33885
0.77,1,0.393904,-0.0789247,2.31203,2.31478
0.79,1,0.393188,-0.0822476,2.37275,2.31372
0.81,1,0.408667,-0.0693265,2.41911,2.33617
0.83,1,0.43772,-0.0428235,2.42079,2.37662
0.85,1,0.470089,-0.0113925,2.48442,2.41939
0.87,1,0.500243,0.0184737,2.48325,2.45729
0.89,1,0.522976,0.0424985,2.48175,2.48475
0.91,1,0.536536,0.0583387,2.47957,2.5007
0.93,1,0.539322,0.0635511,2.47631,2.50394
0.95,1,0.530356,0.0573927,2.44607,2.49347
0.97,1,0.51266,0.0416362,2.44142,2.4724
0.99,1,0.489375,0.0194559,2.36627,2.44383
