x,rho,E,F,T,Tr
0.01,1,0.633385,0.134729,2.50252,2.60662
0.03,1,0.529878,0.0571952,2.36498,2.4929
0.05,1,0.433592,-0.0365944,2.23635,2.371
0.07,1,0.350195,-0.119307,2.12436,2.2477
0.09,1,0.294031,-0.176812,2.13562,2.15159
0.11,1,0.273592,-0.199998,2.14594,2.11318
0.13,1,0.292537,-0.18464,2.2384,2.14885
0.15,1,0.34509,-0.135806,2.35155,2.23947
0.17,1,0.419402,-0.0651042,2.45799,2.35136
0.19,1,0.499539,0.0128882,2.54168,2.45643
0.21,1,0.570086,0.0825548,2.59106,2.53891
0.23,1,0.619406,0.133441,2.58458,2.59212
0.25,1,0.64258,0.159251,2.57875,2.61603
0.27,1,0.634443,0.154845,2.57324,2.60771
0.29,1,0.599271,0.123245,2.51154,2.57079
0.31,1,0.545501,0.0730213,2.43247,2.51108
0.33,1,0.482028,0.011746,2.34479,2.43461
0.35,1,0.4196,-0.0496638,2.24415,2.35164
0.37,1,0.369055,-0.0999081,2.25194,2.27737
0.39,1,0.339482,-0.130872,2.25911,2.23031
0.41,1,0.336561,-0.135725,2.26492,2.2255
0.43,1,0.361878,-0.113048,2.33343,2.26622
0.45,1,0.406763,-0.0703748,2.40878,2.33344
0.47,1,0.461123,-0.0180471,2.47549,2.40777
0.49,1,0.512577,0.0325213,2.55269,2.4723
0.51,1,0.552697,0.0726142,2.54767,2.51932
0.53,1,0.578465,0.099407,2.54334,2.54818
0.55,1,0.584946,0.107217,2.53973,2.55529
0.57,1,0.57144,0.0957819,2.46148,2.54041
0.59,1,0.542461,0.0689575,2.45951,2.50757
0.61,1,0.502837,0.0307598,2.4019,2.46047
0.63,1,0.459839,-0.0109644,2.34937,2.4061
0.65,1,0.420781,-0.0495234,2.29458,2.35329
0.67,1,0.391938,-0.0788394,2.33278,2.31188
0.69,1,0.378487,-0.0926038,2.33686,2.29179
0.71,1,0.385133,-0.0874515,2.38667,2.30178
0.73,1,0.409364,-0.0642412,2.3882,2.33716
0.75,1,0.443842,-0.0310474,2.48165,2.38489
0.77,1,0.480034,0.00429666,2.47874,2.43209
0.79,1,0.511623,0.0353949,2.47501,2.47115
0.81,1,0.534168,0.0580999,2.47109,2.49793
0.83,1,0.54631,0.0704756,2.46792,2.51201
0.85,1,0.54507,0.0697692,2.46593,2.51058
0.87,1,0.531294,0.0565422,2.46492,2.49457
0.89,1,0.508993,0.0347851,2.39228,2.46797
0.91,1,0.481397,0.00795066,2.39332,2.43381
0.93,1,0.452512,-0.0206811,2.34467,2.39645
0.95,1,0.428933,-0.0437471,2.34935,2.36461
0.97,1,0.413293,-0.059237,2.35272,2.34275
0.99,1,0.409887,-0.0625171,2.35443,2.33791
