x,rho,E,F,T,Tr
0.01,1,0.707593,0.199012,2.61793,2.67983
0.03,1,0.630452,0.151477,2.50752,2.6036
0.05,1,0.542425,0.0688461,2.38681,2.50753
0.07,1,0.448511,-0.0220577,2.25874,2.39114
0.09,1,0.364667,-0.10482,2.12591,2.27057
0.11,1,0.305009,-0.165072,2.13607,2.1714
0.13,1,0.279573,-0.193091,2.14555,2.12464
0.15,1,0.292526,-0.183569,2.22906,2.14883
0.17,1,0.339796,-0.140511,2.33753,2.23083
0.19,1,0.410029,-0.0741019,2.44345,2.33811
0.21,1,0.488473,0.00131034,2.52889,2.44271
0.23,1,0.558771,0.0706439,2.59317,2.52621
0.25,1,0.609985,0.122263,2.58729,2.58221
0.27,1,0.636459,0.151384,2.58191,2.60978
0.29,1,0.633037,0.151299,2.57682,2.60627
0.31,1,0.60212,0.124736,2.5203,2.57384
0.33,1,0.55245,0.0785181,2.44536,2.51904
0.35,1,0.491539,0.0204764,2.36269,2.44653
0.37,1,0.429974,-0.0395288,2.24339,2.36604
0.39,1,0.378,-0.0904749,2.25029,2.29105
0.41,1,0.346133,-0.123836,2.25655,2.24116
0.43,1,0.33914,-0.132389,2.2621,2.22975
0.45,1,0.360278,-0.114171,2.32552,2.26371
0.47,1,0.401746,-0.0752129,2.39914,2.32621
0.49,1,0.454448,-0.0254219,2.46679,2.39901
0.51,1,0.505913,0.0246362,2.55166,2.46423
0.53,1,0.547212,0.0647222,2.54737,2.51305
0.55,1,0.573393,0.0920118,2.54394,2.54258
0.57,1,0.582168,0.101853,2.54094,2.55225
0.59,1,0.572162,0.0942715,2.46996,2.54121
0.61,1,0.546965,0.0713938,2.4677,2.51276
0.63,1,0.508632,0.0355143,2.41395,2.46753
0.65,1,0.466596,-0.00469217,2.3587,2.41489
0.67,1,0.427081,-0.043138,2.29781,2.36205
0.69,1,0.397218,-0.0722425,2.30152,2.31963
0.71,1,0.382125,-0.0880748,2.3328,2.29727
0.73,1,0.385912,-0.0855015,2.33544,2.30295
0.75,1,0.40683,-0.0664814,2.42753,2.33354
0.77,1,0.440068,-0.0355175,2.4284,2.37981
0.79,1,0.476366,-0.000905019,2.48248,2.42743
0.81,1,0.508092,0.029348,2.47849,2.46687
0.83,1,0.531635,0.052301,2.47522,2.49497
0.85,1,0.54469,0.0653175,2.47319,2.51014
0.87,1,0.545307,0.0667874,2.47205,2.51086
0.89,1,0.533759,0.0564236,2.47087,2.49746
0.91,1,0.512863,0.0370757,2.40058,2.47265
0.93,1,0.485732,0.0117979,2.40041,2.43927
0.95,1,0.456798,-0.0155252,2.34699,2.40211
0.97,1,0.432764,-0.0381748,2.35016,2.36987
0.99,1,0.415864,-0.054338,2.35179,2.34639
