x,rho,E,F,T,Tr
0.01,1,0.377874,-0.105664,2.1604,2.29086
0.03,1,0.299784,-0.171739,2.08827,2.16204
0.05,1,0.264264,-0.21041,2.10045,2.09494
0.07,1,0.269843,-0.209027,2.18448,2.10591
0.09,1,0.314132,-0.169471,2.30314,2.18746
0.11,1,0.386832,-0.10111,2.42339,2.30432
0.13,1,0.472624,-0.0183734,2.52457,2.42265
0.15,1,0.553833,0.0619089,2.62265,2.52061
0.17,1,0.616193,0.125323,2.61623,2.58875
0.19,1,0.651524,0.164231,2.60959,2.62509
0.21,1,0.654302,0.171437,2.60287,2.62788
0.23,1,0.625675,0.147925,2.54533,2.59866
0.25,1,0.573964,0.100382,2.46572,2.54321
0.27,1,0.507744,0.0376203,2.37418,2.46645
0.29,1,0.43896,-0.0300802,2.28524,2.37831
0.31,1,0.3788,-0.090091,2.21692,2.29226
0.33,1,0.339218,-0.132077,2.22494,2.22988
0.35,1,0.326001,-0.147998,2.23325,2.20783
0.37,1,0.343457,-0.134283,2.30004,2.23681
0.39,1,0.385165,-0.0957253,2.3815,2.30183
0.41,1,0.441531,-0.0425256,2.45786,2.38178
0.43,1,0.499555,0.0145939,2.51777,2.45645
0.45,1,0.548224,0.0633933,2.5676,2.51421
0.47,1,0.579803,0.0972296,2.56315,2.54966
0.49,1,0.593274,0.113053,2.55816,2.56434
0.51,1,0.586121,0.109818,2.487,2.55657
0.53,1,0.561459,0.0878746,2.48268,2.52925
0.55,1,0.520677,0.0500892,2.4243,2.48201
0.57,1,0.475057,0.00554476,2.3607,2.42576
0.59,1,0.430554,-0.0388716,2.27681,2.36684
0.61,1,0.395472,-0.0748927,2.28163,2.31708
0.63,1,0.376027,-0.0968159,2.28718,2.28805
0.65,1,0.376221,-0.0989445,2.36172,2.28835
0.67,1,0.39617,-0.0822393,2.36643,2.3181
0.69,1,0.430979,-0.0493679,2.42248,2.36742
0.71,1,0.470913,-0.0108591,2.49642,2.42045
0.73,1,0.507164,0.0250631,2.51809,2.46575
0.75,1,0.5342,0.0534838,2.51539,2.49797
0.77,1,0.549958,0.071365,2.48917,2.51619
0.79,1,0.552306,0.0766496,2.48531,2.51887
0.81,1,0.541852,0.0685751,2.48127,2.50687
0.83,1,0.520681,0.0494525,2.40424,2.48201
0.85,1,0.49145,0.0215051,2.4028,2.44642
0.87,1,0.46052,-0.00955055,2.33094,2.40699
0.89,1,0.433429,-0.0375353,2.33362,2.37078
0.91,1,0.414136,-0.0586508,2.33761,2.34394
0.93,1,0.407031,-0.0681873,2.34236,2.33382
0.95,1,0.414017,-0.0638429,2.36911,2.34378
0.97,1,0.432336,-0.047392,2.406,2.36928
0.99,1,0.458238,-0.0227458,2.48381,2.404
