x,rho,E,F,T,Tr
0.01,1,0.260199,-0.222928,2.08491,2.08683
0.03,1,0.257145,-0.220507,2.15895,2.08068
0.05,1,0.299873,-0.182798,2.28295,2.1622
0.07,1,0.373824,-0.113747,2.41099,2.2847
0.09,1,0.463599,-0.0278772,2.5207,2.411
0.11,1,0.550763,0.0575032,2.63605,2.51711
0.13,1,0.619622,0.126601,2.62957,2.59235
0.15,1,0.660145,0.170162,2.62325,2.63373
0.17,1,0.666406,0.180856,2.61685,2.63995
0.19,1,0.638961,0.158879,2.55909,2.61234
0.21,1,0.58591,0.110764,2.47718,2.55634
0.23,1,0.516618,0.0456601,2.38103,2.47716
0.25,1,0.443355,-0.0252845,2.28488,2.38424
0.27,1,0.378463,-0.0893346,2.20092,2.29175
0.29,1,0.334115,-0.135102,2.20817,2.22145
0.31,1,0.317374,-0.154205,2.21575,2.19308
0.33,1,0.332864,-0.142675,2.28373,2.21936
0.35,1,0.374671,-0.104426,2.36951,2.28599
0.37,1,0.433327,-0.0499048,2.45137,2.37064
0.39,1,0.495198,0.00996787,2.51708,2.45107
0.41,1,0.54838,0.0621751,2.57559,2.51439
0.43,1,0.584053,0.0990746,2.5719,2.55432
0.45,1,0.600431,0.117505,2.5678,2.57204
0.47,1,0.595274,0.115908,2.49652,2.5665
0.49,1,0.570395,0.0947035,2.49247,2.53925
0.51,1,0.528067,0.0561699,2.43167,2.49077
0.53,1,0.479798,0.010215,2.36344,2.43179
0.55,1,0.431673,-0.036197,2.26803,2.36837
0.57,1,0.393129,-0.0752639,2.27184,2.31364
0.59,1,0.370212,-0.0991737,2.27624,2.27916
0.61,1,0.368447,-0.103465,2.3513,2.27643
0.63,1,0.387903,-0.0875521,2.35544,2.30591
0.65,1,0.423628,-0.0545631,2.41558,2.35726
0.67,1,0.466279,-0.0149541,2.50267,2.41448
0.69,1,0.505756,0.0231641,2.49916,2.46403
0.71,1,0.535933,0.053207,2.49682,2.49999
0.73,1,0.554458,0.0725585,2.51835,2.52132
0.75,1,0.558532,0.0789594,2.51569,2.52594
0.77,1,0.548805,0.0717905,2.48943,2.51487
0.79,1,0.527138,0.0531294,2.41054,2.48967
0.81,1,0.495977,0.0247393,2.4085,2.45204
0.83,1,0.462613,-0.00691553,2.35048,2.40972
0.85,1,0.432359,-0.0360779,2.32861,2.36931
0.87,1,0.410522,-0.0585488,2.33044,2.33881
0.89,1,0.401257,-0.0693547,2.33315,2.3255
0.91,1,0.406888,-0.0659686,2.39462,2.33362
0.93,1,0.425682,-0.0503644,2.43195,2.36011
0.95,1,0.45329,-0.0255742,2.43418,2.39748
0.97,1,0.481676,0.000639408,2.48536,2.43417
0.99,1,0.505854,0.023579,2.46289,2.46415
