x,rho,E,F,T,Tr
0.01,1,0.262669,-0.218571,2.07941,2.09177
0.03,1,0.254525,-0.221032,2.14575,2.07536
0.05,1,0.292723,-0.187804,2.2669,2.14919
0.07,1,0.363509,-0.121902,2.3955,2.26877
0.09,1,0.452089,-0.0377051,2.50675,2.39589
0.11,1,0.540298,0.0486269,2.58841,2.50507
0.13,1,0.611822,0.120533,2.63367,2.58415
0.15,1,0.654783,0.166109,2.64237,2.62837
0.17,1,0.66565,0.181318,2.57204,2.6392
0.19,1,0.642929,0.164172,2.56564,2.61639
0.21,1,0.591671,0.117802,2.48617,2.5626
0.23,1,0.523784,0.0544334,2.39108,2.4857
0.25,1,0.450649,-0.0163704,2.29278,2.39398
0.27,1,0.384251,-0.0816625,2.19395,2.30046
0.29,1,0.337054,-0.129982,2.20115,2.22631
0.31,1,0.31707,-0.152581,2.20856,2.19255
0.33,1,0.328736,-0.144523,2.27315,2.21245
0.35,1,0.367821,-0.109151,2.35779,2.27547
0.37,1,0.424876,-0.0560503,2.4409,2.359
0.39,1,0.486751,0.0037363,2.50918,2.44055
0.41,1,0.541468,0.0571822,2.57582,2.50642
0.43,1,0.579211,0.0959509,2.572,2.54901
0.45,1,0.597684,0.116403,2.56802,2.56909
0.47,1,0.595192,0.117662,2.50113,2.56641
0.49,1,0.572527,0.0987188,2.4968,2.54162
0.51,1,0.531749,0.0614606,2.43722,2.4951
0.53,1,0.484171,0.0163832,2.37194,2.43731
0.55,1,0.435694,-0.0304206,2.26521,2.37387
0.57,1,0.395246,-0.0706123,2.26884,2.31675
0.59,1,0.371013,-0.0962633,2.2728,2.28039
0.61,1,0.366507,-0.103026,2.34217,2.27343
0.63,1,0.383038,-0.0898323,2.34664,2.29865
0.65,1,0.417414,-0.0583029,2.45575,2.34857
0.67,1,0.459575,-0.0194062,2.50441,2.40575
0.69,1,0.499736,0.0195129,2.50097,2.45667
0.71,1,0.531253,0.0503788,2.52053,2.49452
0.73,1,0.550956,0.0712519,2.51828,2.51733
0.75,1,0.556868,0.0792998,2.5156,2.52406
0.77,1,0.548785,0.0736531,2.45628,2.51485
0.79,1,0.527973,0.0565057,2.41307,2.49066
0.81,1,0.497734,0.0286726,2.41072,2.4542
0.83,1,0.464647,-0.00227959,2.34363,2.41236
0.85,1,0.433745,-0.0321438,2.34617,2.37121
0.87,1,0.411109,-0.0554232,2.34787,2.33965
0.89,1,0.399912,-0.0678422,2.34981,2.32355
0.91,1,0.403709,-0.0667988,2.38741,2.32905
0.93,1,0.421222,-0.0523194,2.39051,2.35391
0.95,1,0.447835,-0.0283101,2.42816,2.39024
0.97,1,0.476469,-0.00192599,2.49328,2.42756
0.99,1,0.501279,0.0215755,2.49249,2.45856
