x,rho,E,F,T,Tr
0.01,1,0.532829,0.0415325,2.36308,2.49637
0.03,1,0.425216,-0.0458367,2.22222,2.35947
0.05,1,0.341552,-0.12934,2.12123,2.2337
0.07,1,0.286851,-0.185908,2.13326,2.13833
0.09,1,0.269357,-0.206542,2.14457,2.10496
0.11,1,0.292005,-0.187929,2.2432,2.14787
0.13,1,0.348178,-0.135569,2.36025,2.24446
0.15,1,0.425439,-0.0615284,2.46818,2.35978
0.17,1,0.507548,0.018556,2.59953,2.46621
0.19,1,0.578673,0.0893954,2.59295,2.54841
0.21,1,0.627766,0.140586,2.58619,2.60082
0.23,1,0.648934,0.165016,2.57975,2.62248
0.25,1,0.638003,0.158135,2.57377,2.61136
0.27,1,0.599724,0.123547,2.50852,2.57128
0.29,1,0.543158,0.0703032,2.42615,2.50838
0.31,1,0.477573,0.00651662,2.33693,2.42897
0.33,1,0.414009,-0.0561926,2.24431,2.34376
0.35,1,0.364067,-0.106846,2.25252,2.26964
0.37,1,0.335856,-0.136951,2.26021,2.22433
0.39,1,0.335562,-0.139935,2.26716,2.22385
0.41,1,0.363566,-0.114578,2.33951,2.26886
0.43,1,0.410877,-0.069297,2.41858,2.33932
0.45,1,0.466549,-0.0151397,2.52902,2.41483
0.47,1,0.518692,0.0360289,2.52482,2.47964
0.49,1,0.559076,0.0772949,2.55138,2.52656
0.51,1,0.584071,0.104071,2.5466,2.55434
0.53,1,0.588752,0.111045,2.54204,2.55944
0.55,1,0.573143,0.0976295,2.4591,2.5423
0.57,1,0.541857,0.0684096,2.45662,2.50687
0.59,1,0.500727,0.0285087,2.39782,2.45789
0.61,1,0.456953,-0.0147913,2.32113,2.40231
0.63,1,0.41784,-0.0541818,2.29324,2.34917
0.65,1,0.389496,-0.0837052,2.29913,2.30827
0.67,1,0.377707,-0.0968333,2.33972,2.2906
0.69,1,0.386173,-0.0899963,2.39186,2.30333
0.71,1,0.412269,-0.0651654,2.44189,2.3413
0.73,1,0.448233,-0.0303501,2.48091,2.39077
0.75,1,0.485165,0.00648855,2.47902,2.43856
0.77,1,0.516366,0.0380932,2.47627,2.47686
0.79,1,0.538605,0.0615156,2.47267,2.5031
0.81,1,0.549731,0.0737777,2.46883,2.51593
0.83,1,0.546923,0.072222,2.46568,2.51271
0.85,1,0.531557,0.0577283,2.46373,2.49488
0.87,1,0.508056,0.0345456,2.38904,2.46683
0.89,1,0.479531,0.0061535,2.39012,2.43145
0.91,1,0.450797,-0.0233435,2.34458,2.39418
0.93,1,0.42772,-0.0470121,2.34936,2.36293
0.95,1,0.413033,-0.062909,2.35398,2.34238
0.97,1,0.411154,-0.0655354,2.35742,2.33971
0.99,1,0.422505,-0.0546892,2.41972,2.3557
