x,rho,E,F,T,Tr
0.01,1,0.606896,0.109994,2.46516,2.57893
0.03,1,0.500062,0.0276214,2.32428,2.45707
0.05,1,0.405412,-0.0651146,2.20432,2.3315
0.07,1,0.328885,-0.142049,2.14767,2.2127
0.09,1,0.282874,-0.190028,2.15887,2.13088
0.11,1,0.274699,-0.2016,2.16945,2.11532
0.13,1,0.305155,-0.174515,2.27298,2.17166
0.15,1,0.366523,-0.116992,2.3872,2.27346
0.17,1,0.445105,-0.0416531,2.48916,2.38659
0.19,1,0.524273,0.0357686,2.56417,2.48628
0.21,1,0.589471,0.10097,2.62686,2.56022
0.23,1,0.631925,0.14534,2.62173,2.60512
0.25,1,0.645738,0.162095,2.56362,2.61924
0.27,1,0.628665,0.149118,2.55833,2.60175
0.29,1,0.586029,0.109805,2.48983,2.55647
0.31,1,0.527605,0.0546733,2.40715,2.49023
0.33,1,0.462945,-0.00841274,2.32291,2.41015
0.35,1,0.402682,-0.0677157,2.26462,2.32757
0.37,1,0.358085,-0.113172,2.27229,2.26026
0.39,1,0.335683,-0.136843,2.2791,2.22405
0.41,1,0.341958,-0.133535,2.28481,2.23437
0.43,1,0.374479,-0.102839,2.35855,2.2857
0.45,1,0.424397,-0.0560186,2.43247,2.35833
0.47,1,0.479354,-0.00202044,2.49522,2.43123
0.49,1,0.528681,0.0466643,2.56362,2.49149
0.51,1,0.564098,0.0828371,2.55931,2.53221
0.53,1,0.583921,0.103946,2.55538,2.55417
0.55,1,0.58443,0.106419,2.4984,2.55473
0.57,1,0.566197,0.0902956,2.49545,2.53457
0.59,1,0.532203,0.0576183,2.44409,2.49563
0.61,1,0.490956,0.0177221,2.38794,2.44581
0.63,1,0.448262,-0.0241248,2.33578,2.39081
0.65,1,0.411735,-0.0607139,2.30445,2.34054
0.67,1,0.386809,-0.0858837,2.2937,2.30428
0.69,1,0.379477,-0.0945049,2.35282,2.29328
0.71,1,0.391577,-0.0833153,2.35585,2.31135
0.73,1,0.420507,-0.0557553,2.45152,2.35291
0.75,1,0.456481,-0.0205051,2.45113,2.40169
0.77,1,0.492684,0.0148251,2.52036,2.44796
0.79,1,0.520785,0.0435183,2.51673,2.48214
0.81,1,0.540989,0.0635921,2.51389,2.50587
0.83,1,0.548889,0.0723932,2.48869,2.51497
0.85,1,0.543783,0.0676563,2.48675,2.5091
0.87,1,0.526551,0.0513789,2.41897,2.48898
0.89,1,0.501807,0.0271012,2.41916,2.45921
0.91,1,0.473237,-0.00136151,2.34897,2.42343
0.93,1,0.44615,-0.028253,2.35353,2.38799
0.95,1,0.424459,-0.0499059,2.35803,2.35842
0.97,1,0.412014,-0.062645,2.39134,2.34094
0.99,1,0.412688,-0.0621041,2.36361,2.34189
