x,rho,E,F,T,Tr
0.01,1,0.456006,-0.0536296,2.52548,2.40107
0.03,1,0.546121,0.0511785,2.60484,2.51179
0.05,1,0.627431,0.132708,2.6578,2.60048
0.07,1,0.677504,0.186029,2.64999,2.65088
0.09,1,0.690077,0.203014,2.6427,2.66309
0.11,1,0.664419,0.182961,2.58332,2.63798
0.13,1,0.608506,0.131912,2.49593,2.58064
0.15,1,0.533001,0.0603354,2.39066,2.49657
0.17,1,0.451701,-0.0191077,2.28093,2.39538
0.19,1,0.378246,-0.0920868,2.16675,2.29142
0.21,1,0.325822,-0.145763,2.17669,2.20753
0.23,1,0.303309,-0.170939,2.18581,2.16837
0.25,1,0.315208,-0.162293,2.25766,2.18933
0.27,1,0.357326,-0.123471,2.35151,2.25906
0.29,1,0.419395,-0.0643693,2.44354,2.35135
0.31,1,0.487833,0.00240752,2.51874,2.44191
0.33,1,0.548557,0.0629353,2.59498,2.51459
0.35,1,0.591504,0.107193,2.58959,2.56242
0.37,1,0.613048,0.131137,2.58439,2.58544
0.39,1,0.610624,0.131957,2.51131,2.58288
0.41,1,0.585697,0.110103,2.50695,2.55611
0.43,1,0.541428,0.0686161,2.44144,2.50638
0.45,1,0.489092,0.0175197,2.36701,2.44348
0.47,1,0.43569,-0.0351351,2.26676,2.37386
0.49,1,0.391081,-0.0802973,2.25305,2.31062
0.51,1,0.363146,-0.109614,2.25908,2.2682
0.53,1,0.35758,-0.117299,2.33693,2.25946
0.55,1,0.375977,-0.101442,2.34158,2.28798
0.57,1,0.412465,-0.0664388,2.40543,2.34158
0.59,1,0.458236,-0.0219541,2.46397,2.404
0.61,1,0.502688,0.0222184,2.53828,2.46029
0.63,1,0.53732,0.0574804,2.53388,2.50161
0.65,1,0.55946,0.0807274,2.50701,2.52699
0.67,1,0.566365,0.0897137,2.50264,2.53475
0.69,1,0.558367,0.0832713,2.49913,2.52576
0.71,1,0.537,0.0630691,2.41231,2.50124
0.73,1,0.504038,0.0314749,2.36579,2.46194
0.75,1,0.467898,-0.00454561,2.36705,2.41657
0.77,1,0.434191,-0.038693,2.33732,2.37182
0.79,1,0.408891,-0.0650019,2.34231,2.33649
0.81,1,0.396346,-0.0788124,2.34714,2.31836
0.83,1,0.399835,-0.0766958,2.35105,2.32344
0.85,1,0.417903,-0.0595427,2.39136,2.34926
0.87,1,0.445989,-0.0316824,2.47797,2.38777
0.89,1,0.476782,-0.00108233,2.47667,2.42796
0.91,1,0.503405,0.0264219,2.47463,2.46117
0.93,1,0.523403,0.0471887,2.49186,2.48525
0.95,1,0.534114,0.0591216,2.4881,2.49787
0.97,1,0.534372,0.0601599,2.48534,2.49817
0.99,1,0.524514,0.0508102,2.434,2.48657
