x,rho,E,F,T,Tr
0.01,1,0.720729,0.211068,2.64606,2.69218
0.03,1,0.657056,0.177508,2.54812,2.63064
0.05,1,0.577025,0.103477,2.43537,2.5466
0.07,1,0.484458,0.0150209,2.3072,2.43767
0.09,1,0.395661,-0.0718503,2.19755,2.31735
0.11,1,0.325685,-0.141889,2.11871,2.2073
0.13,1,0.286057,-0.183351,2.12772,2.13685
0.15,1,0.283527,-0.189182,2.19144,2.13211
0.17,1,0.317902,-0.158894,2.29299,2.19399
0.19,1,0.380078,-0.100836,2.40153,2.29419
0.21,1,0.456251,-0.0280659,2.49562,2.40139
0.23,1,0.530835,0.0446567,2.56437,2.49403
0.25,1,0.590292,0.103861,2.61479,2.56111
0.27,1,0.62602,0.141148,2.61028,2.59901
0.29,1,0.635044,0.15327,2.54786,2.60833
0.31,1,0.615682,0.138069,2.54309,2.58822
0.33,1,0.571854,0.0983221,2.47513,2.54087
0.35,1,0.514696,0.0447547,2.39454,2.47485
0.37,1,0.452757,-0.0149845,2.31265,2.39678
0.39,1,0.396603,-0.0699981,2.22453,2.31873
0.41,1,0.356556,-0.110316,2.22902,2.25784
0.43,1,0.338914,-0.129616,2.29186,2.22938
0.45,1,0.34825,-0.123041,2.29699,2.24458
0.47,1,0.382851,-0.0913145,2.36824,2.29836
0.49,1,0.432018,-0.0453159,2.43854,2.36885
0.51,1,0.484848,0.00551691,2.49606,2.43816
0.53,1,0.530808,0.0499964,2.55244,2.494
0.55,1,0.562336,0.0819651,2.54915,2.53023
0.57,1,0.578522,0.0990495,2.5462,2.54825
0.59,1,0.576287,0.0990998,2.48747,2.54578
0.61,1,0.556942,0.0822943,2.43632,2.52414
0.63,1,0.522108,0.0506872,2.43408,2.48371
0.65,1,0.481632,0.0123083,2.37677,2.43411
0.67,1,0.440763,-0.0268436,2.29112,2.38074
0.69,1,0.406905,-0.0600226,2.29407,2.33365
0.71,1,0.38538,-0.0816286,2.29679,2.30215
0.73,1,0.381394,-0.0873807,2.31811,2.29618
0.75,1,0.395205,-0.0748892,2.36088,2.31669
0.77,1,0.425066,-0.0476074,2.45102,2.35926
0.79,1,0.460215,-0.0146825,2.49134,2.40659
0.81,1,0.494662,0.0177488,2.50681,2.45041
0.83,1,0.521403,0.0435728,2.4842,2.48288
0.85,1,0.538989,0.0607919,2.48225,2.50355
0.87,1,0.544587,0.0675341,2.48108,2.51003
0.89,1,0.537459,0.0613129,2.47955,2.50177
0.91,1,0.519628,0.0455694,2.41357,2.48076
0.93,1,0.494704,0.0227054,2.4129,2.45046
0.95,1,0.466101,-0.0039208,2.38723,2.41425
0.97,1,0.440201,-0.0280956,2.3599,2.37999
0.99,1,0.420116,-0.0472316,2.36183,2.35236
