x,rho,E,F,T,Tr
0.01,1,0.252164,-0.232,2.11869,2.07053
0.03,1,0.273313,-0.20614,2.22229,2.11265
0.05,1,0.335946,-0.148434,2.35435,2.22448
0.07,1,0.421977,-0.0667027,2.47486,2.35496
0.09,1,0.513742,0.0220607,2.61561,2.4737
0.11,1,0.593622,0.10107,2.60868,2.56471
0.13,1,0.648716,0.157978,2.60212,2.62226
0.15,1,0.671285,0.184292,2.59578,2.64477
0.17,1,0.65783,0.17586,2.58949,2.63142
0.19,1,0.613527,0.136739,2.51612,2.58595
0.21,1,0.548709,0.0768035,2.42322,2.51476
0.23,1,0.474428,0.0057917,2.32267,2.42496
0.25,1,0.403522,-0.0634944,2.22492,2.32878
0.27,1,0.348577,-0.11882,2.23223,2.2451
0.29,1,0.318239,-0.15105,2.23923,2.19457
0.31,1,0.31925,-0.153583,2.2465,2.19631
0.33,1,0.351058,-0.125134,2.32904,2.24909
0.35,1,0.404729,-0.0757183,2.41577,2.33052
0.37,1,0.467379,-0.0155909,2.49164,2.4159
0.39,1,0.526343,0.0412864,2.58379,2.48873
0.41,1,0.57102,0.0862489,2.58005,2.53994
0.43,1,0.598449,0.11495,2.5764,2.56991
0.45,1,0.602975,0.122675,2.52001,2.57476
0.47,1,0.584963,0.108066,2.51588,2.55531
0.49,1,0.547864,0.0748983,2.4591,2.51379
0.51,1,0.501513,0.0310122,2.39233,2.45885
0.53,1,0.45152,-0.0162289,2.31196,2.39514
0.55,1,0.407834,-0.059601,2.31668,2.33497
0.57,1,0.376177,-0.0914847,2.32079,2.28828
0.59,1,0.363906,-0.105923,2.32446,2.26939
0.61,1,0.373971,-0.0982142,2.32868,2.28492
0.63,1,0.404507,-0.0705659,2.38645,2.3302
0.65,1,0.445737,-0.0322812,2.44307,2.38743
0.67,1,0.487786,0.00774584,2.51251,2.44185
0.69,1,0.523052,0.0412436,2.50936,2.48484
0.71,1,0.548452,0.0674812,2.50692,2.51447
0.73,1,0.560807,0.0804784,2.52391,2.52851
0.75,1,0.556387,0.0785824,2.4711,2.52351
0.77,1,0.53812,0.062989,2.46864,2.50254
0.79,1,0.510426,0.037948,2.38569,2.4697
0.81,1,0.477057,0.0070817,2.38451,2.42831
0.83,1,0.444469,-0.0240773,2.37022,2.38573
0.85,1,0.417893,-0.0499526,2.33939,2.34924
0.87,1,0.401312,-0.0671097,2.34109,2.32558
0.89,1,0.399666,-0.0701662,2.34347,2.3232
0.91,1,0.413578,-0.0586247,2.41446,2.34315
0.93,1,0.438139,-0.0367288,2.41637,2.37719
0.95,1,0.467603,-0.00977432,2.47579,2.41619
0.97,1,0.494276,0.0148951,2.47276,2.44993
0.99,1,0.515694,0.0353221,2.47111,2.47605
