x,T_radiation,T_matter
0.1,6.3603,6.36541
0.3,6.35848,6.36178
0.5,6.08503,6.08773
0.7,5.75563,5.77298
0.9,5.73883,5.76885
